SA2_CODE_2021,Managers_C11_M,Managers_C11_F,Managers_C11_P,Managers_C16_M,Managers_C16_F,Managers_C16_P,Managers_C21_M,Managers_C21_F,Managers_C21_P,Professionals_C11_M,Professionals_C11_F,Professionals_C11_P,Professionals_C16_M,Professionals_C16_F,Professionals_C16_P,Professionals_C21_M,Professionals_C21_F,Professionals_C21_P,Tech_trad_wkrs_C11_M,Tech_trad_wkrs_C11_F,Tech_trad_wkrs_C11_P,Tech_trad_wkrs_C16_M,Tech_trad_wkrs_C16_F,Tech_trad_wkrs_C16_P,Tech_trad_wkrs_C21_M,Tech_trad_wkrs_C21_F,Tech_trad_wkrs_C21_P,Com_pers_S_work_C11_Cens_M,Com_pers_S_work_C11_Cens_F,Com_pers_S_work_C11_Cens_P,Com_pers_S_work_C16_Cens_M,Com_pers_S_work_C16_Cens_F,Com_pers_S_work_C16_Cens_P,Com_pers_S_work_C21_Cens_M,Com_pers_S_work_C21_Cens_F,Com_pers_S_work_C21_Cens_P,Cler_admin_work_C11_M,Cler_admin_work_C11_F,Cler_admin_work_C11_P,Cler_admin_work_C16_M,Cler_admin_work_C16_F,Cler_admin_work_C16_P,Cler_admin_work_C21_M,Cler_admin_work_C21_F,Cler_admin_work_C21_P,Sales_workers_C11_M,Sales_workers_C11_F,Sales_workers_C11_P,Sales_workers_C16_M,Sales_workers_C16_F,Sales_workers_C16_P,Sales_workers_C21_M,Sales_workers_C21_F,Sales_workers_C21_P,Mach_oper_driv_C11_M,Mach_oper_driv_C11_F,Mach_oper_driv_C11_P,Mach_oper_driv_C16_M,Mach_oper_driv_C16_F,Mach_oper_driv_C16_P,Mach_oper_driv_C21_M,Mach_oper_driv_C21_F,Mach_oper_driv_C21_P,Labourers_C11_M,Labourers_C11_F,Labourers_C11_P,Labourers_C16_M,Labourers_C16_F,Labourers_C16_P,Labourers_C21_M,Labourers_C21_F,Labourers_C21_P,Inadeq_descr_Ns_C11_M,Inadeq_descr_Ns_C11_F,Inadeq_descr_Ns_C11_P,Inadeq_descr_Ns_C16_M,Inadeq_descr_Ns_C16_F,Inadeq_descr_Ns_C16_P,Inadeq_descr_Ns_C21_M,Inadeq_descr_Ns_C21_F,Inadeq_descr_Ns_C21_P,Tot_C11_M,Tot_C11_F,Tot_C11_P,Tot_C16_M,Tot_C16_F,Tot_C16_P,Tot_C21_M,Tot_C21_F,Tot_C21_P
801011001,117,116,234,121,111,234,154,139,294,253,259,511,235,220,456,253,274,526,56,9,68,54,20,76,63,17,82,44,61,98,51,57,106,42,59,103,58,126,183,60,96,155,44,82,124,23,26,54,12,39,54,28,45,68,9,0,10,4,0,4,6,0,6,27,6,34,32,14,48,49,20,69,14,9,26,12,11,24,16,9,27,609,618,1221,584,565,1147,649,655,1307
801011002,144,116,264,247,165,412,345,283,629,505,376,880,681,559,1238,893,822,1719,161,38,197,201,62,265,378,109,488,105,150,252,183,283,465,286,495,788,161,270,435,220,332,551,273,414,688,78,124,207,111,188,299,220,278,498,34,4,37,55,9,63,130,11,141,77,40,116,140,73,213,188,120,309,24,11,37,52,30,84,53,54,106,1281,1135,2420,1887,1689,3579,2775,2589,5364
801011003,297,197,495,301,223,520,353,286,637,593,589,1178,648,643,1296,752,792,1548,201,35,235,187,66,248,243,99,342,188,244,434,246,334,577,242,466,701,171,336,510,208,326,537,210,377,593,121,212,339,155,204,359,174,269,445,26,5,31,45,9,53,58,13,73,98,36,134,127,51,179,170,80,251,37,26,60,36,28,68,54,48,103,1737,1681,3414,1962,1880,3841,2261,2434,4694
801011004,74,79,147,68,58,122,85,96,181,133,157,287,126,137,263,134,163,293,198,38,241,194,30,216,209,40,254,64,124,191,67,124,190,73,144,218,99,205,307,72,195,270,70,178,255,52,72,119,41,71,118,39,53,97,66,9,76,47,0,50,67,5,76,99,33,137,103,37,144,76,39,114,11,14,25,28,14,46,19,17,34,792,737,1532,745,666,1412,773,741,1514
801011005,124,131,253,113,112,223,150,174,322,326,324,653,273,315,589,273,331,604,91,18,113,74,25,96,82,25,108,36,54,92,44,66,113,58,78,136,79,180,257,45,123,174,52,124,176,38,72,109,37,53,89,32,39,73,18,0,18,15,4,17,19,4,15,21,14,38,40,11,51,42,22,67,4,11,16,25,13,42,13,12,26,752,792,1546,666,721,1385,715,809,1530
801011006,312,231,544,295,218,506,327,277,607,449,465,911,406,486,889,415,499,916,398,86,486,384,76,462,446,84,533,152,229,375,138,260,402,184,318,497,280,637,916,238,567,810,217,505,720,117,160,276,124,174,289,116,142,256,101,8,107,119,11,129,100,13,120,147,59,210,166,70,233,161,79,242,41,42,82,49,54,107,36,34,71,1997,1911,3906,1912,1917,3831,2003,1960,3958
801011007,254,203,454,246,174,411,254,243,497,389,380,771,321,374,694,396,455,849,319,49,365,276,48,325,322,51,375,102,194,294,106,178,286,111,181,292,160,462,627,137,355,492,132,315,443,86,130,219,84,105,192,64,110,175,92,14,107,77,6,88,83,6,86,136,46,181,97,53,141,134,59,191,30,29,56,43,36,75,29,29,59,1568,1508,3074,1380,1326,2707,1530,1431,2960
801011008,180,147,321,184,127,306,187,162,348,373,324,699,300,312,615,324,355,677,235,50,283,226,38,266,210,45,257,90,164,261,106,193,300,100,182,279,182,388,569,115,295,417,106,289,392,103,149,251,75,118,196,61,89,152,82,4,88,80,4,80,78,11,89,126,69,191,90,44,136,105,55,164,22,17,41,22,15,39,33,22,58,1388,1315,2705,1200,1147,2349,1206,1208,2407
801011009,163,133,296,141,99,240,151,153,297,206,252,451,190,223,410,239,287,519,189,41,226,197,32,230,229,38,268,62,111,174,70,107,176,82,119,203,135,276,406,105,241,345,78,203,285,71,67,137,42,80,125,67,70,132,51,8,56,34,3,38,47,3,50,65,30,96,53,23,78,80,21,104,16,12,27,25,17,43,13,10,27,953,926,1877,859,824,1678,986,900,1888
801011010,103,72,171,80,75,155,87,93,178,138,148,285,128,129,255,142,144,281,112,30,141,88,23,119,116,28,143,45,74,121,34,65,104,40,69,111,87,153,244,47,146,188,42,113,162,28,55,76,23,38,62,24,27,55,35,4,37,39,4,45,34,5,32,50,7,63,33,9,48,57,6,62,11,17,24,9,4,20,12,11,26,607,554,1167,496,498,990,559,495,1047
801011011,147,116,262,142,122,266,163,140,302,247,258,508,196,262,455,214,266,481,217,35,256,197,34,231,200,35,232,66,112,180,62,117,182,68,114,186,105,274,382,89,201,288,58,189,250,58,78,133,48,62,114,37,45,85,46,3,51,31,6,37,29,0,39,72,23,96,61,19,79,62,15,80,27,9,36,16,13,30,19,18,40,985,911,1898,833,836,1673,848,829,1678
801011012,0,0,0,0,0,0,0,0,0,0,0,0,0,0,0,0,0,0,0,0,0,0,0,3,0,0,0,0,0,0,0,0,0,0,0,0,0,0,0,0,0,0,0,0,0,0,0,0,0,0,0,0,0,0,0,0,0,0,0,0,0,0,0,0,0,0,0,0,0,0,0,0,0,0,0,0,0,0,0,0,0,0,0,0,3,0,0,0,0,0
801011013,150,102,251,144,109,258,148,146,292,257,278,530,235,242,472,217,244,458,91,11,105,90,14,108,111,33,144,45,62,108,56,88,142,63,116,178,84,154,242,83,107,191,65,121,190,40,57,96,43,53,96,56,40,102,22,0,26,24,0,24,31,0,27,37,18,57,52,29,71,55,18,77,23,15,32,20,17,33,15,10,24,748,706,1452,739,660,1401,757,734,1493
801011014,104,79,185,110,99,209,118,127,247,198,212,417,171,200,367,213,225,444,186,27,212,163,30,195,191,32,224,53,113,167,69,114,183,63,119,180,105,190,296,76,165,234,67,185,250,37,58,98,34,54,87,47,65,112,59,0,62,56,4,59,50,0,53,90,37,128,73,29,97,93,43,127,18,16,33,18,19,39,14,11,28,855,739,1591,768,716,1476,855,817,1668
801011015,165,133,296,136,113,250,192,205,393,285,309,598,230,291,518,336,424,756,300,51,355,248,52,309,307,61,369,93,161,258,73,167,238,139,231,371,155,381,534,111,297,418,136,337,477,65,99,166,69,70,139,78,104,186,90,8,96,88,7,93,92,8,99,109,30,134,76,40,120,123,39,166,13,18,33,22,24,42,37,24,62,1273,1200,2475,1057,1062,2121,1439,1440,2879
801011016,324,234,559,290,214,504,355,284,638,574,537,1108,487,512,995,507,569,1076,424,78,497,350,60,410,373,75,448,135,243,372,166,251,420,144,256,406,235,585,821,210,414,621,179,373,552,113,170,280,130,153,285,121,109,231,107,8,117,68,4,72,86,6,94,168,84,250,147,73,216,182,77,261,60,37,93,41,41,91,48,32,79,2141,1965,4106,1889,1724,3613,2003,1786,3782
801011017,133,86,219,133,116,242,152,155,302,233,248,481,185,251,435,202,295,493,256,41,302,217,33,249,215,39,256,79,119,198,68,142,210,69,145,208,115,283,401,94,223,313,84,199,293,51,98,151,37,71,110,46,71,118,59,7,65,57,4,59,64,4,67,81,32,104,90,42,125,86,41,122,20,22,40,27,24,54,21,18,43,1024,928,1956,904,899,1805,939,960,1900
801011018,0,0,0,6,3,5,125,116,244,0,0,0,12,13,30,326,335,658,0,0,0,11,0,10,135,30,166,0,0,0,0,3,8,100,136,233,0,0,0,0,5,5,84,154,238,0,0,0,3,0,5,57,61,124,0,0,0,0,0,0,53,3,55,0,0,0,0,0,0,71,32,109,0,0,0,0,0,0,27,23,47,0,0,0,33,27,60,979,899,1877
801011019,189,190,389,217,203,423,263,286,549,421,416,838,455,530,977,462,501,963,383,62,447,385,62,451,390,79,476,139,192,334,171,240,407,180,315,496,199,479,679,217,497,718,161,442,601,71,117,192,109,156,266,102,144,241,88,9,93,114,4,116,127,6,134,130,41,171,179,64,247,164,68,233,38,35,72,56,44,94,50,37,88,1661,1546,3209,1897,1796,3699,1896,1876,3776
801011020,105,86,196,97,94,199,136,134,265,221,232,456,242,219,460,242,287,526,104,18,124,100,21,126,121,25,151,46,87,136,55,88,147,84,107,188,74,131,202,62,120,182,52,126,180,47,48,95,33,50,88,45,52,94,26,3,30,16,7,23,30,0,32,50,17,65,41,25,58,52,32,87,11,10,26,23,17,38,15,14,32,687,641,1330,677,643,1322,784,776,1555
801011021,135,99,238,133,94,231,147,114,265,200,207,411,172,198,376,187,201,383,124,22,142,126,28,153,147,31,180,55,104,154,41,85,122,33,82,118,89,208,300,65,171,230,56,157,214,50,62,110,40,66,105,28,47,74,51,9,54,37,4,35,38,4,41,51,25,82,62,31,91,41,18,57,18,8,27,18,11,27,18,4,20,772,744,1512,700,682,1375,701,662,1362
801011022,137,103,234,125,93,216,160,141,300,227,225,459,187,229,415,242,256,506,146,25,172,137,26,157,175,30,202,60,124,185,62,80,141,53,109,162,112,223,329,63,188,250,52,174,228,41,63,105,50,58,108,43,61,102,48,4,50,38,3,40,27,7,37,62,24,81,62,24,88,65,25,85,24,11,31,23,21,42,13,16,36,854,803,1660,755,719,1470,835,814,1649
801011023,84,85,168,77,70,149,90,107,200,176,206,383,177,226,400,197,235,425,122,28,155,114,23,139,120,29,152,46,86,135,59,106,164,62,98,154,65,177,236,63,111,171,58,120,175,39,57,97,33,55,84,40,47,86,38,0,36,37,0,40,39,0,42,64,18,91,58,31,88,76,38,115,11,4,19,17,13,38,22,16,33,655,666,1324,633,635,1272,700,693,1392
801011024,98,76,180,95,82,181,110,119,233,198,210,408,179,180,356,211,240,456,146,28,175,134,30,162,156,28,183,52,82,135,71,102,176,61,121,179,100,173,271,85,161,246,67,141,210,47,71,116,39,57,102,37,56,95,43,8,48,32,0,38,41,8,46,67,26,93,65,19,86,75,33,112,12,7,18,17,16,36,13,14,24,771,685,1453,728,644,1373,781,755,1533
801011025,118,84,200,95,78,170,106,99,206,157,182,341,118,168,288,146,198,338,154,20,170,152,15,170,149,28,182,43,89,135,42,111,158,45,104,150,75,217,291,57,171,232,63,154,220,28,54,80,35,52,84,40,49,87,41,0,46,39,0,41,22,0,24,60,17,78,46,18,67,59,23,76,16,12,28,24,8,33,14,10,24,692,680,1376,613,632,1248,647,658,1304
801011026,151,90,243,164,86,244,159,144,309,244,240,483,215,220,434,238,257,495,79,29,103,63,16,77,76,20,103,38,60,96,43,59,103,76,86,161,79,150,227,51,131,184,53,126,174,24,48,70,36,37,75,40,49,89,20,0,19,21,6,21,26,0,26,26,6,37,38,13,53,44,6,53,8,6,20,19,23,40,12,11,26,676,628,1300,650,581,1232,730,698,1427
801011111,0,0,0,0,0,0,0,0,0,3,0,3,3,0,3,0,0,5,0,0,0,0,0,0,4,0,0,0,0,0,0,0,0,0,0,0,0,0,0,0,0,0,0,0,0,0,0,0,0,0,0,0,0,0,0,0,0,0,0,0,0,0,0,0,0,0,0,0,0,0,0,0,0,0,0,0,0,0,0,0,0,3,3,4,4,0,9,4,5,13
801011142,0,0,0,0,0,0,0,0,0,0,0,0,0,0,0,0,0,0,0,0,0,0,0,0,0,0,0,0,0,0,0,0,0,0,0,0,0,0,0,0,0,0,0,0,0,0,0,0,0,0,0,0,0,0,0,0,0,0,0,0,0,0,0,0,0,0,0,0,0,0,0,0,0,0,0,0,0,0,0,0,0,0,0,0,0,0,0,0,0,0
801011143,0,0,0,0,0,4,29,19,51,0,0,0,0,0,0,55,60,119,0,0,0,0,0,0,38,8,51,0,0,0,0,0,0,13,42,59,0,0,0,0,0,0,16,58,79,0,0,0,0,0,0,18,15,31,0,0,0,0,0,0,15,3,15,0,0,7,0,0,0,17,9,26,0,0,0,0,0,0,8,4,11,4,9,9,8,4,5,216,221,437
801011144,0,0,0,0,0,0,4,0,6,0,0,0,0,0,0,0,0,0,0,0,0,0,0,0,0,0,0,0,0,0,0,0,0,0,0,0,0,0,0,0,0,0,0,0,0,0,0,0,0,0,0,0,0,0,0,0,0,0,0,0,0,0,0,0,0,0,0,0,0,0,5,3,0,0,0,0,0,0,0,0,0,0,0,0,0,0,0,3,11,12
801031031,0,0,0,0,0,0,0,0,0,0,0,0,0,0,0,0,0,3,0,0,0,0,0,0,0,0,3,0,0,0,0,0,0,0,0,0,0,0,0,0,0,0,0,0,0,0,0,0,0,0,0,0,0,0,0,0,0,0,0,0,0,0,0,0,0,0,0,0,0,0,0,0,0,0,0,0,0,0,0,0,0,0,0,0,0,0,3,3,3,10
801031032,4,0,6,0,0,0,0,0,0,0,3,5,0,0,0,6,0,6,9,0,12,0,0,4,0,0,0,0,0,0,0,0,0,0,0,0,0,3,3,0,0,0,0,0,0,0,0,0,0,0,0,0,0,0,0,0,0,0,0,0,0,0,0,4,0,5,0,0,0,0,0,3,0,0,0,0,0,0,0,0,0,15,8,25,11,5,15,7,7,15
801031113,33,18,60,16,23,39,27,18,48,35,23,62,24,21,44,28,26,52,67,7,70,49,8,57,53,9,60,21,22,42,23,23,40,26,22,48,15,43,58,8,28,39,20,31,45,10,19,31,9,15,15,10,21,26,33,3,40,36,4,36,32,0,30,37,29,60,31,22,51,33,21,51,3,0,3,9,4,11,5,0,9,256,166,420,205,132,334,236,145,381
801031114,3,3,6,0,3,8,4,3,7,7,6,9,10,5,13,9,16,19,3,0,5,8,0,5,5,3,5,6,0,9,7,3,11,10,3,13,0,4,4,3,5,14,3,3,11,9,4,11,0,9,6,0,0,5,0,0,0,0,0,0,0,0,0,3,0,3,4,0,4,4,0,4,0,0,0,0,0,0,0,0,0,31,21,48,35,26,63,35,32,63
801031115,12,6,19,19,11,30,65,17,81,6,8,15,8,7,19,7,6,18,18,8,23,10,0,12,16,8,23,3,3,4,0,0,6,13,12,21,0,14,10,3,13,11,4,12,14,6,9,6,0,3,3,0,0,4,5,0,5,4,0,4,10,0,10,6,0,6,6,0,11,3,0,3,0,0,0,0,0,0,4,0,3,52,42,94,50,37,92,122,62,180
801041034,335,220,554,315,196,511,352,273,626,380,418,800,374,400,773,444,477,913,251,48,300,245,44,285,306,69,377,112,167,279,130,214,348,132,231,368,188,479,664,163,411,576,158,404,563,93,116,208,97,136,234,95,143,237,57,4,60,69,6,76,89,13,100,83,39,118,106,42,147,104,55,161,40,24,59,41,38,79,37,25,61,1527,1514,3043,1543,1476,3024,1719,1682,3401
801041035,65,52,123,299,155,457,332,217,551,141,124,269,552,493,1044,558,558,1119,90,21,109,318,57,374,326,90,417,35,51,85,114,290,404,172,321,492,64,134,198,194,398,593,190,405,592,25,26,53,110,156,263,116,167,282,17,0,17,66,0,68,119,7,122,14,13,29,116,52,172,161,82,247,11,11,15,50,40,94,67,46,114,460,436,898,1822,1647,3462,2028,1900,3923
801041036,69,51,123,267,213,481,351,314,661,117,117,240,455,476,933,493,536,1032,118,21,136,325,66,391,327,84,409,42,54,100,172,220,394,157,253,410,52,156,207,168,462,632,195,459,650,26,42,64,95,136,237,107,132,240,22,4,25,61,0,64,106,3,113,22,15,38,100,55,157,116,53,166,3,6,16,55,35,89,47,43,90,482,462,947,1701,1680,3380,1900,1872,3772
801041037,32,19,54,240,180,423,302,265,561,71,72,139,475,446,920,455,423,876,26,5,38,189,24,217,182,55,239,30,20,48,115,144,261,120,186,301,20,53,75,132,294,422,142,279,415,14,9,18,59,83,145,55,80,134,9,0,9,29,4,32,39,5,41,8,0,4,54,31,86,59,27,85,0,5,5,39,31,73,29,23,52,202,187,392,1330,1245,2573,1381,1325,2707
801041038,158,87,242,287,170,461,317,247,561,233,208,440,377,371,752,403,431,835,100,15,116,155,35,188,149,37,185,49,60,112,98,130,223,100,138,235,70,191,262,99,274,380,90,280,371,31,37,65,62,100,169,84,84,162,23,0,25,31,0,29,37,3,37,34,12,43,48,13,56,69,24,89,14,12,28,30,24,53,22,26,49,703,630,1333,1190,1122,2312,1263,1263,2524
801041039,208,133,340,360,208,572,391,294,688,415,344,761,623,531,1159,697,660,1353,189,40,229,287,83,372,344,102,451,62,107,173,128,245,380,200,384,584,149,258,410,195,378,572,243,390,631,48,80,129,97,158,259,150,180,331,40,4,45,68,4,68,116,9,125,63,29,91,109,70,182,168,114,285,34,24,60,46,36,81,65,39,104,1223,1013,2236,1917,1723,3642,2372,2181,4554
801041040,318,189,507,298,202,496,438,294,732,444,428,878,454,421,876,727,648,1377,318,66,387,322,59,378,524,115,641,123,195,315,136,251,388,234,494,722,203,397,595,180,362,543,226,497,726,106,156,257,114,163,268,166,223,385,44,7,51,48,10,55,134,13,157,114,63,174,152,75,226,254,130,384,45,41,88,55,35,86,62,39,102,1707,1544,3252,1745,1571,3317,2773,2455,5226
801041043,18,13,26,19,10,27,17,10,24,22,31,50,11,7,22,22,28,50,14,3,20,13,5,14,8,3,10,7,13,15,10,12,17,6,10,15,13,32,41,6,20,19,3,26,27,6,8,13,3,8,10,3,9,8,6,0,6,4,0,4,5,0,5,3,0,6,3,3,8,8,0,5,3,0,5,0,0,0,0,3,0,92,95,188,62,65,129,70,77,147
801041044,306,175,477,398,258,654,531,348,883,376,375,744,724,647,1373,762,730,1485,175,29,201,319,73,389,368,100,465,90,141,231,198,303,505,222,356,579,139,283,430,209,455,667,192,452,645,47,96,139,115,187,304,147,202,353,40,0,45,70,11,78,84,9,90,60,36,100,131,47,174,151,87,235,25,29,56,58,42,108,79,56,142,1262,1162,2429,2232,2021,4253,2539,2337,4878
801041045,0,0,0,0,0,0,0,0,0,0,5,5,0,0,0,0,0,0,0,0,0,4,0,4,0,0,0,0,0,0,0,0,0,0,3,3,0,0,0,0,0,0,0,0,0,0,0,0,0,0,0,0,0,0,0,0,0,0,0,0,0,0,0,0,0,0,0,0,0,0,0,0,0,0,0,0,0,0,0,0,0,5,3,6,0,0,0,0,3,3
801041046,401,272,672,430,316,750,476,406,883,634,674,1307,649,712,1360,735,834,1568,498,109,610,582,133,714,604,139,746,190,338,533,239,457,694,250,493,745,316,747,1067,335,760,1090,294,688,986,149,196,343,183,280,459,189,223,410,122,13,139,144,8,151,199,12,204,218,84,302,242,99,341,247,117,363,48,44,89,79,75,157,59,45,109,2580,2473,5051,2877,2842,5717,3054,2962,6017
801041047,482,273,754,419,271,689,432,285,718,515,496,1011,502,489,990,548,560,1111,297,57,354,250,54,303,263,74,337,138,220,352,145,204,343,143,210,355,241,587,828,183,508,687,184,458,641,93,163,254,137,178,312,108,143,254,57,4,66,60,3,71,91,4,100,92,40,132,128,48,168,112,47,159,37,35,71,39,35,74,39,31,63,1951,1877,3825,1853,1790,3641,1923,1810,3731
801041048,303,179,485,231,170,402,259,195,453,425,449,873,392,403,790,422,435,853,323,78,404,275,56,332,261,66,328,94,224,320,113,187,303,103,223,328,203,444,644,157,371,531,149,374,519,100,143,241,108,137,244,82,104,193,69,5,70,63,3,66,77,4,84,119,63,189,132,65,199,132,48,182,35,24,57,46,30,72,39,26,61,1670,1615,3284,1506,1436,2944,1529,1473,3000
801041116,0,0,0,0,0,0,0,0,0,0,0,0,0,0,0,0,0,0,0,0,0,0,0,0,0,0,0,0,0,0,0,0,0,0,0,0,0,0,0,0,0,0,0,0,0,0,0,0,0,0,0,0,0,0,0,0,0,0,0,0,0,0,0,0,0,0,0,0,0,0,0,0,0,0,0,0,0,0,0,0,0,3,0,3,0,0,0,0,0,0
801041117,0,0,4,0,0,0,0,0,0,0,0,0,0,0,0,0,0,0,0,0,0,0,0,0,0,0,0,0,0,0,0,0,0,0,0,0,0,0,0,0,0,0,0,0,0,0,0,0,0,0,0,0,0,0,0,0,0,0,0,0,0,0,0,0,0,0,0,0,0,0,0,0,0,0,0,0,0,0,0,0,0,3,0,6,0,0,0,0,0,0
801041118,0,0,0,22,21,38,23,22,48,0,0,0,53,47,99,40,60,99,0,0,0,34,5,39,44,4,44,0,0,0,20,29,46,14,42,56,0,0,0,16,49,65,28,52,75,0,0,0,9,17,26,5,12,15,0,0,0,10,0,10,10,0,10,0,0,0,12,6,15,22,13,30,0,0,0,8,0,9,9,3,10,0,0,0,186,173,353,180,200,381
801041119,0,0,0,0,0,0,0,0,0,0,0,0,0,0,0,0,0,0,0,0,0,0,0,0,0,0,0,0,0,0,0,0,0,0,0,0,0,0,0,0,0,0,0,0,0,0,0,0,0,0,0,0,4,4,0,0,0,0,0,0,0,0,0,0,0,0,0,0,0,0,0,0,0,0,0,0,0,0,0,0,0,0,0,0,0,0,4,3,3,5
801041120,0,0,0,4,0,3,247,161,413,0,0,0,8,3,9,443,408,848,0,0,0,3,0,3,252,66,312,0,0,0,5,7,13,117,227,340,0,0,0,5,5,7,150,292,444,0,0,0,0,3,6,76,97,171,0,0,0,5,0,5,88,9,96,0,0,0,0,0,0,98,32,132,0,0,0,0,0,0,31,35,67,0,0,0,23,18,50,1502,1323,2826
801041121,0,0,0,0,0,0,96,61,157,0,0,0,0,0,0,164,135,297,0,0,0,0,0,0,100,28,123,0,0,0,0,0,0,52,126,171,0,0,0,0,0,0,55,106,163,0,0,0,0,0,0,40,49,89,0,0,0,0,0,0,52,4,54,0,0,0,0,0,0,36,21,58,0,0,0,0,0,0,19,18,33,0,0,0,0,0,0,614,539,1156
801041122,0,0,0,0,0,0,119,77,203,0,0,0,0,0,0,250,195,445,0,0,0,0,0,0,119,34,147,0,0,0,0,0,0,62,79,141,0,0,0,0,0,0,52,135,181,0,0,0,0,0,0,34,49,81,0,0,0,0,0,0,21,0,24,0,0,0,0,0,0,39,16,51,0,0,0,0,0,0,15,16,34,0,0,0,0,0,0,711,611,1321
801051049,11,5,12,6,5,13,5,14,23,92,80,170,80,81,166,165,162,326,9,4,11,8,9,11,16,7,25,83,101,182,91,148,240,160,343,502,25,48,74,26,58,89,56,92,151,50,99,147,40,85,121,71,163,232,3,0,3,5,0,5,14,3,15,30,15,45,32,22,49,36,28,65,0,0,0,0,5,3,6,7,14,303,359,657,292,402,701,546,821,1361
801051050,249,254,500,270,251,520,299,310,610,506,572,1074,437,522,959,495,567,1063,123,26,147,106,39,141,119,28,148,72,116,186,90,132,219,89,148,240,135,248,382,110,228,338,89,206,300,58,79,145,51,68,117,62,88,146,21,0,23,15,0,17,30,3,30,76,27,97,55,29,78,58,29,91,24,27,51,34,26,59,27,28,54,1250,1356,2605,1163,1294,2452,1267,1413,2674
801051051,236,167,402,303,234,542,502,469,971,627,490,1120,774,700,1483,1084,1053,2136,117,47,172,135,63,193,154,65,221,102,118,218,143,185,324,167,215,383,169,285,455,187,258,444,228,391,625,69,80,150,83,102,186,78,92,165,21,7,29,15,3,14,33,3,33,68,40,112,98,49,146,58,33,90,31,18,50,44,36,81,46,38,88,1443,1255,2700,1783,1634,3420,2355,2365,4717
801051053,137,77,210,178,123,303,318,201,513,316,204,519,451,360,808,639,568,1207,46,13,55,58,24,83,95,38,124,73,108,184,100,132,236,127,219,348,67,149,217,99,154,251,140,216,347,48,79,128,52,121,173,80,142,216,15,0,15,8,0,8,10,4,17,35,18,52,40,27,67,53,29,85,17,3,19,27,8,36,37,30,66,742,649,1394,1016,946,1966,1490,1439,2925
801051054,95,73,168,84,84,166,194,206,405,218,223,443,223,245,468,415,454,869,80,25,110,59,14,79,101,41,141,40,70,109,48,70,118,80,136,212,64,128,198,60,114,174,106,175,280,36,32,61,29,34,69,38,53,90,11,5,15,13,0,15,19,0,27,30,12,44,44,22,64,59,32,85,13,12,25,11,4,15,23,17,40,591,573,1167,569,591,1163,1036,1101,2142
801051055,150,136,283,139,135,276,243,234,475,296,324,616,278,307,580,370,413,782,128,36,171,133,43,174,168,46,218,64,108,171,75,138,212,86,168,259,129,178,304,94,153,243,97,188,289,52,59,111,34,51,83,49,68,115,44,0,49,37,4,35,35,6,42,77,41,117,106,64,163,100,66,173,14,22,39,32,23,60,24,16,44,946,918,1866,926,906,1837,1185,1201,2387
801051056,122,134,258,137,137,273,194,220,422,277,353,628,271,314,581,286,349,631,102,15,113,93,22,117,82,15,100,40,66,102,48,72,118,50,85,131,74,148,232,66,124,186,62,114,173,34,36,64,30,42,75,29,51,81,26,5,32,22,0,20,19,0,22,42,20,62,37,16,56,32,12,51,12,6,17,11,11,28,14,9,23,727,781,1503,706,743,1450,761,863,1627
801051057,180,180,356,229,175,401,303,303,606,468,525,991,520,535,1056,615,653,1268,144,35,182,149,48,192,168,67,235,69,137,207,107,145,252,131,218,347,139,236,381,131,243,371,141,264,409,57,81,133,50,80,132,65,115,180,24,3,25,34,5,39,50,9,56,61,25,91,98,54,154,101,66,172,10,19,33,46,21,65,40,36,75,1158,1235,2399,1363,1298,2661,1615,1735,3348
801051058,250,206,454,256,225,487,352,337,686,621,619,1245,593,604,1199,649,709,1360,130,40,168,128,38,171,159,40,199,98,142,242,126,183,315,149,210,358,148,287,438,132,231,361,147,244,386,48,95,142,73,94,165,68,87,158,30,4,28,22,0,26,39,3,40,64,35,100,83,46,134,92,37,130,26,23,51,27,34,62,46,30,75,1413,1456,2871,1450,1454,2908,1690,1694,3382
801051060,230,168,397,190,186,371,283,299,576,524,498,1017,527,507,1039,674,698,1372,96,25,120,65,28,98,88,34,122,81,82,163,80,108,186,90,128,218,130,217,349,129,192,318,144,296,440,37,51,87,58,62,113,58,76,135,13,0,17,15,0,20,15,6,19,46,18,71,85,40,128,50,28,73,31,25,55,34,19,45,37,35,72,1187,1091,2276,1188,1134,2322,1446,1593,3040
801051061,252,231,489,275,280,561,374,428,804,554,567,1122,581,600,1182,684,807,1492,206,52,259,195,61,258,215,69,283,77,134,211,126,157,287,151,237,387,173,343,512,157,291,451,144,296,439,69,73,143,81,98,178,86,113,200,34,4,37,37,5,44,50,3,53,75,29,108,97,71,173,141,82,216,34,22,54,45,51,91,35,40,72,1470,1457,2925,1600,1618,3213,1872,2064,3940
801051123,0,0,0,0,0,0,0,0,0,0,0,0,0,0,0,0,0,0,0,0,0,0,0,0,0,0,0,0,0,0,0,0,0,0,0,0,0,0,0,0,0,0,0,0,0,0,0,0,0,0,0,0,0,0,0,0,0,0,0,0,0,0,0,0,0,0,0,0,0,0,0,0,0,0,0,0,0,0,0,0,0,0,0,0,0,0,0,0,0,0
801051124,221,150,368,196,175,376,364,320,681,369,310,681,341,271,620,543,492,1039,61,11,75,53,11,67,85,35,118,80,61,140,56,77,138,123,133,257,94,186,281,78,136,218,122,203,324,39,43,80,25,63,88,50,76,131,14,0,14,8,0,8,20,7,24,34,7,40,18,15,34,50,20,65,23,18,34,24,27,47,38,28,68,927,790,1712,801,780,1590,1393,1308,2705
801051125,819,209,1031,727,197,920,776,272,1041,83,39,118,122,61,184,89,69,161,4,0,6,5,12,18,6,8,14,81,28,110,146,48,188,92,45,137,27,28,56,27,35,63,4,29,31,3,8,14,0,5,11,0,14,11,3,0,4,0,0,0,0,0,0,8,0,8,5,5,8,0,0,0,24,4,30,19,13,35,19,5,29,1049,323,1372,1047,376,1421,988,435,1425
801051126,0,0,0,0,0,0,0,0,0,0,0,0,0,0,0,0,0,0,0,0,0,0,0,0,0,0,0,0,0,0,0,0,0,0,0,0,0,0,0,0,0,0,0,0,0,0,0,0,0,0,0,0,0,0,0,0,0,0,0,0,0,0,0,0,0,0,0,0,0,0,0,0,0,0,0,0,0,0,0,0,0,0,0,0,0,0,0,0,0,0
801051127,65,57,117,65,60,123,101,82,178,159,142,298,176,137,319,193,157,351,36,21,55,40,4,42,50,16,68,25,36,56,27,40,65,26,46,73,43,74,122,54,68,114,49,67,120,14,31,46,14,28,47,14,19,31,10,0,10,6,0,10,12,0,11,26,6,40,43,12,54,17,10,25,9,6,15,11,16,30,13,13,19,392,362,757,434,368,799,479,406,880
801051128,0,0,0,0,0,0,0,0,0,0,0,0,0,0,0,0,0,0,0,0,0,0,0,0,0,0,0,0,0,0,0,0,0,0,0,0,0,0,0,0,0,0,0,0,0,0,0,0,0,0,0,0,0,0,0,0,0,0,0,0,0,0,0,0,0,0,0,0,0,0,0,0,0,0,0,0,0,0,0,0,0,0,0,0,0,0,0,0,0,0
801061062,161,110,269,185,130,314,185,162,342,291,276,563,284,273,559,342,329,675,59,21,80,34,6,45,47,12,58,32,50,84,40,63,105,51,87,141,53,151,211,49,129,172,59,128,186,35,36,76,25,39,67,27,39,68,10,3,17,11,0,10,7,0,9,16,5,19,16,12,26,21,14,35,17,14,33,20,16,34,13,11,25,681,662,1348,658,677,1329,762,778,1542
801061063,117,81,199,136,93,231,163,127,285,206,162,372,191,168,363,234,225,456,21,7,32,18,6,22,22,11,30,16,22,37,22,39,58,24,24,45,33,99,131,36,103,134,34,101,133,24,23,50,27,26,54,37,25,63,0,0,0,3,0,3,9,0,9,16,0,14,7,0,9,15,0,17,16,0,19,12,10,23,18,12,26,454,404,858,445,448,889,558,519,1074
801061064,281,197,481,295,231,524,389,353,740,475,426,906,509,514,1021,668,669,1338,101,31,129,103,24,125,122,41,163,88,103,183,67,102,167,105,151,255,124,226,354,118,238,355,136,234,373,43,59,107,68,65,126,96,77,170,20,0,20,28,4,28,30,7,27,52,13,63,53,21,68,58,29,81,22,20,48,33,28,59,28,31,60,1209,1079,2292,1274,1208,2474,1634,1578,3212
801061066,0,0,0,0,0,0,0,0,0,0,0,0,0,0,0,0,0,0,0,0,0,0,0,0,0,0,0,0,0,0,0,0,0,0,0,0,0,0,0,0,0,0,0,0,0,0,0,0,0,0,0,0,0,0,0,0,0,0,0,0,0,0,0,0,0,0,0,0,0,0,0,0,0,0,0,0,0,0,0,0,0,0,0,0,0,0,0,0,0,0
801061067,292,226,516,288,268,555,369,354,722,511,582,1089,457,578,1039,557,618,1171,216,47,260,163,40,199,195,35,235,99,129,227,99,137,237,101,170,267,142,327,469,148,263,409,135,245,373,67,93,160,67,96,160,72,106,170,54,3,57,37,4,40,52,0,56,66,43,108,70,42,110,94,49,142,40,35,71,22,39,57,36,40,73,1476,1480,2955,1359,1452,2818,1605,1607,3214
801061068,0,0,0,0,0,0,0,0,0,0,0,0,0,0,0,0,0,0,0,0,0,0,0,0,0,0,0,0,0,0,0,0,0,0,0,0,0,0,0,0,0,0,0,0,0,0,0,0,0,0,0,0,0,0,0,0,0,0,0,0,0,0,0,0,0,0,0,0,0,0,0,0,0,0,0,0,0,0,0,0,0,0,0,0,0,0,0,0,0,0
801061069,216,119,328,214,124,339,223,159,381,305,282,588,256,288,544,334,309,645,55,22,80,54,12,64,60,18,75,53,65,120,50,54,101,51,84,141,66,158,230,67,132,196,57,109,169,44,59,101,46,46,91,51,53,111,10,0,10,16,0,16,18,0,18,43,23,67,29,11,41,30,26,51,19,8,22,24,24,51,14,28,41,819,736,1558,746,698,1446,841,786,1629
801061070,191,125,311,172,123,294,215,146,365,320,300,620,312,254,569,302,297,595,67,23,91,40,10,52,47,9,53,43,51,99,29,54,87,55,62,119,65,150,215,56,138,194,44,133,175,37,44,78,40,36,80,45,37,85,14,0,16,11,6,16,13,0,12,20,15,32,21,10,37,25,14,42,23,23,47,20,15,34,27,23,41,776,727,1507,706,652,1358,760,726,1483
801061129,98,69,169,125,95,216,152,154,306,183,167,348,228,216,445,295,280,576,24,6,27,26,4,26,30,0,35,33,38,63,43,22,60,47,40,87,35,76,107,38,88,129,46,105,149,16,14,20,13,16,28,25,9,36,3,0,3,7,0,7,4,0,4,6,0,7,8,0,11,8,4,14,11,8,19,20,20,32,20,19,36,397,374,766,495,467,960,625,614,1239
801061130,4,0,0,0,0,0,6,6,8,0,0,3,0,0,0,0,0,5,10,0,10,0,0,0,0,0,0,0,0,0,0,0,0,0,0,0,0,4,4,0,0,0,0,0,0,0,0,0,0,0,6,3,0,3,0,0,0,0,0,0,0,0,0,0,0,0,5,0,5,3,0,3,0,0,0,3,0,3,0,0,0,13,9,21,14,3,19,18,5,22
801061131,252,175,426,383,279,662,598,516,1112,435,503,940,698,719,1420,941,1046,1993,84,17,105,85,29,111,116,47,164,66,57,124,104,100,206,151,172,318,98,212,314,157,244,404,171,332,501,19,39,56,51,61,114,51,87,133,11,0,11,20,0,20,28,3,36,27,11,42,28,13,44,48,17,64,22,19,43,24,45,68,55,52,107,1022,1041,2061,1558,1491,3044,2154,2262,4425
801071071,207,164,370,218,163,381,216,197,407,259,270,535,234,288,518,260,290,555,342,62,404,329,49,382,366,75,451,97,183,282,94,185,279,108,214,320,158,467,630,145,426,571,161,435,595,74,140,217,76,170,243,78,152,231,112,8,121,116,10,127,162,11,167,133,62,194,99,56,155,130,58,187,43,27,67,43,44,94,37,32,72,1424,1384,2808,1350,1400,2749,1520,1463,2986
801071072,189,152,338,179,129,303,165,148,312,279,255,534,252,254,510,244,299,539,222,36,257,209,36,249,206,43,247,85,124,214,71,137,207,73,126,202,135,372,508,122,329,458,133,285,418,81,122,201,67,83,153,58,88,145,51,3,64,52,12,58,51,3,56,88,43,128,86,36,124,75,34,110,24,26,50,44,30,81,27,30,56,1163,1136,2300,1092,1048,2137,1025,1052,2076
801071073,296,209,509,267,162,432,248,244,488,359,395,748,294,389,688,316,409,726,397,58,456,370,58,426,369,67,442,149,232,377,136,242,380,135,206,346,203,582,781,163,480,640,155,445,603,108,188,295,93,143,238,89,130,221,101,10,109,119,11,139,96,8,108,139,50,188,108,56,162,127,52,175,31,38,69,52,38,88,37,34,74,1776,1751,3529,1616,1575,3192,1574,1594,3172
801071074,213,172,394,191,179,365,189,203,393,271,300,571,229,288,519,254,314,566,385,65,450,357,51,405,357,50,409,122,202,326,123,207,334,102,198,299,171,510,684,137,407,545,121,372,488,106,184,286,94,128,219,93,100,191,126,9,135,124,7,123,124,14,139,136,53,191,128,62,191,121,71,191,18,18,47,41,39,81,40,41,81,1566,1524,3088,1432,1356,2786,1396,1360,2753
801071075,263,201,459,221,167,380,235,207,443,292,291,583,247,304,555,269,350,621,341,60,404,309,60,365,333,44,378,114,192,307,115,208,318,113,207,322,212,502,715,156,425,582,169,422,588,99,160,255,99,136,232,87,127,214,97,7,102,87,4,91,93,8,106,118,46,167,114,44,159,117,42,157,28,27,51,56,38,96,35,23,56,1562,1486,3044,1400,1376,2776,1452,1430,2887
801071076,236,127,370,203,130,333,229,143,366,265,268,539,246,259,500,252,263,518,127,24,156,107,19,129,118,14,132,63,100,165,66,99,162,52,86,138,119,256,378,91,210,308,68,183,258,54,82,134,39,57,98,42,50,97,20,5,22,21,0,21,27,0,29,36,22,59,43,10,51,33,14,48,25,9,32,17,9,27,11,0,14,958,902,1856,831,802,1634,830,771,1602
801071077,117,81,200,102,83,194,110,105,217,126,171,295,131,168,301,138,188,320,225,39,261,185,38,224,214,28,234,65,86,149,44,76,122,37,97,136,98,275,380,79,235,312,77,188,267,64,88,149,44,64,113,30,55,89,69,8,73,67,0,70,53,5,58,87,38,123,81,31,109,77,31,105,15,7,24,9,8,22,15,12,29,857,795,1650,751,711,1462,747,707,1455
801071078,371,259,626,319,258,579,343,333,681,450,461,906,384,447,836,415,533,949,488,58,550,439,74,512,483,94,578,144,304,448,158,319,480,150,308,464,315,765,1082,241,695,938,228,646,874,151,245,399,122,237,366,123,169,291,117,14,127,141,14,161,165,16,181,151,86,235,172,68,239,163,63,227,46,58,101,73,47,119,53,44,96,2226,2253,4476,2050,2178,4231,2132,2206,4340
801071079,162,117,277,136,115,246,149,143,297,191,222,411,177,209,382,198,245,441,186,23,208,149,35,187,144,24,171,71,101,176,60,106,167,65,125,184,93,278,364,78,232,309,66,179,242,45,74,124,54,51,108,45,41,86,49,3,57,33,4,34,29,7,37,56,31,77,51,25,73,74,25,99,15,21,35,22,16,33,20,21,35,871,867,1739,763,790,1551,794,805,1603
801071080,74,68,136,78,56,133,199,175,380,162,118,278,225,138,370,371,349,722,73,10,83,80,21,95,203,49,255,33,43,67,31,66,99,100,190,292,58,147,200,60,130,189,127,314,444,20,41,63,28,33,61,64,79,138,15,0,14,28,0,28,66,3,72,25,14,35,30,18,41,74,24,93,9,12,19,7,12,15,19,26,45,458,446,905,562,472,1032,1235,1207,2441
801071081,146,138,284,132,127,257,153,152,299,220,258,485,180,251,431,203,285,496,302,50,355,259,43,303,284,51,337,102,179,282,107,165,271,107,194,303,149,373,526,137,347,487,99,306,404,95,109,205,80,97,173,68,78,145,117,8,125,114,4,119,97,7,101,93,50,142,113,39,148,117,39,157,34,16,45,31,31,66,19,24,42,1257,1187,2449,1154,1110,2263,1134,1139,2276
801071082,683,529,1208,608,418,1029,634,585,1221,1020,1134,2154,906,1009,1914,959,1116,2073,861,148,1010,674,127,802,747,148,891,304,506,810,283,521,809,348,568,923,511,1274,1781,390,939,1334,371,855,1224,267,317,595,180,310,492,206,284,497,257,17,276,193,23,216,220,12,236,322,131,455,293,112,400,316,124,441,114,85,195,113,95,205,96,82,175,4344,4134,8479,3636,3561,7198,3908,3775,7685
801071083,101,52,156,80,65,145,86,66,145,105,119,225,90,119,209,89,129,221,98,16,113,74,17,85,62,14,79,49,42,89,36,51,89,34,40,76,60,143,205,57,102,156,42,86,129,26,43,65,18,23,45,14,17,33,27,5,32,27,3,25,17,5,19,21,10,32,33,8,39,19,12,31,10,11,15,7,11,24,6,7,18,497,437,939,421,396,817,369,375,745
801071084,261,180,438,233,162,392,245,209,450,333,394,721,329,367,691,329,388,722,333,54,387,257,49,303,260,40,304,106,179,285,99,179,278,98,171,267,200,499,698,147,400,540,143,352,491,126,113,237,77,110,187,82,85,169,97,9,103,80,9,86,88,0,91,96,58,157,102,42,143,96,40,134,44,30,76,33,31,71,40,18,59,1588,1508,3097,1359,1335,2694,1375,1308,2683
801071085,0,0,0,0,0,0,0,0,0,0,0,0,0,0,0,0,0,0,0,0,0,0,0,0,0,0,0,0,0,0,0,0,0,0,0,0,0,0,0,0,0,0,0,0,0,0,0,0,0,0,0,0,0,0,0,0,0,0,0,0,0,0,0,0,0,0,0,0,0,0,0,0,0,0,0,0,0,0,0,0,0,0,0,0,0,0,0,0,0,0
801071086,91,67,156,68,60,134,66,61,130,109,120,225,97,109,206,103,117,224,109,19,128,91,10,99,94,13,108,43,61,102,34,70,103,34,40,78,54,149,209,38,131,172,33,118,152,36,63,99,22,44,69,30,26,56,37,4,37,29,0,29,34,0,34,38,19,58,31,14,48,21,11,37,5,7,17,7,13,17,9,9,16,519,511,1032,423,457,883,427,409,830
801071087,94,70,163,83,84,163,95,76,178,126,157,282,128,140,266,132,164,294,230,31,264,215,37,247,213,40,258,37,135,167,39,126,170,53,133,192,98,284,383,79,260,342,76,204,282,52,97,155,40,85,123,50,64,111,93,8,99,85,6,89,107,13,124,102,41,148,109,39,148,92,31,120,31,19,50,23,15,42,18,19,39,865,841,1711,802,786,1582,841,749,1591
801071088,186,143,334,163,130,297,173,159,338,186,262,447,178,224,402,199,268,466,276,50,328,247,37,289,255,41,296,100,145,248,87,158,252,80,172,248,154,370,517,118,319,433,114,291,408,84,123,209,63,114,176,59,90,149,103,13,117,92,7,98,81,7,87,100,41,141,103,40,139,103,39,141,20,14,30,33,22,54,31,26,60,1212,1162,2373,1089,1059,2143,1094,1100,2191
801071089,0,0,6,0,0,0,3,0,5,0,5,8,0,3,3,0,3,9,4,0,3,0,0,0,0,0,0,3,0,3,3,4,3,0,0,0,0,5,6,0,0,0,0,9,7,0,0,0,0,0,0,0,0,0,0,0,0,0,0,0,0,0,0,0,0,3,0,0,0,0,0,0,0,0,0,0,0,0,0,0,0,16,4,22,10,3,14,10,11,28
801071090,352,233,581,296,202,500,359,273,627,527,591,1114,472,531,1003,523,614,1142,428,73,500,336,46,381,364,64,426,168,268,437,158,248,411,160,259,416,239,618,858,210,536,750,210,443,648,137,213,350,122,166,286,113,133,242,135,11,148,123,5,127,116,15,127,159,62,219,140,66,210,159,58,216,66,36,104,51,41,86,51,38,87,2211,2108,4314,1911,1844,3759,2046,1892,3937
801071132,0,0,0,0,0,0,3,0,3,0,0,0,0,0,0,0,0,0,0,0,0,0,0,0,0,0,0,0,0,0,0,0,0,0,0,0,0,0,0,0,0,0,0,0,0,0,0,0,0,0,0,0,0,0,0,0,0,0,0,0,0,0,0,0,0,0,0,0,0,0,0,0,0,0,0,0,0,0,0,0,0,0,0,0,3,0,4,3,0,6
801081091,167,124,293,137,105,244,165,150,315,280,246,526,247,240,495,269,240,509,81,13,92,74,12,85,84,9,98,50,78,124,51,58,110,48,75,119,74,171,243,73,149,221,31,148,181,49,59,104,33,50,79,42,45,82,13,0,13,9,0,9,16,0,20,33,15,46,24,9,39,24,13,40,13,17,32,13,8,22,13,24,33,757,725,1482,662,646,1303,691,701,1393
801081092,200,129,325,189,111,297,219,154,376,258,263,521,198,264,463,250,307,559,123,24,154,105,31,139,138,29,162,69,80,148,62,100,159,57,104,159,79,236,313,69,198,264,66,197,261,51,42,96,36,50,84,44,48,98,32,0,32,18,0,24,30,0,32,39,18,54,42,22,67,51,26,73,15,13,31,15,17,34,15,16,26,862,807,1669,731,793,1530,863,883,1745
801081093,121,96,218,121,111,232,157,148,305,235,230,463,209,252,463,251,269,520,137,25,164,123,21,146,136,23,157,46,83,132,63,92,151,75,100,176,93,218,318,66,159,226,57,169,227,39,58,97,39,49,89,42,33,78,27,3,33,31,0,33,38,7,43,48,18,69,38,19,56,29,11,47,22,13,37,12,17,30,13,14,32,771,749,1522,699,723,1423,802,775,1573
801081094,128,96,226,118,121,233,140,151,291,227,258,486,205,225,434,223,259,483,113,22,138,105,22,125,109,25,144,52,65,119,41,57,96,46,67,108,108,193,305,64,168,235,61,147,210,35,47,84,31,41,71,26,46,68,23,3,25,20,4,23,24,6,28,44,20,62,38,12,50,41,18,67,12,6,20,18,11,29,28,23,52,748,709,1458,635,660,1295,707,739,1446
801081095,134,104,241,114,100,214,147,131,272,204,238,444,210,240,445,233,290,520,131,33,165,129,20,153,145,37,179,67,100,163,38,99,136,73,113,184,95,221,316,70,173,243,65,171,233,43,80,122,31,64,97,31,37,68,38,0,41,26,3,30,36,0,35,59,20,81,70,27,96,58,24,81,16,13,30,14,19,37,19,15,35,790,817,1606,706,747,1445,801,814,1618
801081096,96,50,143,72,59,138,101,84,181,146,148,294,115,134,249,136,150,285,94,17,107,73,18,95,75,12,85,37,53,89,40,48,93,45,75,116,63,167,231,52,119,174,32,97,129,24,34,62,18,34,55,29,33,64,30,0,35,21,0,19,15,4,21,45,20,63,28,16,46,34,14,42,14,7,26,13,5,18,10,4,16,555,497,1048,440,441,881,474,471,946
801081097,94,88,182,115,104,220,145,147,295,189,224,414,205,217,419,213,213,426,118,21,145,95,19,113,114,21,137,63,67,129,50,76,124,57,90,145,94,182,279,56,131,192,47,119,174,35,37,72,32,34,69,35,41,74,32,7,34,25,5,29,22,6,29,37,18,50,43,22,60,46,14,62,8,11,24,12,20,35,9,12,20,669,658,1330,635,620,1258,693,672,1365
801081098,148,129,279,170,126,296,208,187,399,267,269,536,263,302,568,311,378,687,115,28,144,109,27,142,137,30,167,58,78,135,39,78,119,61,95,160,87,202,291,84,177,261,80,180,261,41,49,89,34,43,74,49,50,99,26,0,33,35,9,37,32,6,32,41,12,52,38,21,60,40,18,60,17,12,24,19,14,37,15,15,34,802,785,1589,797,801,1604,942,967,1903
801081133,0,0,0,0,0,0,0,0,0,0,0,0,0,0,0,0,0,0,0,0,0,0,0,0,0,0,0,0,0,0,0,0,0,0,0,0,0,3,3,0,0,0,0,0,0,0,0,0,0,0,0,0,0,0,3,0,3,0,0,0,0,0,0,0,0,0,0,0,0,0,0,0,0,0,0,0,0,0,0,0,0,8,4,12,0,0,4,0,0,0
801091099,105,82,190,102,103,204,142,128,268,224,218,437,195,200,397,211,274,489,116,19,135,90,19,113,112,26,138,47,56,103,57,84,134,58,106,161,84,168,247,64,135,202,55,124,181,54,44,95,34,40,70,46,57,98,24,0,24,29,0,33,26,0,32,44,17,61,41,23,65,81,40,121,15,12,26,10,15,31,21,12,28,710,612,1313,627,621,1248,753,757,1504
801091100,297,221,520,268,208,473,327,287,612,486,535,1014,441,541,982,510,584,1095,151,39,183,125,40,170,142,51,195,72,141,208,80,135,212,106,141,246,154,289,441,117,240,361,112,215,331,52,87,143,74,82,155,63,65,132,33,0,35,42,6,43,42,3,41,71,29,104,56,29,89,80,45,125,21,13,32,31,20,51,33,25,62,1329,1358,2681,1233,1301,2539,1421,1422,2839
801091101,204,132,336,180,115,297,229,178,402,283,306,586,248,299,547,254,324,577,104,28,134,94,21,116,132,32,161,51,85,134,91,92,175,76,104,177,87,219,304,75,175,254,81,157,238,55,59,110,60,55,110,32,48,85,23,6,23,24,0,24,31,0,28,38,23,56,43,15,60,59,21,80,18,20,36,12,13,23,21,26,43,859,871,1736,825,794,1615,909,894,1801
801091102,181,119,297,152,99,254,174,153,329,329,356,687,318,384,703,357,376,738,90,17,109,54,6,69,86,14,103,48,82,125,62,76,133,58,105,169,68,195,265,64,126,190,60,148,211,34,51,85,35,43,82,40,42,86,6,0,11,17,5,20,24,0,26,40,10,44,30,14,37,41,22,66,13,13,22,24,16,37,19,17,36,809,834,1640,758,763,1521,873,888,1757
801091103,163,114,282,143,118,267,194,158,353,244,281,532,264,265,534,265,308,576,51,22,69,47,15,61,64,23,88,41,62,101,49,69,117,55,100,159,81,146,228,57,122,177,57,112,175,30,42,77,26,38,66,27,46,72,9,0,11,8,0,9,21,4,22,38,21,56,34,11,50,49,25,73,19,10,33,18,13,23,14,11,31,679,712,1390,647,662,1311,759,788,1542
801091104,139,86,219,114,74,189,134,98,227,211,205,409,183,202,388,201,224,426,52,20,73,54,17,73,54,22,70,33,51,82,31,60,95,36,61,100,74,166,240,73,129,201,47,118,167,47,40,83,26,32,59,22,28,51,19,0,19,20,0,20,21,0,19,23,13,33,31,9,39,25,10,41,10,11,17,25,16,40,12,0,16,602,583,1186,553,546,1098,550,566,1122
801091105,104,68,169,134,89,227,134,150,285,215,205,415,204,211,422,258,267,526,122,30,153,117,27,150,125,25,150,62,85,151,64,99,166,81,163,240,91,173,262,80,129,210,69,121,190,26,47,75,29,45,82,45,51,99,39,0,36,28,3,29,36,4,38,68,38,104,73,43,117,120,60,177,17,4,20,19,14,31,17,17,37,735,651,1392,752,666,1421,880,856,1742
801091106,158,97,259,148,107,250,149,158,313,251,238,495,257,254,504,269,269,538,121,25,151,133,27,160,145,28,174,76,81,154,72,108,175,71,143,208,104,186,289,80,178,251,78,171,253,64,69,131,53,64,114,55,66,121,25,0,19,33,3,34,31,0,31,45,26,71,57,31,89,86,46,137,19,22,42,26,17,47,13,15,30,866,750,1613,846,782,1628,900,899,1805
801091107,72,37,102,68,34,104,55,43,101,79,57,141,100,74,174,110,81,190,18,6,23,20,3,22,17,7,24,7,19,22,10,18,29,6,22,33,13,53,67,18,64,78,21,46,67,15,11,33,18,14,34,14,13,33,4,0,8,0,0,0,8,0,6,4,0,13,13,4,14,14,5,21,10,10,14,9,6,13,4,3,10,230,201,431,252,215,470,258,223,480
801091108,147,93,239,149,93,238,179,140,325,207,217,421,194,232,427,219,219,438,98,19,118,68,15,87,87,17,105,49,71,121,50,63,113,43,93,135,82,163,244,63,141,197,52,130,182,40,40,80,42,40,76,44,44,88,15,3,14,22,0,24,25,3,27,27,24,54,33,18,44,38,18,57,14,9,22,7,12,19,3,15,23,676,642,1319,615,611,1229,699,683,1384
801091109,89,81,168,96,95,190,233,241,473,253,337,590,337,445,781,612,756,1369,68,22,93,84,31,117,229,64,293,67,70,131,74,90,166,128,253,374,85,150,239,111,137,245,192,322,509,38,28,67,44,41,84,100,103,206,27,6,33,28,0,28,61,10,70,38,7,45,81,44,121,141,50,191,20,9,26,19,22,36,38,27,61,674,710,1387,883,900,1781,1726,1819,3548
801091110,120,92,218,118,85,203,127,108,234,180,189,367,176,169,350,198,218,412,97,26,125,87,25,107,91,29,118,35,47,82,51,72,123,44,62,104,68,134,196,45,118,161,55,138,196,42,48,86,33,51,80,36,33,66,19,0,19,23,0,23,25,0,25,31,6,39,36,9,43,35,9,46,8,8,20,14,21,36,14,12,20,592,560,1150,579,544,1124,628,603,1227
801101134,0,0,0,0,0,5,0,0,0,0,0,0,0,0,0,0,0,0,0,0,0,0,0,0,0,0,0,0,0,0,0,0,0,0,0,0,0,0,0,0,0,0,0,0,0,0,0,0,0,0,0,0,0,0,0,0,0,0,0,0,0,0,0,0,0,0,0,0,0,0,0,0,0,0,0,0,0,0,0,0,0,0,0,0,0,0,5,4,5,11
801101135,0,0,0,91,49,140,267,199,466,0,0,0,186,217,403,511,553,1061,0,0,0,74,13,84,216,32,249,0,0,0,34,54,92,131,200,328,0,0,0,42,128,171,117,279,391,0,0,0,30,19,47,79,82,162,0,0,0,11,0,13,57,5,57,0,0,0,16,11,31,84,49,132,0,0,0,7,9,18,28,34,59,0,0,0,501,501,1002,1478,1433,2913
801101136,0,0,0,0,0,0,183,143,320,0,0,0,0,0,0,360,359,718,0,0,0,0,0,0,99,15,114,0,0,0,0,0,0,35,80,106,0,0,0,0,0,0,65,136,204,0,0,0,0,0,0,40,50,84,0,0,0,0,0,0,27,3,30,0,0,0,0,0,0,25,5,34,0,0,0,0,0,0,21,17,33,0,0,0,0,0,0,842,806,1646
801101137,0,0,0,0,0,0,0,0,0,0,0,0,0,0,0,0,0,0,0,0,0,0,0,0,0,0,0,0,0,0,0,0,0,0,0,0,0,0,0,0,0,0,0,0,0,0,0,0,0,0,0,0,0,0,0,0,0,0,0,0,0,0,0,0,0,0,0,0,0,0,0,0,0,0,0,0,0,0,0,0,0,0,0,0,0,0,0,0,0,0
801101139,0,0,0,155,121,277,207,188,396,0,0,0,327,373,699,430,515,944,0,0,5,131,19,146,139,39,182,0,0,0,70,71,143,114,132,246,0,0,0,99,239,333,118,246,366,0,0,0,41,62,106,56,55,115,0,0,0,16,3,16,45,5,49,0,0,0,34,15,53,54,21,79,0,0,0,18,21,39,25,26,49,0,4,7,896,926,1813,1194,1227,2424
801101145,0,0,0,0,0,0,0,0,0,0,0,0,0,0,0,0,0,0,0,0,0,0,0,0,0,0,0,0,0,0,0,0,0,0,0,0,0,0,0,0,0,0,0,0,0,0,0,0,0,0,0,0,0,0,0,0,0,0,0,0,0,0,0,0,0,0,0,0,0,0,0,0,0,0,0,0,0,0,0,0,0,0,0,0,0,0,0,0,0,0
801101146,0,0,0,0,0,0,0,0,0,0,0,0,0,0,0,0,0,0,0,0,0,0,0,0,0,0,0,0,0,0,0,0,0,0,0,0,0,0,0,0,0,0,0,0,0,0,0,0,0,0,0,0,0,0,0,0,0,0,0,0,0,0,0,0,0,0,0,0,0,0,0,0,0,0,0,0,0,0,0,0,0,0,0,0,0,0,3,0,0,0
801111140,39,21,60,43,30,67,39,41,81,25,35,58,26,39,61,34,45,76,34,3,32,45,8,50,44,10,52,22,24,51,15,25,44,12,20,32,10,28,33,11,32,42,10,28,37,3,3,6,6,6,15,3,7,8,9,0,7,5,0,7,7,0,7,19,3,25,18,4,19,18,9,27,3,0,0,3,6,9,5,4,7,158,122,284,167,149,317,177,155,333
801111141,0,4,3,0,0,3,0,0,0,0,0,0,0,0,4,0,6,4,3,0,3,4,0,4,4,0,8,0,0,0,0,0,0,0,0,0,3,0,9,0,3,3,0,3,3,0,0,0,0,0,0,0,0,0,0,0,0,0,0,0,0,0,0,4,0,4,0,0,0,0,0,0,0,0,0,0,0,0,0,0,0,12,10,24,12,13,22,17,7,23
897979799,0,0,0,0,0,0,0,0,0,0,0,0,0,0,0,0,0,0,0,0,0,0,0,0,0,0,0,0,0,0,0,0,0,0,0,0,0,0,0,0,0,0,0,0,0,0,0,0,0,0,0,0,0,0,0,0,0,0,0,0,0,0,0,0,0,0,0,0,0,0,0,0,0,0,0,0,0,0,0,0,0,0,0,0,0,0,0,0,0,0
899999499,19,10,32,11,7,23,6,20,28,39,47,84,28,31,57,22,30,51,23,5,25,13,3,14,20,8,25,19,31,41,12,26,38,19,11,30,10,23,36,11,23,26,8,17,27,9,8,19,6,4,15,8,14,21,7,0,11,3,0,8,4,0,5,19,6,18,12,3,21,12,9,19,0,0,0,7,0,6,0,0,0,144,134,274,109,99,201,104,111,216
