SA2_CODE_2021,C21_F_Tot_Em_Tot,C21_F_Tot_Unem_Look_FT,C21_F_Tot_Unem_Look_PT,C21_F_Tot_Unem_Tot,C21_F_Tot_Tot_labo_for,C21_F_Tot_Not_LF,C21_F_Tot_LF_NS,C21_F_Tot_Tot,C11_P_15_19_Em_FT,C11_P_15_19_Em_PT,C11_P_15_19_Em_AFW,C11_P_15_19_Em_Hrs_NS,C11_P_15_19_Em_Tot,C11_P_15_19_Unem_Look_FT,C11_P_15_19_Unem_Look_PT,C11_P_15_19_Unem_Tot,C11_P_15_19_Tot_LF,C11_P_15_19_Not_LF,C11_P_15_19_LF_NS,C11_P_15_19_Tot,C11_P_20_24_Em_FT,C11_P_20_24_Em_PT,C11_P_20_24_Em_AFW,C11_P_20_24_Em_Hrs_NS,C11_P_20_24_Em_Tot,C11_P_20_24_Unem_Look_FT,C11_P_20_24_Unem_Look_PT,C11_P_20_24_Unem_Tot,C11_P_20_24_Tot_LF,C11_P_20_24_Not_LF,C11_P_20_24_LF_NS,C11_P_20_24_Tot,C11_P_25_29_Em_FT,C11_P_25_29_Em_PT,C11_P_25_29_Em_AFW,C11_P_25_29_Em_Hrs_NS,C11_P_25_29_Em_Tot,C11_P_25_29_Unem_Look_FT,C11_P_25_29_Unem_Look_PT,C11_P_25_29_Unem_Tot,C11_P_25_29_Tot_LF,C11_P_25_29_Not_LF,C11_P_25_29_LF_NS,C11_P_25_29_Tot,C11_P_30_34_Em_FT,C11_P_30_34_Em_PT,C11_P_30_34_Em_AFW,C11_P_30_34_Em_Hrs_NS,C11_P_30_34_Em_Tot,C11_P_30_34_Unem_Look_FT,C11_P_30_34_Unem_Look_PT,C11_P_30_34_Unem_Tot,C11_P_30_34_Tot_LF,C11_P_30_34_Not_LF,C11_P_30_34_LF_NS,C11_P_30_34_Tot,C11_P_35_39_Em_FT,C11_P_35_39_Em_PT,C11_P_35_39_Em_AFW,C11_P_35_39_Em_Hrs_NS,C11_P_35_39_Em_Tot,C11_P_35_39_Unem_Look_FT,C11_P_35_39_Unem_Look_PT,C11_P_35_39_Unem_Tot,C11_P_35_39_Tot_LF,C11_P_35_39_Not_LF,C11_P_35_39_LF_NS,C11_P_35_39_Tot,C11_P_40_44_Em_FT,C11_P_40_44_Em_PT,C11_P_40_44_Em_AFW,C11_P_40_44_Em_Hrs_NS,C11_P_40_44_Em_Tot,C11_P_40_44_Unem_Look_FT,C11_P_40_44_Unem_Look_PT,C11_P_40_44_Unem_Tot,C11_P_40_44_Tot_LF,C11_P_40_44_Not_LF,C11_P_40_44_LF_NS,C11_P_40_44_Tot,C11_P_45_49_Em_FT,C11_P_45_49_Em_PT,C11_P_45_49_Em_AFW,C11_P_45_49_Em_Hrs_NS,C11_P_45_49_Em_Tot,C11_P_45_49_Unem_Look_FT,C11_P_45_49_Unem_Look_PT,C11_P_45_49_Unem_Tot,C11_P_45_49_Tot_LF,C11_P_45_49_Not_LF,C11_P_45_49_LF_NS,C11_P_45_49_Tot,C11_P_50_54_Em_FT,C11_P_50_54_Em_PT,C11_P_50_54_Em_AFW,C11_P_50_54_Em_Hrs_NS,C11_P_50_54_Em_Tot,C11_P_50_54_Unem_Look_FT,C11_P_50_54_Unem_Look_PT,C11_P_50_54_Unem_Tot,C11_P_50_54_Tot_LF,C11_P_50_54_Not_LF,C11_P_50_54_LF_NS,C11_P_50_54_Tot,C11_P_55_59_Em_FT,C11_P_55_59_Em_PT,C11_P_55_59_Em_AFW,C11_P_55_59_Em_Hrs_NS,C11_P_55_59_Em_Tot,C11_P_55_59_Unem_Look_FT,C11_P_55_59_Unem_Look_PT,C11_P_55_59_Unem_Tot,C11_P_55_59_Tot_LF,C11_P_55_59_Not_LF,C11_P_55_59_LF_NS,C11_P_55_59_Tot,C11_P_60_64_Em_FT,C11_P_60_64_Em_PT,C11_P_60_64_Em_AFW,C11_P_60_64_Em_Hrs_NS,C11_P_60_64_Em_Tot,C11_P_60_64_Unem_Look_FT,C11_P_60_64_Unem_Look_PT,C11_P_60_64_Unem_Tot,C11_P_60_64_Tot_LF,C11_P_60_64_Not_LF,C11_P_60_64_LF_NS,C11_P_60_64_Tot,C11_P_65_69_Em_FT,C11_P_65_69_Em_PT,C11_P_65_69_Em_AFW,C11_P_65_69_Em_Hrs_NS,C11_P_65_69_Em_Tot,C11_P_65_69_Unem_Look_FT,C11_P_65_69_Unem_Look_PT,C11_P_65_69_Unem_Tot,C11_P_65_69_Tot_LF,C11_P_65_69_Not_LF,C11_P_65_69_LF_NS,C11_P_65_69_Tot,C11_P_70_74_Em_FT,C11_P_70_74_Em_PT,C11_P_70_74_Em_AFW,C11_P_70_74_Em_Hrs_NS,C11_P_70_74_Em_Tot,C11_P_70_74_Unem_Look_FT,C11_P_70_74_Unem_Look_PT,C11_P_70_74_Unem_Tot,C11_P_70_74_Tot_LF,C11_P_70_74_Not_LF,C11_P_70_74_LF_NS,C11_P_70_74_Tot,C11_P_75over_Em_FT,C11_P_75over_Em_PT,C11_P_75over_Em_Aw_fr_w,C11_P_75over_Emp_H_wor_ns,C11_P_75over_Em_Tot,C11_P_75over_Unem_Lo_ft_wor,C11_P_75over_Unem_Lo_pt_wor,C11_P_75over_Unemp_Tot,C11_P_75over_Tot_lab_for,C11_P_75over_N_lab_forc,C11_P_75over_LF_NS,C11_P_75over_Tot,C11_P_Tot_Em_FT,C11_P_Tot_Em_PT,C11_P_Tot_Em_AFW,C11_P_Tot_Em_Hrs_NS,C11_P_Tot_Em_Tot,C11_P_Tot_Unem_Look_FT,C11_P_Tot_Unem_Look_PT,C11_P_Tot_Unem_Tot,C11_P_Tot_Tot_labo_for,C11_P_Tot_Not_LF,C11_P_Tot_LF_NS,C11_P_Tot_Tot,C16_P_15_19_Em_FT,C16_P_15_19_Em_PT,C16_P_15_19_Em_AFW,C16_P_15_19_Em_Hrs_NS,C16_P_15_19_Em_Tot,C16_P_15_19_Unem_Look_FT,C16_P_15_19_Unem_Look_PT,C16_P_15_19_Unem_Tot,C16_P_15_19_Tot_LF,C16_P_15_19_Not_LF,C16_P_15_19_LF_NS,C16_P_15_19_Tot,C16_P_20_24_Em_FT,C16_P_20_24_Em_PT,C16_P_20_24_Em_AFW,C16_P_20_24_Em_Hrs_NS,C16_P_20_24_Em_Tot,C16_P_20_24_Unem_Look_FT,C16_P_20_24_Unem_Look_PT,C16_P_20_24_Unem_Tot,C16_P_20_24_Tot_LF,C16_P_20_24_Not_LF,C16_P_20_24_LF_NS,C16_P_20_24_Tot
801011001,655,5,16,26,682,376,32,1090,5,53,0,6,67,5,4,8,75,86,11,171,50,50,5,4,105,0,8,10,112,33,13,154,85,20,6,0,110,4,4,7,117,8,10,136,63,22,6,0,96,0,0,0,99,16,5,117,83,32,16,0,139,0,0,0,144,13,5,160,81,39,5,0,130,0,4,4,134,14,9,154,107,28,7,0,150,0,3,3,148,16,9,179,130,30,8,9,168,0,0,0,175,11,8,193,72,31,6,0,107,0,0,0,107,25,9,136,50,23,7,0,84,0,0,0,84,57,10,152,14,22,0,0,41,0,0,0,41,99,10,153,3,12,0,0,13,0,0,0,13,89,8,114,6,0,0,0,5,0,0,0,5,203,13,225,752,369,79,25,1221,11,19,38,1260,663,119,2033,8,36,0,0,49,0,6,6,57,83,3,146,43,52,5,0,95,3,5,6,104,36,6,148
801011002,2589,91,65,151,2742,997,178,3923,21,67,8,10,107,7,19,28,134,78,41,253,271,187,27,0,479,12,23,41,520,134,113,766,492,103,18,9,616,11,12,21,642,99,104,844,355,63,25,3,438,14,10,21,459,76,68,599,177,40,7,0,232,6,0,12,244,28,29,301,115,25,18,0,159,8,0,9,174,31,19,223,93,20,8,3,129,10,4,10,138,35,25,203,79,24,0,0,105,4,4,6,116,19,14,145,52,19,3,0,76,3,0,3,83,40,15,134,30,18,7,3,55,0,4,3,59,57,8,119,7,6,0,0,21,0,0,0,21,76,10,104,0,0,0,0,5,0,0,0,5,78,8,93,4,0,0,0,4,0,0,0,4,193,85,283,1697,578,114,22,2420,82,81,159,2579,947,537,4074,16,64,5,8,100,3,29,33,131,111,7,248,298,277,19,17,614,31,70,101,715,470,89,1273
801011003,2434,38,100,135,2567,858,114,3541,46,163,25,0,240,3,45,47,285,203,164,659,371,430,65,9,868,11,69,79,953,356,376,1681,561,142,28,8,736,16,14,27,762,122,97,983,312,50,27,5,392,10,3,13,402,74,44,517,214,36,12,8,274,4,3,8,281,28,26,333,140,44,8,0,195,0,0,0,197,19,13,233,147,27,8,5,187,3,0,5,196,20,18,232,165,30,13,0,200,5,4,8,211,26,6,244,130,34,4,0,168,3,0,5,171,47,15,235,64,36,8,0,112,0,0,0,113,70,13,188,14,14,0,3,28,0,0,0,27,92,3,122,4,6,0,0,12,0,0,0,12,82,5,100,0,6,0,0,6,0,0,0,6,174,95,268,2183,1006,188,43,3414,52,137,195,3607,1305,878,5793,19,148,14,17,199,4,40,40,239,227,52,516,299,442,45,60,847,21,71,93,934,544,144,1625
801011004,741,11,26,36,778,426,45,1251,31,51,3,3,88,4,16,14,105,74,24,194,94,52,5,8,155,3,0,6,162,27,18,210,142,40,13,9,197,6,9,13,206,38,16,260,152,54,17,5,227,4,3,3,227,53,17,297,153,45,14,5,208,4,5,6,219,41,18,276,116,39,9,6,163,0,0,3,167,42,12,217,92,21,4,4,120,3,0,6,130,23,12,164,95,28,6,4,131,3,0,9,133,34,11,177,79,30,9,0,119,0,0,0,119,46,14,176,50,25,4,3,87,0,0,0,85,56,3,152,22,8,0,0,31,0,0,0,31,73,3,109,0,0,3,0,3,0,0,0,0,63,3,71,0,0,0,0,0,0,0,0,0,81,0,85,1016,399,81,32,1532,27,31,65,1592,635,156,2379,26,48,0,0,77,4,13,16,97,71,5,172,80,58,4,0,142,11,4,12,155,30,11,198
801011005,809,9,18,27,842,435,44,1321,13,41,0,3,55,6,8,12,65,59,0,128,76,58,3,0,138,7,4,10,150,33,5,183,103,44,4,0,145,7,0,7,153,24,4,183,131,43,15,0,190,4,0,0,190,18,16,230,134,69,15,0,216,0,3,5,225,23,9,254,157,43,11,0,212,6,3,5,220,25,0,243,101,39,5,3,147,5,0,13,160,11,4,174,113,42,9,5,163,4,0,3,166,23,5,198,91,29,3,0,126,0,0,5,131,43,7,172,51,28,5,0,90,0,7,7,94,59,0,160,14,20,0,0,39,0,0,0,43,103,9,150,3,10,0,0,14,0,0,0,14,114,3,131,0,7,0,0,8,0,0,0,8,166,17,194,993,464,72,14,1546,35,30,65,1611,704,85,2401,4,38,0,0,51,0,10,12,64,61,3,125,33,58,0,0,91,6,6,11,101,35,3,135
801011006,1960,31,41,75,2028,714,81,2829,65,140,12,3,218,6,26,35,251,208,11,481,204,94,9,0,313,14,7,20,336,50,16,403,408,79,36,4,524,10,8,18,544,59,16,615,468,113,33,3,613,10,0,10,624,81,13,719,448,133,31,9,622,10,8,8,631,72,20,726,393,99,33,11,531,8,0,9,541,58,16,609,310,67,10,8,401,3,8,12,410,35,9,455,239,56,20,0,317,8,0,8,322,39,9,373,159,35,14,0,210,0,3,7,215,67,4,284,83,29,8,0,123,0,0,0,122,115,10,248,12,15,0,0,29,0,0,0,34,78,3,114,3,4,0,0,4,0,0,0,4,91,3,111,0,0,0,0,0,0,0,0,0,102,5,108,2798,861,195,45,3906,70,56,129,4038,1058,137,5232,49,160,12,0,223,7,33,43,272,186,26,481,179,128,11,10,329,10,8,24,348,52,14,413
801011007,1431,16,24,39,1472,646,49,2166,46,110,10,7,175,8,21,26,198,155,6,363,161,98,15,9,283,5,3,11,296,47,7,350,256,64,17,0,340,13,5,13,360,38,6,402,245,62,33,5,346,3,0,10,355,42,3,404,277,99,17,5,394,6,3,10,399,49,4,456,277,72,13,14,373,13,0,11,384,41,13,438,238,53,13,5,315,3,5,9,318,25,3,353,230,66,19,0,318,8,0,8,322,40,5,369,180,59,21,0,265,0,0,4,268,84,7,357,123,54,14,3,194,5,0,3,195,193,12,392,26,31,0,0,52,0,0,0,52,112,6,176,5,9,0,0,12,0,0,0,12,81,0,99,0,0,0,0,4,0,0,0,4,121,12,140,2068,775,181,49,3074,65,33,97,3176,1020,90,4285,29,117,0,5,153,10,20,27,183,132,15,338,145,103,3,0,250,12,10,20,270,46,26,346
801011008,1208,23,23,46,1249,730,56,2038,35,151,5,3,201,4,19,24,218,175,12,408,165,137,17,6,319,13,14,24,347,64,12,421,219,52,12,6,289,10,3,18,305,54,14,377,199,61,15,0,278,3,3,10,286,50,19,353,180,79,11,4,271,6,5,12,280,57,14,351,179,60,13,5,265,5,5,6,270,40,10,325,245,70,9,4,322,8,0,5,334,50,11,388,237,79,26,5,344,8,7,10,357,46,12,414,168,49,8,0,229,9,5,15,245,90,9,344,86,45,7,0,141,0,3,0,139,121,8,269,16,13,3,0,32,0,0,0,39,131,4,172,8,7,0,0,11,0,0,0,11,93,6,106,0,3,0,0,4,0,0,0,4,177,12,192,1724,809,129,36,2705,65,59,125,2833,1142,143,4112,22,103,6,7,132,10,16,22,155,133,5,299,119,116,10,6,249,13,11,27,277,76,20,376
801011009,900,11,25,33,936,460,33,1434,29,80,7,0,123,3,14,21,143,87,20,245,97,70,4,3,176,5,0,3,180,24,14,222,125,35,6,4,166,4,0,4,171,16,14,204,135,44,10,0,193,5,0,5,192,25,16,236,160,51,11,6,224,0,0,3,230,34,18,281,163,46,8,0,216,5,3,8,221,17,21,264,129,50,4,3,181,5,0,4,185,23,26,233,161,44,6,3,215,3,0,3,221,25,22,267,122,42,8,4,177,0,0,8,182,50,17,249,90,43,10,0,143,3,0,4,147,109,13,272,23,18,3,0,41,0,0,0,45,135,20,198,3,6,0,0,7,0,0,0,7,75,8,90,0,0,0,0,3,0,0,0,3,92,11,98,1240,526,94,18,1877,26,26,54,1932,705,224,2857,19,71,0,4,99,0,11,15,114,91,4,214,80,58,0,0,143,5,4,10,150,20,5,177
801011010,495,6,11,15,510,302,14,825,20,54,7,3,83,0,5,5,85,54,7,141,70,50,3,0,124,0,0,5,131,27,0,156,59,15,10,0,88,3,0,3,89,16,0,109,82,23,20,0,120,4,0,4,129,16,3,151,85,40,4,0,127,0,0,0,129,14,6,145,81,38,0,0,121,0,0,0,122,20,4,143,80,25,8,5,116,0,0,4,119,10,0,129,81,23,13,0,116,0,5,5,117,20,4,137,79,41,10,0,129,0,0,0,135,53,4,193,60,41,5,0,99,0,0,0,99,86,0,187,15,17,0,0,31,0,0,0,31,66,0,90,0,5,0,0,6,0,0,0,6,39,0,43,0,0,0,0,0,0,0,0,0,51,0,53,711,359,79,19,1167,17,19,28,1199,466,25,1690,9,46,3,0,60,0,11,6,69,50,7,129,43,31,4,0,80,3,4,6,85,8,3,96
801011011,829,10,16,28,856,457,35,1350,22,59,4,0,89,4,11,14,105,73,0,186,138,76,12,6,223,9,10,16,243,48,10,298,138,49,11,0,199,5,0,7,207,27,7,236,161,61,21,5,251,6,3,9,255,28,13,297,129,43,12,4,181,3,0,3,190,35,9,229,137,42,13,0,194,5,0,4,201,13,0,215,137,39,8,0,185,0,0,3,187,14,3,209,150,31,8,7,192,0,5,5,200,23,7,229,129,54,9,10,199,5,3,4,205,62,13,277,86,42,12,5,137,0,0,0,139,95,4,238,16,20,3,0,34,0,0,3,32,83,8,124,3,3,0,0,4,0,0,0,4,61,3,76,3,0,0,0,3,0,0,0,3,86,6,93,1245,519,103,26,1898,40,37,74,1969,653,93,2711,12,41,0,0,48,0,18,25,75,73,7,152,82,63,3,5,156,5,6,16,172,35,10,216
801011012,0,0,0,0,0,0,0,0,0,0,0,0,0,0,0,0,0,0,0,0,0,0,0,0,0,0,0,0,0,0,0,0,0,0,0,0,0,0,0,0,0,0,0,0,0,0,0,0,0,0,0,0,0,0,0,0,0,0,0,0,0,0,0,0,0,0,0,0,0,0,0,0,0,0,0,0,0,0,0,0,0,0,0,0,0,0,0,0,0,0,0,0,0,0,0,0,0,0,0,0,0,0,0,0,0,0,0,0,0,0,0,0,0,0,0,0,0,0,0,0,0,0,0,0,0,0,0,0,0,0,0,0,0,0,0,0,0,0,0,0,0,0,0,0,0,0,0,0,0,0,0,0,0,0,0,0,0,0,0,0,0,0,0,0,0,0,0,0,0,0,0,0,0,0,4,4,0,0,0,0,0,0,0,0,0,0,0,0,0,0,0,0,0,0,0,0,0,0,0,0
801011013,734,6,21,23,757,483,42,1279,12,60,6,0,84,4,8,13,93,76,14,180,80,53,0,4,135,6,3,9,144,30,21,200,111,27,6,8,151,5,0,5,156,25,16,198,87,31,9,3,127,3,0,3,133,25,10,167,110,38,11,4,164,7,0,8,175,24,7,204,118,39,7,0,168,0,0,4,174,17,0,192,110,32,5,0,156,3,0,3,155,21,4,184,115,35,4,0,158,4,0,4,160,18,6,192,84,26,7,0,121,0,0,3,121,33,3,157,66,38,11,0,112,0,4,0,120,123,3,241,24,21,3,0,50,0,3,3,53,128,5,191,3,16,0,0,21,0,0,0,21,105,5,126,6,0,0,0,6,0,0,0,6,167,6,176,944,410,70,27,1452,30,31,58,1507,789,97,2401,8,64,9,0,80,5,11,10,94,88,0,176,53,70,4,0,127,7,0,5,136,38,13,186
801011014,817,6,19,30,843,460,27,1339,20,62,8,7,94,3,9,10,112,70,0,186,71,31,8,4,117,7,6,15,128,23,0,151,157,41,8,0,210,0,8,9,214,28,0,242,130,49,16,3,208,0,6,5,211,29,0,241,170,57,15,0,247,9,0,6,255,33,0,292,130,46,9,0,186,3,3,9,198,26,10,232,122,37,8,3,171,3,0,3,178,21,5,209,110,21,8,3,146,3,0,7,148,17,4,172,54,16,7,0,82,0,0,0,84,47,0,134,39,33,0,0,77,0,5,5,77,96,4,177,13,19,0,0,35,0,0,0,35,134,11,181,0,3,0,0,13,0,0,0,13,95,4,105,0,4,0,0,4,0,0,0,4,101,8,119,1034,427,98,32,1591,32,31,69,1658,727,60,2440,8,53,0,0,66,3,15,18,81,78,15,170,69,56,5,9,138,6,11,13,151,31,5,197
801011015,1440,29,33,62,1501,814,77,2387,37,98,8,3,146,0,18,20,167,80,15,262,166,74,9,0,242,3,0,3,248,41,21,315,241,38,17,3,300,6,0,12,311,52,12,371,269,82,20,3,380,5,5,9,393,56,16,462,251,68,23,0,341,9,0,12,353,48,19,424,181,59,19,3,262,6,0,5,267,44,6,316,159,41,8,3,211,6,0,6,219,32,6,255,145,43,13,3,198,0,0,0,201,27,6,230,107,37,9,3,158,4,0,5,160,59,12,231,83,60,12,3,165,0,8,4,171,163,9,339,17,34,0,0,51,0,0,0,54,181,14,243,0,11,0,0,8,0,0,0,8,125,4,138,0,0,0,0,0,0,0,0,0,240,75,314,1660,639,143,28,2475,45,36,81,2554,1138,224,3913,13,65,6,0,82,6,19,23,106,104,5,223,94,68,10,3,172,11,17,20,199,26,24,244
801011016,1786,22,50,66,1852,1136,100,3088,54,149,12,6,226,10,21,29,255,208,8,472,278,176,20,16,495,15,11,25,514,129,19,661,300,92,26,6,426,7,11,20,442,54,12,509,289,103,25,5,420,7,3,13,431,64,7,505,246,110,32,10,398,10,8,12,407,51,10,463,299,121,19,12,449,4,13,14,464,47,9,525,295,105,22,8,433,5,0,4,433,43,9,490,351,91,21,5,463,7,0,8,471,56,19,548,308,107,26,4,447,0,0,0,452,170,13,632,145,84,20,6,252,4,0,6,257,258,6,523,33,39,0,0,66,0,0,0,74,193,10,267,5,13,6,0,20,0,0,0,20,159,10,187,0,8,0,0,7,0,0,0,7,253,11,266,2595,1202,218,91,4106,72,63,130,4239,1679,139,6060,40,156,0,3,208,11,28,32,237,182,18,434,136,179,18,5,339,9,31,48,386,133,22,538
801011017,960,12,19,30,997,501,52,1551,33,75,8,0,109,6,12,19,136,77,8,214,126,70,4,4,203,9,0,9,212,42,4,257,156,37,12,0,206,4,6,10,215,36,7,257,171,47,16,0,238,0,0,6,241,33,3,271,166,75,13,7,261,5,3,7,269,28,9,310,145,51,4,3,203,5,0,4,212,18,6,238,148,28,7,6,190,4,0,4,195,16,7,224,142,40,8,0,199,4,0,0,202,24,13,236,111,38,13,0,166,0,3,3,168,54,0,225,63,49,15,0,123,0,0,0,122,126,10,258,12,18,0,0,37,0,0,0,37,130,7,175,3,5,0,0,6,0,0,0,6,90,7,106,0,5,0,0,5,0,0,0,5,125,15,134,1286,539,106,29,1956,39,36,70,2026,796,94,2909,24,60,3,0,94,10,13,18,114,87,13,215,67,56,0,6,126,9,8,20,145,25,7,179
801011018,899,14,16,31,932,157,82,1177,0,0,0,0,0,0,0,0,0,0,0,0,0,0,0,0,0,0,0,0,0,0,0,0,0,0,0,0,0,0,0,0,0,0,0,0,0,0,0,0,0,0,0,0,0,0,0,0,0,0,0,0,0,0,0,0,0,0,0,0,0,0,0,0,0,0,0,0,0,0,0,0,0,0,0,0,0,0,0,0,0,0,0,0,0,0,0,0,0,0,0,0,0,0,0,0,0,0,0,0,0,0,0,0,0,0,0,0,0,0,0,0,0,0,0,0,0,0,0,0,0,0,0,0,0,0,0,0,0,0,0,0,0,0,0,0,0,0,0,0,0,0,0,0,0,0,0,0,0,0,0,0,0,0,0,0,0,0,0,0,0,0,0,0,0,0,0,0,0,5,0,0,5,0,0,0,8,3,4,13,0,0,0,0,0,0,0,0,5,7,0,11
801011019,1876,31,47,73,1951,740,61,2755,48,98,4,3,158,14,21,35,195,123,7,318,259,90,9,8,369,10,14,23,391,33,12,437,474,95,25,6,603,14,0,16,613,63,19,694,415,112,34,4,565,16,0,17,579,61,21,664,315,81,18,3,416,5,4,5,420,40,16,478,216,59,7,0,283,7,3,9,285,38,12,338,166,43,6,0,213,4,0,0,224,30,6,257,174,38,12,0,227,0,0,4,228,25,7,261,111,53,11,3,187,0,0,0,185,79,3,266,79,57,8,0,144,4,0,3,148,119,6,275,10,18,0,0,40,0,0,0,40,136,5,179,4,8,0,0,11,0,0,0,11,77,8,93,0,0,0,0,0,0,0,0,0,74,6,84,2285,745,145,38,3209,73,45,122,3326,893,124,4342,33,105,3,4,150,11,22,30,185,126,5,315,187,133,13,8,341,16,9,25,369,52,10,430
801011020,776,17,19,39,811,437,57,1311,17,58,3,0,76,6,8,12,84,52,7,145,82,69,6,5,163,10,10,14,177,50,9,237,131,35,4,0,173,3,0,9,185,35,6,226,104,40,13,0,150,4,3,0,152,28,13,193,98,44,11,0,155,0,0,3,158,27,3,188,128,34,4,0,169,0,4,4,173,22,6,204,105,25,4,3,140,0,3,0,140,19,9,169,84,22,11,0,114,0,5,4,123,35,3,157,55,13,6,0,74,5,3,10,81,35,10,122,33,19,4,0,57,0,0,0,61,50,3,105,23,14,3,0,40,0,0,0,40,98,3,142,4,10,0,0,18,0,0,0,18,71,9,95,0,0,0,4,6,0,0,0,6,120,12,138,850,387,68,15,1330,21,33,59,1387,645,91,2129,8,49,6,0,68,5,8,11,71,75,6,156,70,55,4,4,126,3,10,11,139,48,4,193
801011021,662,14,13,24,682,455,36,1174,21,62,8,3,88,0,9,12,101,113,4,220,94,67,9,4,177,7,9,17,191,40,5,234,87,29,4,4,120,3,0,3,126,18,3,145,88,30,11,3,132,7,0,7,136,21,12,167,101,35,5,0,135,0,0,3,144,18,0,164,126,43,4,0,172,0,0,5,179,19,0,202,124,36,6,4,171,0,0,4,175,18,5,194,129,40,13,7,185,0,0,0,191,31,4,228,114,47,6,4,166,3,0,3,174,66,7,246,73,40,10,4,120,0,4,4,125,74,7,204,14,14,3,0,30,0,0,0,28,68,8,105,8,3,0,0,7,0,0,0,7,51,3,64,0,4,0,0,4,0,0,0,4,94,10,99,977,435,80,28,1512,21,33,58,1568,636,68,2273,9,77,3,0,88,3,11,16,109,64,12,180,72,70,0,0,146,5,6,18,157,33,15,204
801011022,814,11,11,22,837,461,33,1338,22,60,3,3,95,0,12,11,102,83,12,197,89,51,9,3,151,3,3,11,165,20,9,191,129,28,17,3,173,0,0,4,182,19,4,204,127,40,16,3,188,4,0,8,190,16,14,221,148,60,12,0,219,0,4,3,220,26,15,262,126,43,3,0,175,5,0,5,179,26,4,208,129,31,5,3,173,0,0,0,175,14,10,196,124,30,11,0,166,0,0,0,166,35,5,212,100,37,4,0,146,0,0,0,146,48,6,200,61,41,9,0,112,0,0,0,112,106,9,225,17,29,4,0,48,0,0,0,51,132,3,186,5,7,0,0,13,0,0,0,13,114,9,131,0,0,0,0,0,0,0,0,3,126,6,135,1084,459,94,22,1660,20,28,48,1705,764,96,2564,12,61,6,3,79,3,8,15,94,88,8,187,61,50,0,0,115,0,5,8,116,22,7,152
801011023,693,6,25,30,723,545,109,1386,15,36,4,0,52,3,7,17,72,49,8,124,81,60,14,0,157,8,9,11,169,33,4,208,131,49,16,0,192,4,6,11,200,24,9,229,148,43,17,5,208,8,0,8,218,26,3,247,127,43,11,0,186,0,0,3,190,25,8,223,104,31,5,5,145,4,0,4,146,27,9,177,79,20,10,0,102,6,0,7,115,17,4,137,80,26,5,3,110,0,0,0,110,19,3,129,49,19,3,0,73,0,0,4,78,30,3,113,35,26,0,0,59,0,0,0,61,49,6,121,13,14,0,0,25,0,0,0,24,102,10,135,0,9,0,0,5,0,0,0,5,88,11,100,0,4,0,0,4,0,0,0,4,407,71,480,861,369,76,16,1324,30,35,64,1385,896,147,2428,9,31,3,0,50,0,9,9,53,41,7,103,81,54,0,0,141,6,8,14,152,56,14,227
801011024,755,12,12,25,782,400,48,1232,21,63,5,0,85,8,8,7,96,70,13,182,102,60,9,0,173,7,0,8,182,34,10,223,129,40,10,11,194,4,5,3,199,21,12,226,153,41,19,3,214,8,3,11,225,30,7,257,119,42,13,6,181,3,0,3,178,28,8,218,106,45,7,0,161,0,6,5,168,29,13,208,114,26,10,3,151,0,0,4,152,29,9,191,73,31,4,0,109,0,0,0,112,27,5,142,56,21,8,0,87,0,0,0,87,40,0,128,34,23,5,0,67,0,0,0,65,92,7,162,5,22,0,0,34,0,3,3,35,99,4,135,3,5,0,0,6,0,0,0,6,80,9,91,0,0,0,0,0,0,0,0,0,129,10,137,929,417,79,29,1453,28,26,50,1508,700,95,2303,12,43,0,0,57,3,10,18,74,58,3,132,72,80,3,3,155,10,11,23,181,41,16,237
801011025,658,10,9,23,681,354,38,1070,19,61,0,4,88,6,4,11,96,63,4,163,73,49,8,3,131,0,3,9,140,20,8,172,98,20,8,4,136,3,0,4,138,20,4,164,115,33,14,5,167,3,0,3,167,18,7,188,105,43,3,0,155,3,3,7,162,20,11,192,97,35,7,7,139,0,0,3,142,14,3,165,105,27,10,0,146,0,0,3,145,13,8,167,82,26,8,7,112,0,0,0,118,19,4,137,106,33,12,0,144,0,0,0,147,46,8,199,65,35,14,0,106,0,0,0,112,78,7,196,19,17,0,0,38,0,0,0,38,68,5,114,4,6,0,0,10,0,0,0,16,61,0,72,0,0,0,0,0,0,0,0,0,71,8,74,881,383,80,28,1376,26,31,52,1429,518,73,2015,12,56,0,3,75,3,18,20,95,60,8,165,60,46,6,0,109,9,8,14,129,13,7,146
801011026,698,5,10,16,719,406,23,1145,18,67,0,0,82,0,12,13,97,63,0,166,61,58,7,0,126,0,4,4,133,26,3,158,78,20,0,4,104,11,0,11,111,7,11,124,46,21,7,0,78,0,0,0,80,17,8,104,105,41,9,0,163,0,3,3,163,18,4,185,123,37,4,0,169,0,0,0,173,29,3,205,115,27,0,0,146,0,0,5,151,12,6,164,115,31,0,0,152,4,0,4,156,13,0,177,77,27,14,0,117,0,0,0,117,35,7,156,51,30,7,0,94,0,3,6,99,61,3,162,14,26,9,0,50,0,0,0,46,111,4,162,4,16,6,0,20,0,0,0,18,87,4,116,0,5,0,0,4,0,0,0,8,165,9,180,828,397,65,12,1300,20,26,49,1350,649,51,2053,4,65,3,0,75,0,13,14,88,76,3,166,49,56,0,0,104,4,3,9,117,30,8,152
801011111,5,0,0,0,5,0,0,6,0,0,0,0,0,0,0,0,0,0,0,0,0,0,0,0,0,0,0,0,0,0,0,0,0,0,0,0,0,0,0,0,0,0,0,0,0,0,0,0,0,0,0,0,0,0,0,0,0,0,0,0,0,0,0,0,0,0,0,0,0,0,0,0,0,0,0,0,0,0,0,3,0,0,0,0,0,0,0,0,0,0,0,0,0,0,0,0,0,0,0,0,0,0,0,0,0,0,0,0,0,0,0,0,0,0,0,0,0,0,0,0,0,0,0,0,0,0,0,0,0,0,0,0,0,0,0,0,0,4,0,3,0,0,0,0,0,0,0,0,0,0,0,0,0,0,0,0,0,0,0,0,0,0,0,0,3,0,0,0,4,0,0,0,3,4,0,10,0,0,0,0,0,0,0,0,0,0,0,0,0,0,0,0,0,0,0,0,0,0,0,0
801011142,0,0,0,0,0,0,0,0,0,0,0,0,0,0,0,0,0,0,0,0,0,0,0,0,0,0,0,0,0,0,0,0,0,0,0,0,0,0,0,0,0,0,0,0,0,0,0,0,0,0,0,0,0,0,0,0,0,0,0,0,0,0,0,0,0,0,0,0,0,0,0,0,0,0,0,0,0,0,0,0,0,0,0,0,0,0,0,0,0,0,0,0,0,0,0,0,0,0,0,0,0,0,0,0,0,0,0,0,0,0,0,0,0,0,0,0,0,0,0,0,0,0,0,0,0,0,0,0,0,0,0,0,0,0,0,0,0,0,0,0,0,0,0,0,0,0,0,0,0,0,0,0,0,0,0,0,0,0,0,0,0,0,0,0,0,0,0,0,0,0,0,0,0,0,0,0,0,0,0,0,0,0,0,0,0,0,0,0,0,0,0,0,0,0,0,0,0,0,0,0
801011143,221,6,3,10,226,51,11,290,0,0,0,0,0,0,0,0,0,0,0,3,0,0,0,0,0,0,0,0,0,0,0,0,0,0,0,0,0,0,0,0,0,0,0,0,0,0,0,0,0,0,0,0,0,0,0,0,0,0,0,0,0,0,0,0,0,0,0,0,0,0,0,0,3,0,0,0,3,0,0,3,0,0,0,0,0,0,0,0,0,0,0,0,0,0,0,0,0,0,0,0,0,0,0,5,0,0,0,0,0,0,0,0,0,0,0,0,0,0,0,0,0,0,0,0,0,0,0,0,0,0,0,0,0,0,0,0,0,0,0,0,0,0,0,0,0,0,0,0,0,0,0,0,0,0,0,0,0,0,0,0,0,0,0,0,3,3,0,0,9,0,0,0,9,0,0,14,0,0,0,0,0,0,0,0,0,0,0,0,0,0,0,0,0,0,0,0,0,0,0,0
801011144,11,0,0,0,11,0,4,10,0,0,0,0,0,0,0,0,0,0,0,0,0,0,0,0,0,0,0,0,0,0,0,0,0,0,0,0,0,0,0,0,0,0,0,0,0,0,0,0,0,0,0,0,0,0,0,0,0,0,0,0,0,0,0,0,0,0,0,0,0,0,0,0,0,0,0,0,0,0,0,0,0,0,0,0,0,0,0,0,0,0,0,0,0,0,0,0,0,0,0,0,0,0,0,0,0,0,0,0,0,0,0,0,0,0,0,0,0,0,0,0,0,0,0,0,0,0,0,0,0,0,0,0,0,0,0,0,0,0,0,0,0,0,0,0,0,0,0,0,0,0,0,0,0,0,0,0,0,0,0,0,0,0,0,0,0,0,0,0,0,0,0,0,0,0,0,0,0,0,0,0,0,0,0,0,0,0,0,0,0,0,0,0,0,0,0,0,0,0,0,0
801031031,3,0,0,0,3,25,0,22,0,0,0,0,0,0,0,0,0,12,0,12,0,0,0,0,0,0,0,0,0,68,0,68,0,0,0,0,0,0,0,0,0,63,0,63,0,0,0,0,0,0,0,0,0,52,0,52,0,0,0,0,0,0,0,0,0,42,0,42,0,0,0,0,0,0,0,0,0,21,0,21,0,0,0,0,0,0,0,0,0,12,0,14,0,0,0,0,0,0,0,0,0,12,0,17,0,0,0,0,0,0,0,0,0,8,0,8,0,0,0,0,0,0,0,0,0,3,0,3,0,0,0,0,0,0,0,0,0,5,0,5,0,0,0,0,0,0,0,0,0,0,0,0,0,0,0,0,0,0,0,0,0,0,0,0,0,0,0,0,0,0,0,0,0,308,0,308,0,0,0,0,0,0,0,0,0,6,0,6,0,0,0,0,0,0,0,0,0,67,0,67
801031032,7,0,0,0,7,0,0,11,0,0,0,0,6,0,0,0,6,0,0,6,3,0,0,0,3,0,0,0,3,0,0,3,0,0,0,0,0,0,0,0,0,0,0,0,0,0,0,0,4,0,0,0,4,0,0,4,0,0,0,0,4,0,0,0,4,0,0,4,0,0,0,0,0,0,0,0,0,0,0,0,3,0,0,0,8,0,0,0,8,0,0,8,0,0,0,0,3,0,0,0,3,0,0,3,0,0,0,0,0,0,0,0,0,0,0,0,0,0,0,0,0,0,0,0,0,0,0,0,0,0,0,0,0,0,0,0,0,0,0,0,0,0,0,0,0,0,0,0,0,0,0,0,0,0,0,0,0,0,0,0,0,0,0,0,17,4,0,0,25,0,0,0,25,0,0,28,0,0,0,0,0,0,0,0,0,0,0,0,0,0,0,0,0,0,0,0,0,0,0,6
801031113,145,5,11,14,160,118,100,378,8,9,0,0,17,4,0,3,22,11,3,39,29,3,0,0,39,0,0,3,37,8,13,65,21,6,3,0,28,0,0,4,31,4,3,41,16,8,3,0,30,4,0,5,29,3,11,45,24,7,5,0,39,6,0,3,42,9,6,61,19,19,3,0,42,0,0,0,43,15,5,60,42,19,0,0,61,3,0,3,63,13,13,87,24,12,3,0,37,5,0,5,43,17,4,66,44,17,4,0,63,0,0,0,68,20,12,102,23,10,0,0,36,0,0,0,38,25,8,67,13,8,0,0,20,0,0,0,20,37,7,68,0,3,0,0,7,0,0,0,7,20,8,38,0,3,0,0,3,0,0,0,3,38,15,47,272,123,18,7,420,28,7,36,451,222,104,778,0,5,0,0,10,0,0,0,6,17,3,27,20,8,0,0,27,6,0,8,38,10,11,54
801031114,32,0,0,4,32,7,8,52,5,0,0,0,5,0,0,0,5,0,0,5,0,0,0,0,0,0,0,0,0,0,0,0,8,0,0,0,8,0,0,0,10,0,0,14,8,0,0,0,8,0,0,0,8,0,0,11,9,0,0,0,9,0,0,0,9,0,0,9,5,3,0,0,7,0,0,0,7,0,0,7,4,0,0,0,6,0,0,0,6,0,0,6,3,0,0,0,3,0,0,0,3,0,0,3,0,0,0,0,0,0,0,0,0,0,0,0,5,0,0,0,5,0,0,0,5,0,0,5,0,0,0,0,0,0,0,0,0,0,0,0,0,0,0,0,0,0,0,0,0,0,0,0,0,0,0,0,0,0,0,0,0,0,0,0,40,4,0,0,48,0,0,0,53,4,0,58,0,0,0,0,0,0,0,0,0,0,0,5,0,0,0,0,7,0,0,0,7,0,0,6
801031115,62,0,6,6,62,22,16,102,0,6,0,0,5,0,0,0,3,3,0,11,7,5,0,0,8,0,0,0,8,0,0,8,6,0,0,0,6,0,0,0,6,3,0,4,0,0,0,0,7,0,0,0,7,4,0,9,6,0,0,0,7,0,0,0,7,0,0,17,11,4,0,0,12,0,0,0,12,0,0,12,12,5,0,0,19,0,0,0,17,0,0,17,7,0,0,0,8,0,0,0,8,5,0,12,0,0,0,0,9,0,0,0,9,8,0,8,12,0,0,0,13,0,0,0,13,0,0,14,4,0,0,0,8,0,0,0,8,6,0,7,0,0,0,0,4,0,0,0,4,5,0,10,0,0,0,0,0,0,0,0,0,6,0,10,69,20,4,3,94,0,0,0,98,43,3,142,0,5,0,0,7,0,0,0,7,9,0,19,3,3,0,0,8,0,0,0,8,0,0,6
801041034,1682,23,43,66,1745,610,66,2422,52,110,7,3,172,8,26,35,207,150,4,358,132,58,16,4,208,9,15,14,228,34,6,263,198,57,11,6,268,0,3,3,274,30,3,308,293,69,24,5,398,5,4,5,404,47,5,454,379,144,25,13,561,3,7,8,568,58,10,639,393,119,28,4,541,6,0,11,551,41,0,588,324,68,10,4,401,3,0,3,407,28,6,445,176,17,13,7,207,0,0,4,216,31,6,248,112,28,16,0,160,0,0,0,160,36,3,198,61,25,4,0,89,0,0,0,89,62,7,150,11,10,4,0,30,0,0,0,26,81,3,109,0,9,0,0,7,0,0,0,11,73,5,87,0,0,0,0,0,0,0,0,0,68,5,77,2123,715,152,50,3043,34,55,91,3129,724,69,3925,27,180,9,4,216,8,32,40,263,168,18,444,123,97,3,4,230,13,9,18,242,38,14,299
801041035,1900,33,42,77,1979,564,93,2635,15,15,0,0,33,0,0,0,32,18,0,50,73,16,6,0,96,0,4,4,98,7,6,110,165,27,10,0,204,0,4,3,207,18,8,226,169,21,11,3,214,7,0,10,219,22,6,250,112,30,5,0,152,7,0,4,157,13,10,176,67,13,7,4,82,0,0,0,88,6,0,90,39,7,4,0,51,0,0,0,51,8,0,57,29,4,0,0,31,0,0,0,31,5,0,34,12,3,0,0,15,0,0,0,18,9,0,22,11,5,0,0,14,0,0,0,14,8,0,22,0,0,0,0,3,0,0,0,3,4,0,9,0,0,0,0,0,0,0,0,0,0,0,0,0,0,0,0,0,0,0,0,0,3,0,3,695,153,42,9,898,12,10,27,918,118,31,1065,22,117,12,0,143,8,40,43,188,151,15,362,146,95,3,3,252,11,5,18,263,52,19,335
801041036,1872,31,40,64,1938,459,60,2463,11,27,0,0,42,0,8,5,46,29,0,69,110,16,11,0,135,6,3,4,145,15,4,162,194,25,14,0,238,0,0,3,241,9,5,256,144,36,7,0,187,3,0,6,195,16,9,213,93,17,4,0,115,4,0,6,121,7,5,129,66,8,0,0,77,0,0,0,80,6,8,101,45,9,4,0,57,4,0,0,62,0,5,66,36,7,0,0,42,0,0,0,37,8,0,50,29,10,0,0,39,0,0,0,38,9,0,47,13,5,0,0,15,0,0,0,15,18,0,31,0,0,0,0,0,0,0,0,0,9,0,13,0,0,0,0,0,0,0,0,0,0,0,7,0,0,0,0,0,0,0,0,0,7,0,7,743,154,40,14,947,16,17,31,978,136,38,1157,28,97,0,0,130,0,23,25,155,95,9,259,169,82,3,8,256,12,10,21,281,31,20,332
801041037,1325,21,23,41,1364,451,48,1862,0,6,0,0,10,0,0,0,10,3,0,13,43,19,3,0,61,0,3,5,62,13,0,78,97,11,8,0,112,5,0,5,116,11,3,131,78,7,6,0,94,0,0,0,96,10,0,101,35,15,6,0,56,0,0,0,56,7,3,59,14,0,0,0,16,3,0,3,22,4,0,28,15,4,0,0,16,0,0,0,16,0,0,14,15,0,0,0,15,0,0,0,15,0,0,15,0,0,0,0,0,0,0,0,0,3,0,4,4,0,0,0,3,0,0,0,8,0,0,8,0,0,0,0,0,0,0,0,0,0,0,0,0,0,0,0,0,0,0,0,0,3,0,0,0,0,0,0,0,0,0,0,0,0,0,0,306,65,18,0,392,13,3,17,404,58,6,468,15,55,0,5,78,0,15,15,87,80,3,167,149,70,3,0,221,4,9,13,237,72,16,324
801041038,1263,11,18,34,1293,321,52,1669,11,34,0,0,40,3,6,11,55,45,3,104,68,22,9,0,94,5,4,4,106,15,4,121,173,17,12,5,207,8,0,8,212,17,0,226,210,55,14,4,278,0,0,0,278,34,4,317,194,56,16,5,268,0,0,0,272,21,7,301,160,24,6,0,189,0,0,0,190,19,6,217,88,11,0,0,104,0,0,0,103,6,3,115,57,12,6,0,73,0,0,0,74,3,0,82,35,8,3,0,48,0,0,0,48,17,8,73,9,8,0,0,20,0,0,0,20,22,4,40,5,0,0,0,9,0,0,0,9,18,0,30,0,0,0,0,0,0,0,0,0,9,0,10,0,0,0,0,0,0,0,0,0,12,0,12,1013,245,55,14,1333,18,19,30,1365,234,38,1643,20,90,0,0,114,6,16,21,136,118,10,265,52,66,6,0,121,4,0,13,130,29,9,162
801041039,2181,49,46,98,2272,579,115,2964,18,57,5,0,82,5,5,9,90,93,13,204,187,76,14,3,275,7,17,19,294,82,10,383,400,60,26,3,490,13,4,16,510,68,33,608,364,72,26,0,460,6,0,7,470,51,14,537,245,54,13,3,319,4,3,7,328,44,17,387,180,43,9,4,235,3,0,3,240,25,17,278,136,26,9,0,166,5,0,3,173,21,6,199,88,18,4,0,104,0,0,0,109,9,8,127,39,12,0,0,56,0,0,0,56,18,0,77,21,14,0,5,36,0,0,0,36,33,0,73,3,4,0,0,8,0,0,0,7,19,0,24,0,0,0,0,0,0,0,0,0,12,0,14,0,0,0,0,0,0,0,0,0,10,0,10,1670,437,98,26,2236,42,38,78,2312,485,117,2917,24,92,4,6,118,0,29,33,154,139,5,300,206,144,13,10,364,11,16,24,390,222,24,633
801041040,2455,48,79,123,2578,877,133,3589,49,106,9,13,175,7,11,20,191,143,10,346,274,149,18,14,456,15,12,27,481,120,37,645,460,83,23,11,570,10,10,21,584,66,55,709,362,82,28,7,485,10,4,13,494,89,35,620,343,93,21,3,460,6,9,12,472,67,32,575,321,84,9,5,413,7,0,10,423,29,18,464,225,39,5,11,281,7,3,9,291,22,13,327,163,30,7,0,197,6,0,6,202,29,10,239,87,30,7,0,123,0,0,0,122,38,8,168,40,22,5,3,70,0,0,4,68,54,6,128,11,9,0,0,23,0,0,0,26,52,7,85,0,5,0,0,8,0,0,0,8,34,3,41,3,0,0,0,3,0,0,0,3,41,4,44,2329,724,140,63,3252,64,53,117,3369,784,234,4383,41,121,12,5,171,3,39,37,210,151,14,376,231,169,4,6,415,20,31,52,459,166,46,682
801041043,77,0,0,0,75,48,3,129,5,6,0,0,8,0,0,0,8,4,0,18,3,3,0,0,12,0,0,0,12,0,0,11,10,7,0,0,10,0,0,0,10,0,0,10,5,6,0,0,8,0,0,0,8,0,3,10,11,0,0,0,18,0,0,0,18,3,0,19,18,8,0,0,25,0,0,0,25,0,0,30,15,10,0,0,24,0,0,0,24,0,0,30,15,0,0,0,20,0,0,0,20,0,3,21,14,6,0,0,21,0,0,0,21,6,0,24,8,6,5,0,17,0,0,0,17,9,0,25,9,0,4,0,14,0,0,0,14,3,0,17,0,0,0,0,0,0,0,0,0,13,0,16,4,3,0,0,4,0,0,0,4,11,0,23,111,62,10,4,188,0,0,0,188,53,12,256,0,11,0,0,15,0,4,4,16,3,0,17,3,3,0,0,11,0,0,0,11,0,3,13
801041044,2337,38,52,90,2431,604,101,3140,29,86,3,6,119,3,14,21,141,103,13,255,114,47,11,10,179,3,8,12,187,37,17,237,240,45,19,0,302,8,8,13,314,38,14,365,294,75,41,4,417,0,8,8,430,69,23,514,367,83,29,3,487,4,0,3,488,66,17,568,280,64,11,4,358,5,0,4,359,38,18,418,196,27,13,0,232,0,0,0,238,18,13,267,139,21,0,5,163,5,0,5,165,21,6,200,83,17,0,0,103,0,0,0,105,28,5,140,36,12,0,0,44,0,0,3,52,32,0,81,8,3,0,0,14,0,0,3,16,30,5,54,5,0,0,0,4,0,0,0,4,25,5,34,0,0,0,0,0,0,0,0,0,10,0,10,1788,476,131,30,2429,32,37,74,2497,515,134,3148,25,120,4,5,154,7,33,41,194,176,9,381,264,159,9,7,437,19,18,40,477,189,22,691
801041045,3,0,0,0,3,0,0,6,0,0,0,0,0,0,0,0,0,0,0,0,0,0,0,0,0,0,0,0,0,0,0,0,0,0,0,0,0,0,0,0,0,0,0,0,0,0,0,0,0,0,0,0,0,0,0,0,0,0,0,0,0,0,0,0,0,0,0,0,0,0,0,0,0,0,0,0,0,0,0,0,0,0,0,0,0,0,0,0,0,0,0,0,0,0,0,0,3,0,0,0,3,0,0,3,0,0,0,0,4,0,0,0,4,0,0,4,3,0,0,0,3,0,0,0,3,0,0,3,0,0,0,0,0,0,0,0,0,0,0,0,0,0,0,0,0,0,0,0,0,0,0,0,0,0,0,0,0,0,0,0,0,0,0,0,7,0,0,0,6,0,0,0,6,0,0,6,0,0,0,0,0,0,0,0,0,0,0,0,0,0,0,0,0,0,0,0,0,0,0,0
801041046,2962,40,52,92,3050,1249,141,4437,66,152,10,15,247,8,33,39,290,213,13,514,314,130,21,14,476,19,9,29,501,104,16,622,583,110,50,5,748,18,8,26,771,67,25,862,566,152,61,12,789,14,8,24,814,95,23,931,492,168,46,10,712,3,10,10,725,94,17,835,496,147,32,8,687,8,5,15,699,61,27,786,396,98,17,6,517,7,3,7,526,60,20,604,297,56,19,6,381,8,0,11,385,51,14,448,192,57,11,5,262,0,4,7,268,67,16,350,117,39,7,5,167,3,5,6,168,120,3,296,19,26,3,0,50,0,0,5,54,151,8,213,4,6,0,3,18,0,0,0,18,133,5,158,3,0,0,0,4,0,0,0,4,179,18,200,3546,1155,272,83,5051,89,85,170,5222,1393,200,6813,54,216,9,13,284,13,52,66,351,259,27,631,339,192,22,9,560,10,19,30,595,98,38,731
801041047,1810,20,47,67,1871,872,41,2788,52,222,4,11,288,4,22,23,313,257,8,585,157,120,11,6,288,12,3,14,306,66,9,372,193,31,13,4,248,6,3,7,255,42,9,307,189,50,15,3,257,5,0,6,263,43,9,311,292,95,20,4,408,9,3,10,418,56,16,491,414,124,32,7,576,4,6,7,587,48,20,655,483,112,17,5,617,3,3,8,629,48,17,688,383,62,31,10,482,4,0,4,489,58,8,556,247,79,22,5,347,0,0,5,349,92,14,454,125,72,9,5,208,0,0,4,212,140,10,355,35,31,7,0,67,0,0,0,67,154,6,229,12,19,0,0,34,0,0,0,34,137,8,173,0,4,0,0,4,0,0,0,4,159,7,170,2580,1008,181,53,3825,44,43,90,3917,1291,136,5343,44,285,11,5,337,6,44,49,386,242,24,645,161,144,8,0,318,14,7,25,342,57,25,427
801041048,1473,16,28,36,1509,691,68,2273,33,132,9,12,176,8,11,20,198,183,4,390,215,122,12,12,367,12,16,23,394,75,10,480,303,80,16,11,411,6,0,13,421,58,7,487,260,72,25,15,375,6,7,11,386,60,21,467,274,75,20,4,377,5,5,14,386,55,14,445,302,90,16,12,424,6,3,8,437,41,11,493,312,59,18,5,393,4,4,11,405,35,4,443,274,57,13,0,337,4,4,10,352,34,8,398,168,46,12,3,233,3,4,3,236,54,14,304,78,45,4,0,126,0,0,4,128,105,9,244,25,28,4,0,56,0,0,0,61,92,4,150,0,4,0,0,9,0,0,0,13,62,3,76,0,0,0,0,0,0,0,0,0,115,7,119,2249,819,145,76,3284,69,51,124,3410,978,117,4506,43,141,0,13,197,8,36,42,239,159,10,411,122,131,5,8,260,3,11,19,279,75,21,375
801041116,0,0,0,0,0,0,0,0,0,0,0,0,0,0,0,0,0,22,0,17,4,0,0,0,4,0,0,0,4,0,0,4,0,0,0,0,0,0,0,0,0,0,0,0,0,0,0,0,3,0,0,0,3,0,0,3,0,0,0,0,0,0,0,0,0,0,0,0,0,0,0,0,0,0,0,0,0,0,0,0,0,0,0,0,0,0,0,0,0,0,0,0,0,0,0,0,0,0,0,0,0,0,0,0,0,0,0,0,0,0,0,0,0,0,0,0,0,0,0,0,0,0,0,0,0,0,0,0,0,0,0,0,0,0,0,0,0,0,0,4,0,0,0,0,0,0,0,0,0,0,0,0,0,0,0,0,0,0,0,0,0,0,0,0,3,0,0,0,3,0,0,0,8,24,0,27,0,0,0,0,0,0,0,0,0,0,0,0,0,0,0,0,0,0,0,0,0,0,0,0
801041117,0,0,0,0,0,0,0,0,0,0,0,0,0,0,0,0,0,0,0,0,0,0,0,0,0,0,0,0,0,0,0,0,0,0,0,0,0,0,0,0,0,0,0,0,0,0,0,0,0,0,0,0,0,0,0,0,0,0,0,0,0,0,0,0,0,0,0,0,0,0,0,0,0,0,0,0,0,0,0,0,0,0,0,0,0,0,0,0,0,0,0,0,0,0,0,0,0,0,0,0,0,0,0,0,0,0,0,0,0,0,0,0,0,0,0,0,0,0,0,0,0,0,0,0,0,0,0,0,0,0,0,0,0,0,0,0,0,0,0,0,0,0,0,0,0,0,0,0,0,0,0,0,0,0,0,0,0,0,0,0,0,0,0,0,3,0,0,0,6,0,0,0,6,0,0,6,0,0,0,0,0,0,0,0,0,0,0,0,0,0,0,0,0,0,0,0,0,0,0,0
801041118,200,0,4,6,204,56,6,272,0,0,0,0,0,0,0,0,0,0,0,0,0,0,0,0,0,0,0,0,0,0,0,0,0,0,0,0,0,0,0,0,0,0,0,0,0,0,0,0,0,0,0,0,0,0,0,0,0,0,0,0,0,0,0,0,0,0,0,0,0,0,0,0,0,0,0,0,0,0,0,0,0,0,0,0,0,0,0,0,0,0,0,0,0,0,0,0,0,0,0,0,0,0,0,0,0,0,0,0,0,0,0,0,0,0,0,0,0,0,0,0,0,0,0,0,0,0,0,0,0,0,0,0,0,0,0,0,0,0,0,0,0,0,0,0,0,0,0,0,0,0,0,0,0,0,0,0,0,0,0,0,0,0,0,0,0,0,0,0,0,0,0,0,0,0,0,0,3,15,0,0,17,0,0,4,14,14,0,30,23,7,0,0,28,0,0,0,29,4,0,43
801041119,3,0,0,0,3,0,0,3,0,0,0,0,0,0,0,0,0,0,0,0,0,0,0,0,0,0,0,0,0,0,0,0,0,0,0,0,0,0,0,0,0,0,0,3,0,0,0,0,0,0,0,0,0,0,0,4,0,0,0,0,0,0,0,0,0,0,0,0,0,0,0,0,0,0,0,0,0,0,0,0,0,0,0,0,0,0,0,0,0,0,0,0,0,0,0,0,0,0,0,0,0,0,0,0,0,0,0,0,0,0,0,0,0,0,0,0,0,0,0,0,0,0,0,0,0,0,0,0,0,0,0,0,0,0,0,0,0,0,0,0,0,0,0,0,0,0,0,0,0,6,0,6,0,0,0,0,0,0,0,0,0,0,0,0,0,0,0,0,0,0,0,0,5,6,3,9,0,0,0,0,0,0,0,0,0,0,0,0,0,0,0,0,0,0,0,0,0,0,0,0
801041120,1323,35,34,73,1394,379,84,1853,0,0,0,0,0,0,0,0,0,0,0,0,0,0,0,0,0,0,0,0,0,0,0,0,0,0,0,0,0,0,0,0,0,0,0,0,0,0,0,0,0,0,0,0,0,0,0,0,0,0,0,0,0,0,0,0,0,0,0,0,0,0,0,0,0,0,0,0,0,0,0,0,0,0,0,0,0,0,0,0,0,0,0,0,0,0,0,0,0,0,0,0,0,0,0,0,0,0,0,0,0,0,0,0,0,0,0,0,0,0,0,0,0,0,0,0,0,0,0,0,0,0,0,0,0,0,0,0,0,0,0,0,0,0,0,0,0,0,0,0,0,0,0,0,0,0,0,0,0,0,0,0,0,0,0,0,0,0,0,0,0,0,0,0,0,0,0,0,0,0,0,0,0,0,0,0,0,0,0,3,0,0,0,0,0,0,0,0,0,0,0,4
801041121,539,11,7,24,564,202,39,809,0,0,0,0,0,0,0,0,0,0,0,0,0,0,0,0,0,0,0,0,0,0,0,0,0,0,0,0,0,0,0,0,0,0,0,0,0,0,0,0,0,0,0,0,0,0,0,0,0,0,0,0,0,0,0,0,0,0,0,0,0,0,0,0,0,0,0,0,0,0,0,0,0,0,0,0,0,0,0,0,0,0,0,0,0,0,0,0,0,0,0,0,0,0,0,0,0,0,0,0,0,0,0,0,0,0,0,0,0,0,0,0,0,0,0,0,0,0,0,0,0,0,0,0,0,0,0,0,0,0,0,0,0,0,0,0,0,0,0,0,0,0,0,0,0,0,0,0,0,0,0,0,0,0,0,0,0,0,0,0,0,0,0,0,0,0,0,0,0,0,0,0,0,0,0,0,0,0,0,0,0,0,0,0,0,0,0,0,0,0,0,0
801041122,611,11,19,31,638,173,28,834,0,0,0,0,0,0,0,0,0,0,0,0,0,0,0,0,0,0,0,0,0,0,0,0,0,0,0,0,0,0,0,0,0,0,0,0,0,0,0,0,0,0,0,0,0,0,0,0,0,0,0,0,0,0,0,0,0,0,0,0,0,0,0,0,0,0,0,0,0,0,0,0,0,0,0,0,0,0,0,0,0,0,0,0,0,0,0,0,0,0,0,0,0,0,0,0,0,0,0,0,0,0,0,0,0,0,0,0,0,0,0,0,0,0,0,0,0,0,0,0,0,0,0,0,0,0,0,0,0,0,0,0,0,0,0,0,0,0,0,0,0,0,0,0,0,0,0,0,0,0,0,0,0,0,0,0,0,0,0,0,0,0,0,0,0,0,0,0,0,0,0,0,0,0,0,0,0,0,0,0,0,0,0,0,0,0,0,0,0,0,0,0
801051049,821,8,132,143,960,322,281,1566,0,131,17,0,153,0,58,63,214,191,28,429,10,306,28,3,349,9,104,113,460,468,71,998,16,72,4,3,93,4,23,21,116,166,25,310,8,26,4,0,32,0,12,12,46,64,7,115,3,5,0,0,10,0,0,0,13,32,0,52,0,0,0,0,0,0,0,0,9,17,0,23,0,4,0,0,0,0,0,0,0,8,0,12,5,0,0,0,4,0,0,0,4,0,0,7,0,0,0,0,0,0,0,0,3,0,0,9,0,0,0,0,0,0,0,0,0,0,0,0,0,0,0,0,0,0,0,0,0,0,0,3,0,0,0,0,0,0,0,0,0,0,0,0,0,0,0,0,0,0,0,0,0,0,0,0,45,553,52,3,657,14,201,211,869,945,139,1955,0,179,19,58,253,3,150,150,406,301,44,754,8,217,24,72,313,13,75,82,400,376,37,810
801051050,1413,11,34,54,1462,867,86,2415,22,95,11,4,131,4,9,13,148,99,9,254,110,139,12,7,266,0,11,13,278,89,18,388,222,70,6,3,305,3,0,5,312,42,17,367,177,67,19,0,269,3,4,3,267,39,12,325,219,65,24,6,311,7,0,6,311,44,16,374,200,87,15,4,312,8,0,11,318,54,14,388,233,79,12,4,329,8,0,10,335,39,11,389,218,43,21,5,282,8,3,11,296,52,22,371,159,63,12,0,237,3,0,0,243,76,16,335,59,41,3,0,106,0,4,5,112,110,18,240,13,18,0,0,36,0,0,0,36,93,18,148,0,9,0,0,12,0,0,0,9,116,9,143,0,6,0,0,7,0,0,0,7,429,98,540,1645,786,134,35,2605,36,46,81,2688,1294,271,4248,13,115,3,3,130,5,20,23,148,140,17,310,91,128,3,4,226,9,13,22,251,79,13,338
801051051,2365,46,34,80,2440,446,141,3027,10,64,3,0,77,3,26,33,107,103,13,226,264,215,11,3,494,8,58,64,566,244,74,880,721,103,23,4,845,17,13,32,877,113,117,1106,360,62,22,0,445,3,4,11,452,73,73,594,183,41,17,0,237,9,5,13,247,45,52,343,134,23,9,0,169,0,0,0,171,28,31,231,88,21,7,0,122,9,0,6,131,29,21,171,91,23,9,0,119,0,0,0,124,26,19,170,57,13,6,0,81,4,0,4,89,44,18,142,44,21,3,0,74,0,0,6,74,52,15,146,11,11,0,0,20,0,0,0,22,49,18,88,0,7,0,0,7,0,0,0,7,45,17,74,0,0,0,0,9,0,0,0,9,100,16,121,1966,606,114,14,2700,58,110,168,2867,940,480,4291,12,67,7,24,114,3,54,54,173,139,37,345,253,264,21,23,555,16,51,65,622,255,95,976
801051053,1439,35,75,110,1549,520,271,2343,4,84,3,0,92,0,65,64,157,180,38,374,114,227,15,5,357,9,97,101,462,478,102,1042,239,49,3,3,292,8,8,16,310,73,45,427,170,18,10,0,199,3,5,6,201,33,35,278,99,13,3,3,122,0,4,4,127,9,18,151,59,3,0,0,64,0,0,0,63,9,13,89,49,5,0,0,58,0,4,3,64,3,11,77,57,13,5,0,77,0,0,0,80,10,11,101,39,6,3,0,53,4,0,4,54,17,13,84,35,17,0,0,51,0,0,0,51,15,9,76,3,5,3,0,13,0,0,0,13,14,0,27,0,0,0,0,7,0,0,0,7,6,0,11,0,0,0,0,3,0,0,0,3,24,4,32,873,450,58,9,1394,23,180,204,1599,876,295,2767,8,108,20,28,165,0,112,110,277,327,16,619,93,236,20,52,404,15,101,108,512,835,74,1423
801051054,1101,13,22,41,1141,287,58,1484,8,33,0,0,46,4,3,9,55,46,0,99,104,83,3,4,192,5,5,8,203,59,8,277,165,37,7,3,208,3,0,0,210,28,18,256,128,37,12,0,171,10,0,13,183,25,17,222,84,30,11,4,129,0,0,0,127,21,7,152,68,26,7,0,98,0,4,5,105,22,10,131,73,17,12,0,104,0,0,0,107,14,4,124,67,24,0,0,89,5,0,3,92,25,6,126,55,12,5,0,65,0,3,3,67,20,7,91,19,15,6,0,37,0,0,0,40,42,5,84,6,8,0,0,14,0,0,0,14,38,3,52,0,4,0,0,4,0,0,0,3,67,0,70,0,4,0,0,3,0,0,0,3,129,7,141,773,327,52,17,1167,24,19,50,1219,529,93,1836,3,33,6,3,42,0,10,11,50,49,8,110,69,114,9,0,192,6,14,22,212,55,10,286
801051055,1201,14,31,45,1252,519,69,1843,18,62,9,0,86,9,14,12,102,86,6,192,96,109,3,5,215,4,6,9,230,66,14,310,188,56,14,6,253,11,11,21,273,37,19,331,167,61,16,3,251,10,0,10,259,37,14,314,162,56,17,7,234,8,5,10,241,28,14,288,158,65,13,3,241,4,0,4,250,34,17,298,137,39,7,3,187,4,0,4,188,30,15,231,104,43,9,5,154,0,0,5,159,39,0,196,73,44,9,0,122,4,0,0,131,43,6,175,41,20,0,0,66,0,0,0,66,73,7,141,17,11,5,0,29,0,0,0,27,78,8,116,6,7,0,0,13,0,0,0,13,91,4,108,0,4,0,4,10,0,0,0,10,235,10,257,1164,581,89,27,1866,39,35,81,1943,876,134,2951,8,60,0,0,66,5,14,18,80,95,8,181,100,115,4,4,221,10,15,30,243,80,20,348
801051056,863,7,21,25,886,429,40,1352,16,48,6,0,71,0,7,10,82,57,0,141,65,56,3,0,121,3,8,7,132,29,4,163,95,27,3,5,134,3,0,10,141,20,4,173,108,43,15,4,165,7,0,8,168,30,0,199,129,62,14,0,206,4,4,6,218,31,5,247,145,51,15,3,211,3,0,4,210,13,5,225,126,36,20,0,179,7,0,7,182,17,6,204,130,34,10,0,177,0,0,4,175,25,3,203,97,29,7,5,132,0,0,3,134,29,0,163,41,19,4,0,72,4,0,4,75,67,3,143,17,11,4,0,24,0,0,0,29,86,5,118,0,7,0,0,9,0,0,0,9,115,3,122,0,3,0,0,3,0,0,0,3,238,8,249,959,432,94,17,1503,31,30,58,1561,749,47,2354,10,49,4,0,61,0,7,6,65,62,0,128,44,61,8,3,115,4,9,17,130,31,9,170
801051057,1735,20,34,54,1786,741,136,2666,10,66,7,0,84,3,9,13,101,84,10,197,170,145,20,8,341,9,13,21,363,64,56,484,348,77,12,7,445,4,4,10,452,58,30,547,258,51,18,7,329,4,4,15,340,59,35,443,153,55,12,0,226,7,3,7,234,43,22,301,129,62,11,7,214,7,0,10,221,41,23,282,151,44,10,4,208,5,0,7,214,56,22,286,142,42,13,0,198,4,4,5,210,58,28,291,147,41,5,0,194,0,3,3,202,88,21,303,55,32,13,0,106,4,0,5,110,89,15,216,14,21,0,0,38,0,0,0,38,103,21,163,0,3,0,0,7,0,0,0,7,80,15,106,0,3,0,0,4,0,0,0,4,304,78,387,1593,637,125,38,2399,62,40,97,2495,1126,381,3998,9,54,0,0,55,3,21,24,81,95,7,188,182,160,12,3,355,12,24,38,390,107,25,520
801051058,1694,34,31,63,1753,744,62,2561,15,81,9,3,111,0,19,16,123,152,9,285,149,209,16,3,385,8,30,37,421,113,16,551,286,67,17,4,377,6,5,13,387,64,24,479,221,68,31,0,320,10,3,15,333,44,21,396,199,88,28,0,313,0,4,10,321,54,8,387,227,102,12,3,349,3,3,8,357,47,18,427,229,68,11,0,311,9,0,6,318,42,10,370,238,74,12,0,322,4,4,7,331,37,10,379,137,54,10,0,207,5,3,14,215,69,15,298,69,48,5,0,121,0,0,0,126,83,9,219,13,25,0,0,35,0,0,0,38,101,9,138,3,7,0,0,10,0,0,0,10,85,13,109,3,4,0,0,9,0,0,0,9,291,17,324,1795,896,154,24,2871,51,76,130,3001,1173,181,4353,15,103,6,6,123,4,20,21,144,132,10,286,158,272,20,3,452,8,29,33,487,129,31,642
801051060,1593,28,32,56,1647,460,69,2176,7,26,0,0,42,0,8,6,46,49,11,104,218,141,19,8,384,11,15,22,408,88,65,559,536,94,15,6,648,11,7,8,659,53,67,780,266,41,11,4,327,3,0,6,336,29,32,397,165,33,16,3,215,0,3,8,224,26,28,271,123,23,10,0,160,3,0,3,164,28,19,211,106,19,4,6,134,0,3,4,136,30,19,192,138,22,11,0,172,5,3,5,177,27,9,210,67,12,6,0,85,0,5,5,91,34,5,132,45,25,6,0,74,0,4,4,77,67,9,165,14,11,0,0,34,0,0,0,29,67,10,107,4,5,0,0,7,0,0,0,10,67,9,82,0,0,0,0,8,0,0,0,8,107,19,129,1704,459,93,24,2276,43,48,85,2361,677,290,3336,0,24,4,0,26,3,3,7,33,61,16,109,162,182,17,7,364,8,32,43,410,170,78,654
801051061,2064,20,23,45,2106,628,98,2839,17,63,9,0,86,5,16,23,107,117,8,228,196,89,12,10,312,8,20,31,334,66,17,417,411,81,18,6,514,9,0,6,523,56,28,609,322,73,41,9,441,9,8,9,454,42,21,517,261,84,29,6,369,0,3,7,373,60,25,459,232,84,22,8,340,0,3,4,347,42,20,403,223,70,13,0,307,5,0,5,315,27,10,355,199,45,12,0,256,5,0,4,263,36,15,314,109,42,10,0,168,0,0,0,167,46,0,216,53,30,3,0,83,0,0,0,86,73,0,166,8,12,0,0,24,0,0,0,24,93,10,132,9,7,0,0,14,0,0,0,14,125,4,147,0,6,0,0,10,0,0,0,10,230,18,255,2042,681,169,34,2925,42,53,95,3021,1020,181,4224,23,98,3,0,127,4,26,25,153,132,12,296,154,144,8,4,313,8,13,18,327,63,23,418
801051123,0,0,0,0,0,0,0,0,0,0,0,0,0,0,0,0,0,0,0,0,0,0,0,0,0,0,0,0,0,0,0,0,0,0,0,0,0,0,0,0,0,0,0,0,0,0,0,0,0,0,0,0,0,0,0,0,0,0,0,0,0,0,0,0,0,0,0,0,0,0,0,0,0,0,0,0,0,0,0,0,0,0,0,0,0,0,0,0,0,0,0,0,0,0,0,0,0,0,0,0,0,0,0,0,0,0,0,0,0,0,0,0,0,0,0,0,0,0,0,0,0,0,0,0,0,0,0,0,0,0,0,0,0,0,0,0,0,0,0,0,0,0,0,0,0,0,0,0,0,0,0,0,0,0,0,0,0,0,0,0,0,0,0,0,0,0,0,0,0,0,0,0,0,0,0,0,0,0,0,0,0,0,0,0,0,0,0,0,0,0,0,0,0,0,0,0,0,0,0,0
801051124,1308,19,22,35,1348,562,63,1967,8,53,11,6,76,0,5,5,81,70,6,157,126,97,15,0,237,6,9,13,254,48,17,318,140,37,7,4,190,10,0,10,202,40,14,257,124,20,13,0,154,8,6,12,167,17,9,196,107,24,16,0,149,3,7,13,159,30,18,210,135,28,9,0,173,4,4,9,184,38,16,231,161,31,12,5,207,3,0,6,212,29,9,248,156,32,0,0,196,4,0,7,197,30,9,235,112,33,9,0,155,0,5,8,160,39,9,209,56,35,3,0,94,3,3,4,103,69,7,182,25,32,0,0,59,0,0,0,59,61,7,126,0,8,0,0,14,0,0,0,14,73,5,88,0,10,0,0,14,0,0,0,14,287,16,312,1146,455,95,17,1712,42,38,76,1792,833,145,2764,3,53,0,0,59,0,13,13,70,67,5,140,71,98,0,0,175,4,16,22,195,51,6,259
801051125,435,0,0,3,439,43,91,573,337,56,0,6,403,0,0,0,403,50,13,465,573,68,9,10,657,0,0,0,657,50,41,754,110,17,7,6,134,0,0,0,135,11,11,150,62,5,7,0,78,0,0,0,77,5,3,94,36,3,0,0,42,6,0,6,45,4,0,46,27,3,0,0,34,0,0,0,34,5,0,37,11,0,0,0,11,0,0,0,11,0,0,11,4,0,0,0,5,0,0,0,5,0,0,5,5,0,0,0,5,0,0,0,5,0,0,8,0,0,0,0,0,0,0,0,0,0,0,0,0,0,0,0,0,0,0,0,0,0,0,0,0,0,0,0,0,0,0,0,0,0,0,0,0,0,0,0,0,0,0,0,0,0,0,0,1173,150,20,32,1372,6,0,3,1374,129,78,1580,315,30,0,6,349,0,0,0,349,15,14,378,621,66,0,17,706,0,0,0,708,50,49,805
801051126,0,0,0,0,0,0,0,0,0,0,0,0,0,0,0,0,0,0,0,0,0,0,0,0,0,0,0,0,0,0,0,0,0,0,0,0,0,0,0,0,0,0,0,0,0,0,0,0,0,0,0,0,0,0,0,0,0,0,0,0,0,0,0,0,0,0,0,0,0,0,0,0,0,0,0,0,0,0,0,0,0,0,0,0,0,0,0,0,0,0,0,0,0,0,0,0,0,0,0,0,0,0,0,0,0,0,0,0,0,0,0,0,0,0,0,0,0,0,0,0,0,0,0,0,0,0,0,0,0,0,0,0,0,0,0,0,0,0,0,0,0,0,0,0,0,0,0,0,0,0,0,0,0,0,0,0,0,0,0,0,0,0,0,0,0,0,0,0,0,0,0,0,0,0,0,0,0,0,0,0,0,0,0,0,0,0,0,0,0,0,0,0,0,0,0,0,0,0,0,0
801051127,406,7,6,17,419,204,34,666,10,24,4,0,38,0,3,5,38,32,3,81,55,41,7,0,107,5,6,13,120,43,20,181,96,28,3,3,126,0,4,6,133,21,24,176,44,13,5,0,60,11,5,10,75,25,20,122,29,7,4,0,45,5,0,11,48,17,12,83,44,18,3,0,63,4,0,7,70,19,16,102,62,14,10,0,87,6,0,6,94,29,11,131,63,14,3,0,77,0,4,5,86,23,10,118,50,20,0,4,73,0,5,3,83,37,9,122,23,13,0,0,40,5,0,5,47,33,8,88,5,14,0,0,19,0,3,3,20,58,4,80,4,0,0,0,10,0,0,0,10,26,3,36,4,0,0,0,5,0,0,0,5,75,7,85,491,208,47,13,757,34,30,64,819,436,144,1401,3,26,0,0,28,4,8,10,44,20,5,67,45,48,13,4,100,4,9,15,121,40,14,170
801051128,0,0,0,0,0,0,0,0,0,0,0,0,0,0,0,0,0,0,0,0,0,0,0,0,0,0,0,0,0,0,0,0,0,0,0,0,0,0,0,0,0,0,0,0,0,0,0,0,0,0,0,0,0,0,0,0,0,0,0,0,0,0,0,0,0,0,0,0,0,0,0,0,0,0,0,0,0,0,0,0,0,0,0,0,0,0,0,0,0,0,0,0,0,0,0,0,0,0,0,0,0,0,0,0,0,0,0,0,0,0,0,0,0,0,0,0,0,0,0,0,0,0,0,0,0,0,0,0,0,0,0,0,0,0,0,0,0,0,0,0,0,0,0,0,0,0,0,0,0,0,0,0,0,0,0,0,0,0,0,0,0,0,0,0,0,0,0,0,0,0,0,0,0,0,0,0,0,0,0,0,0,0,0,0,0,0,0,0,0,0,0,0,0,0,0,0,0,0,0,0
801061062,778,8,15,21,801,552,65,1415,11,40,7,0,57,0,7,6,61,123,7,195,51,43,4,0,102,6,4,10,108,15,6,135,100,30,3,7,139,4,0,3,143,9,8,162,81,19,5,0,103,3,0,0,113,15,11,133,80,35,13,5,120,0,4,5,127,19,9,149,114,40,6,5,163,0,0,0,167,20,3,191,118,29,3,4,156,4,0,4,157,15,4,180,129,35,15,3,183,4,0,4,185,16,7,207,104,27,14,0,139,0,0,0,140,37,17,189,65,39,4,0,113,3,0,3,111,64,11,187,19,28,3,0,53,0,0,0,53,82,0,134,4,10,0,0,14,0,0,0,14,71,0,90,5,7,0,0,8,0,0,0,8,314,20,346,880,370,75,30,1348,20,17,36,1383,804,94,2288,9,51,5,0,65,4,16,16,81,136,3,216,40,36,0,0,75,3,3,3,77,27,3,109
801061063,519,4,10,18,539,295,27,856,5,25,0,0,29,0,3,9,42,54,0,97,40,18,0,0,63,0,7,10,68,17,5,93,83,14,3,3,97,0,0,0,102,4,18,126,37,16,0,0,53,0,0,0,53,6,4,66,59,10,3,0,69,0,0,0,74,3,8,84,64,25,4,0,93,0,4,4,93,6,7,104,69,17,0,0,92,0,0,0,92,13,6,112,79,22,8,0,106,3,0,3,108,8,8,116,82,29,4,0,108,4,0,4,111,16,14,139,58,15,5,0,76,0,0,5,77,19,5,102,20,13,3,0,38,0,0,0,38,39,4,85,9,3,0,0,16,0,0,0,16,22,0,37,0,8,0,0,6,0,0,0,6,75,12,94,614,205,41,4,858,18,13,29,884,293,82,1266,9,22,0,0,28,0,0,0,31,55,3,89,40,24,3,0,61,0,4,4,64,10,13,90
801061064,1578,20,22,47,1624,658,84,2370,12,82,5,0,100,3,6,8,113,94,8,209,157,67,11,0,228,5,8,11,238,34,16,297,314,42,21,0,389,8,3,10,402,32,17,448,201,35,17,0,256,3,4,10,265,32,14,310,144,28,9,0,176,0,0,0,183,27,15,224,171,36,15,0,232,4,0,0,237,33,24,285,170,54,14,3,248,13,4,16,259,37,16,308,198,37,20,4,253,3,3,5,264,44,24,328,127,41,10,0,182,0,3,3,181,43,18,242,93,38,16,0,149,6,0,6,151,87,4,246,22,22,3,0,56,0,0,3,64,93,3,154,6,9,0,0,16,0,0,0,16,74,3,92,0,10,0,0,10,0,0,0,12,221,15,251,1627,507,134,19,2292,51,40,84,2378,834,189,3391,4,58,3,0,73,0,13,16,89,111,6,206,136,60,3,0,197,6,5,13,210,27,19,255
801061066,0,0,0,0,0,0,0,0,0,0,0,0,0,0,0,0,0,0,0,0,0,0,0,0,0,0,0,0,0,0,0,0,0,0,0,0,0,0,0,0,0,0,0,0,0,0,0,0,0,0,0,0,0,0,0,0,0,0,0,0,0,0,0,0,0,0,0,0,0,0,0,0,0,0,0,0,0,0,0,0,0,0,0,0,0,0,0,0,0,0,0,0,0,0,0,0,0,0,0,0,0,0,0,0,0,0,0,0,0,0,0,0,0,0,0,0,0,0,0,0,0,0,0,0,0,0,0,0,0,0,0,0,0,0,0,0,0,0,0,0,0,0,0,0,0,0,0,0,0,0,0,0,0,0,0,0,0,0,0,0,0,0,0,0,0,0,0,0,0,0,0,0,0,0,0,0,0,0,0,0,0,0,0,0,0,0,0,0,0,0,0,0,0,0,0,0,0,0,0,0
801061067,1607,29,31,65,1669,916,204,2790,31,91,3,0,120,9,13,20,138,165,10,311,166,79,11,6,260,12,13,25,277,54,14,350,294,47,18,4,371,8,4,7,381,48,16,443,235,51,28,0,315,3,6,9,328,36,4,371,258,99,20,0,377,9,3,8,389,41,19,453,277,69,22,3,371,5,3,8,382,64,23,470,282,77,13,3,371,15,6,14,388,53,8,450,259,62,7,0,333,6,3,7,341,59,10,412,156,48,17,3,221,4,9,10,237,81,17,333,98,45,12,0,147,6,0,3,149,82,6,248,19,21,0,0,43,0,3,3,45,121,3,173,4,7,0,0,12,0,0,0,12,129,11,154,3,4,0,0,9,0,0,0,12,480,37,528,2082,696,148,25,2955,69,55,122,3078,1418,180,4672,18,91,5,5,118,5,26,36,152,190,16,362,101,94,3,9,207,11,13,22,225,33,16,274
801061068,0,0,0,0,0,0,3,3,0,0,0,0,0,0,0,0,0,0,0,0,0,0,0,0,0,0,0,0,0,0,0,0,0,0,0,0,0,0,0,0,0,0,0,0,0,0,0,0,0,0,0,0,0,0,0,0,0,0,0,0,0,0,0,0,0,0,0,0,0,0,0,0,0,0,0,0,0,0,0,0,0,0,0,0,0,0,0,0,0,0,0,0,0,0,0,0,0,0,0,0,0,0,0,0,0,0,0,0,0,0,0,0,0,0,0,0,0,0,0,0,0,0,0,0,0,0,0,0,0,0,0,0,0,0,0,0,0,0,0,0,0,0,0,0,0,0,0,0,0,0,0,0,0,0,0,0,0,0,0,0,0,0,0,0,0,0,0,0,0,0,0,0,0,0,0,0,0,0,0,0,0,0,0,0,0,0,0,0,0,0,0,0,0,0,0,0,0,0,0,0
801061069,786,9,14,22,810,441,42,1295,13,77,11,0,96,0,10,10,107,156,3,264,70,73,6,0,152,11,9,16,167,44,9,216,88,22,6,0,112,9,0,10,123,15,4,136,71,19,8,3,100,0,0,0,104,35,5,142,82,27,6,0,112,4,0,4,120,26,3,150,137,42,8,3,193,3,0,8,200,28,3,228,172,40,4,0,220,10,7,9,233,33,4,266,167,41,5,0,210,0,0,4,215,30,12,256,117,47,8,0,173,3,0,3,172,42,10,225,60,44,4,0,108,0,0,0,108,78,8,195,25,31,0,0,51,0,4,0,56,67,4,126,4,11,0,0,17,0,6,6,23,68,7,93,5,9,0,0,15,0,0,0,15,298,23,330,999,481,66,12,1558,36,30,65,1625,915,97,2639,10,67,0,0,81,0,20,21,101,172,13,281,61,57,0,0,121,10,6,5,128,24,16,173
801061070,726,10,9,15,741,592,47,1386,10,47,4,0,61,6,6,9,73,93,11,181,75,57,6,3,134,5,9,10,144,22,4,169,104,21,4,0,134,9,0,6,144,17,5,166,56,14,5,0,81,0,0,0,85,10,5,104,75,30,5,0,116,0,0,0,116,22,0,144,94,35,11,0,142,5,0,5,146,21,6,177,128,56,3,3,193,4,3,7,198,29,9,228,146,37,8,0,190,5,0,5,195,24,3,218,127,39,8,3,171,0,0,0,171,54,5,232,102,59,5,0,167,0,4,3,168,123,4,298,18,56,5,0,78,0,0,0,81,99,0,184,4,21,0,4,27,0,3,3,28,90,0,126,5,4,0,0,7,0,0,0,7,225,12,252,943,479,65,16,1507,25,25,52,1553,848,73,2468,3,49,0,0,58,0,11,14,70,87,6,164,32,55,0,0,90,3,3,4,99,24,11,126
801061129,614,4,3,10,616,200,102,918,0,9,0,0,9,0,7,7,12,10,0,31,48,18,4,0,64,0,5,5,68,10,13,93,128,8,10,0,145,0,0,0,143,4,25,176,98,8,8,0,113,0,0,5,120,3,19,142,65,10,4,0,74,0,6,4,78,5,7,89,71,8,7,3,83,0,0,0,85,4,16,102,51,6,3,0,62,0,0,0,62,4,3,76,62,8,4,0,79,0,0,3,79,5,10,92,64,13,3,0,76,0,0,0,76,12,13,94,29,15,0,0,47,0,0,3,51,27,8,89,4,10,0,0,13,0,0,0,13,25,7,50,0,6,0,0,4,0,0,0,4,21,0,28,3,0,0,0,3,0,0,0,3,24,5,33,619,106,37,6,766,9,14,27,798,150,139,1091,0,9,0,0,9,0,0,3,13,17,0,30,44,13,0,0,58,0,0,3,62,7,9,77
801061130,5,0,0,3,11,8,3,16,0,0,0,0,3,0,0,0,3,0,0,3,0,0,0,0,6,0,0,0,6,3,0,5,0,0,0,0,0,0,0,0,0,3,0,3,0,0,0,0,0,0,0,0,0,4,0,7,0,0,0,0,3,0,0,0,3,0,0,5,3,0,0,0,3,0,0,0,3,0,0,0,4,0,0,0,0,0,0,0,0,0,0,0,0,0,0,0,0,0,0,0,0,0,0,0,0,0,0,0,0,0,0,0,0,0,0,0,0,0,0,0,0,0,0,0,0,0,0,0,0,0,0,0,0,0,0,0,0,0,0,0,0,0,0,0,0,0,0,0,0,0,0,0,0,0,0,0,0,0,0,0,0,0,0,0,15,3,0,0,21,0,0,0,21,19,0,34,0,0,0,0,0,0,0,0,0,0,0,3,0,0,0,0,0,0,0,0,0,0,0,0
801061131,2262,30,25,55,2321,523,276,3124,17,12,0,0,25,0,8,8,35,32,9,78,143,41,6,0,188,4,0,4,193,12,22,228,489,47,22,3,568,3,3,6,576,30,64,666,326,42,25,0,394,5,0,5,398,25,27,451,173,19,11,0,210,5,0,5,218,17,19,256,114,25,8,6,155,3,0,7,157,19,20,195,110,15,6,0,132,0,0,3,133,10,9,160,133,16,3,0,151,5,0,5,158,17,20,196,78,20,7,0,113,0,0,0,115,26,18,159,45,23,9,0,81,0,0,0,81,39,16,136,20,11,0,0,30,0,0,0,30,54,4,88,0,3,0,0,5,0,0,0,8,31,4,43,7,3,0,0,4,0,0,0,4,84,12,104,1660,290,103,11,2061,26,16,41,2105,403,252,2759,7,29,3,0,34,3,7,9,48,44,5,102,161,75,5,0,244,7,3,9,252,36,25,311
801071071,1463,19,28,55,1518,466,48,2029,53,148,6,6,216,10,21,33,244,129,21,398,204,56,8,6,275,6,6,12,290,30,13,333,260,58,22,7,343,5,5,11,356,42,26,424,263,73,20,5,356,7,0,7,362,40,20,417,264,71,11,4,347,8,4,9,358,45,20,421,294,71,8,0,373,7,0,7,380,26,24,428,278,56,14,3,359,0,4,7,363,36,18,418,213,45,11,6,269,6,0,6,276,25,20,313,120,23,8,3,151,4,0,6,162,46,14,215,60,21,7,0,82,3,0,3,88,51,4,141,15,15,0,0,23,0,0,0,29,62,11,102,0,4,0,0,4,0,0,0,4,59,3,65,0,0,0,4,4,0,0,0,4,79,10,90,2003,632,129,43,2808,53,39,97,2901,665,204,3767,50,157,9,0,213,13,30,40,254,133,21,401,150,77,3,5,239,13,11,27,262,48,10,321
801071072,1052,20,13,31,1084,532,42,1658,41,120,10,6,177,9,18,22,204,107,12,324,169,70,6,11,258,13,6,15,274,34,6,308,213,29,22,5,270,5,0,3,278,36,8,317,167,48,9,5,228,0,3,3,230,32,4,269,171,52,14,3,245,4,0,7,248,21,13,277,216,65,10,4,294,9,0,7,298,13,6,325,232,61,10,10,304,0,0,3,310,26,3,338,193,43,14,6,252,3,4,9,260,23,6,291,127,32,12,3,175,0,4,4,176,44,0,219,52,16,4,0,80,0,0,0,76,58,9,146,11,7,6,0,23,0,0,0,23,74,8,98,0,4,0,0,5,0,0,0,5,66,0,73,0,4,0,0,3,0,0,0,3,80,0,90,1604,540,108,44,2300,35,35,75,2370,619,75,3066,34,84,7,0,129,8,27,33,162,99,3,261,109,79,7,4,196,14,3,17,219,38,14,276
801071073,1594,16,28,47,1642,655,77,2375,81,210,7,12,305,10,28,34,342,178,21,541,273,109,13,7,397,7,9,21,413,45,7,469,266,55,21,3,352,6,8,12,366,31,15,410,231,65,25,4,320,0,0,4,325,40,13,375,220,71,16,3,315,0,0,0,314,30,4,353,296,93,19,0,415,6,0,9,423,36,27,481,386,90,13,9,507,3,0,5,513,33,14,555,352,80,21,8,463,5,3,6,476,42,3,517,197,66,25,3,287,3,0,3,288,64,5,361,83,29,4,0,117,0,0,0,118,84,0,209,25,10,4,0,37,0,0,0,39,85,3,127,5,0,0,0,8,0,0,0,8,69,5,78,0,0,0,0,3,0,0,0,3,119,8,127,2415,882,171,58,3529,47,45,96,3627,844,117,4592,46,145,10,5,204,10,34,43,250,170,19,435,224,115,8,3,347,13,11,19,377,44,19,436
801071074,1360,15,36,46,1405,636,65,2102,70,167,4,7,249,4,20,21,275,161,7,445,244,132,9,9,392,18,3,27,416,44,6,467,219,53,17,13,297,6,0,6,309,40,15,361,195,67,13,0,286,8,4,10,287,35,10,334,206,61,21,9,295,0,5,0,301,38,3,345,232,59,20,6,317,6,0,5,324,31,3,358,305,66,7,7,386,7,0,7,391,47,3,441,316,82,27,4,431,3,0,9,436,53,9,497,198,61,12,4,270,4,3,7,282,59,8,345,69,38,12,4,118,0,3,5,123,97,5,224,22,11,0,0,37,0,0,0,37,77,3,117,3,4,0,0,3,0,0,0,3,71,5,79,0,0,0,0,0,0,0,0,0,95,15,106,2082,801,141,64,3088,59,35,97,3183,852,94,4131,48,127,4,6,189,4,25,31,215,156,13,386,149,97,14,10,271,13,4,12,285,44,12,346
801071075,1430,18,20,39,1476,558,46,2079,75,185,9,3,276,5,13,21,301,194,9,498,224,80,17,9,322,12,0,17,338,29,19,391,224,43,16,3,283,11,0,9,294,29,11,336,182,46,24,10,261,0,0,3,267,27,7,299,217,93,17,13,336,0,3,6,339,45,12,395,357,98,22,4,480,8,0,12,493,37,14,544,365,92,15,3,485,5,0,5,493,30,5,523,217,43,10,3,272,4,4,3,279,29,12,322,142,46,16,0,206,0,5,5,207,46,3,256,51,29,3,0,82,0,0,0,82,86,10,181,15,13,0,0,24,0,0,0,24,82,6,110,3,3,0,0,8,0,0,0,8,70,3,82,0,0,0,0,0,0,0,0,0,107,7,119,2073,778,146,53,3044,48,32,79,3126,821,116,4059,54,172,5,0,228,12,33,40,269,174,17,458,173,110,4,8,297,8,7,12,314,47,23,380
801071076,771,9,16,23,794,392,19,1206,26,105,5,0,135,5,13,20,154,92,3,245,105,90,11,4,207,3,7,5,208,31,4,244,84,13,9,0,108,3,0,5,112,12,0,117,76,19,3,0,103,0,4,4,107,15,0,124,83,33,7,0,128,0,0,0,123,18,4,145,133,44,7,4,185,0,0,0,185,15,4,206,189,54,7,4,249,0,0,0,256,22,9,283,211,60,12,4,283,0,0,9,291,23,4,317,173,58,17,0,253,0,0,0,256,55,7,313,89,46,15,0,147,5,0,5,149,96,3,256,21,14,0,0,43,0,0,3,45,82,0,131,0,7,0,0,12,0,0,0,12,51,0,63,0,4,0,0,5,0,0,0,5,87,4,95,1191,552,97,19,1856,18,26,43,1899,599,43,2545,7,87,9,0,100,3,15,15,114,104,3,221,61,59,9,0,127,0,5,6,137,17,0,155
801071077,707,9,9,12,722,336,20,1089,41,79,0,6,128,8,11,19,151,101,4,255,141,54,12,4,206,4,6,8,215,26,3,245,134,32,14,9,182,9,0,9,186,22,0,210,105,34,8,5,143,3,3,9,153,19,3,175,115,27,3,3,150,8,0,8,161,30,0,191,110,45,8,0,165,0,0,3,171,16,7,187,151,28,8,9,196,0,0,6,197,20,6,225,172,39,13,3,227,4,0,3,232,23,7,266,110,37,10,0,153,0,0,0,149,42,3,191,51,23,5,0,78,0,0,3,78,54,0,133,8,6,0,0,17,0,0,0,17,37,3,54,0,8,0,0,8,0,0,0,8,15,0,20,0,0,0,0,5,0,0,0,5,51,11,64,1131,410,74,31,1650,34,27,62,1715,456,52,2227,19,69,6,0,96,4,13,15,108,62,7,180,90,42,3,5,137,5,4,12,147,25,13,185
801071078,2206,26,32,60,2269,972,115,3359,90,260,19,19,390,14,28,42,430,248,38,716,323,111,18,7,459,14,16,30,490,52,22,564,347,90,24,5,464,8,8,6,472,48,19,545,304,86,23,6,412,4,6,10,425,52,23,505,340,102,22,10,481,9,3,11,492,61,19,570,434,105,20,8,565,7,0,8,568,49,25,643,499,126,27,10,656,7,3,6,662,49,35,752,393,68,29,8,499,0,0,0,507,40,12,563,203,59,26,4,293,3,0,5,302,76,8,383,119,60,11,0,195,0,0,0,195,117,11,324,22,19,4,3,49,0,0,0,49,115,9,173,4,6,0,0,9,0,0,0,11,127,16,154,0,0,0,0,0,0,0,0,0,177,20,200,3087,1093,220,73,4476,65,65,131,4606,1217,261,6088,65,228,8,9,305,13,46,57,368,200,18,587,301,170,12,12,491,17,16,33,523,74,23,621
801071079,805,7,19,26,831,432,36,1300,35,70,4,11,112,0,9,12,131,91,7,222,106,47,4,5,162,10,8,14,177,29,7,210,113,30,11,0,149,6,0,5,156,19,7,178,105,45,14,3,165,0,0,4,165,18,12,196,97,44,10,0,150,0,0,0,157,17,8,181,151,49,9,5,216,0,0,4,218,17,5,244,129,32,8,3,177,4,0,3,178,8,4,198,178,49,16,3,249,3,0,3,246,30,9,294,128,53,14,5,197,4,3,3,201,59,9,266,71,39,11,0,117,0,0,0,119,97,5,217,25,13,4,0,36,0,0,0,36,71,4,110,6,3,0,0,7,0,0,0,6,64,0,69,0,0,0,0,6,0,0,0,6,86,3,101,1135,469,94,32,1739,26,25,51,1791,607,91,2486,6,68,4,0,87,5,9,13,97,88,7,195,69,58,0,7,134,4,10,14,145,23,11,184
801071080,1207,15,20,38,1246,573,83,1903,14,17,0,0,33,0,0,0,34,25,0,59,87,17,0,3,111,5,4,6,119,7,3,127,153,20,8,0,187,0,0,0,185,17,6,208,95,17,7,0,111,0,0,0,120,12,3,135,65,20,0,0,94,3,5,3,95,12,0,107,52,7,4,0,67,0,0,3,74,14,0,86,51,8,7,0,69,0,0,5,72,5,0,81,62,15,0,0,75,0,0,0,75,10,0,87,67,20,5,0,91,0,0,5,92,21,5,113,24,16,0,0,37,0,0,0,39,41,0,81,12,7,0,0,19,0,0,0,19,50,0,70,0,5,0,0,0,0,0,0,3,45,0,53,0,3,0,0,5,0,0,0,5,73,0,77,679,177,40,12,905,10,11,26,929,337,28,1289,5,18,0,0,30,0,10,12,39,28,3,67,75,31,0,0,108,0,0,3,112,21,4,131
801071081,1139,9,23,37,1175,562,40,1777,52,102,3,9,171,16,17,31,208,140,3,359,180,70,12,3,266,8,3,8,275,46,15,338,238,58,8,7,320,5,5,12,331,34,7,373,192,58,18,5,278,0,0,5,282,36,13,326,188,63,11,0,265,9,5,12,284,42,3,328,197,52,12,4,272,0,0,0,272,30,4,310,221,57,21,5,303,0,0,0,303,37,15,355,239,45,16,7,303,0,0,3,306,36,5,349,112,23,8,0,144,0,6,3,147,39,11,199,56,27,7,0,93,0,0,0,92,70,10,174,11,11,0,0,23,0,0,0,23,72,8,103,0,4,0,0,7,0,0,0,7,55,6,65,0,0,0,0,0,0,0,0,0,93,4,94,1696,573,126,45,2449,47,35,81,2532,735,109,3379,24,93,0,10,124,13,21,34,159,91,13,263,129,80,5,6,220,11,6,12,230,54,5,292
801071082,3775,43,94,137,3907,2347,215,6465,138,343,22,16,515,35,56,86,600,439,33,1066,467,254,25,29,772,31,18,47,817,111,36,968,684,134,47,16,882,20,3,28,912,89,34,1030,596,170,80,14,860,17,3,24,883,131,29,1042,650,209,50,15,924,20,4,28,953,130,23,1106,617,216,37,16,883,20,7,27,908,93,31,1032,657,209,36,13,916,20,0,15,933,103,39,1073,689,169,49,16,918,13,7,26,936,125,35,1097,600,231,54,11,901,8,7,16,912,311,28,1248,359,221,54,5,634,8,5,13,644,552,24,1226,87,100,16,4,208,0,3,3,213,480,21,708,14,28,3,0,51,0,0,0,46,351,11,413,7,14,3,0,20,0,0,0,16,404,38,462,5573,2298,463,147,8479,190,116,305,8786,3313,378,12475,55,332,8,13,407,16,76,92,503,403,34,939,291,238,15,6,557,35,17,48,608,128,47,784
801071083,375,6,5,6,388,172,3,560,18,57,3,5,80,0,9,3,90,46,0,138,85,35,3,3,125,4,4,5,128,12,0,140,51,9,0,0,62,0,0,0,62,3,0,71,38,13,7,0,64,0,0,0,67,3,0,75,49,13,8,5,69,0,0,3,72,6,3,78,60,22,6,0,93,4,0,4,90,3,6,103,89,28,6,0,120,0,0,0,119,0,0,128,109,33,0,0,141,0,0,0,142,11,0,157,83,23,7,0,111,0,0,0,111,26,0,140,39,16,7,0,60,0,0,0,60,27,3,88,3,4,0,0,13,0,0,0,13,32,5,42,0,0,0,0,0,0,0,0,0,15,0,15,0,0,0,0,0,0,0,0,0,24,3,29,626,253,46,11,939,12,12,24,959,220,18,1188,12,38,6,0,50,0,4,8,59,32,3,97,54,22,3,0,74,4,0,5,83,8,5,101
801071084,1308,20,36,53,1364,999,139,2502,36,154,12,12,210,0,19,17,233,164,5,402,208,116,16,10,346,10,5,17,365,53,7,421,232,47,18,0,306,4,0,4,314,20,4,341,178,47,16,3,250,6,8,5,257,34,0,294,223,72,13,0,309,4,0,8,312,33,3,343,207,78,8,7,302,4,0,4,303,19,0,328,276,74,15,3,375,0,0,0,376,24,8,411,323,79,16,7,417,10,3,7,423,42,13,485,245,86,13,0,342,0,5,5,347,92,7,443,100,58,18,0,179,3,0,4,183,126,9,313,18,28,4,0,46,0,4,4,49,121,5,177,6,4,0,0,9,0,0,0,9,130,3,141,0,0,0,0,0,0,0,0,4,369,15,389,2055,841,154,51,3097,42,48,85,3186,1227,88,4496,33,111,4,0,155,3,19,22,175,145,15,328,152,91,10,10,267,6,4,11,277,42,9,324
801071085,0,0,0,0,0,0,0,0,0,0,0,0,0,0,0,0,0,0,0,0,0,0,0,0,0,0,0,0,0,0,0,0,0,0,0,0,0,0,0,0,0,0,0,0,0,0,0,0,0,0,0,0,0,0,0,0,0,0,0,0,0,0,0,0,0,0,0,0,0,0,0,0,0,0,0,0,0,0,0,0,0,0,0,0,0,0,0,0,0,0,0,0,0,0,0,0,0,0,0,0,0,0,0,0,0,0,0,0,0,0,0,0,0,0,0,0,0,0,0,0,0,0,0,0,0,0,0,0,0,0,0,0,0,0,0,0,0,0,0,0,0,0,0,0,0,0,0,0,0,0,0,0,0,0,0,0,0,0,0,0,0,0,0,0,0,0,0,0,0,0,0,0,0,4,0,3,0,0,0,0,0,0,0,0,0,0,0,0,0,0,0,0,0,0,0,0,0,0,0,0
801071086,409,3,8,8,413,236,24,676,23,73,5,5,95,3,11,18,113,63,6,182,89,45,4,0,140,3,6,3,141,23,5,173,67,10,0,0,86,3,0,3,89,10,7,104,44,21,12,0,82,3,0,4,81,13,3,97,60,22,8,0,87,0,0,0,87,17,3,108,61,24,3,0,95,3,0,4,99,5,5,110,117,26,3,0,145,3,0,3,151,18,4,167,88,30,6,0,125,4,0,4,126,19,3,149,70,24,4,0,98,3,0,3,100,33,0,135,42,21,0,0,69,0,0,3,68,41,0,109,3,3,0,0,8,0,0,0,8,27,0,39,0,0,0,0,4,0,0,0,4,26,0,28,0,0,0,0,0,0,0,0,0,40,3,45,669,300,50,9,1032,21,24,40,1074,335,39,1451,5,41,0,3,50,5,14,12,66,46,0,118,50,38,0,0,92,10,5,13,106,21,6,126
801071087,749,7,24,33,778,386,49,1209,36,62,3,9,106,10,6,18,122,90,11,223,125,49,5,7,184,8,5,12,197,27,9,238,148,43,10,3,212,4,3,10,221,26,13,260,144,34,3,4,190,3,3,6,195,26,7,239,147,44,13,8,203,6,9,12,212,29,19,264,135,35,5,0,181,11,0,7,193,18,3,214,135,35,3,3,176,0,0,4,178,12,3,200,144,43,12,3,198,0,0,3,202,34,11,250,98,29,6,3,145,4,0,8,150,44,9,210,51,20,3,3,76,0,0,4,81,67,3,159,13,5,0,0,23,0,0,0,23,61,0,80,0,4,0,0,8,0,0,0,8,52,8,65,0,0,0,0,4,0,0,0,4,59,0,64,1178,413,69,46,1711,48,39,87,1794,563,101,2452,20,54,0,0,81,10,17,23,106,83,7,190,91,47,4,5,148,9,7,11,165,23,6,200
801071088,1100,22,24,46,1147,387,38,1560,59,158,7,3,234,3,15,20,250,136,4,394,149,77,9,3,242,15,0,15,257,36,6,301,198,35,20,6,267,4,0,10,274,23,12,312,158,43,12,7,224,0,0,0,223,28,6,261,183,47,13,7,254,5,3,9,264,28,14,302,202,61,5,3,271,0,0,5,277,29,13,323,244,67,14,5,333,7,3,8,338,27,13,381,212,47,14,3,277,4,0,0,281,20,3,311,130,33,11,0,178,4,0,7,181,34,3,221,51,22,8,3,77,0,0,0,81,43,4,127,0,7,6,0,19,0,0,0,19,40,0,62,0,4,0,0,3,0,0,0,3,45,4,52,0,0,0,0,0,0,0,0,0,53,3,59,1595,607,126,47,2373,44,29,73,2447,552,93,3091,24,106,4,3,137,10,32,35,171,113,15,299,151,76,8,0,234,11,9,17,251,31,13,290
801071089,11,0,0,0,11,0,0,23,0,0,0,0,0,0,0,0,0,0,0,0,0,0,0,0,4,0,0,0,4,0,0,4,0,0,0,0,0,0,0,0,0,0,0,0,0,0,0,0,0,0,0,0,0,0,0,0,0,0,0,0,0,0,0,0,0,0,0,0,4,0,0,0,4,0,0,0,4,0,0,4,6,0,0,0,5,0,0,0,5,0,0,5,5,0,0,0,8,0,0,0,8,0,0,4,0,0,0,0,0,0,0,0,0,0,0,0,0,0,0,0,0,0,0,0,0,0,0,5,0,0,0,0,0,0,0,0,0,0,0,0,0,4,0,0,3,0,0,0,3,0,0,3,0,0,0,0,0,0,0,0,0,0,0,0,17,8,0,0,22,0,0,0,22,4,0,30,0,0,0,0,0,0,0,0,0,0,0,4,0,4,0,0,0,0,0,0,0,0,0,0
801071090,1892,23,36,63,1957,1145,96,3191,83,172,12,9,273,13,24,41,308,217,14,542,281,140,16,5,445,5,8,20,460,59,14,533,295,63,20,6,389,10,0,13,397,61,17,479,307,116,39,8,467,8,7,10,481,55,18,563,310,109,32,8,457,14,3,15,469,68,9,548,309,90,14,7,416,7,0,3,422,47,11,475,347,85,4,9,447,12,5,13,462,59,20,537,386,107,18,9,516,4,0,4,525,64,14,593,335,115,33,3,487,4,8,7,492,137,12,643,179,114,23,3,318,5,0,6,324,219,14,554,30,41,8,0,81,0,3,3,89,242,15,345,12,4,3,4,16,0,0,0,19,166,5,194,0,3,0,0,3,0,0,0,3,241,19,264,2869,1169,217,56,4314,75,58,137,4450,1647,181,6278,32,185,3,3,220,13,37,45,272,168,9,455,161,126,8,4,300,17,18,38,341,50,15,404
801071132,0,0,0,0,0,0,0,6,0,0,0,0,0,0,0,0,0,0,0,0,0,0,0,0,0,0,0,0,0,0,0,0,0,0,0,0,0,0,0,0,0,0,0,0,0,0,0,0,0,0,0,0,0,0,0,0,0,0,0,0,0,0,0,0,0,0,0,0,0,0,0,0,0,0,0,0,0,0,0,0,0,0,0,0,0,0,0,0,0,0,0,0,0,0,0,0,0,0,0,0,0,0,0,0,0,0,0,0,0,0,0,0,0,0,0,0,0,0,0,0,0,0,0,0,0,0,0,0,0,0,0,0,0,0,0,0,0,0,0,0,0,0,0,0,0,0,0,0,0,0,0,0,0,0,0,0,0,0,0,0,0,0,0,0,0,0,0,0,0,0,0,0,0,5,0,6,0,0,0,0,0,0,0,0,0,0,0,0,0,0,0,0,0,0,0,0,0,3,0,5
801081091,701,3,16,16,718,479,32,1231,18,99,6,3,127,5,9,13,137,82,0,217,63,44,7,6,107,0,6,4,119,15,0,140,63,26,3,0,94,3,0,3,98,3,3,109,57,26,0,0,82,6,0,6,85,10,0,97,94,38,7,0,149,0,0,5,150,12,5,167,105,40,8,0,151,0,0,0,151,13,0,165,149,60,5,0,219,0,0,0,222,8,0,231,149,31,8,0,189,0,0,9,197,16,0,211,96,34,3,0,136,0,0,0,137,42,3,185,73,54,9,3,138,0,0,0,137,101,9,242,27,27,3,0,56,0,0,0,56,132,0,191,6,11,0,0,17,0,0,0,17,102,0,117,4,8,0,0,9,0,0,0,15,140,0,153,907,495,62,15,1482,25,17,37,1523,675,28,2228,12,78,0,0,89,0,10,16,103,76,0,179,50,57,0,3,116,5,7,10,120,12,6,142
801081092,883,13,18,27,908,440,48,1392,12,50,9,3,64,5,9,12,82,88,9,176,71,57,8,6,135,5,4,3,144,28,3,178,92,18,6,4,121,3,0,4,123,8,0,136,125,32,20,0,181,0,0,3,182,18,0,209,157,57,13,5,234,0,3,0,235,27,10,270,169,79,6,3,256,9,0,9,270,26,11,308,144,44,7,0,192,0,5,7,198,15,0,220,136,36,8,0,182,0,0,4,185,21,3,207,92,32,5,0,125,0,0,0,129,37,0,173,62,29,7,0,91,5,0,5,97,91,0,189,22,27,9,0,52,0,0,0,52,99,4,163,0,7,0,0,8,0,0,0,8,90,7,109,0,4,0,0,8,0,0,0,8,136,9,148,1076,482,100,14,1669,28,22,46,1718,698,71,2487,16,69,4,0,92,0,13,11,106,95,10,209,49,48,7,4,95,4,8,9,110,16,6,138
801081093,775,13,12,28,799,462,54,1313,21,53,0,0,73,7,8,9,83,81,9,173,78,41,0,3,124,7,0,7,128,18,0,143,113,20,3,3,141,0,0,3,144,24,3,168,127,37,16,10,194,6,4,5,203,15,0,222,148,51,6,3,210,6,6,6,217,21,6,243,127,25,3,0,165,7,3,11,171,26,0,197,119,43,4,0,167,0,3,7,171,21,4,191,120,29,7,7,156,4,0,3,162,23,0,189,76,42,7,0,126,0,0,0,126,33,0,159,58,34,9,0,103,0,0,0,101,83,5,185,11,23,9,4,47,0,0,3,49,118,5,171,4,10,3,0,16,0,0,0,16,112,8,129,0,0,0,0,0,0,0,0,0,240,28,262,1004,406,82,30,1522,32,29,65,1587,807,63,2451,14,60,3,0,75,0,13,13,86,44,6,137,44,41,0,3,95,4,6,13,106,21,3,128
801081094,739,5,18,23,766,400,41,1205,15,47,0,3,72,6,8,10,79,62,4,150,57,33,0,0,91,0,4,4,98,19,4,123,107,24,13,3,147,5,5,10,153,22,10,183,119,52,15,5,190,0,0,3,195,19,3,211,142,38,12,3,198,5,3,7,197,15,4,219,123,38,11,9,177,0,0,3,186,16,7,209,112,29,7,0,148,0,0,4,152,16,7,172,110,26,13,0,148,0,0,5,150,18,3,169,73,26,12,0,110,0,0,0,110,24,4,132,73,40,3,0,123,0,0,0,120,78,5,206,22,25,3,3,47,0,0,0,52,104,11,167,0,15,3,0,20,0,0,0,20,93,9,110,0,0,0,0,0,0,0,0,0,153,7,157,949,397,87,33,1458,19,25,46,1504,647,62,2209,17,40,0,0,58,0,14,12,67,49,3,121,35,40,5,0,80,5,6,5,91,16,3,107
801081095,814,7,27,31,848,494,57,1402,9,59,0,4,77,0,9,12,85,58,8,157,60,40,3,4,103,10,5,9,117,17,8,143,126,30,8,3,172,7,0,7,175,20,12,205,128,48,23,0,202,3,0,4,207,23,3,234,157,60,10,5,230,0,0,3,236,34,14,274,131,42,11,0,193,3,3,3,200,28,4,230,122,40,11,0,178,10,0,11,186,12,9,206,117,49,8,3,175,0,0,4,171,22,0,199,74,28,10,0,113,0,0,0,113,44,10,167,57,41,10,0,110,0,6,3,112,116,6,234,19,29,0,0,45,0,0,0,51,128,7,190,5,3,0,0,7,0,0,0,7,100,5,113,0,5,0,0,5,0,0,0,5,141,11,154,1007,471,100,23,1606,29,27,59,1659,742,99,2504,12,44,3,0,57,0,13,16,75,69,7,155,50,42,0,5,95,4,3,12,102,17,6,125
801081096,471,7,4,15,488,465,34,981,11,38,3,0,53,3,5,9,64,53,0,117,58,32,3,4,102,0,0,5,108,20,0,128,68,25,9,0,95,0,0,0,98,7,3,106,60,12,12,6,88,0,0,5,93,19,0,107,74,35,8,0,117,4,0,3,124,29,4,157,95,31,8,0,127,0,0,3,136,16,3,157,81,29,0,0,110,0,3,3,116,10,0,123,89,20,6,0,122,0,0,0,122,25,0,147,55,34,10,4,98,0,0,0,102,37,3,138,49,34,7,9,100,0,0,0,101,88,0,186,14,10,4,0,30,0,0,0,30,68,0,95,0,3,0,0,4,0,0,0,4,61,3,74,0,0,0,0,6,0,0,0,6,137,4,140,656,304,70,21,1048,17,17,34,1089,573,28,1685,11,24,4,0,40,0,6,10,48,51,4,104,42,28,4,0,77,5,0,3,83,14,7,105
801081097,672,8,5,15,685,389,45,1117,11,45,0,3,61,3,3,13,68,57,6,134,57,40,3,6,110,0,0,3,115,20,8,138,121,17,4,6,143,0,0,0,144,17,7,170,93,37,15,5,150,4,0,9,157,21,3,178,118,47,11,4,176,3,0,3,181,18,5,212,134,50,3,0,190,0,0,5,192,20,10,232,86,30,3,5,127,0,0,0,127,15,10,145,103,26,3,0,134,0,0,0,132,10,10,156,72,30,0,0,105,0,0,0,105,45,10,156,42,26,0,0,69,0,0,0,71,72,5,144,19,27,0,0,48,0,0,0,48,84,8,138,0,6,0,0,15,0,0,0,15,108,0,121,0,4,0,0,3,0,0,0,3,169,13,189,858,385,56,19,1330,20,14,34,1361,653,94,2116,9,52,0,0,59,0,8,3,71,56,5,127,28,39,3,3,72,8,0,8,73,17,6,92
801081098,967,16,22,37,996,602,92,1692,17,55,3,3,70,4,11,16,86,63,0,151,52,49,0,3,100,3,5,4,108,10,10,130,107,31,13,0,147,0,3,5,151,18,7,175,108,37,11,5,161,0,0,3,164,22,8,188,123,59,14,3,197,7,4,8,202,25,6,240,160,55,5,4,224,0,0,4,230,16,9,254,124,41,9,3,177,0,4,5,180,14,7,194,129,36,4,3,171,0,0,0,172,21,3,196,85,38,0,0,127,5,0,4,134,35,4,170,62,37,12,0,110,0,0,0,114,107,0,224,28,28,6,0,68,0,0,0,68,140,9,216,12,15,0,0,27,0,0,0,28,132,14,172,0,3,0,0,10,0,0,0,10,310,68,384,1005,478,77,29,1589,24,29,45,1636,918,131,2688,9,59,4,0,75,0,7,10,83,87,3,175,42,45,0,3,89,5,4,8,101,27,0,129
801081133,0,0,0,0,0,0,0,0,0,0,0,0,0,0,0,0,0,0,0,3,0,0,0,0,0,0,0,0,0,0,0,0,0,0,0,0,0,0,0,0,0,0,0,0,0,0,0,0,0,0,0,0,0,0,0,0,0,0,0,0,0,0,0,0,0,0,0,0,0,0,0,0,0,0,0,0,0,0,0,0,0,0,0,0,3,0,0,0,3,0,0,3,0,0,0,0,0,0,0,0,0,0,0,0,0,0,0,0,3,0,0,0,3,0,0,3,3,0,0,0,3,0,0,0,3,0,0,3,0,0,0,0,0,0,0,0,0,0,0,0,0,0,0,0,0,0,0,0,0,0,0,0,0,0,0,0,0,0,0,0,0,0,0,0,8,0,0,0,12,0,0,0,12,0,0,12,0,0,0,0,0,0,0,0,0,0,0,0,0,0,0,0,0,0,0,0,0,0,0,0
801091099,757,3,9,15,768,353,37,1154,9,38,6,4,62,5,5,3,69,55,6,131,75,43,3,0,126,3,0,3,133,19,8,161,125,36,4,4,174,0,0,0,176,17,7,202,122,31,16,6,170,3,0,3,177,23,8,209,122,43,10,0,177,0,0,0,183,31,10,214,103,52,5,0,154,4,0,4,160,17,3,182,110,27,3,3,141,9,0,9,147,16,7,167,97,19,4,0,117,6,0,6,126,20,4,147,64,32,4,0,98,0,0,0,96,28,4,129,22,14,0,0,39,0,0,0,40,52,5,91,5,14,4,0,27,0,0,0,27,90,0,119,8,5,0,0,15,0,0,0,15,84,7,103,3,0,0,0,5,0,0,0,5,130,6,144,873,356,58,25,1313,25,8,36,1355,585,70,2005,11,40,4,0,46,3,7,14,60,64,0,118,51,49,0,0,106,9,0,9,109,7,11,128
801091100,1422,16,32,49,1468,817,55,2341,26,118,0,7,146,6,22,26,171,150,7,330,136,85,13,4,240,3,8,15,249,26,4,283,170,29,8,6,212,4,4,3,218,23,5,245,174,47,26,3,249,0,0,5,251,37,3,290,201,80,23,0,298,0,0,0,303,36,10,348,222,95,13,5,332,4,0,4,333,41,14,389,286,81,9,6,387,3,5,6,399,27,9,428,271,78,13,6,364,5,0,0,369,24,11,402,157,59,14,0,224,7,5,10,231,55,4,296,87,62,6,3,151,0,6,5,153,114,0,273,19,21,0,0,44,0,0,0,43,159,9,215,3,13,3,0,21,0,0,0,21,211,16,249,5,9,0,0,13,0,0,0,13,416,23,456,1752,774,123,39,2681,34,46,82,2766,1321,112,4196,9,123,9,0,149,4,16,17,167,147,6,322,93,86,9,3,191,6,6,13,203,52,4,254
801091101,894,6,16,29,920,638,65,1624,15,85,10,0,110,4,17,18,127,113,4,246,94,65,10,0,169,3,8,11,181,18,6,211,86,22,11,4,121,5,0,3,130,7,3,138,78,27,3,3,112,0,0,4,109,18,0,127,112,44,10,0,163,0,0,0,163,21,6,193,153,53,16,4,219,0,0,4,220,8,4,238,173,59,0,0,234,7,0,9,243,19,6,264,193,39,6,6,241,0,0,0,239,10,3,251,106,37,11,0,150,3,0,3,155,36,9,204,64,38,10,0,117,0,4,4,125,75,6,204,28,28,4,0,62,0,5,3,63,124,3,198,6,8,5,0,17,0,0,0,17,116,5,140,0,9,0,0,14,0,0,0,14,320,16,343,1117,506,94,16,1736,29,34,61,1798,892,76,2762,21,96,5,0,120,4,13,19,139,96,3,239,67,61,4,0,135,5,6,10,146,22,8,174
801091102,888,6,15,26,914,568,80,1570,10,64,4,0,78,0,3,3,82,92,3,174,106,63,12,0,178,4,4,6,185,23,0,209,147,21,12,3,178,7,0,8,189,29,3,214,112,23,13,5,148,4,0,4,148,27,3,178,125,34,11,0,169,0,0,0,174,33,7,213,140,43,10,4,195,0,0,0,196,26,5,224,133,36,12,3,179,6,0,4,188,21,4,211,162,31,11,0,200,6,0,4,205,20,7,233,106,32,8,0,147,0,0,0,152,41,8,202,53,23,13,0,86,0,0,0,94,63,3,156,22,17,3,0,46,0,0,4,42,105,4,154,7,15,0,0,25,0,0,0,25,115,15,149,4,3,0,0,6,0,0,0,6,249,69,323,1115,401,101,23,1640,30,17,42,1686,847,123,2652,9,64,0,0,70,0,13,17,90,76,3,168,46,45,3,0,97,0,0,4,101,24,5,135
801091103,788,12,19,27,820,536,53,1404,5,55,7,0,67,0,10,10,78,74,3,158,51,54,5,7,117,3,11,10,133,33,9,176,96,19,4,3,119,5,0,5,122,9,0,133,84,30,9,0,121,0,3,8,122,23,10,155,87,41,10,0,138,0,6,5,143,28,8,180,132,46,17,0,199,0,0,3,202,24,11,236,141,32,3,3,179,0,3,6,183,27,13,222,152,35,9,0,193,0,0,0,193,17,8,221,82,25,20,0,125,0,5,5,129,28,0,160,47,26,3,0,77,0,3,3,76,67,3,153,8,16,0,0,27,0,4,4,26,59,5,91,6,7,0,0,18,0,0,0,20,95,9,120,0,11,0,0,13,0,0,0,13,373,22,403,885,404,83,19,1390,17,37,55,1443,852,106,2398,5,74,5,0,86,0,10,17,94,73,8,179,33,61,3,0,97,3,5,3,101,24,6,133
801091104,566,9,19,30,594,443,27,1062,5,67,4,0,86,0,12,10,91,98,3,191,51,38,5,4,97,6,3,6,103,24,0,136,66,16,3,0,89,0,3,5,96,7,9,107,54,13,4,0,74,0,0,0,74,7,0,83,56,20,6,6,86,0,0,0,89,22,0,106,88,24,3,0,117,0,0,0,122,16,5,140,125,34,11,4,173,0,0,0,176,13,0,187,124,21,9,0,155,6,0,9,167,23,4,190,88,18,4,4,115,5,0,5,121,48,3,171,81,33,7,0,117,0,4,4,118,92,0,218,32,12,4,4,45,0,4,4,50,115,3,171,3,15,0,0,20,0,0,0,20,87,0,115,0,7,0,0,7,0,0,0,7,187,18,214,784,320,58,21,1186,21,25,46,1232,741,50,2024,4,50,0,0,53,0,3,8,60,72,3,138,59,46,0,3,114,3,10,11,124,20,5,144
801091105,856,7,21,32,888,437,54,1382,16,59,0,4,79,0,3,5,83,51,5,146,100,52,0,9,160,5,3,10,173,27,20,210,140,31,9,4,184,5,3,9,192,27,16,237,134,39,14,10,192,7,0,9,194,35,16,244,100,30,7,3,144,3,6,6,150,27,11,190,112,43,6,5,167,6,4,4,174,18,19,205,115,40,4,3,163,9,0,11,174,20,10,204,96,21,4,3,120,0,4,0,128,32,3,162,50,21,9,0,82,0,0,0,81,29,12,116,31,17,4,0,52,0,0,0,58,56,0,113,11,21,0,0,31,0,0,0,34,87,5,130,3,6,0,0,11,0,0,0,11,119,4,127,0,7,0,0,4,0,0,0,4,186,7,200,906,395,53,35,1392,31,21,59,1448,718,118,2290,19,46,0,0,67,5,9,19,83,85,10,176,74,63,5,0,143,5,4,14,152,31,19,200
801091106,899,17,19,29,930,493,47,1478,19,65,9,3,98,3,6,12,110,65,4,183,115,49,6,0,176,7,4,8,182,18,18,217,159,33,4,7,198,8,0,10,212,18,13,251,137,31,7,6,181,4,3,8,191,24,7,216,110,34,6,0,142,3,3,5,148,25,8,177,124,28,4,8,163,4,0,4,169,16,7,192,127,42,0,0,176,4,6,6,184,15,8,211,150,36,18,0,209,3,0,5,214,23,5,242,88,29,10,0,135,0,0,0,137,38,0,171,38,29,0,0,57,6,4,13,70,48,0,121,21,23,0,0,50,0,0,0,50,102,4,159,3,10,0,0,10,0,0,0,10,122,9,141,0,8,3,0,11,0,0,0,16,212,31,257,1101,416,64,38,1613,33,26,64,1679,733,115,2522,10,58,0,0,70,3,9,16,80,83,3,171,76,76,4,0,153,7,3,14,166,52,9,224
801091107,223,5,4,8,233,160,13,405,0,16,4,0,19,0,8,8,28,46,0,70,9,11,0,0,24,0,4,4,28,12,3,41,16,4,0,0,18,0,0,0,21,4,0,29,16,3,0,0,20,0,0,0,25,3,0,33,28,6,0,0,39,0,0,0,39,6,0,41,28,10,3,0,42,0,0,0,42,12,0,56,55,14,4,0,67,0,0,0,67,10,0,77,51,12,0,3,67,0,0,0,67,3,0,75,36,10,0,0,47,6,0,6,50,20,0,66,28,13,0,4,45,0,0,0,44,28,0,67,13,10,0,3,28,0,0,0,28,35,0,59,3,6,0,0,13,0,0,0,13,27,0,39,0,0,0,0,4,0,0,0,4,48,7,56,287,117,20,17,431,8,12,17,452,254,14,718,4,21,0,0,22,0,4,4,26,51,8,81,21,16,4,0,37,0,3,3,42,16,5,64
801091108,683,7,8,13,696,407,34,1139,16,62,4,0,81,0,3,7,87,72,0,154,85,45,3,3,140,4,5,9,138,26,3,169,86,30,8,0,127,0,0,0,134,5,4,137,82,19,7,3,112,0,0,0,110,8,8,134,110,41,11,0,158,3,0,3,162,23,7,189,109,30,6,0,153,0,3,4,153,20,7,182,126,28,8,5,166,0,0,0,170,14,0,179,109,21,9,0,141,0,0,0,140,12,6,155,80,37,6,0,124,0,0,5,128,24,0,148,36,36,4,0,82,0,0,0,77,64,8,155,15,13,4,0,29,0,4,0,36,113,7,147,3,5,0,0,7,0,0,0,7,100,10,114,0,4,0,0,7,0,0,0,7,208,5,223,861,362,78,17,1319,13,18,32,1346,690,60,2104,12,56,4,0,72,4,13,21,90,77,10,180,49,43,4,0,102,9,6,9,111,23,9,143
801091109,1819,27,28,61,1879,439,91,2405,5,19,0,0,24,0,3,4,29,20,0,50,124,47,6,4,184,4,3,5,187,22,9,216,284,48,9,8,346,5,4,7,356,39,10,405,186,39,10,0,233,8,0,9,240,26,20,284,128,26,12,3,175,6,4,5,179,19,15,215,83,25,3,5,114,5,0,9,119,14,5,141,85,15,8,0,108,0,0,8,112,12,6,130,69,9,10,0,79,0,0,0,78,18,4,105,45,5,7,0,61,4,0,5,61,12,6,86,24,14,4,0,40,3,0,3,41,44,0,85,4,5,0,0,19,0,0,0,19,36,0,57,0,6,0,0,8,0,0,0,8,26,0,36,0,0,0,0,3,0,0,0,3,81,0,80,1052,257,65,20,1387,36,21,50,1441,364,82,1884,3,9,0,0,10,0,9,13,25,27,7,57,88,46,7,0,143,6,7,13,152,31,22,207
801091110,603,8,3,14,616,303,36,955,15,48,0,0,67,3,4,10,76,69,9,145,49,35,4,6,82,3,4,10,93,25,0,123,82,20,6,0,106,0,0,0,107,12,8,131,63,21,9,0,88,0,5,8,96,17,5,113,94,33,13,0,142,0,0,0,144,19,7,171,121,43,10,0,169,5,0,5,175,16,3,195,111,39,12,0,156,0,0,5,156,13,3,168,98,22,5,0,132,3,0,3,137,5,0,144,64,11,10,0,89,5,0,5,89,30,9,123,45,21,4,0,70,0,0,4,75,44,3,125,12,18,0,0,28,0,0,0,28,91,0,122,4,7,0,0,15,0,0,0,15,88,0,104,0,6,0,0,6,0,0,0,6,120,9,129,754,317,64,14,1150,25,15,42,1193,548,61,1802,3,78,4,0,83,0,7,10,96,73,3,181,37,42,7,0,87,3,3,5,95,14,0,108
801101134,5,0,0,0,5,0,0,5,0,0,0,0,0,0,0,0,0,0,0,0,0,0,0,0,0,0,0,0,0,0,0,0,0,0,0,0,0,0,0,0,0,0,0,0,0,0,0,0,0,0,0,0,0,0,0,0,0,0,0,0,0,0,0,0,0,0,0,0,0,0,0,0,0,0,0,0,0,0,0,0,0,0,0,0,0,0,0,0,0,0,0,0,0,0,0,0,0,0,0,0,0,0,0,0,0,0,0,0,0,0,0,0,0,0,0,0,0,0,0,0,0,0,0,0,0,0,0,0,0,0,0,0,0,0,0,0,0,0,0,0,0,0,0,0,0,0,0,0,0,0,0,0,0,0,0,0,0,0,0,0,0,0,0,0,0,0,0,0,0,0,0,0,0,0,0,0,0,0,0,0,0,0,0,0,0,0,0,0,0,0,0,0,0,0,0,0,0,0,0,0
801101135,1433,30,32,61,1496,321,67,1887,0,0,0,0,0,0,0,0,0,0,0,0,0,0,0,0,0,0,0,0,0,0,0,0,0,0,0,0,0,0,0,0,0,0,0,0,0,0,0,0,0,0,0,0,0,0,0,0,0,0,0,0,0,0,0,0,0,0,0,0,0,0,0,0,0,0,0,0,0,0,0,0,0,0,0,0,0,0,0,0,0,0,0,0,0,0,0,0,0,0,0,0,0,0,0,0,0,0,0,0,0,0,0,0,0,0,0,0,0,0,0,0,0,0,0,0,0,0,0,0,0,0,0,0,0,0,0,0,0,0,0,0,0,0,0,0,0,0,0,0,0,0,0,0,0,0,0,0,0,0,0,0,0,0,0,0,0,0,0,0,0,0,0,0,0,0,0,0,9,21,0,0,33,0,0,0,38,37,10,78,57,31,5,4,92,0,5,5,92,12,7,113
801101136,806,11,17,24,827,188,36,1055,0,0,0,0,0,0,0,0,0,0,0,0,0,0,0,0,0,0,0,0,0,0,0,0,0,0,0,0,0,0,0,0,0,0,0,0,0,0,0,0,0,0,0,0,0,0,0,0,0,0,0,0,0,0,0,0,0,0,0,0,0,0,0,0,0,0,0,0,0,0,0,0,0,0,0,0,0,0,0,0,0,0,0,0,0,0,0,0,0,0,0,0,0,0,0,0,0,0,0,0,0,0,0,0,0,0,0,0,0,0,0,0,0,0,0,0,0,0,0,0,0,0,0,0,0,0,0,0,0,0,0,0,0,0,0,0,0,0,0,0,0,0,0,0,0,0,0,0,0,0,0,0,0,0,0,0,0,0,0,0,0,0,0,0,0,0,0,0,0,0,0,0,0,0,0,0,0,0,0,0,0,0,0,0,0,0,0,0,0,0,0,0
801101137,0,0,0,0,0,0,0,0,0,0,0,0,0,0,0,0,0,0,0,0,0,0,0,0,0,0,0,0,0,0,0,0,0,0,0,0,0,0,0,0,0,0,0,0,0,0,0,0,0,0,0,0,0,0,0,0,0,0,0,0,0,0,0,0,0,0,0,0,0,0,0,0,0,0,0,0,0,0,0,0,0,0,0,0,0,0,0,0,0,0,0,0,0,0,0,0,0,0,0,0,0,0,0,0,0,0,0,0,0,0,0,0,0,0,0,0,0,0,0,0,0,0,0,0,0,0,0,0,0,0,0,0,0,0,0,0,0,0,0,0,0,0,0,0,0,0,0,0,0,0,0,0,0,0,0,0,0,0,0,0,0,0,0,0,0,0,0,0,0,0,0,0,0,0,0,0,0,0,0,0,0,0,0,0,0,0,0,0,0,0,0,0,0,0,0,0,0,0,0,0
801101139,1227,27,22,47,1279,244,57,1580,0,0,0,0,0,0,0,0,0,0,0,0,0,0,0,0,0,0,0,0,0,0,0,0,0,0,0,0,0,0,0,0,0,0,0,0,0,0,0,0,0,0,0,0,0,0,0,0,0,0,0,0,0,0,0,0,0,0,0,0,0,0,0,0,0,0,0,0,0,0,0,0,0,0,0,0,0,0,0,0,0,0,0,0,0,0,0,0,0,0,0,0,0,0,0,0,0,0,0,0,0,0,0,0,0,0,0,0,3,0,0,0,3,0,0,0,3,0,0,3,0,0,0,0,0,0,0,0,0,0,0,0,0,0,0,0,0,0,0,0,0,0,0,0,0,0,0,0,0,0,0,0,0,0,0,0,7,0,0,0,7,0,0,0,7,0,0,3,12,30,0,0,42,0,0,0,45,31,0,83,131,59,6,0,200,8,4,10,210,17,18,249
801101145,0,0,0,0,0,0,0,0,0,0,0,0,0,0,0,0,0,0,0,0,0,0,0,0,0,0,0,0,0,0,0,0,0,0,0,0,0,0,0,0,0,0,0,0,0,0,0,0,0,0,0,0,0,0,0,0,0,0,0,0,0,0,0,0,0,0,0,0,0,0,0,0,0,0,0,0,0,0,0,0,0,0,0,0,0,0,0,0,0,0,0,0,0,0,0,0,0,0,0,0,0,0,0,0,0,0,0,0,0,0,0,0,0,0,0,0,0,0,0,0,0,0,0,0,0,0,0,0,0,0,0,0,0,0,0,0,0,0,0,0,0,0,0,0,0,0,0,0,0,0,0,0,0,0,0,0,0,0,0,0,0,0,0,0,0,0,0,0,0,0,0,0,0,0,0,0,0,0,0,0,0,0,0,0,0,0,0,0,0,0,0,0,0,0,0,0,0,0,0,0
801101146,0,0,0,0,0,0,0,0,0,0,0,0,0,0,0,0,0,0,0,0,0,0,0,0,0,0,0,0,0,0,0,0,0,0,0,0,0,0,0,0,0,0,0,0,0,0,0,0,0,0,0,0,0,0,0,0,0,0,0,0,0,0,0,0,0,0,0,0,0,0,0,0,0,0,0,0,0,0,0,0,0,0,0,0,0,0,0,0,0,0,0,0,0,0,0,0,0,0,0,0,0,0,0,0,0,0,0,0,0,0,0,0,0,0,0,0,0,0,0,0,0,0,0,0,0,0,0,0,0,0,0,0,0,0,0,0,0,0,0,0,0,0,0,0,0,0,0,0,0,0,0,0,0,0,0,0,0,0,0,0,0,0,0,0,0,0,0,0,0,0,0,0,0,0,0,0,0,0,0,0,0,5,0,5,5,0,0,5,0,0,0,0,0,0,0,0,0,0,0,0
801111140,155,0,0,5,155,43,9,215,6,6,4,0,16,0,0,0,17,9,0,25,33,5,4,0,38,0,0,0,38,4,0,47,25,5,0,0,33,0,0,0,33,5,5,48,15,0,3,0,27,0,0,0,27,3,0,29,19,11,0,0,31,0,0,0,31,4,0,33,37,7,0,0,44,0,0,0,44,5,4,51,25,10,0,0,36,0,0,0,38,0,0,34,16,4,0,0,25,0,0,0,25,3,0,30,10,3,0,0,13,0,0,0,13,3,4,22,5,0,0,0,7,0,0,0,5,0,0,12,6,6,0,0,10,0,0,0,10,3,0,11,0,0,0,0,0,0,0,0,0,0,0,3,0,7,0,0,7,0,0,0,7,3,0,9,196,70,9,5,284,0,0,5,284,58,15,354,9,12,0,0,20,0,0,0,22,14,8,44,14,8,3,0,23,0,0,0,23,7,0,23
801111141,7,0,0,0,7,5,5,20,0,0,0,0,0,0,0,0,0,0,0,3,5,3,0,0,3,0,0,0,3,0,0,3,0,0,0,0,0,0,0,0,0,0,0,0,3,0,0,0,3,0,0,0,3,0,0,3,0,0,0,0,0,0,0,0,0,0,0,0,0,0,0,0,0,0,0,0,0,0,0,0,3,0,0,0,3,0,0,0,3,0,0,5,5,0,0,0,10,0,0,0,10,0,0,10,0,0,0,0,0,0,0,0,0,0,0,0,0,0,0,0,0,0,0,0,0,0,0,0,0,0,0,0,0,0,0,0,0,0,0,0,0,0,0,0,0,0,0,0,0,0,0,3,0,0,0,0,0,0,0,0,0,0,0,0,18,0,0,0,24,0,0,0,24,4,0,30,0,0,0,0,0,0,0,0,0,0,0,0,0,0,0,0,0,0,0,0,0,0,0,0
897979799,0,0,0,0,0,0,0,0,0,0,0,0,0,0,0,0,0,0,0,0,0,0,0,0,0,0,0,0,0,0,0,0,0,0,0,0,0,0,0,0,0,0,0,0,0,0,0,0,0,0,0,0,0,0,0,0,0,0,0,0,0,0,0,0,0,0,0,0,0,0,0,0,0,0,0,0,0,0,0,0,0,0,0,0,0,0,0,0,0,0,0,0,0,0,0,0,0,0,0,0,0,0,0,0,0,0,0,0,0,0,0,0,0,0,0,0,0,0,0,0,0,0,0,0,0,0,0,0,0,0,0,0,0,0,0,0,0,0,0,0,0,0,0,0,0,0,0,0,0,0,0,0,0,0,0,0,0,0,0,0,0,0,0,0,0,0,0,0,0,0,0,0,0,0,0,0,0,0,0,0,0,0,0,0,0,0,0,0,0,0,0,0,0,0,0,0,0,0,0,0
899999499,111,10,3,21,129,88,35,249,4,10,0,0,13,4,11,17,34,23,6,59,19,17,0,0,42,9,4,12,51,22,10,83,34,11,3,0,48,8,0,8,55,24,9,82,35,10,4,0,52,0,0,0,49,13,4,71,28,9,0,0,33,3,4,3,42,17,0,57,21,0,0,0,23,3,0,0,26,20,11,53,9,3,0,0,11,6,0,6,13,7,11,30,17,7,0,0,24,7,0,6,30,11,3,51,10,8,0,0,15,3,0,3,20,17,8,35,4,4,0,0,10,0,0,0,6,12,5,24,0,0,0,0,0,0,0,0,0,11,0,8,0,0,0,0,0,0,0,0,0,8,0,8,0,0,0,0,0,0,0,0,0,6,4,5,174,81,17,5,274,38,18,55,327,186,61,569,0,3,0,0,10,3,3,7,15,12,6,33,18,23,0,0,44,3,3,5,48,17,13,78
