SA2_CODE_2021,C11_70_74_Married_P,C11_70_74_Sep_M,C11_70_74_Sep_F,C11_70_74_Sep_P,C11_70_74_Div_M,C11_70_74_Div_F,C11_70_74_Div_P,C11_70_74_Wid_M,C11_70_74_Wid_F,C11_70_74_Wid_P,C11_70_74_Nvr_marrd_M,C11_70_74_Nvr_marrd_F,C11_70_74_Nvr_marrd_P,C11_70_74_Tot_M,C11_70_74_Tot_F,C11_70_74_Tot_P,C11_75_79_Married_M,C11_75_79_Married_F,C11_75_79_Married_P,C11_75_79_Sep_M,C11_75_79_Sep_F,C11_75_79_Sep_P,C11_75_79_Div_M,C11_75_79_Div_F,C11_75_79_Div_P,C11_75_79_Wid_M,C11_75_79_Wid_F,C11_75_79_Wid_P,C11_75_79_Nvr_marrd_M,C11_75_79_Nvr_marrd_F,C11_75_79_Nvr_marrd_P,C11_75_79_Tot_M,C11_75_79_Tot_F,C11_75_79_Tot_P,C11_80_84_Married_M,C11_80_84_Married_F,C11_80_84_Married_P,C11_80_84_Sep_M,C11_80_84_Sep_F,C11_80_84_Sep_P,C11_80_84_Div_M,C11_80_84_Div_F,C11_80_84_Div_P,C11_80_84_Wid_M,C11_80_84_Wid_F,C11_80_84_Wid_P,C11_80_84_Nvr_marrd_M,C11_80_84_Nvr_marrd_F,C11_80_84_Nvr_marrd_P,C11_80_84_Tot_M,C11_80_84_Tot_F,C11_80_84_Tot_P,C11_85_over_Married_M,C11_85_over_Married_F,C11_85_over_Married_P,C11_85_over_Seprtd_M,C11_85_over_Seprtd_F,C11_85_over_Seprtd_P,C11_85_over_Divorce_M,C11_85_over_Divorce_F,C11_85_over_Divorce_P,C11_85_over_Wid_M,C11_85_over_Wid_F,C11_85_over_Wid_P,C11_85_over_Nvr_mard_M,C11_85_over_Nvr_mard_F,C11_85_over_Nvr_mard_P,C11_85_over_Tot_M,C11_85_over_Tot_F,C11_85_over_Tot_P,C11_Tot_Married_M,C11_Tot_Married_F,C11_Tot_Married_P,C11_Tot_Sep_M,C11_Tot_Sep_F,C11_Tot_Sep_P,C11_Tot_Div_M,C11_Tot_Div_F,C11_Tot_Div_P,C11_Tot_Wid_M,C11_Tot_Wid_F,C11_Tot_Wid_P,C11_Tot_nver_marrie_M,C11_Tot_nver_marrie_F,C11_Tot_nver_marrie_P,C11_Tot_Tot_M,C11_Tot_Tot_F,C11_Tot_Tot_P,C16_15_19_Married_M,C16_15_19_Married_F,C16_15_19_Married_P,C16_15_19_Sep_M,C16_15_19_Sep_F,C16_15_19_Sep_P,C16_15_19_Div_M,C16_15_19_Div_F,C16_15_19_Div_P,C16_15_19_Wid_M,C16_15_19_Wid_F,C16_15_19_Wid_P,C16_15_19_Nvr_marrd_M,C16_15_19_Nvr_marrd_F,C16_15_19_Nvr_marrd_P,C16_15_19_Tot_M,C16_15_19_Tot_F,C16_15_19_Tot_P,C16_20_24_Married_M,C16_20_24_Married_F,C16_20_24_Married_P,C16_20_24_Sep_M,C16_20_24_Sep_F,C16_20_24_Sep_P,C16_20_24_Div_M,C16_20_24_Div_F,C16_20_24_Div_P,C16_20_24_Wid_M,C16_20_24_Wid_F,C16_20_24_Wid_P,C16_20_24_Nvr_marrd_M,C16_20_24_Nvr_marrd_F,C16_20_24_Nvr_marrd_P,C16_20_24_Tot_M,C16_20_24_Tot_F,C16_20_24_Tot_P,C16_25_29_Married_M,C16_25_29_Married_F,C16_25_29_Married_P,C16_25_29_Sep_M,C16_25_29_Sep_F,C16_25_29_Sep_P,C16_25_29_Div_M,C16_25_29_Div_F,C16_25_29_Div_P,C16_25_29_Wid_M,C16_25_29_Wid_F,C16_25_29_Wid_P,C16_25_29_Nvr_marrd_M,C16_25_29_Nvr_marrd_F,C16_25_29_Nvr_marrd_P,C16_25_29_Tot_M,C16_25_29_Tot_F,C16_25_29_Tot_P,C16_30_34_Married_M,C16_30_34_Married_F,C16_30_34_Married_P,C16_30_34_Sep_M,C16_30_34_Sep_F,C16_30_34_Sep_P,C16_30_34_Div_M,C16_30_34_Div_F,C16_30_34_Div_P,C16_30_34_Wid_M,C16_30_34_Wid_F,C16_30_34_Wid_P,C16_30_34_Nvr_marrd_M,C16_30_34_Nvr_marrd_F,C16_30_34_Nvr_marrd_P,C16_30_34_Tot_M,C16_30_34_Tot_F,C16_30_34_Tot_P,C16_35_39_Married_M,C16_35_39_Married_F,C16_35_39_Married_P,C16_35_39_Sep_M,C16_35_39_Sep_F,C16_35_39_Sep_P,C16_35_39_Div_M,C16_35_39_Div_F,C16_35_39_Div_P,C16_35_39_Wid_M,C16_35_39_Wid_F,C16_35_39_Wid_P,C16_35_39_Nvr_marrd_M,C16_35_39_Nvr_marrd_F,C16_35_39_Nvr_marrd_P,C16_35_39_Tot_M,C16_35_39_Tot_F,C16_35_39_Tot_P,C16_40_44_Married_M,C16_40_44_Married_F,C16_40_44_Married_P,C16_40_44_Sep_M,C16_40_44_Sep_F,C16_40_44_Sep_P,C16_40_44_Div_M,C16_40_44_Div_F,C16_40_44_Div_P,C16_40_44_Wid_M,C16_40_44_Wid_F,C16_40_44_Wid_P,C16_40_44_Nvr_marrd_M,C16_40_44_Nvr_marrd_F,C16_40_44_Nvr_marrd_P,C16_40_44_Tot_M,C16_40_44_Tot_F,C16_40_44_Tot_P,C16_45_49_Married_M,C16_45_49_Married_F,C16_45_49_Married_P,C16_45_49_Sep_M
801011001,70,0,0,0,9,9,17,8,8,20,0,0,5,64,52,114,32,23,55,0,0,0,3,4,4,0,11,14,0,0,0,44,34,78,26,19,40,0,0,0,3,0,3,4,23,27,0,0,0,30,41,72,18,14,34,0,0,0,0,0,4,4,32,33,0,0,0,24,48,70,518,518,1037,19,30,41,58,90,148,32,91,121,356,330,682,975,1057,2033,0,0,0,0,0,0,0,0,0,0,0,0,71,69,146,71,69,146,3,5,3,0,0,0,0,0,0,0,0,0,80,53,141,87,59,148,9,13,26,0,0,5,0,0,0,0,0,0,50,35,83,57,50,109,28,33,54,0,4,3,0,0,3,0,0,0,20,13,37,51,55,100,51,65,116,0,3,0,0,0,3,0,0,0,13,14,27,67,86,153,46,57,107,0,4,3,0,3,5,0,0,0,25,23,47,79,92,168,57,62,121,4
801011002,44,8,0,4,6,5,16,3,16,19,4,4,6,45,48,93,28,24,48,0,0,0,3,4,10,7,27,33,0,0,0,41,56,92,21,27,50,0,0,0,3,4,5,8,19,29,4,7,3,36,53,84,23,15,33,0,0,0,0,0,0,16,50,67,0,0,0,37,65,104,636,602,1244,47,38,85,121,152,273,37,143,183,1227,1065,2289,2071,2005,4074,3,0,3,0,0,0,0,0,0,0,0,0,110,134,244,116,139,248,18,25,49,0,4,4,0,0,0,0,0,0,577,643,1220,595,679,1273,124,195,314,0,8,5,0,8,11,0,0,0,478,435,910,600,642,1238,236,242,483,5,5,15,4,14,25,0,7,7,273,195,465,518,466,987,182,112,296,13,17,24,18,17,35,0,0,0,138,103,236,344,249,592,77,57,128,14,7,22,8,27,31,0,0,0,75,53,127,169,145,313,46,25,69,15
801011003,79,0,0,0,6,0,6,0,7,14,0,5,5,44,52,100,31,22,53,0,0,0,5,0,5,0,18,17,0,0,5,34,38,76,19,28,47,0,0,0,3,4,0,4,21,25,0,5,4,30,50,82,24,43,68,0,0,0,0,3,3,13,25,33,6,0,4,41,73,111,926,965,1895,32,41,68,71,97,172,30,84,110,1787,1770,3555,2841,2953,5793,0,0,0,0,0,0,0,0,0,0,0,0,246,268,514,248,269,516,10,23,33,3,3,4,0,0,0,0,0,0,779,807,1583,795,832,1625,95,151,245,0,5,11,5,0,9,0,0,0,462,384,848,569,539,1108,181,181,355,4,7,15,15,13,19,0,0,0,177,152,328,373,354,726,156,135,288,8,0,14,9,9,17,0,0,0,89,65,150,256,214,473,119,95,212,6,6,10,13,9,25,0,3,3,43,40,81,180,154,329,54,71,127,3
801011004,35,3,0,3,6,10,13,4,8,12,0,0,3,35,35,71,14,9,20,0,5,5,4,3,6,0,9,8,0,0,0,16,22,42,7,3,11,0,0,0,0,5,5,0,5,7,0,0,0,13,13,24,3,4,8,0,0,0,0,3,3,0,13,12,0,0,0,9,17,21,477,487,969,48,53,104,84,180,264,25,67,97,512,439,950,1154,1225,2379,0,0,0,0,0,0,0,0,0,0,0,0,88,85,169,86,85,172,9,13,17,0,0,0,0,0,0,0,0,0,101,76,182,107,89,198,19,38,60,0,4,5,0,4,4,0,0,0,103,68,171,130,109,242,61,76,134,0,6,13,3,7,14,0,0,0,57,47,110,126,142,271,71,70,146,10,4,11,3,7,17,0,0,0,41,50,94,131,133,265,53,49,110,0,3,6,6,19,26,0,0,0,36,32,68,94,111,210,50,28,76,3
801011005,84,0,0,6,6,5,16,13,12,26,0,3,5,70,65,131,33,27,54,4,0,4,10,12,17,3,16,17,4,0,4,45,53,105,25,5,26,0,0,0,0,7,7,3,13,13,0,0,0,24,21,50,6,6,18,0,0,0,0,0,0,3,19,20,3,0,3,10,27,42,536,537,1072,32,46,74,98,156,259,29,85,116,449,433,882,1148,1252,2401,0,0,0,0,0,0,0,0,0,0,0,0,70,53,123,72,55,125,0,4,5,0,0,0,0,0,0,0,0,0,75,56,131,74,63,135,12,15,25,0,0,0,0,0,0,0,0,0,57,65,121,65,83,147,24,54,76,0,0,3,3,4,5,0,0,0,36,47,83,67,102,168,67,63,130,0,3,3,5,8,10,0,0,0,33,45,75,105,113,218,68,59,133,8,3,14,9,14,26,0,0,0,33,31,64,117,116,232,55,49,109,5
801011006,82,0,0,0,3,0,4,4,9,17,0,4,4,51,52,111,20,14,30,0,0,0,0,0,5,7,15,23,0,0,0,29,30,55,10,4,17,0,7,7,0,0,0,3,8,14,0,0,0,14,20,38,0,0,0,0,0,0,0,0,0,6,12,12,0,0,0,0,14,15,1436,1452,2885,61,87,148,158,251,408,22,111,130,849,817,1658,2522,2711,5232,0,0,0,0,0,0,0,0,0,0,0,0,260,220,482,260,224,481,9,22,30,0,0,0,0,0,0,0,0,0,199,177,385,205,206,413,59,92,157,3,0,6,0,3,9,0,0,0,136,117,256,202,221,425,158,204,356,0,8,10,4,11,9,0,3,3,95,105,202,259,320,578,235,250,487,8,11,17,6,19,24,0,3,5,58,67,127,311,347,656,225,223,450,4,16,15,12,47,54,6,3,3,63,57,126,308,348,658,196,185,380,6
801011007,74,0,0,4,5,5,11,0,9,9,0,0,0,49,52,99,17,15,37,0,0,0,3,0,5,4,18,21,0,4,8,27,34,60,10,5,21,0,0,0,3,3,3,4,18,25,0,0,0,14,30,50,3,0,4,0,0,0,0,4,4,0,18,21,0,0,0,10,23,28,1113,1111,2221,50,63,115,139,203,344,17,112,129,778,697,1475,2099,2186,4285,0,0,0,0,0,0,0,0,0,0,0,0,169,161,335,169,165,338,8,3,17,0,0,0,0,0,0,0,0,0,163,168,329,173,178,346,22,46,71,0,0,0,0,0,0,0,0,0,130,102,223,157,151,301,97,115,211,3,3,8,0,4,4,0,0,0,86,71,150,184,199,384,123,133,255,8,0,4,7,8,14,0,0,0,75,55,128,205,198,409,133,152,288,7,9,15,18,15,39,0,0,0,44,59,103,207,236,439,122,107,233,7
801011008,72,0,0,0,5,15,14,0,13,18,0,0,3,44,60,106,32,22,55,0,0,0,0,3,9,4,24,31,5,0,5,38,52,88,19,12,39,0,0,0,0,0,0,3,18,20,4,0,4,25,33,61,13,3,21,0,0,0,0,3,3,5,25,24,0,0,0,17,32,50,993,990,1977,50,53,99,119,245,366,25,123,149,814,702,1525,2000,2110,4112,0,0,0,0,0,0,0,0,0,0,0,0,154,143,295,154,143,299,0,11,9,0,0,3,0,0,0,0,0,0,217,141,359,221,152,376,43,54,104,0,4,4,0,0,0,0,0,0,119,96,218,166,162,331,79,90,170,3,3,4,4,5,12,0,0,0,76,66,143,161,169,335,102,111,216,4,7,13,14,13,27,0,0,0,39,44,81,166,172,341,84,108,198,3,13,17,6,16,28,0,0,0,36,25,63,138,169,303,98,85,186,8
801011009,67,0,0,6,4,0,9,4,9,11,0,3,3,46,40,90,29,12,42,0,0,0,0,3,4,0,10,10,0,0,0,28,23,58,6,7,12,0,0,0,0,0,0,0,3,3,5,0,5,7,13,23,9,0,9,0,0,0,0,0,0,4,14,21,0,0,0,11,14,22,790,806,1595,22,40,63,94,128,221,22,69,90,485,402,885,1414,1441,2857,0,0,0,0,0,0,0,0,0,0,0,0,109,100,214,109,100,214,6,0,5,0,0,0,0,0,0,0,0,0,88,81,174,95,83,177,23,29,52,0,3,5,0,0,0,0,0,0,69,61,134,93,92,186,61,68,129,3,8,10,0,3,7,0,0,0,39,40,76,108,115,219,66,78,148,4,0,10,9,3,7,0,5,5,55,37,97,136,128,257,86,83,171,8,9,15,6,13,16,0,0,0,26,23,49,129,128,253,67,77,145,5
801011010,40,0,0,0,0,6,3,0,0,0,0,0,0,23,23,43,16,5,19,0,0,0,4,0,4,3,3,4,0,0,0,18,9,27,5,3,7,0,0,0,0,0,4,0,3,3,0,0,0,6,11,16,4,0,4,0,0,0,0,0,0,0,5,6,0,0,0,3,5,11,470,475,947,19,26,40,58,72,131,11,28,35,296,238,529,849,834,1690,0,0,0,0,0,0,0,0,0,0,0,0,65,62,129,65,62,129,0,3,3,0,0,0,0,0,0,0,0,0,37,52,93,37,57,96,6,13,25,0,0,5,0,0,3,0,0,0,44,32,73,54,46,103,22,40,64,0,0,0,0,3,4,0,0,0,18,14,35,43,56,102,53,46,103,0,8,8,0,3,9,0,0,0,16,10,35,80,70,147,50,58,110,4,0,4,0,10,10,0,0,0,16,13,28,70,77,150,49,44,95,4
801011011,55,0,0,0,8,0,7,3,11,16,0,0,0,45,29,76,19,8,27,0,0,0,0,3,7,0,4,7,0,0,0,19,22,39,11,4,17,0,0,0,0,0,0,0,9,13,0,0,0,13,19,28,0,0,3,0,0,0,0,0,0,3,16,21,0,0,0,8,17,26,676,681,1357,27,38,67,102,134,233,14,69,85,529,446,977,1346,1364,2711,0,0,0,0,0,0,0,0,0,0,0,0,90,65,152,90,65,152,0,6,12,4,0,4,0,0,0,0,0,0,101,95,201,108,104,216,26,36,61,0,3,7,0,0,0,0,0,0,81,91,173,111,130,240,59,68,121,0,4,6,0,3,4,0,0,0,45,46,91,106,120,224,79,91,170,3,3,9,5,3,11,0,0,0,51,43,94,146,142,288,77,72,152,4,8,10,4,14,15,0,0,0,27,30,55,107,119,229,71,57,129,3
801011012,0,0,0,0,0,0,0,0,0,0,0,0,0,0,0,0,0,0,0,0,0,0,0,0,0,0,0,0,0,0,0,0,0,0,0,0,0,0,0,0,0,0,0,0,0,0,0,0,0,0,0,0,0,0,0,0,0,0,0,0,0,0,0,0,0,0,0,0,0,0,0,0,0,0,0,0,0,0,0,0,0,0,0,0,4,0,0,4,0,0,0,0,0,0,0,0,0,0,0,0,0,0,0,0,0,0,0,0,0,0,0,0,0,0,0,0,0,0,0,0,0,0,0,0,0,0,0,0,0,0,0,0,0,0,0,0,0,0,0,0,0,0,0,0,0,0,0,0,0,0,0,0,0,0,0,0,0,0,0,0,0,0,0,0,0,0,0,0,0,0,0,0,0,0,0,0,0,0,0,0,0,0,0,0,0,0,0,0,0,0,0,0,0,0,0,0,0,0,0,0
801011013,100,0,0,0,0,9,13,3,14,15,0,0,0,62,66,126,31,29,62,3,0,0,0,0,3,4,9,16,0,0,0,38,42,78,32,17,47,0,0,0,0,0,0,3,3,5,0,0,0,36,23,51,8,11,14,0,0,0,0,3,3,9,17,21,0,5,5,14,26,39,673,673,1344,29,28,51,61,116,174,17,65,82,433,313,745,1214,1189,2401,0,0,0,0,0,0,0,0,0,0,0,0,95,84,176,95,84,176,8,7,15,0,0,0,0,0,0,0,0,0,108,62,172,116,73,186,21,32,53,5,0,5,0,0,3,0,0,0,68,40,112,92,79,167,50,52,100,0,3,3,0,3,3,0,0,0,37,42,83,88,105,188,46,45,90,4,0,4,9,0,8,0,0,0,26,23,53,78,74,154,79,68,152,5,0,10,8,10,15,0,0,0,32,20,54,123,107,229,66,76,135,6
801011014,65,0,0,0,5,9,19,4,14,21,0,0,3,56,50,105,20,20,44,0,3,3,6,3,7,6,9,9,0,5,5,27,41,60,11,5,15,0,0,0,0,0,4,3,20,15,0,0,0,15,20,35,4,3,4,0,0,0,0,0,0,5,7,8,0,0,0,4,11,19,606,611,1218,30,42,70,102,139,241,20,83,104,445,359,804,1204,1237,2440,0,0,0,0,0,0,0,0,0,0,0,0,82,93,170,82,93,170,3,7,10,0,0,0,0,0,4,0,0,0,84,95,184,94,100,197,19,32,53,0,0,0,0,0,0,0,0,0,78,65,147,100,103,202,58,77,138,3,0,5,9,4,8,0,0,0,56,37,96,121,125,248,73,74,139,0,3,3,6,8,10,0,0,0,30,21,56,106,103,212,64,68,134,4,8,15,13,12,21,0,0,0,42,41,82,125,129,249,63,52,116,3
801011015,85,3,0,5,10,14,28,4,18,28,0,0,0,70,71,138,24,18,45,0,3,3,5,6,14,6,28,40,0,0,0,39,61,98,26,13,32,0,0,0,3,0,7,10,50,57,0,0,0,33,67,100,17,9,27,0,0,0,5,0,9,9,72,81,0,3,3,30,85,117,853,846,1697,66,83,152,155,234,392,45,218,269,715,699,1410,1830,2083,3913,0,0,0,0,0,0,0,0,0,0,0,0,99,125,223,99,125,223,3,11,12,4,0,4,0,0,0,0,0,0,113,119,228,118,130,244,40,71,113,0,4,6,0,0,0,0,0,0,103,97,199,142,174,318,98,108,206,7,9,11,0,12,13,0,0,0,71,73,147,179,199,378,104,98,205,7,15,21,5,16,18,0,0,0,59,46,101,171,178,352,91,93,183,4,14,23,15,16,30,0,0,0,56,62,116,164,187,354,74,75,150,7
801011016,123,3,4,6,3,12,14,6,23,34,6,5,9,95,95,187,34,34,70,3,3,7,3,9,15,13,23,35,0,0,0,55,66,127,33,14,49,0,0,0,0,0,3,10,26,34,0,0,0,43,43,83,12,3,16,0,0,0,3,4,3,3,31,38,0,0,0,19,38,61,1549,1548,3102,71,84,156,176,243,413,53,165,214,1200,975,2171,3046,3010,6060,0,0,0,0,0,0,0,0,0,0,0,0,230,204,434,230,204,434,12,14,23,0,7,7,0,0,0,0,0,0,275,233,513,283,254,538,28,53,84,0,3,11,3,3,6,0,0,0,226,158,385,260,221,478,132,153,287,9,5,12,4,8,13,0,0,0,99,71,172,244,243,484,157,179,334,5,10,15,6,14,25,0,0,0,69,67,142,241,271,513,164,154,324,8,5,17,8,14,23,0,0,0,56,42,102,241,220,461,173,154,326,7
801011017,68,0,0,5,6,13,15,3,12,11,3,3,4,52,58,106,29,17,42,0,0,0,3,6,5,9,13,22,3,0,9,36,38,76,11,12,21,0,0,0,0,0,0,4,7,12,0,0,0,20,17,37,6,6,12,0,0,0,0,0,0,3,9,13,0,0,0,14,13,26,713,709,1420,43,46,92,107,181,286,26,77,102,555,467,1012,1438,1475,2909,0,0,0,0,0,0,0,0,0,0,0,0,117,96,215,117,96,215,0,6,12,0,0,0,0,0,0,0,0,0,91,80,172,91,90,179,24,42,66,0,5,9,0,3,3,0,0,0,87,91,180,110,139,254,71,86,159,5,4,4,0,5,9,0,0,0,59,55,114,139,152,283,94,81,171,5,5,7,4,10,9,0,0,0,49,41,93,152,136,285,92,106,200,10,3,13,14,20,35,0,0,0,34,30,62,146,161,305,82,65,148,3
801011018,0,0,0,0,0,0,0,0,0,0,0,0,0,0,0,0,0,0,0,0,0,0,0,0,0,0,0,0,0,0,0,0,0,0,0,0,0,0,0,0,0,0,0,0,0,0,0,0,0,0,0,0,0,0,0,0,0,0,0,0,0,0,0,0,0,0,0,0,0,0,0,0,0,0,0,0,0,0,0,0,0,0,0,0,0,0,0,0,0,0,0,0,0,0,0,0,0,0,0,0,12,6,13,12,6,13,0,0,0,0,0,0,0,0,0,0,0,0,11,0,13,9,4,11,3,7,8,0,0,0,0,0,0,0,0,0,5,0,4,7,6,9,5,6,7,0,0,3,0,0,0,0,0,0,0,0,4,8,4,7,3,3,10,0,3,3,0,0,0,0,0,0,0,0,0,3,11,14,5,3,4,0,0,0,0,0,0,0,0,0,0,0,0,7,3,8,0,0,4,0
801011019,67,0,3,3,3,0,8,0,15,15,0,0,0,44,46,93,20,8,27,3,0,3,0,0,3,7,7,12,0,0,0,25,17,47,7,7,12,0,0,0,0,0,0,4,8,11,0,0,0,14,10,21,5,0,3,0,0,0,0,0,0,0,10,8,0,0,0,9,8,13,1066,1062,2125,47,74,119,119,172,294,28,79,107,901,799,1699,2152,2189,4342,0,0,0,0,0,0,0,0,0,0,0,0,162,149,315,164,149,315,9,29,38,0,4,4,0,0,0,0,0,0,202,187,382,211,216,430,100,168,271,4,7,6,5,6,7,0,0,0,192,157,343,295,338,635,242,259,499,5,13,15,10,13,23,0,0,0,136,144,283,400,416,816,223,230,452,8,19,24,0,20,30,0,0,0,87,92,182,322,364,685,172,146,319,9,8,13,18,40,55,0,3,3,60,45,101,259,239,495,130,99,229,7
801011020,60,0,3,7,5,5,13,3,12,9,0,3,8,50,48,95,21,17,35,0,0,0,3,7,7,3,13,15,0,0,0,32,28,63,10,6,14,4,0,4,3,7,4,3,18,22,0,0,3,13,29,38,4,0,4,0,0,0,0,0,0,4,23,24,0,0,0,11,21,35,477,465,931,34,28,59,78,99,184,22,91,111,423,413,834,1034,1095,2129,0,0,0,0,0,0,0,0,0,0,0,0,82,70,156,82,70,156,5,3,6,0,0,0,0,0,0,0,0,0,94,87,182,93,94,193,20,38,60,0,4,4,0,0,5,0,0,0,97,62,163,122,105,225,65,66,131,0,8,4,0,5,8,0,0,0,36,33,70,104,110,215,62,76,135,7,5,5,0,11,10,0,0,0,39,32,65,100,118,219,44,56,98,4,6,14,4,5,11,0,0,0,27,29,51,84,88,180,53,55,105,3
801011021,46,0,0,0,3,9,8,0,13,11,0,0,0,26,43,64,20,13,37,0,3,3,5,0,0,0,14,12,0,0,0,26,27,55,14,0,18,0,0,0,0,4,4,0,5,12,0,0,0,14,11,29,0,0,0,0,0,0,0,0,0,0,10,10,0,0,0,0,9,10,627,635,1268,18,34,51,45,111,156,10,53,71,400,327,736,1104,1168,2273,0,0,0,0,0,0,0,0,0,0,0,0,95,82,179,95,84,180,3,6,14,0,0,0,0,0,0,0,0,0,107,93,196,111,94,204,13,20,34,0,3,5,0,0,0,0,0,0,65,42,98,81,64,141,25,44,74,0,0,4,7,0,8,0,0,0,35,21,58,68,69,138,63,69,135,0,0,0,0,4,3,0,0,0,18,21,40,84,96,179,64,64,131,0,0,0,7,4,14,0,0,0,12,21,32,84,97,180,76,72,147,0
801011022,92,0,0,0,8,9,22,0,12,16,0,0,0,61,71,131,31,14,52,0,0,0,3,0,3,3,3,6,0,0,3,44,25,69,10,8,13,0,5,5,0,3,3,8,3,14,0,0,0,17,20,34,12,6,14,0,0,0,0,0,0,6,9,17,0,0,0,13,17,31,675,682,1357,32,40,65,83,128,214,27,75,101,420,405,828,1236,1331,2564,0,0,0,0,0,0,0,0,0,0,0,0,92,95,187,90,92,187,6,7,12,0,0,0,0,0,0,0,0,0,83,58,141,91,62,152,12,28,37,0,0,0,0,0,4,0,0,0,56,61,122,71,97,167,52,70,117,7,8,12,4,4,7,0,0,3,39,43,74,96,121,217,52,55,114,0,3,9,5,8,11,0,0,0,36,26,67,100,98,196,72,88,159,8,9,13,10,5,13,0,0,0,40,27,65,123,130,254,60,54,118,4
801011023,58,0,0,3,6,13,21,0,15,23,0,0,0,36,63,100,29,20,51,0,0,4,7,11,15,6,36,44,5,5,3,45,68,115,31,39,70,0,0,0,0,10,10,6,57,64,0,0,0,42,105,153,32,20,52,0,0,0,4,9,9,21,122,140,3,5,11,62,156,213,493,502,998,19,37,57,79,157,241,41,253,289,430,412,842,1063,1365,2428,0,0,0,0,0,0,0,0,0,0,0,0,51,46,103,51,46,103,0,3,3,0,0,0,0,0,5,0,0,0,101,114,217,108,123,227,23,47,72,0,0,0,0,6,3,0,0,0,73,69,144,95,126,217,66,66,130,0,0,4,0,0,3,0,0,0,60,63,119,129,135,260,71,69,140,0,3,7,7,3,8,0,0,0,39,38,77,116,110,231,40,45,88,3,0,8,10,12,21,0,0,0,30,22,55,85,87,173,57,47,94,0
801011024,62,0,0,0,3,10,12,3,8,14,0,0,0,45,45,91,26,18,44,3,0,4,10,0,10,3,8,10,0,3,3,35,27,65,11,6,21,0,0,0,0,0,4,9,14,27,0,0,0,23,19,49,5,4,7,0,0,0,0,6,6,4,9,16,0,0,0,8,19,27,520,510,1029,38,38,78,84,132,214,26,69,95,481,404,885,1147,1157,2303,0,0,0,0,0,0,0,0,0,0,0,0,72,60,132,76,60,132,0,9,10,0,0,0,0,0,0,0,0,0,122,101,228,126,110,237,26,31,59,3,0,3,4,5,11,0,0,0,86,66,152,119,105,226,63,70,134,0,6,7,0,3,3,0,0,0,75,56,130,140,135,276,68,71,138,9,8,10,3,7,10,0,0,0,40,31,73,118,117,228,58,52,106,6,7,10,6,13,17,0,0,0,31,33,61,94,106,200,61,64,123,5
801011025,59,0,0,0,0,6,4,4,5,8,0,0,0,42,31,72,12,10,21,0,0,0,0,3,3,0,10,16,4,0,3,15,31,45,6,4,14,0,0,0,0,4,4,0,5,0,0,0,0,7,7,22,0,0,0,0,0,0,0,0,0,0,8,13,0,0,0,3,11,9,537,547,1084,13,30,45,54,115,175,14,54,67,344,302,646,967,1050,2015,0,0,0,0,0,0,0,0,0,0,0,0,84,80,165,84,80,165,0,3,3,0,0,0,0,0,0,0,0,0,60,79,140,62,81,146,13,18,30,0,0,0,0,0,0,0,0,0,51,56,108,65,77,137,40,67,105,4,5,9,0,4,3,0,0,0,51,46,91,94,112,210,61,61,118,3,4,4,3,8,10,0,0,0,25,27,49,89,93,181,59,61,121,3,3,5,10,3,15,0,0,0,36,22,58,107,94,201,38,53,92,5
801011026,92,0,6,4,0,5,6,5,13,13,0,0,0,55,61,116,31,23,53,0,0,0,0,0,5,0,13,10,0,3,4,33,44,76,27,16,45,0,0,0,0,0,0,10,16,22,0,0,0,39,31,71,11,3,18,0,0,0,0,0,0,4,8,15,0,0,0,12,18,31,629,636,1266,16,24,41,33,55,88,20,70,87,300,266,567,1009,1048,2053,0,0,0,0,0,0,0,0,0,0,0,0,74,92,166,74,92,166,0,0,4,0,0,0,0,0,0,0,0,0,91,59,153,89,62,152,7,14,27,0,0,0,0,0,0,0,0,0,42,38,81,55,47,103,23,27,53,0,6,6,0,0,3,0,0,0,18,19,35,44,54,93,47,60,102,0,0,4,3,7,7,0,0,0,19,13,35,72,81,150,65,86,148,0,0,6,4,6,11,0,0,0,10,10,24,82,103,184,91,81,177,5
801011111,0,0,0,0,0,0,0,0,0,0,0,0,0,0,0,0,0,0,0,0,0,0,0,0,0,0,0,0,0,0,0,0,0,0,0,0,0,0,0,0,0,0,0,0,0,0,0,0,0,0,0,0,0,0,0,0,0,0,0,0,0,0,0,0,0,0,0,0,0,0,0,0,3,0,0,0,0,3,3,0,0,0,0,0,0,4,8,10,0,0,0,0,0,0,0,0,0,0,0,0,0,0,0,0,0,0,0,0,0,0,0,0,0,0,0,0,0,0,0,0,0,0,0,0,0,0,0,0,0,0,0,0,0,0,0,0,0,0,0,0,0,0,0,0,0,0,0,0,0,0,0,0,0,0,0,0,0,0,0,0,0,0,0,0,0,0,0,0,0,0,0,0,0,0,0,0,0,0,0,0,0,0,0,0,0,0,0,0,0,0,0,0,0,0,0,0,0,0,0,0
801011142,0,0,0,0,0,0,0,0,0,0,0,0,0,0,0,0,0,0,0,0,0,0,0,0,0,0,0,0,0,0,0,0,0,0,0,0,0,0,0,0,0,0,0,0,0,0,0,0,0,0,0,0,0,0,0,0,0,0,0,0,0,0,0,0,0,0,0,0,0,0,0,0,0,0,0,0,0,0,0,0,0,0,0,0,0,0,0,0,0,0,0,0,0,0,0,0,0,0,0,0,0,0,0,0,0,0,0,0,0,0,0,0,0,0,0,0,0,0,0,0,0,0,0,0,0,0,0,0,0,0,0,0,0,0,0,0,0,0,0,0,0,0,0,0,0,0,0,0,0,0,0,0,0,0,0,0,0,0,0,0,0,0,0,0,0,0,0,0,0,0,0,0,0,0,0,0,0,0,0,0,0,0,0,0,0,0,0,0,0,0,0,0,0,0,0,0,0,0,0,0
801011143,0,0,0,0,0,0,0,0,0,0,0,0,0,0,0,0,0,0,0,0,0,0,0,0,0,0,0,0,0,0,0,0,0,0,0,0,0,0,0,0,0,0,0,0,0,0,0,0,0,0,0,0,0,0,0,0,0,0,0,0,0,0,0,0,0,0,0,0,0,0,0,6,7,0,0,0,0,0,0,0,0,0,3,3,5,4,9,14,0,0,0,0,0,0,0,0,0,0,0,0,0,0,0,0,0,0,0,0,0,0,0,0,0,0,0,0,0,0,0,0,0,0,0,0,0,0,0,0,0,0,0,0,0,0,0,0,0,0,0,0,0,0,0,0,0,0,0,0,0,0,0,0,0,0,0,0,0,0,0,0,0,0,0,0,0,0,0,0,0,0,0,0,0,0,0,0,0,0,0,0,0,0,0,0,0,0,0,0,0,0,0,0,0,0,0,0,0,0,0,0
801011144,0,0,0,0,0,0,0,0,0,0,0,0,0,0,0,0,0,0,0,0,0,0,0,0,0,0,0,0,0,0,0,0,0,0,0,0,0,0,0,0,0,0,0,0,0,0,0,0,0,0,0,0,0,0,0,0,0,0,0,0,0,0,0,0,0,0,0,0,0,0,0,0,0,0,0,0,0,0,0,0,0,0,0,0,0,0,0,0,0,0,0,0,0,0,0,0,0,0,0,0,0,0,0,0,0,0,0,0,0,0,0,0,0,0,0,0,0,0,0,0,0,0,0,0,0,0,0,0,0,0,0,0,0,0,0,0,0,0,0,0,0,0,0,0,0,0,0,0,0,0,0,0,0,0,0,0,0,0,0,0,0,0,0,0,0,0,0,0,0,0,0,0,0,0,0,0,0,0,0,0,0,0,0,0,0,0,0,0,0,0,0,0,0,0,0,0,0,0,0,0
801031031,0,0,0,0,0,0,0,0,0,0,0,0,0,0,0,0,0,0,0,0,0,0,0,0,0,0,0,0,0,0,0,0,0,0,0,0,0,0,0,0,0,0,0,0,0,0,0,0,0,0,0,0,0,0,0,0,0,0,0,0,0,0,0,0,0,0,0,0,0,0,80,8,88,4,0,4,7,0,12,0,0,0,192,12,199,286,16,308,0,0,0,0,0,0,0,0,0,0,0,0,9,0,9,9,0,6,15,0,15,0,0,0,0,0,0,0,0,0,46,0,51,61,0,67,13,4,17,0,0,0,5,0,5,0,0,0,55,8,62,70,7,80,27,0,28,0,0,0,0,0,0,0,0,0,42,3,44,79,7,87,23,4,22,0,0,0,0,0,0,0,0,0,31,0,31,58,4,57,25,3,28,4,0,4,0,0,0,0,0,0,22,5,25,47,3,55,7,0,7,6
801031032,0,0,0,0,0,0,0,0,0,0,0,0,0,0,0,0,0,0,0,0,0,0,0,0,0,0,0,0,0,0,0,0,0,0,0,0,0,0,0,0,0,0,0,0,0,0,0,0,0,0,0,0,0,0,0,0,0,0,0,0,0,0,0,0,0,0,0,0,0,0,10,12,18,0,0,0,0,0,0,0,0,0,6,0,12,15,7,28,0,0,0,0,0,0,0,0,0,0,0,0,0,0,0,0,0,0,0,0,0,0,0,0,0,0,0,0,0,0,6,0,6,6,0,6,3,4,8,0,0,0,0,0,0,0,0,0,0,0,0,3,4,8,0,0,0,0,0,0,0,0,0,0,0,0,0,0,0,0,0,0,0,0,0,0,0,0,0,0,0,0,0,0,0,0,0,0,0,0,0,0,0,0,0,0,0,0,0,0,0,0,0,0,0,0,0,0,3,0,0,0
801031113,17,0,0,3,4,9,5,3,7,10,0,0,0,16,16,38,0,4,6,0,0,0,5,4,9,0,4,4,0,0,0,15,9,19,5,0,12,0,0,0,0,5,6,0,0,9,0,0,4,13,11,27,0,0,0,0,0,0,0,0,0,3,0,9,0,0,0,3,0,4,116,103,219,33,24,58,103,51,150,11,29,40,215,94,307,480,302,778,0,0,0,0,0,0,0,0,0,0,0,0,17,9,28,18,9,27,0,0,0,0,0,0,0,0,0,0,0,0,35,21,53,32,21,54,0,3,4,0,3,3,0,0,0,0,0,0,21,25,42,26,25,52,8,9,11,0,3,7,6,0,11,0,0,0,19,12,31,30,18,51,7,5,13,0,0,4,0,3,0,0,0,0,21,4,27,31,15,39,6,7,12,0,0,0,7,0,11,0,0,0,25,9,31,40,15,57,14,14,24,3
801031114,0,0,0,0,0,0,0,0,0,0,0,0,0,0,0,0,0,0,0,0,0,0,0,0,0,0,0,0,0,0,0,0,0,0,0,0,0,0,0,0,0,0,0,0,0,0,0,0,0,0,0,0,0,0,0,0,0,0,0,0,0,0,0,0,0,0,0,0,0,0,14,14,24,0,0,4,9,0,9,0,0,0,12,10,20,36,29,58,0,0,0,0,0,0,0,0,0,0,0,0,0,0,5,0,0,5,0,0,0,0,0,0,0,0,0,0,0,0,4,0,7,4,3,6,0,0,0,0,0,0,0,0,0,0,0,0,0,0,0,4,5,3,9,6,9,0,0,0,0,0,0,0,0,0,3,6,6,8,4,12,0,8,7,6,0,6,0,0,0,0,0,0,0,6,5,0,11,10,0,0,0,0,0,0,0,0,0,0,0,0,0,0,0,0,7,7,4,6,4,0
801031115,4,0,0,0,0,0,0,0,0,0,0,0,0,4,4,10,0,0,5,0,0,0,0,0,0,0,0,0,0,0,0,3,0,4,0,0,0,0,0,0,0,0,0,0,0,0,0,0,0,4,0,4,0,0,4,0,0,0,0,0,0,0,0,0,0,0,0,0,3,0,33,33,71,3,0,3,11,4,16,0,6,8,25,21,44,76,69,142,0,0,0,0,0,0,0,0,0,0,0,0,5,6,18,5,6,19,0,0,0,0,0,0,0,0,0,0,0,0,3,4,6,3,4,6,0,4,4,0,0,0,0,0,0,0,0,0,0,0,3,0,0,4,5,4,10,0,0,0,0,0,0,0,0,0,3,0,4,13,3,12,4,6,5,0,0,0,0,0,0,0,0,0,0,0,0,5,6,11,6,0,3,0,0,0,0,0,0,0,0,0,0,0,0,6,0,10,0,6,7,0
801041034,67,0,0,0,4,3,8,0,11,11,0,0,0,39,52,87,17,11,33,0,6,6,0,0,3,0,8,8,0,0,0,25,22,48,5,0,8,0,0,0,0,0,0,0,8,8,0,0,0,5,12,15,0,0,0,0,0,0,0,0,3,0,4,4,4,0,4,5,5,12,1175,1205,2380,42,62,101,79,169,256,0,66,72,562,554,1116,1867,2057,3925,0,0,0,0,0,0,0,0,0,0,0,0,224,222,446,224,224,444,6,11,14,0,0,0,0,0,0,0,0,0,139,139,278,146,147,299,31,46,80,0,5,3,0,6,3,0,0,0,110,73,177,135,126,265,123,146,266,5,7,10,0,4,9,0,0,0,63,42,106,188,201,390,163,207,368,4,4,5,9,29,33,0,0,0,37,34,69,213,267,476,240,256,495,3,10,7,11,23,36,0,0,0,32,34,70,288,323,611,211,171,379,7
801041035,0,0,0,0,0,0,0,0,0,0,0,0,0,0,0,0,0,0,0,0,0,0,0,0,0,0,0,0,0,0,0,0,0,0,0,0,0,0,0,0,0,0,0,0,0,0,0,0,0,0,0,0,0,0,0,0,0,0,0,0,0,0,0,0,0,0,0,0,0,0,318,317,636,6,14,10,26,25,47,3,3,4,173,190,362,521,543,1065,4,0,0,0,0,0,0,0,0,0,0,0,166,193,356,166,194,362,6,22,27,0,3,3,0,0,0,0,0,0,145,161,303,149,186,335,69,153,224,6,8,7,4,3,7,0,0,0,140,129,265,214,288,501,270,374,640,8,16,27,6,16,20,0,0,0,104,91,191,384,497,884,371,327,698,7,13,16,17,27,42,0,0,0,62,60,122,461,422,884,265,217,482,13,17,34,14,27,38,0,0,4,24,31,50,320,291,605,174,124,301,10
801041036,4,0,0,0,0,0,0,0,0,0,0,0,0,5,3,7,4,0,5,0,0,0,0,0,0,0,0,0,0,0,0,4,0,6,0,0,0,0,0,0,0,0,0,0,0,0,0,0,0,0,0,0,0,0,0,0,0,0,0,0,0,0,0,0,0,0,0,0,0,0,266,270,541,17,16,34,15,34,53,4,8,19,258,253,516,562,590,1157,0,0,0,0,0,0,0,0,0,0,0,0,129,127,259,129,127,259,3,21,33,0,0,0,0,5,5,0,0,0,125,171,302,132,199,332,109,187,300,0,3,5,0,0,0,0,0,0,183,204,386,295,394,695,280,319,604,7,7,13,5,12,16,0,0,0,142,127,267,438,461,905,260,234,492,9,6,14,5,39,45,0,0,0,85,56,141,357,334,686,169,140,307,4,11,15,20,34,48,0,0,0,39,33,71,225,219,444,94,80,177,9
801041037,3,0,0,0,0,0,0,0,0,0,0,0,0,3,0,0,0,0,0,0,0,0,0,0,0,0,0,0,0,0,0,0,0,0,0,0,0,0,0,0,0,0,0,0,0,0,0,0,0,0,0,0,0,0,0,0,0,0,0,0,0,0,0,0,0,0,0,0,0,0,104,99,203,0,4,8,13,15,29,3,7,3,104,112,222,224,237,468,0,0,0,0,0,0,0,0,0,0,0,0,94,74,167,94,74,167,13,23,33,0,0,0,0,0,0,0,0,0,151,136,283,163,166,324,76,126,205,0,0,0,0,0,0,0,0,0,161,140,305,248,264,509,209,292,495,0,8,6,8,0,8,0,0,0,99,87,183,311,380,693,234,175,409,5,4,8,9,16,26,0,0,0,50,42,85,288,239,526,146,121,273,9,5,10,7,23,27,0,0,0,24,14,33,179,166,341,83,81,162,5
801041038,8,0,0,0,3,3,0,0,0,3,0,0,0,8,6,10,3,0,3,0,0,0,0,0,0,0,3,3,0,0,0,3,3,3,0,0,0,0,0,0,0,0,0,0,4,4,0,0,0,0,4,0,0,0,0,0,0,0,0,0,0,0,0,0,0,0,0,0,0,0,520,522,1040,29,18,48,43,62,95,5,20,20,229,213,438,816,826,1643,0,0,0,0,0,0,0,0,0,0,0,0,120,148,267,120,141,265,3,6,16,0,4,4,0,0,0,0,0,0,79,69,152,83,81,162,33,50,81,0,0,0,0,3,3,0,0,0,66,60,129,104,116,222,119,182,301,0,3,6,3,8,10,0,0,0,35,35,68,165,222,386,193,224,420,0,10,13,9,7,21,0,0,0,32,26,58,232,274,513,227,182,405,10,10,16,16,26,38,0,5,5,24,10,38,275,229,500,163,130,286,5
801041039,10,0,0,0,0,0,0,0,0,0,0,0,0,10,3,14,3,0,3,0,0,0,0,0,0,0,0,0,0,0,0,5,3,7,0,0,0,0,0,0,0,0,0,0,0,0,0,0,0,0,5,5,0,0,0,0,0,0,0,0,0,0,0,0,0,0,0,0,0,0,787,793,1583,24,26,49,52,79,130,4,22,25,603,525,1133,1467,1448,2917,0,0,0,0,0,0,0,0,0,0,0,0,157,139,297,160,143,300,9,30,40,0,0,0,0,0,0,0,0,0,294,295,585,304,329,633,118,170,284,4,9,14,8,3,10,0,0,0,293,251,541,414,429,850,268,320,588,8,12,19,13,14,23,0,0,0,149,153,300,436,495,932,285,268,554,12,8,26,6,25,29,0,0,0,78,61,139,387,363,751,233,167,403,5,0,10,24,18,48,0,0,4,30,34,68,305,225,528,132,101,232,6
801041040,26,0,0,0,0,10,10,0,9,9,0,0,0,25,25,41,7,0,10,0,0,0,0,0,0,0,3,4,0,0,0,7,3,12,0,7,7,0,0,0,0,4,4,3,10,12,0,0,0,4,13,19,8,0,11,0,0,0,0,0,0,3,4,7,0,0,0,8,4,16,1045,1060,2107,56,51,111,96,176,277,16,53,66,956,874,1826,2166,2214,4383,0,0,0,0,0,0,0,0,0,0,0,0,181,197,375,183,197,376,10,30,38,0,0,0,0,0,0,0,0,0,344,300,638,348,324,682,80,126,208,0,13,14,0,3,4,0,0,0,237,201,438,319,342,657,182,217,403,0,7,10,9,15,20,0,0,0,137,105,243,332,347,677,200,212,417,9,4,12,20,15,30,0,6,6,61,44,108,289,285,575,198,174,376,11,7,17,22,24,46,0,0,0,26,35,59,262,244,505,157,140,299,10
801041043,8,0,0,0,6,0,0,0,0,0,0,0,0,9,6,16,6,4,6,0,0,0,0,0,0,3,0,3,0,0,0,7,3,14,0,0,0,0,0,0,0,0,0,0,0,0,0,0,0,0,0,0,3,0,3,0,0,0,0,0,0,0,0,0,0,0,0,4,4,3,80,87,168,4,0,6,8,9,14,3,3,3,29,31,62,120,129,256,0,0,0,0,0,0,0,0,0,0,0,0,5,14,17,5,14,17,0,0,0,0,0,0,0,0,0,0,0,0,8,3,13,8,3,13,0,0,0,0,0,0,0,0,0,0,0,0,0,3,7,0,3,7,0,0,0,0,0,0,0,0,0,0,0,0,3,4,6,3,5,7,0,0,0,0,0,0,0,0,0,0,0,0,3,0,4,6,4,11,5,11,21,0,0,0,0,0,0,0,0,0,5,0,3,12,16,22,10,7,13,0
801041044,31,0,0,0,0,3,3,6,0,6,0,0,0,18,16,34,8,3,5,0,0,0,0,0,0,0,0,0,0,0,0,6,0,5,0,0,0,0,0,0,0,0,0,0,0,0,0,0,0,0,3,3,0,0,0,0,0,0,0,0,0,0,5,5,0,0,0,0,5,5,994,995,1989,19,35,57,57,96,155,5,29,36,468,451,918,1551,1598,3148,0,0,0,0,0,0,3,0,3,0,0,0,180,194,379,186,200,381,14,35,53,0,0,0,5,0,5,0,0,0,291,338,632,312,378,691,102,178,280,5,6,3,7,5,9,0,0,0,287,223,509,400,410,805,279,335,609,9,14,23,6,15,28,0,3,3,158,116,273,453,477,928,331,321,657,7,11,21,9,27,36,0,0,3,61,58,123,413,421,836,306,261,572,6,8,17,16,22,40,0,0,0,41,34,77,379,327,706,207,176,376,14
801041045,0,0,0,0,0,0,0,0,0,0,0,0,0,0,0,0,0,0,0,0,0,0,0,0,0,0,0,0,0,0,0,0,0,0,0,0,0,0,0,0,0,0,0,0,0,0,0,0,0,0,0,0,0,0,0,0,0,0,0,0,0,0,0,0,0,0,0,0,0,0,3,0,0,0,0,0,0,0,0,0,0,0,0,0,5,5,3,6,0,0,0,0,0,0,0,0,0,0,0,0,0,0,0,0,0,0,0,0,0,0,0,0,0,0,0,0,0,0,0,0,0,0,0,0,0,0,0,0,0,0,0,0,0,0,0,0,0,0,0,0,0,0,0,0,0,0,0,0,0,0,0,0,0,0,0,0,0,0,0,0,0,0,0,0,0,0,0,0,0,0,0,0,0,0,0,0,0,0,0,0,0,0,0,0,0,0,0,0,0,0,0,0,0,0,0,0,0,0,0,0
801041046,95,6,3,8,4,18,28,7,17,21,0,6,6,68,89,158,28,21,47,0,0,0,8,10,15,3,22,32,0,0,0,40,56,99,22,12,31,0,0,0,0,3,6,5,16,17,0,0,0,28,32,62,12,0,15,0,0,0,0,0,0,4,18,22,0,0,0,20,15,34,1645,1654,3301,105,136,241,222,427,649,31,135,170,1241,1212,2448,3248,3564,6813,0,0,0,0,0,0,0,0,0,0,0,0,324,302,632,324,304,631,12,42,52,0,0,0,0,0,0,0,0,0,342,336,679,355,373,731,173,224,398,5,8,16,5,5,10,0,0,6,330,281,613,507,521,1034,325,358,684,8,18,30,12,32,47,0,3,3,187,173,354,534,589,1116,295,297,593,15,19,32,17,34,50,0,4,4,101,107,205,428,466,890,263,256,524,12,15,23,26,43,65,0,0,0,76,112,185,373,428,802,252,213,460,13
801041047,146,0,0,0,4,6,10,0,12,15,0,0,0,85,84,173,42,31,73,0,0,0,0,5,5,7,19,20,0,0,3,48,54,108,20,3,27,0,0,0,3,0,3,3,9,13,0,0,0,25,18,44,6,5,12,0,0,0,0,0,0,0,14,11,0,0,0,8,16,24,1652,1668,3329,43,70,119,118,172,292,28,97,125,769,711,1487,2616,2727,5343,0,0,0,0,0,0,0,0,0,0,0,0,346,301,645,346,299,645,0,6,10,0,0,0,0,0,0,0,0,0,207,210,415,208,214,427,16,37,53,0,0,0,0,4,3,0,0,0,105,79,188,128,120,247,83,108,188,3,4,10,6,6,3,0,0,0,52,52,106,147,164,313,127,132,259,3,5,9,9,8,14,0,0,0,44,35,78,180,179,361,165,201,367,8,7,18,9,23,37,0,0,0,31,33,62,214,269,481,245,278,520,9
801041048,53,3,0,4,6,4,9,7,11,11,0,0,0,40,44,76,17,9,32,4,4,8,0,4,4,3,11,11,0,4,4,28,29,52,17,4,22,0,0,0,0,0,3,5,15,20,0,0,0,22,28,47,7,0,7,0,0,0,0,0,0,0,17,17,0,0,0,8,17,24,1129,1139,2274,48,71,126,124,220,346,21,90,109,837,817,1652,2164,2345,4506,0,0,0,0,0,0,0,0,0,0,0,0,205,202,411,205,202,411,3,8,15,0,0,0,0,0,0,0,0,0,182,180,360,181,190,375,48,83,136,4,3,3,4,0,4,0,0,0,146,118,265,202,205,404,124,139,265,3,0,7,10,7,12,0,0,0,90,90,180,224,243,468,130,129,261,0,3,10,7,14,21,0,0,0,59,60,121,199,210,406,133,137,268,5,12,14,14,30,40,0,0,0,43,35,85,195,210,402,144,157,294,12
801041116,0,0,0,0,0,0,0,0,0,0,0,0,0,0,0,0,0,0,0,0,0,0,0,0,0,0,0,0,0,0,0,0,0,0,0,0,0,0,0,0,0,0,0,0,0,0,0,0,0,0,0,0,0,0,0,0,0,0,0,0,0,0,0,0,0,0,0,0,0,0,3,0,7,0,0,0,0,0,0,0,0,0,18,0,24,22,8,27,0,0,0,0,0,0,0,0,0,0,0,0,0,0,0,0,0,0,0,0,0,0,0,0,0,0,0,0,0,0,0,0,0,0,0,0,0,0,0,0,0,0,0,0,0,0,0,0,0,0,0,0,0,0,0,0,0,0,0,0,0,0,0,0,0,0,0,0,0,0,0,0,0,0,0,0,0,0,0,0,0,0,0,0,0,0,0,0,0,0,0,0,0,0,0,0,0,0,0,0,0,0,0,0,0,0,0,0,0,0,0,0
801041117,0,0,0,0,0,0,0,0,0,0,0,0,0,0,0,0,0,0,0,0,0,0,0,0,0,0,0,0,0,0,0,0,0,0,0,0,0,0,0,0,0,0,0,0,0,0,0,0,0,0,0,0,0,0,0,0,0,0,0,0,0,0,0,0,0,0,0,0,0,0,0,0,4,0,0,0,0,0,0,0,0,0,0,0,0,3,0,6,0,0,0,0,0,0,0,0,0,0,0,0,0,0,0,0,0,0,0,0,0,0,0,0,0,0,0,0,0,0,0,0,0,0,0,0,0,0,0,0,0,0,0,0,0,0,0,0,0,0,0,0,0,0,0,0,0,0,0,0,0,0,0,0,0,0,0,0,0,0,0,0,0,0,0,0,0,0,0,0,0,0,0,0,0,0,0,0,0,0,0,0,0,0,0,0,0,0,0,0,0,0,0,0,0,0,0,0,0,0,0,0
801041118,0,0,0,0,0,0,0,0,0,0,0,0,0,0,0,0,0,0,0,0,0,0,0,0,0,0,0,0,0,0,0,0,0,0,0,0,0,0,0,0,0,0,0,0,0,0,0,0,0,0,0,0,0,0,0,0,0,0,0,0,0,0,0,0,0,0,0,0,0,0,0,0,0,0,0,0,0,0,0,0,0,0,0,0,0,0,0,0,0,0,0,0,0,0,0,0,0,0,0,0,16,17,30,16,17,30,0,4,3,0,0,0,0,0,0,0,0,0,20,15,35,18,21,43,12,18,29,0,0,0,0,0,0,0,0,0,24,39,62,39,54,97,37,50,85,0,0,0,0,0,0,0,0,0,12,6,17,47,57,103,33,36,68,0,0,0,0,4,4,0,0,0,4,4,6,36,37,78,19,13,30,0,3,3,0,3,7,0,0,0,6,6,8,28,23,51,10,7,19,0
801041119,6,0,0,0,0,0,0,0,0,0,0,0,0,0,0,6,0,0,0,0,0,0,0,0,0,0,0,0,0,0,0,0,0,0,0,0,0,0,0,0,0,0,0,0,0,0,0,0,0,0,0,0,0,0,0,0,0,0,0,0,0,0,0,0,0,0,0,0,0,0,0,0,6,0,0,0,0,0,0,0,0,0,5,0,6,8,0,9,0,0,0,0,0,0,0,0,0,0,0,0,0,0,0,0,0,0,0,0,0,0,0,0,0,0,0,0,0,0,0,0,0,0,0,0,0,0,0,0,0,0,0,0,0,0,0,0,0,0,0,0,0,0,0,0,0,0,0,0,0,0,0,0,0,0,0,0,0,0,0,0,0,0,0,0,0,0,0,0,0,0,0,0,0,0,0,0,0,0,0,0,0,0,0,0,0,0,0,0,0,0,0,0,0,0,0,0,0,0,0,0
801041120,0,0,0,0,0,0,0,0,0,0,0,0,0,0,0,0,0,0,0,0,0,0,0,0,0,0,0,0,0,0,0,0,0,0,0,0,0,0,0,0,0,0,0,0,0,0,0,0,0,0,0,0,0,0,0,0,0,0,0,0,0,0,0,0,0,0,0,0,0,0,0,0,0,0,0,0,0,0,0,0,0,0,0,0,0,0,0,0,0,0,0,0,0,0,0,0,0,0,0,0,0,6,3,0,6,3,0,0,0,0,0,0,0,0,0,0,0,0,0,0,0,0,0,4,4,3,10,0,0,0,0,0,0,0,0,0,7,4,5,5,7,17,8,10,16,0,0,0,0,0,0,0,0,0,4,0,3,11,11,21,4,0,6,0,0,0,0,0,0,0,0,0,0,0,0,4,0,6,6,5,8,0,0,0,0,0,0,0,0,0,0,0,0,6,5,8,4,0,5,0
801041121,0,0,0,0,0,0,0,0,0,0,0,0,0,0,0,0,0,0,0,0,0,0,0,0,0,0,0,0,0,0,0,0,0,0,0,0,0,0,0,0,0,0,0,0,0,0,0,0,0,0,0,0,0,0,0,0,0,0,0,0,0,0,0,0,0,0,0,0,0,0,0,0,0,0,0,0,0,0,0,0,0,0,0,0,0,0,0,0,0,0,0,0,0,0,0,0,0,0,0,0,0,0,0,0,0,0,0,0,0,0,0,0,0,0,0,0,0,0,0,0,0,0,0,0,0,0,0,0,0,0,0,0,0,0,0,0,0,0,0,0,0,0,0,0,0,0,0,0,0,0,0,0,0,0,0,0,0,0,0,0,0,0,0,0,0,0,0,0,0,0,0,0,0,0,0,0,0,0,0,0,0,0,0,0,0,0,0,0,0,0,0,0,0,0,0,0,0,0,0,0
801041122,0,0,0,0,0,0,0,0,0,0,0,0,0,0,0,0,0,0,0,0,0,0,0,0,0,0,0,0,0,0,0,0,0,0,0,0,0,0,0,0,0,0,0,0,0,0,0,0,0,0,0,0,0,0,0,0,0,0,0,0,0,0,0,0,0,0,0,0,0,0,0,0,0,0,0,0,0,0,0,0,0,0,0,0,0,0,0,0,0,0,0,0,0,0,0,0,0,0,0,0,0,0,0,0,0,0,0,0,0,0,0,0,0,0,0,0,0,0,0,0,0,0,0,0,0,0,0,0,0,0,0,0,0,0,0,0,0,0,0,0,0,0,0,0,0,0,0,0,0,0,0,0,0,0,0,0,0,0,0,0,0,0,0,0,0,0,0,0,0,0,0,0,0,0,0,0,0,0,0,0,0,0,0,0,0,0,0,0,0,0,0,0,0,0,0,0,0,0,0,0
801051049,0,0,0,0,0,0,0,0,0,0,0,0,0,0,0,0,0,0,0,0,0,0,0,0,0,0,0,0,0,0,0,0,0,0,0,0,0,0,0,0,0,0,0,0,0,0,0,0,0,0,0,0,0,0,0,0,0,0,0,0,0,0,0,0,0,0,0,0,0,0,83,66,147,9,4,7,7,8,21,0,0,0,910,869,1782,1007,947,1955,0,0,0,0,0,0,0,0,0,0,0,0,288,465,752,292,465,754,0,3,3,0,0,0,0,0,0,0,0,0,409,394,801,412,397,810,10,5,18,0,0,0,0,0,0,0,0,0,155,99,256,166,109,275,18,10,31,0,4,0,3,4,6,0,0,0,43,41,85,66,61,123,19,5,20,0,0,0,0,0,0,0,0,0,14,28,36,27,32,63,10,4,9,0,0,0,0,0,0,0,0,0,6,6,4,13,8,17,4,0,4,0
801051050,73,3,4,9,14,16,25,5,17,21,7,3,9,68,77,143,44,33,80,6,0,7,5,18,25,7,32,46,3,6,12,71,92,163,43,36,82,4,0,4,0,9,12,8,44,57,3,9,6,62,105,165,46,22,64,0,0,0,4,9,7,29,97,134,0,8,8,73,135,211,822,819,1639,63,54,113,153,274,428,64,249,314,873,893,1762,1967,2283,4248,0,0,0,0,0,0,0,0,0,0,0,0,155,157,310,155,157,310,0,0,0,0,0,0,0,0,0,0,0,0,151,186,336,154,190,338,12,22,32,0,0,0,0,0,5,0,0,0,102,131,235,117,161,278,71,90,163,0,0,3,0,6,9,0,0,0,69,81,158,145,188,331,88,95,181,0,9,10,0,12,12,0,0,0,63,73,133,149,182,332,107,120,223,6,9,9,13,7,17,0,4,4,41,52,95,157,188,345,122,131,252,0
801051051,35,3,0,4,8,8,17,0,3,3,0,4,9,33,34,74,9,8,14,6,0,6,0,4,10,0,14,13,6,4,4,15,30,42,12,9,19,5,0,5,0,5,5,0,14,14,4,0,4,14,24,39,11,3,12,0,0,0,0,6,6,4,12,19,0,0,4,14,25,34,522,454,976,45,31,76,131,163,293,6,64,67,1576,1301,2873,2287,2009,4291,0,0,0,0,0,0,0,0,0,0,0,0,166,177,345,166,177,345,15,21,43,0,0,0,0,0,0,0,0,0,423,511,939,440,537,976,64,96,159,0,5,12,5,9,9,0,0,0,528,533,1059,592,641,1237,148,133,284,10,7,17,8,13,21,3,0,4,346,241,591,515,395,908,88,73,163,5,3,12,17,11,29,0,0,0,119,95,212,238,181,414,57,43,100,4,6,11,18,8,25,0,0,0,67,56,118,140,109,252,44,33,83,14
801051053,10,0,0,0,0,0,0,0,0,0,0,0,0,4,11,11,4,5,9,0,0,0,0,0,0,0,4,4,0,0,0,8,5,8,6,6,11,0,0,0,3,0,3,0,3,5,0,0,0,6,6,20,4,0,4,0,0,0,0,0,0,4,0,4,0,0,0,7,0,7,279,247,526,26,21,43,53,48,106,3,11,24,1073,1002,2076,1440,1330,2767,0,0,0,0,0,0,0,0,0,0,0,0,262,357,614,263,357,619,10,10,21,0,3,3,0,0,0,0,0,0,645,754,1394,655,767,1423,45,52,95,0,4,4,6,0,3,0,0,0,334,282,613,386,333,716,61,80,139,5,0,8,3,12,15,0,0,0,170,108,277,236,203,439,51,34,84,5,4,9,4,5,12,0,0,0,72,46,117,134,79,216,25,12,40,6,7,9,6,9,20,0,0,0,38,14,57,77,48,126,30,28,56,9
801051054,46,0,0,0,0,0,0,0,11,16,0,3,5,25,44,70,24,7,34,0,0,0,0,7,10,0,7,5,0,0,0,32,21,54,12,11,21,0,0,0,0,0,0,4,17,21,4,0,4,22,29,46,7,5,17,0,0,4,0,0,0,5,13,20,0,0,3,17,22,38,305,296,607,16,26,40,71,77,149,14,61,72,512,461,970,913,926,1836,0,0,0,0,0,0,0,0,0,0,0,0,60,38,109,60,47,110,3,3,5,0,0,0,0,0,0,0,0,0,140,137,282,141,144,286,17,33,46,0,0,3,0,0,0,0,0,0,120,124,245,140,164,303,41,49,89,0,9,12,0,0,4,0,0,0,63,62,125,113,119,233,43,46,83,0,7,6,5,3,8,0,0,0,32,32,69,84,77,160,36,33,74,3,0,5,0,9,9,0,3,3,24,33,56,69,74,145,37,37,74,4
801051055,67,0,0,0,8,10,11,0,17,17,4,0,5,44,68,108,29,30,52,6,0,6,4,6,16,10,32,37,0,0,5,49,69,114,28,15,44,0,0,0,5,0,0,8,22,25,0,0,0,43,37,81,18,10,23,0,0,0,0,0,3,8,23,34,0,0,0,32,36,66,588,591,1175,38,50,85,91,125,220,36,126,168,681,630,1309,1434,1522,2951,0,0,0,0,0,0,0,0,0,0,0,0,99,84,182,98,84,181,7,9,19,0,0,0,0,0,0,0,0,0,174,161,334,182,169,348,18,37,55,3,5,8,0,0,0,0,0,0,134,125,261,157,167,323,77,88,169,8,6,12,3,0,9,0,0,0,79,55,131,165,155,322,92,95,186,3,8,14,4,4,13,0,0,0,41,51,96,147,159,307,69,78,145,0,3,9,7,10,18,0,0,0,44,47,94,127,141,269,65,58,123,9
801051056,78,0,4,9,10,9,19,3,16,18,6,5,7,55,74,122,39,38,77,0,0,0,9,6,10,9,12,17,6,0,6,57,56,109,31,20,48,0,0,0,0,0,4,5,24,32,0,0,6,43,44,88,14,3,16,0,0,0,0,0,0,10,17,31,0,0,0,27,27,48,546,557,1104,28,29,63,85,103,188,38,97,134,412,459,873,1103,1252,2354,0,0,0,0,0,0,0,0,0,0,0,0,68,64,128,68,64,128,4,5,7,0,0,0,0,0,0,0,0,0,73,83,163,81,92,170,24,20,43,0,0,3,0,0,0,0,0,0,64,58,122,85,78,167,34,56,86,0,0,0,4,3,7,0,0,0,42,36,75,82,89,177,73,74,146,0,0,4,6,7,10,0,0,0,40,27,62,120,110,234,71,72,145,11,5,15,3,4,12,0,0,0,32,34,66,113,116,227,79,85,162,0
801051057,61,3,0,5,8,8,14,5,14,16,3,0,7,41,62,106,37,30,69,0,0,0,3,6,10,11,23,33,3,5,9,60,68,126,26,15,44,5,0,5,0,4,7,4,39,46,0,4,3,39,58,105,26,12,43,0,0,4,0,9,13,17,82,105,3,0,4,56,102,160,699,692,1387,54,65,116,152,193,349,50,199,251,949,937,1891,1905,2089,3998,0,0,0,0,0,0,0,0,0,0,0,0,80,105,182,78,108,188,3,16,20,0,0,0,0,0,0,0,0,0,247,259,504,252,270,520,38,67,102,0,4,8,0,3,3,0,0,0,259,228,485,299,305,605,128,124,256,9,3,13,10,8,23,0,0,0,157,145,303,308,281,588,93,95,187,3,12,14,7,9,16,0,0,0,95,80,175,201,199,396,77,83,161,7,0,13,12,17,30,0,4,4,57,56,112,160,161,319,79,72,151,6
801051058,66,0,0,0,6,22,24,3,9,12,3,5,7,41,66,109,25,31,61,3,0,3,5,8,10,4,28,34,4,6,12,41,76,119,40,22,60,0,0,0,5,0,7,3,23,30,8,0,7,51,54,106,21,14,37,0,0,0,0,8,3,11,42,48,4,0,4,34,67,102,851,839,1697,37,56,96,134,210,343,35,139,175,1023,1020,2049,2084,2273,4353,0,0,0,0,0,0,0,0,0,0,0,0,148,141,285,145,141,286,0,4,4,0,0,0,0,0,0,0,0,0,289,343,638,289,352,642,23,31,62,0,0,0,3,0,5,0,0,0,242,197,445,274,233,510,81,87,171,4,8,8,4,7,12,0,0,0,112,95,208,201,194,397,71,102,178,0,3,4,14,14,25,0,0,0,66,57,126,152,182,332,115,119,231,0,3,3,14,22,33,0,0,0,57,61,121,185,205,392,111,136,239,6
801051060,38,0,3,6,6,11,15,0,8,10,7,0,7,45,39,82,10,13,22,0,0,4,4,3,9,0,10,8,0,3,6,21,25,43,12,6,21,0,0,0,4,5,5,6,13,19,3,0,3,21,22,48,9,9,15,0,0,0,0,3,3,0,18,20,0,0,0,16,19,37,491,472,966,46,36,87,121,141,261,18,56,80,1050,904,1949,1728,1609,3336,0,0,0,0,0,0,0,0,0,0,0,0,43,61,109,43,61,109,5,12,12,0,0,0,0,0,0,0,0,0,314,329,639,322,336,654,54,68,131,0,0,0,0,6,6,0,0,0,324,297,617,384,367,749,98,101,196,7,0,10,3,8,16,0,0,0,209,159,374,319,276,596,88,78,166,0,7,9,7,0,8,0,0,0,82,60,145,177,147,325,46,38,81,4,3,11,12,10,21,0,0,0,56,49,104,120,93,213,38,39,76,0
801051061,89,3,0,3,5,9,23,5,30,31,0,0,6,60,89,147,42,24,67,0,0,0,9,8,15,11,15,32,5,0,3,60,52,114,23,9,31,0,0,0,5,3,13,8,20,30,0,0,3,42,35,83,15,8,20,0,0,0,0,3,7,3,25,23,0,3,3,18,33,54,866,852,1720,47,54,100,141,219,357,34,127,159,966,917,1885,2056,2167,4224,0,0,0,0,0,0,0,0,0,0,0,0,161,138,292,160,138,296,3,16,20,0,0,0,0,0,0,0,0,0,211,187,398,213,209,418,38,75,112,3,0,0,0,0,5,0,0,0,200,198,397,246,279,527,162,159,325,6,9,11,3,3,11,0,0,0,150,141,294,328,311,644,152,160,316,5,6,15,13,10,27,0,0,0,112,114,229,298,293,589,137,144,282,3,13,15,10,21,30,0,0,3,57,60,115,206,241,444,111,99,214,9
801051123,0,0,0,0,0,0,0,0,0,0,0,0,0,0,0,0,0,0,0,0,0,0,0,0,0,0,0,0,0,0,0,0,0,0,0,0,0,0,0,0,0,0,0,0,0,0,0,0,0,0,0,0,0,0,0,0,0,0,0,0,0,0,0,0,0,0,0,0,0,0,0,0,0,0,0,0,0,0,0,0,0,0,0,0,0,0,0,0,0,0,0,0,0,0,0,0,0,0,0,0,0,0,0,0,0,0,0,0,0,0,0,0,0,0,0,0,0,0,0,0,0,0,0,0,0,0,0,0,0,0,0,0,0,0,0,0,0,0,0,0,0,0,0,0,0,0,0,0,0,0,0,0,0,0,0,0,0,0,0,0,0,0,0,0,0,0,0,0,0,0,0,0,0,0,0,0,0,0,0,0,0,0,0,0,0,0,0,0,0,0,0,0,0,0,0,0,0,0,0,0
801051124,57,0,0,4,0,6,10,0,10,15,3,3,5,38,50,88,29,37,63,0,0,0,5,5,7,7,24,30,0,3,3,38,64,100,38,27,65,0,0,0,0,0,3,0,34,36,0,7,7,41,66,105,26,15,38,0,0,0,0,6,6,7,49,56,0,5,5,32,71,108,620,612,1234,40,25,67,91,90,182,30,137,168,655,461,1120,1431,1330,2764,0,0,0,0,0,0,0,0,0,0,0,0,68,67,140,68,67,140,0,3,3,0,0,0,0,0,0,0,0,0,115,137,250,115,142,259,15,28,37,0,0,0,0,0,0,0,0,0,109,85,199,121,116,236,42,32,73,0,3,0,7,3,9,0,0,0,74,40,113,118,82,201,54,55,105,0,0,0,4,5,3,4,0,5,44,19,66,99,81,184,68,80,146,3,3,6,5,7,13,0,0,0,32,25,59,101,120,228,78,77,154,14
801051125,0,0,0,0,0,0,0,0,0,0,0,0,0,0,0,0,0,0,0,0,0,0,0,0,0,0,0,0,0,0,0,0,0,0,0,0,0,0,0,0,0,0,0,0,0,0,0,0,0,0,0,0,0,0,0,0,0,0,0,0,0,0,0,0,0,0,0,0,0,0,131,117,247,3,6,8,0,5,5,0,0,0,1040,281,1327,1179,403,1580,0,0,0,0,0,0,0,0,0,0,0,0,262,118,377,262,121,378,8,5,15,0,0,0,0,0,0,0,0,0,619,169,786,626,179,805,19,21,40,0,0,4,3,0,3,0,0,0,99,46,147,127,72,198,36,29,61,0,0,0,0,0,0,0,0,0,30,6,33,66,32,98,27,25,54,5,0,5,3,0,4,0,0,0,12,0,10,41,26,72,10,15,22,0,0,0,3,0,3,0,0,0,3,0,8,13,17,38,11,8,18,0
801051126,0,0,0,0,0,0,0,0,0,0,0,0,0,0,0,0,0,0,0,0,0,0,0,0,0,0,0,0,0,0,0,0,0,0,0,0,0,0,0,0,0,0,0,0,0,0,0,0,0,0,0,0,0,0,0,0,0,0,0,0,0,0,0,0,0,0,0,0,0,0,0,0,0,0,0,0,0,0,0,0,0,0,0,0,0,0,0,0,0,0,0,0,0,0,0,0,0,0,0,0,0,0,0,0,0,0,0,0,0,0,0,0,0,0,0,0,0,0,0,0,0,0,0,0,0,0,0,0,0,0,0,0,0,0,0,0,0,0,0,0,0,0,0,0,0,0,0,0,0,0,0,0,0,0,0,0,0,0,0,0,0,0,0,0,0,0,0,0,0,0,0,0,0,0,0,0,0,0,0,0,0,0,0,0,0,0,0,0,0,0,0,0,0,0,0,0,0,0,0,0
801051127,21,0,0,0,4,4,7,0,0,0,0,0,5,22,16,36,6,9,17,0,0,0,4,0,4,0,9,12,0,0,5,19,17,41,8,0,8,0,0,0,0,0,0,3,5,5,0,0,0,12,4,20,9,4,8,0,0,0,3,0,0,3,14,16,0,0,0,13,18,32,241,234,480,18,19,38,72,78,150,13,48,60,381,298,680,721,675,1401,0,0,0,0,0,0,0,0,0,0,0,0,34,30,64,34,31,67,6,6,8,0,0,0,0,0,0,0,0,0,95,72,165,93,75,170,7,14,19,0,0,0,0,0,0,0,0,0,107,86,190,114,92,206,25,20,44,4,4,4,3,0,4,0,0,0,31,20,54,67,46,114,19,20,37,0,3,0,4,0,3,0,0,0,33,22,55,62,45,98,14,14,31,0,5,7,0,3,6,0,0,0,25,21,47,49,40,85,17,21,36,3
801051128,0,0,0,0,0,0,0,0,0,0,0,0,0,0,0,0,0,0,0,0,0,0,0,0,0,0,0,0,0,0,0,0,0,0,0,0,0,0,0,0,0,0,0,0,0,0,0,0,0,0,0,0,0,0,0,0,0,0,0,0,0,0,0,0,0,0,0,0,0,0,0,0,0,0,0,0,0,0,0,0,0,0,0,0,0,0,0,0,0,0,0,0,0,0,0,0,0,0,0,0,0,0,0,0,0,0,0,0,0,0,0,0,0,0,0,0,0,0,0,0,0,0,0,0,0,0,0,0,0,0,0,0,0,0,0,0,0,0,0,0,0,0,0,0,0,0,0,0,0,0,0,0,0,0,0,0,0,0,0,0,0,0,0,0,0,0,0,0,0,0,0,0,0,0,0,0,0,0,0,0,0,0,0,0,0,0,0,0,0,0,0,0,0,0,0,0,0,0,0,0
801061062,59,0,0,0,0,8,11,0,14,14,0,6,7,38,51,90,26,19,45,0,0,0,0,5,9,3,23,31,5,0,6,37,49,89,31,31,60,0,0,0,0,9,9,6,38,48,5,0,5,44,84,123,34,16,47,0,0,0,0,0,0,14,64,80,0,3,4,47,91,136,621,625,1245,20,21,41,42,85,126,30,168,198,295,377,672,1010,1282,2288,0,0,0,0,0,0,0,0,0,0,0,0,74,141,216,74,141,216,3,4,3,0,0,0,0,0,0,0,0,0,39,63,100,45,64,109,0,16,21,0,0,0,0,0,0,0,0,0,42,39,79,43,56,104,30,38,70,0,0,0,0,0,0,0,0,0,31,19,46,63,54,119,53,55,115,4,0,3,0,4,6,0,0,5,21,16,37,79,77,157,58,74,133,4,5,11,0,9,12,0,5,5,22,13,38,87,107,193,80,94,176,8
801061063,26,0,0,0,0,0,0,3,7,11,3,0,3,20,17,37,12,13,20,0,0,0,0,0,0,0,5,5,0,0,0,14,15,32,14,14,23,0,0,0,0,0,0,0,10,9,0,0,0,17,20,41,9,3,13,0,0,0,0,0,0,0,13,10,0,0,0,11,15,23,350,334,681,11,17,25,29,40,66,5,40,47,231,206,441,633,628,1266,0,0,0,0,0,0,0,0,0,0,0,0,42,43,89,42,43,89,0,0,0,0,0,0,0,0,0,0,0,0,40,51,90,40,51,90,4,8,18,0,0,0,0,0,0,0,0,0,53,65,119,54,80,138,19,26,43,4,0,4,0,0,3,0,0,0,29,41,68,53,65,118,21,27,47,0,0,0,0,6,3,0,0,0,11,19,28,34,44,81,23,33,56,0,4,3,6,5,8,0,0,3,8,12,23,41,59,97,55,51,104,3
801061064,63,0,3,3,4,3,4,3,17,17,6,0,3,38,58,92,37,22,62,0,0,0,6,8,14,0,18,19,7,5,12,49,53,98,17,18,35,0,0,0,0,0,4,11,19,27,5,4,0,24,41,64,21,10,28,0,0,0,0,0,4,13,37,48,0,4,3,35,46,82,726,716,1442,37,40,82,122,144,263,37,115,153,816,639,1456,1743,1654,3391,0,0,0,0,0,0,0,0,0,0,0,0,107,92,201,109,98,206,0,3,3,0,0,0,0,0,0,0,0,0,134,119,254,136,120,255,33,42,81,0,0,0,0,4,5,0,0,0,180,213,388,216,261,473,73,77,146,0,0,0,0,0,9,0,0,0,120,101,216,191,183,369,74,81,160,5,3,5,3,12,19,0,0,0,48,51,102,138,152,288,91,100,188,3,12,12,5,15,20,0,4,4,47,44,97,148,172,322,104,110,218,8
801061066,0,0,0,0,0,0,0,0,0,0,0,0,0,0,0,0,0,0,0,0,0,0,0,0,0,0,0,0,0,0,0,0,0,0,0,0,0,0,0,0,0,0,0,0,0,0,0,0,0,0,0,0,0,0,0,0,0,0,0,0,0,0,0,0,0,0,0,0,0,0,0,0,0,0,0,0,0,0,0,0,0,0,0,0,0,0,0,0,0,0,0,0,0,0,0,0,0,0,0,0,0,0,0,0,0,0,0,0,0,0,0,0,0,0,0,0,0,0,0,0,0,0,0,0,0,0,0,0,0,0,0,0,0,0,0,0,0,0,0,0,0,0,0,0,0,0,0,0,0,0,0,0,0,0,0,0,0,0,0,0,0,0,0,0,0,0,0,0,0,0,0,0,0,0,0,0,0,0,0,0,0,0,0,0,0,0,0,0,0,0,0,0,0,0,0,0,0,0,0,0
801061067,76,0,0,3,8,16,26,8,26,34,6,3,11,66,83,154,34,33,69,0,0,0,3,10,11,3,44,53,4,3,4,55,85,137,31,19,48,0,0,0,3,6,8,16,54,71,3,3,8,53,85,135,33,19,51,3,0,4,6,0,3,30,153,181,5,8,13,69,181,255,948,910,1856,65,73,133,173,275,450,68,309,381,947,905,1851,2194,2479,4672,0,0,0,0,0,0,0,0,0,0,0,0,198,158,357,198,163,362,3,7,6,0,0,0,0,0,0,0,0,0,136,131,267,141,141,274,26,51,79,0,0,9,0,0,0,0,0,0,128,134,261,156,193,348,101,113,217,3,9,16,8,11,19,0,0,0,91,89,180,203,225,432,107,134,238,4,9,12,9,11,22,0,0,0,64,68,139,190,227,414,137,141,279,9,8,18,10,31,35,0,4,4,53,63,120,211,245,453,117,120,239,12
801061068,0,0,0,0,0,0,0,0,0,0,0,0,0,0,0,0,0,0,0,0,0,0,0,0,0,0,0,0,0,0,0,0,0,0,0,0,0,0,0,0,0,0,0,0,0,0,0,0,0,0,0,0,0,0,0,0,0,0,0,0,0,0,0,0,0,0,0,0,0,0,0,0,0,0,0,0,0,0,0,0,0,0,0,0,0,0,0,0,0,0,0,0,0,0,0,0,0,0,0,0,0,0,0,0,0,0,0,0,0,0,0,0,0,0,0,0,0,0,0,0,0,0,0,0,0,0,0,0,0,0,0,0,0,0,0,0,0,0,0,0,0,0,0,0,0,0,0,0,0,0,0,0,0,0,0,0,0,0,0,0,0,0,0,0,0,0,0,0,0,0,0,0,0,0,0,0,0,0,0,0,0,0,0,0,0,0,0,0,0,0,0,0,0,0,0,0,0,0,0,0
801061069,54,0,0,0,3,5,13,3,12,13,3,5,5,45,44,93,26,12,43,0,0,0,4,7,7,3,20,22,3,0,5,34,42,83,26,19,43,0,0,0,0,4,4,8,34,36,4,4,6,34,63,101,24,12,43,0,0,0,0,6,8,20,92,106,0,0,0,47,109,157,642,641,1282,21,33,53,86,114,199,46,168,216,529,359,889,1321,1312,2639,0,0,0,0,0,0,0,0,0,0,0,0,180,102,280,181,102,281,3,0,0,0,0,0,0,0,0,0,0,0,96,70,170,97,75,173,4,14,22,0,0,0,4,0,0,0,0,0,62,55,116,75,70,140,21,40,58,0,0,6,0,3,3,0,0,0,42,21,63,57,74,132,40,55,99,8,0,6,3,3,3,0,0,0,26,21,44,82,79,161,69,79,146,0,4,7,3,17,19,0,0,0,22,21,39,94,114,211,93,86,183,9
801061070,90,0,0,0,3,10,11,3,14,13,6,0,4,53,67,126,35,25,54,0,0,0,7,0,5,5,15,17,0,0,0,41,45,82,28,24,56,0,0,0,0,5,5,5,29,31,3,3,0,41,55,97,20,10,29,0,0,0,0,0,3,4,37,42,0,0,0,27,42,71,678,678,1350,22,27,54,60,120,184,24,119,140,400,343,745,1183,1282,2468,0,0,0,0,0,0,0,0,0,0,0,0,79,85,164,79,85,164,0,0,0,0,0,0,0,0,0,0,0,0,65,60,124,65,62,126,7,16,24,0,0,0,0,0,0,0,0,0,54,45,100,62,62,127,24,31,53,0,3,3,0,0,0,0,0,0,26,16,41,47,49,99,38,61,102,3,0,3,3,4,3,0,0,0,20,18,38,62,84,143,59,54,116,0,0,4,3,3,11,0,0,0,18,18,36,91,76,167,71,81,154,0
801061129,21,0,0,0,5,3,4,0,0,0,0,0,0,10,19,28,9,3,6,0,0,0,3,0,4,0,3,4,0,0,0,7,5,12,7,3,8,0,0,0,0,0,0,0,4,4,0,0,0,7,9,14,0,0,0,0,0,0,0,0,0,0,3,3,0,0,0,0,3,3,230,213,441,15,6,24,36,57,92,0,23,26,263,247,510,545,547,1091,0,0,0,0,0,0,0,0,0,0,0,0,16,20,30,16,20,30,0,0,0,0,0,0,0,0,0,0,0,0,44,36,75,44,35,77,9,15,25,0,0,4,0,0,0,0,0,0,80,90,176,94,108,201,34,34,73,4,3,8,0,4,8,0,0,0,70,55,121,109,89,201,33,32,63,3,0,6,3,3,5,0,0,0,46,31,69,77,64,142,18,27,51,6,0,6,0,6,7,0,0,0,19,18,38,44,49,95,25,27,52,0
801061130,0,0,0,0,0,0,0,0,0,0,0,0,0,0,0,0,0,0,0,0,0,0,0,0,0,0,0,0,0,0,0,0,0,0,0,0,0,0,0,0,0,0,0,0,0,0,0,0,0,0,0,0,0,0,0,0,0,0,0,0,0,0,0,0,0,0,0,0,0,0,7,0,8,0,0,0,5,0,6,0,0,0,20,6,23,29,9,34,0,0,0,0,0,0,0,0,0,0,0,0,0,0,3,0,0,3,0,0,0,0,0,0,0,0,0,0,0,0,0,0,0,0,0,0,0,0,0,0,0,0,0,0,0,0,0,0,7,0,7,7,0,7,0,0,0,0,0,0,0,0,0,0,0,0,0,0,0,0,0,0,0,0,0,0,0,0,0,0,0,0,0,0,4,0,4,3,0,7,0,0,0,3,0,3,0,0,3,0,0,0,4,0,4,7,0,8,0,0,0,0
801061131,30,0,0,0,0,5,7,0,6,13,0,0,0,23,24,43,9,3,11,0,0,0,0,6,8,0,11,10,0,0,0,5,16,25,10,0,9,0,0,0,0,0,0,4,17,16,0,0,0,14,22,31,5,0,9,0,0,0,0,3,8,8,26,34,0,4,4,14,28,47,457,433,895,37,32,66,86,128,216,21,75,97,731,756,1485,1338,1419,2759,0,0,0,0,0,0,0,0,0,0,0,0,54,47,104,54,49,102,3,13,16,0,0,0,0,0,0,0,0,0,143,159,300,150,162,311,54,65,114,0,0,0,3,0,7,0,0,0,376,406,782,435,477,914,109,125,235,0,9,14,8,8,14,0,0,0,232,218,449,355,357,710,76,66,148,8,6,18,17,11,29,0,0,0,98,113,209,202,196,399,67,52,122,12,5,20,18,12,25,5,0,5,44,48,95,148,118,265,64,48,112,14
801071071,41,0,0,0,0,0,6,0,11,14,0,0,0,31,35,65,14,9,19,0,0,0,4,0,7,6,9,11,0,0,0,18,18,43,8,3,10,0,0,0,0,0,0,3,3,11,0,0,0,7,14,27,3,4,8,0,0,0,0,0,0,3,11,10,0,0,0,9,13,20,944,947,1889,42,65,108,144,220,367,19,67,89,668,649,1319,1822,1952,3767,0,0,0,0,0,0,0,0,0,0,0,0,191,210,401,191,210,401,5,8,14,3,0,5,0,0,0,0,0,0,151,157,307,155,164,321,53,78,131,4,6,9,5,3,4,0,0,0,104,110,221,161,195,359,106,133,240,6,4,3,8,3,9,0,0,0,76,70,147,196,219,411,121,126,249,5,4,10,7,20,22,0,0,4,41,52,93,168,211,375,136,139,277,10,10,22,10,27,36,0,0,3,43,45,90,201,220,419,117,127,245,8
801071072,46,0,0,0,8,7,13,0,10,12,0,0,0,28,37,73,11,12,23,0,0,0,0,3,4,0,14,14,0,0,0,12,26,41,11,3,16,0,0,0,0,0,0,3,4,8,0,0,0,10,14,27,3,0,3,0,0,0,0,0,0,6,11,15,0,0,0,8,12,19,708,718,1426,41,66,105,120,196,313,15,75,93,594,537,1133,1478,1587,3066,0,0,0,0,0,0,0,0,0,0,0,0,131,129,261,131,129,261,0,8,9,0,0,0,0,0,0,0,0,0,145,116,261,148,126,276,27,51,83,0,0,3,0,0,3,0,0,0,128,73,204,156,129,289,68,81,150,4,6,6,5,8,13,0,0,0,50,44,92,122,133,256,92,80,168,3,10,17,3,9,11,0,0,0,38,24,67,135,131,264,66,85,152,6,10,17,9,12,22,0,5,5,28,33,66,114,145,263,91,90,185,7
801071073,49,0,0,0,4,10,9,6,12,15,0,0,0,29,48,78,21,12,30,0,0,0,0,3,3,3,11,23,0,0,0,30,31,61,12,8,25,0,0,3,0,3,3,3,9,14,0,0,0,19,24,44,3,0,8,0,0,0,0,0,3,3,13,12,0,0,0,7,16,28,1122,1134,2252,69,103,172,152,243,397,24,77,99,860,814,1673,2219,2372,4592,0,0,0,0,0,0,0,0,0,0,0,0,215,222,436,211,221,435,3,6,16,0,0,0,0,0,0,0,0,0,212,209,421,216,220,436,43,66,108,0,9,8,0,4,9,0,0,0,143,118,261,191,196,389,109,114,220,0,8,8,5,3,11,0,0,0,89,60,153,210,189,397,91,116,204,11,0,12,12,17,30,0,0,3,51,53,103,162,192,355,121,125,247,3,16,17,12,24,37,0,0,0,45,35,78,175,199,374,142,156,306,5
801071074,55,0,0,0,5,8,9,8,10,17,3,4,6,42,33,79,8,12,25,0,0,0,5,5,3,0,15,15,0,0,0,14,31,41,10,3,17,0,0,0,0,0,0,0,17,23,0,0,0,19,22,37,3,5,9,0,0,0,0,0,0,0,12,15,0,0,0,11,16,21,988,998,1983,54,65,122,137,222,360,21,92,118,799,747,1543,2000,2126,4131,0,0,0,0,0,0,0,0,0,0,0,0,218,169,386,218,169,386,3,9,13,0,4,0,0,0,0,0,0,0,165,164,330,169,173,346,48,69,118,3,3,9,0,0,0,0,0,0,169,106,272,222,177,398,93,106,198,10,7,12,3,5,5,3,0,4,73,51,130,174,173,352,95,105,200,4,9,11,8,10,16,0,0,0,36,45,80,146,160,300,113,102,215,8,7,19,7,24,37,3,0,3,36,36,69,176,166,348,94,107,203,9
801071075,48,4,5,7,5,8,11,5,11,15,0,0,0,43,38,82,17,19,35,0,0,0,0,3,4,0,16,15,0,0,0,20,44,64,14,0,17,0,0,0,0,3,3,0,12,14,0,0,0,16,20,31,9,5,11,0,0,0,0,0,0,0,6,6,0,0,0,6,14,20,1058,1060,2113,54,88,139,115,192,309,21,82,99,747,656,1400,1995,2071,4059,0,0,0,0,0,0,0,0,0,0,0,0,228,228,458,228,228,458,0,8,8,0,0,0,0,0,0,0,0,0,196,175,370,196,183,380,34,51,85,0,3,3,0,0,0,0,0,0,107,97,200,141,152,297,80,98,183,3,6,7,10,11,15,0,0,0,58,52,106,147,165,318,88,96,192,0,3,6,0,9,16,0,0,0,33,44,81,130,156,291,130,125,249,0,3,6,18,21,30,0,5,5,32,27,60,179,175,350,151,205,359,9
801071076,54,0,0,0,3,0,3,0,4,4,0,0,0,34,30,63,19,13,32,0,0,0,0,0,0,0,10,9,0,0,0,22,22,49,13,0,10,0,0,0,0,0,0,0,4,4,0,0,0,14,10,23,5,4,11,0,0,0,0,0,0,3,9,11,0,0,0,9,16,27,774,777,1550,21,25,46,77,83,165,12,47,60,392,340,729,1267,1272,2545,0,0,0,0,0,0,0,0,0,0,0,0,113,107,223,113,109,221,0,0,0,0,0,0,0,0,0,0,0,0,97,58,154,97,58,155,8,14,17,0,3,3,0,0,0,0,0,0,55,35,89,61,52,109,28,35,56,0,0,0,0,4,3,0,0,0,26,17,46,54,54,108,69,79,149,0,4,3,0,9,9,0,0,0,14,7,30,92,98,187,68,81,149,0,3,0,9,3,15,0,0,0,13,15,30,86,103,189,75,90,160,0
801071077,13,0,0,0,0,0,0,0,4,4,0,0,0,5,9,20,7,7,16,0,0,0,0,0,0,4,14,17,0,0,0,14,22,33,6,4,8,0,0,0,3,0,3,0,4,8,0,0,0,15,13,22,3,0,3,0,0,0,0,0,0,0,5,5,0,0,0,3,6,7,522,520,1046,31,45,81,69,115,185,15,50,69,454,388,848,1095,1125,2227,0,0,0,0,0,0,0,0,0,0,0,0,91,84,180,91,84,180,0,3,4,0,0,0,0,0,0,0,0,0,100,76,177,103,83,185,23,32,48,6,0,4,0,0,0,0,0,0,74,69,148,98,100,196,56,64,119,6,9,18,3,0,3,0,0,0,38,36,79,103,110,215,56,59,114,0,4,11,5,11,19,0,0,0,32,25,57,99,101,200,54,58,114,0,6,4,3,11,11,0,0,0,22,17,42,82,96,176,48,58,107,0
801071078,88,3,4,6,8,15,26,3,25,30,0,0,3,73,80,154,34,32,67,0,7,3,7,3,8,3,20,26,0,0,0,45,55,100,12,15,23,0,0,0,5,0,7,3,18,17,0,0,0,20,32,51,10,4,18,0,0,0,5,0,6,7,16,16,0,0,0,24,18,44,1524,1523,3042,82,113,186,183,351,535,33,119,153,1075,1096,2166,2885,3202,6088,0,0,0,0,0,0,0,0,0,0,0,0,288,299,585,288,299,587,0,8,10,0,0,0,0,0,0,0,0,0,288,307,601,294,327,621,65,91,152,0,4,4,0,0,0,0,3,3,178,137,318,247,232,479,127,163,287,8,10,20,11,13,25,0,0,0,75,95,172,224,285,503,135,135,266,3,15,14,10,12,20,0,0,0,56,68,128,205,226,431,175,172,345,8,14,23,23,38,62,0,0,0,58,65,126,263,289,551,192,221,418,15
801071079,51,0,4,4,0,7,7,0,11,16,0,0,0,25,43,69,18,18,31,0,0,0,0,4,0,0,5,9,0,0,0,19,30,53,8,3,9,0,0,0,0,0,0,3,9,12,0,0,0,12,11,27,0,3,8,0,0,0,0,0,0,0,11,12,0,0,0,7,16,16,662,663,1327,28,45,75,82,140,223,17,66,82,410,373,781,1199,1287,2486,0,0,0,0,0,0,0,0,0,0,0,0,90,105,191,90,104,195,0,5,6,0,0,4,0,0,0,0,0,0,90,87,172,86,94,184,13,26,38,0,3,5,0,0,0,0,0,0,80,61,141,94,91,187,55,64,118,0,3,3,3,6,10,0,0,0,40,39,80,100,111,207,60,77,132,0,4,5,0,3,10,0,0,0,25,22,47,90,106,197,62,50,103,3,0,6,3,6,10,0,0,0,22,18,36,85,75,163,66,73,137,3
801071080,29,0,0,0,0,6,7,0,13,13,0,0,3,21,32,53,14,9,26,0,0,0,0,0,0,0,15,15,0,0,0,13,24,37,3,6,15,0,0,0,0,0,0,0,7,14,0,0,0,7,15,23,9,5,7,0,0,0,0,0,0,0,4,9,0,0,0,7,6,15,254,251,501,36,23,56,50,109,158,9,61,68,265,233,502,616,677,1289,0,0,0,0,0,0,0,0,0,0,0,0,36,35,67,36,35,67,0,7,7,0,0,0,0,0,0,0,0,0,60,64,122,62,72,131,24,53,73,0,0,0,0,0,0,0,0,0,89,59,145,113,111,221,78,77,159,0,0,0,0,0,0,0,0,0,49,37,83,129,114,244,59,29,92,7,4,4,13,8,14,0,0,0,26,17,46,99,60,157,15,23,43,4,5,9,12,9,16,0,0,0,25,25,44,56,55,110,24,18,44,0
801071081,48,0,0,0,3,7,7,0,12,12,0,0,0,28,37,65,11,12,29,0,0,0,4,3,9,3,9,12,0,0,3,21,27,51,8,7,15,0,0,0,0,0,0,0,8,13,0,0,0,10,21,33,3,0,5,0,0,0,0,0,0,0,14,14,0,0,0,6,11,19,807,819,1625,49,62,108,127,185,309,12,79,93,652,589,1242,1649,1728,3379,0,5,5,0,0,0,0,0,0,0,0,0,127,126,257,127,134,263,8,13,20,0,0,0,0,0,0,0,0,0,153,119,279,156,132,292,38,56,96,0,6,8,0,3,4,0,0,0,108,97,207,144,170,315,102,124,230,0,6,3,8,5,12,0,0,0,71,59,125,184,198,378,98,96,191,9,11,23,14,16,21,0,0,0,34,23,59,150,144,298,92,92,187,9,9,23,6,18,26,0,0,0,34,34,69,144,160,300,72,81,155,11
801071082,275,5,0,3,27,37,64,10,48,55,3,12,10,197,214,413,86,65,147,3,3,8,13,16,29,11,31,43,3,3,6,112,120,234,40,19,56,0,0,0,3,10,14,6,57,61,0,0,0,52,83,134,18,13,24,0,0,0,0,6,6,14,43,60,4,0,5,36,62,99,3122,3131,6249,154,193,348,453,729,1185,93,309,403,2336,1953,4291,6155,6320,12475,0,0,3,0,0,0,0,0,0,5,0,5,460,475,932,464,478,939,3,11,13,4,0,4,0,0,0,0,0,0,406,366,765,404,376,784,76,114,190,3,11,12,7,3,10,0,0,0,323,257,575,403,385,789,214,278,500,6,4,15,9,13,21,0,0,3,211,157,370,447,466,910,280,313,600,11,17,30,28,29,54,0,0,0,155,154,316,478,519,998,334,331,665,18,29,44,35,42,80,0,6,6,152,144,299,539,561,1095,302,303,604,17
801071083,10,0,0,0,0,3,4,0,0,0,0,0,0,12,4,15,4,5,8,0,0,0,0,0,0,0,0,0,0,0,0,8,6,18,0,6,3,0,0,0,0,0,0,0,0,0,0,0,0,0,6,3,3,0,4,0,0,0,0,0,0,0,4,6,0,0,0,3,3,7,341,339,681,6,14,22,42,36,78,0,16,19,236,159,391,621,567,1188,0,0,0,0,0,0,0,0,0,0,0,0,52,47,97,52,47,97,0,4,3,0,0,0,0,0,0,0,0,0,47,51,95,42,54,101,8,11,18,0,0,0,0,0,0,0,0,0,45,30,72,48,41,88,20,26,48,0,0,0,0,0,0,0,0,0,13,18,27,35,45,79,40,39,83,0,0,0,0,0,0,0,0,0,5,5,11,46,46,92,28,31,61,0,0,3,4,3,3,0,0,0,8,7,10,39,45,79,46,43,82,0
801071084,91,0,4,5,0,14,16,0,30,31,0,0,5,52,83,141,38,38,70,0,0,5,0,3,3,5,29,29,0,0,0,40,71,118,43,26,66,0,0,0,0,3,5,0,51,48,0,3,3,42,88,126,31,16,43,0,0,0,4,0,7,15,73,86,0,4,3,51,94,144,1182,1186,2371,43,74,120,132,214,346,32,221,256,777,635,1411,2169,2328,4496,0,0,0,0,0,0,0,0,0,0,0,0,176,153,331,176,156,328,5,14,14,0,0,0,0,4,4,0,0,0,172,135,307,172,150,324,28,48,77,5,7,8,0,4,4,0,0,0,113,96,211,139,153,294,92,114,207,5,9,14,3,3,5,0,0,0,63,49,111,159,176,338,105,99,208,0,10,13,8,14,23,0,0,0,38,47,87,151,166,320,103,105,204,6,17,21,13,14,28,0,5,5,25,30,58,149,167,317,105,94,203,13
801071085,0,0,0,0,0,0,0,0,0,0,0,0,0,0,0,0,0,0,0,0,0,0,0,0,0,0,0,0,0,0,0,0,0,0,0,0,0,0,0,0,0,0,0,0,0,0,0,0,0,0,0,0,0,0,0,0,0,0,0,0,0,0,0,0,0,0,0,0,0,0,0,0,0,0,0,0,0,0,0,0,0,0,3,0,3,3,0,3,0,0,0,0,0,0,0,0,0,0,0,0,0,0,0,0,0,0,0,0,0,0,0,0,0,0,0,0,0,0,0,0,0,0,0,0,0,0,0,0,0,0,0,0,0,0,0,0,0,0,0,0,0,0,0,0,0,0,0,0,0,0,0,0,0,0,0,0,0,0,0,0,0,0,0,0,0,0,0,0,0,0,0,0,0,0,0,0,0,0,0,0,0,0,0,0,0,0,0,0,0,0,0,0,0,0,0,0,0,0,0,0
801071086,18,0,0,0,0,9,5,0,5,4,0,0,0,13,16,28,7,6,18,0,0,0,0,4,4,0,0,0,0,0,0,7,19,22,6,0,10,0,0,0,0,0,0,5,3,8,0,0,0,10,4,13,0,0,0,0,0,0,0,0,0,0,5,5,0,0,0,0,5,5,335,342,682,15,20,35,52,88,139,10,25,35,290,270,559,700,746,1451,0,0,0,0,0,0,0,0,0,0,0,0,61,56,118,61,56,118,0,3,5,0,0,0,0,0,0,0,0,0,65,65,124,67,60,126,3,10,16,0,0,0,0,0,0,0,0,0,39,44,81,43,54,95,24,37,59,0,4,4,0,0,0,0,0,0,18,12,37,48,53,97,25,34,63,0,5,3,0,7,9,0,0,0,16,8,24,40,52,96,36,22,60,6,3,8,3,6,11,0,0,0,8,15,24,57,49,108,26,32,60,6
801071087,42,0,0,0,3,6,8,6,7,16,0,0,0,37,29,65,10,12,16,0,0,0,0,0,0,6,0,8,0,0,0,9,14,23,12,9,19,0,0,0,3,0,5,4,7,8,0,0,0,17,15,29,6,0,5,0,0,0,0,0,0,0,0,0,0,0,0,6,7,8,585,588,1175,20,42,64,83,160,237,25,50,73,469,441,907,1187,1268,2452,0,0,0,0,0,0,0,0,0,0,0,0,114,79,190,114,79,190,3,6,9,0,0,0,0,0,0,0,0,0,95,95,186,100,99,200,23,39,68,0,0,0,0,0,0,0,0,0,94,97,190,127,138,261,50,65,113,3,3,10,5,3,10,0,0,0,49,38,84,104,110,213,61,57,112,7,8,13,0,3,8,0,0,0,37,30,63,101,100,198,62,76,135,0,5,12,6,15,20,0,0,0,27,21,48,93,118,213,67,44,109,4
801071088,20,0,0,4,3,6,8,0,10,11,0,0,4,16,28,52,16,9,22,0,0,0,3,0,4,3,0,3,0,0,0,19,10,31,0,4,9,0,0,0,0,3,3,3,7,7,0,0,0,5,13,13,4,0,3,0,0,0,0,0,0,4,3,3,0,0,0,4,9,12,749,756,1506,35,54,90,92,178,270,10,37,47,635,543,1176,1526,1560,3091,0,0,0,0,0,0,0,0,0,0,0,4,149,143,295,149,148,299,4,0,5,0,0,0,0,0,0,0,0,0,163,124,284,166,129,290,41,59,97,0,3,3,0,0,3,0,0,0,94,80,181,135,148,285,72,91,160,9,0,9,3,9,12,0,0,0,65,42,109,152,145,297,67,74,148,5,0,7,8,7,16,0,0,0,33,41,68,112,124,236,75,83,158,0,3,4,5,21,26,0,0,0,40,28,67,119,134,255,99,99,199,4
801071089,0,0,0,0,0,0,0,0,0,0,0,0,0,4,0,3,0,0,0,0,0,0,0,0,0,0,0,0,0,0,0,0,0,0,0,0,0,0,0,0,0,0,0,0,0,0,0,0,0,0,0,0,0,0,0,0,0,0,0,0,0,0,0,0,0,0,0,0,0,0,7,6,12,3,0,7,3,5,12,0,0,0,0,0,3,17,13,30,0,0,0,0,0,0,0,0,0,0,0,0,4,0,4,4,0,4,0,0,0,0,0,0,0,0,0,0,0,0,3,0,0,3,0,0,0,0,0,0,0,0,0,0,0,0,0,0,0,0,0,0,0,0,0,0,0,0,0,0,0,0,0,0,0,0,0,0,0,0,0,0,0,0,0,0,0,0,0,0,0,0,0,0,0,0,0,0,0,0,0,0,0,0,0,0,0,0,0,0,0,0,0,0,0,0,0,0,0,0,6,0
801071090,131,3,0,7,5,13,21,15,16,32,0,3,12,102,95,194,46,25,79,0,0,5,3,4,7,9,33,35,3,3,6,58,62,127,16,15,32,3,0,3,4,5,9,3,34,43,0,0,0,32,53,83,15,3,17,0,0,0,0,0,0,8,31,34,0,0,0,22,35,54,1587,1595,3188,81,113,189,209,342,554,52,191,244,1131,970,2103,3068,3208,6278,0,0,3,0,0,0,0,0,0,0,0,0,224,227,452,226,231,455,4,10,16,0,0,0,0,0,0,0,0,0,215,165,383,220,179,404,37,57,99,0,8,8,0,0,4,0,0,0,169,145,307,210,209,425,104,151,255,4,4,13,8,3,15,0,0,0,113,82,199,226,247,472,149,172,321,14,12,26,16,20,37,0,0,0,93,76,165,265,281,544,170,160,330,3,12,17,20,25,38,0,0,0,73,55,133,264,258,518,144,142,283,13
801071132,0,0,0,0,0,0,0,0,0,0,0,0,0,0,0,0,0,0,0,0,0,0,0,0,0,0,0,0,0,0,0,0,0,0,0,0,0,0,0,0,0,0,0,0,0,0,0,0,0,0,0,0,0,0,0,0,0,0,0,0,0,0,0,0,0,0,0,0,0,0,0,0,0,0,0,0,0,0,0,0,0,0,0,0,5,0,5,6,0,0,0,0,0,0,0,0,0,0,0,0,0,0,0,0,0,0,0,0,3,0,0,0,0,0,0,0,0,0,0,0,0,3,0,5,0,0,0,0,0,0,0,0,0,0,0,0,0,0,0,0,0,0,0,0,0,0,0,0,0,0,0,0,0,0,0,0,0,0,0,0,0,0,0,0,0,0,0,0,0,0,0,0,0,0,0,0,0,0,0,0,0,0,0,0,0,0,0,0,0,0,0,0,0,0,0,0,0,0,0,0
801081091,95,0,4,5,5,10,12,3,4,8,0,0,0,62,57,117,36,19,50,0,0,0,0,0,4,0,8,11,0,5,5,37,32,68,15,15,31,0,0,0,0,0,0,5,12,14,0,0,0,23,26,50,11,9,16,0,0,0,0,0,0,3,20,21,0,0,0,11,27,37,698,699,1401,17,15,26,45,82,125,17,70,91,316,265,587,1091,1138,2228,0,0,0,0,0,0,0,0,0,0,0,0,90,93,181,90,92,179,0,0,0,0,0,0,0,0,0,0,0,0,78,60,142,78,60,142,6,7,14,0,0,0,0,0,0,0,0,0,28,25,56,38,29,70,23,33,54,0,0,0,3,0,3,0,0,0,15,14,31,40,46,90,39,54,86,0,0,6,3,0,9,0,0,0,23,15,37,60,75,133,69,81,153,0,0,0,5,11,14,0,0,0,14,11,22,91,106,191,63,70,138,6
801081092,84,0,0,4,4,3,9,0,8,10,0,0,0,46,57,109,32,22,59,0,0,0,3,5,5,12,19,24,0,0,0,46,44,86,5,5,13,0,0,0,3,5,3,0,10,5,0,0,0,10,14,26,8,0,8,0,0,4,0,0,0,7,17,23,0,0,0,14,17,30,664,671,1339,33,39,63,87,127,212,25,76,101,403,368,770,1211,1277,2487,0,0,0,0,0,0,0,0,0,0,0,0,102,106,209,102,106,209,0,0,0,0,0,0,0,0,0,0,0,0,73,66,138,73,66,138,16,22,32,0,0,0,0,0,4,0,0,0,40,49,87,53,74,127,53,67,121,0,0,0,0,4,3,0,0,0,33,36,67,91,101,192,56,73,126,3,7,10,0,5,10,0,0,0,25,37,63,87,124,207,79,87,166,4,7,10,4,15,18,0,0,6,19,23,44,111,138,248,89,96,183,3
801081093,88,0,0,0,7,11,19,3,12,13,0,0,0,63,66,129,38,27,69,0,0,0,5,3,10,0,27,24,0,0,0,43,58,103,28,14,45,0,0,0,0,0,0,7,34,42,0,0,5,39,54,90,10,11,22,0,0,0,0,0,0,9,36,44,0,0,0,20,53,71,643,647,1288,24,23,46,80,129,210,34,136,165,381,365,746,1155,1299,2451,0,0,0,0,0,0,0,0,0,0,0,0,78,58,137,78,58,137,0,5,7,0,0,0,0,0,0,0,0,0,55,69,122,56,71,128,18,29,50,0,0,0,0,0,7,0,0,0,61,60,122,76,97,172,56,64,118,3,0,3,4,0,5,0,0,0,44,39,81,107,105,207,72,80,153,0,8,9,4,4,10,0,0,3,33,30,58,114,119,231,75,85,159,3,4,3,6,8,14,0,0,0,30,27,58,112,118,231,67,59,126,9
801081094,81,0,3,4,6,4,13,0,10,7,0,4,4,52,61,110,35,22,54,0,0,0,0,5,5,3,12,11,0,0,0,38,38,72,14,16,26,0,0,0,0,0,0,4,8,11,0,0,0,21,21,39,5,9,15,0,0,0,0,0,0,10,20,30,0,0,0,14,30,46,587,600,1189,35,36,73,72,113,191,18,77,96,362,309,666,1076,1135,2209,0,0,0,0,0,0,0,0,0,0,0,0,57,65,121,57,65,121,0,3,3,0,0,0,0,0,0,0,0,0,53,52,105,50,58,107,13,22,39,0,0,0,0,0,0,0,0,0,42,32,74,58,55,111,46,53,108,0,0,3,4,0,3,0,0,0,38,30,69,89,89,179,60,69,134,3,4,4,3,9,13,0,0,0,26,28,50,91,108,202,68,69,145,0,3,3,4,10,19,0,0,0,26,23,48,102,115,214,59,56,115,0
801081095,71,0,0,0,11,8,17,4,15,19,3,0,8,58,54,113,20,18,36,0,0,0,3,9,8,6,14,20,0,0,0,34,40,69,20,13,30,0,0,0,4,0,3,6,17,20,0,0,3,25,24,56,3,3,13,0,0,0,0,0,0,0,14,20,0,0,0,9,18,31,617,632,1247,26,44,74,83,172,256,28,89,118,418,394,817,1172,1328,2504,0,0,0,0,0,0,0,0,0,0,0,0,69,84,151,69,86,155,3,4,6,0,0,0,0,0,0,0,0,0,53,63,114,55,65,125,21,40,59,0,0,0,0,0,0,0,0,0,69,65,135,90,101,195,61,76,139,0,4,3,3,6,4,0,0,0,43,37,84,111,122,231,74,77,154,3,3,3,3,8,12,0,0,0,32,34,71,118,127,246,63,62,128,3,13,16,16,20,33,0,0,0,40,28,69,122,126,246,49,58,114,3
801081096,41,0,0,0,5,8,11,6,7,17,0,7,4,30,41,74,21,15,30,0,0,0,3,3,7,5,13,16,0,0,0,29,22,54,10,6,20,0,0,0,0,0,3,0,10,10,3,0,3,16,21,42,9,0,10,0,0,0,0,0,0,0,30,31,0,3,4,13,35,47,460,453,916,18,25,42,47,90,141,19,77,101,254,239,494,808,875,1685,0,0,0,0,0,0,0,0,0,0,0,0,50,54,104,50,54,104,0,0,4,0,0,0,0,0,0,0,0,0,55,42,98,59,41,105,6,12,13,0,3,3,0,0,0,0,0,0,23,25,50,28,39,72,29,31,63,0,5,5,0,8,3,0,0,0,23,17,39,55,54,109,39,37,79,0,3,3,0,0,0,0,0,0,16,22,40,58,67,126,48,70,109,0,4,6,3,5,14,0,0,0,15,13,29,65,86,154,42,42,83,5
801081097,74,0,0,3,4,11,17,8,17,18,3,0,6,53,66,121,34,24,55,0,0,0,8,6,9,0,9,13,0,0,0,36,46,87,15,4,18,0,0,0,3,4,6,0,16,15,0,4,4,21,24,49,11,10,20,0,0,0,3,0,3,13,19,28,3,0,5,27,31,56,529,528,1054,15,38,56,97,118,210,25,74,103,368,324,685,1031,1082,2116,0,0,0,0,0,0,0,0,0,0,0,0,59,65,127,59,65,127,7,5,14,0,0,0,0,0,0,0,0,0,36,40,73,45,44,92,12,26,40,0,0,0,0,4,0,0,0,0,60,51,107,69,83,151,53,71,120,0,0,4,0,4,8,0,0,0,37,30,67,90,103,192,56,62,119,3,4,5,0,4,5,0,0,0,31,32,68,92,99,193,65,58,126,3,3,5,6,4,6,0,3,3,28,19,51,100,88,191,69,63,137,3
801081098,114,4,0,5,9,11,23,3,15,22,6,0,3,93,79,172,41,31,70,3,0,8,3,11,7,8,20,25,3,4,4,53,61,118,30,16,45,0,0,3,3,8,10,10,31,47,5,4,0,43,62,113,13,12,26,0,0,0,5,9,10,18,99,115,0,4,3,32,123,157,676,668,1340,33,28,69,91,193,286,42,198,242,398,355,753,1243,1448,2688,0,0,0,0,0,0,0,0,0,0,0,0,93,83,175,93,83,175,0,0,4,0,0,0,0,0,0,0,0,0,73,59,130,70,63,129,16,30,48,0,0,0,0,0,0,0,0,0,40,42,81,56,71,127,58,70,129,3,4,8,3,0,3,0,0,0,40,43,80,101,120,221,85,101,183,3,0,7,3,6,14,0,0,0,39,28,66,132,140,274,89,71,164,10,6,16,8,13,19,0,4,4,30,38,62,133,128,266,80,88,168,7
801081133,0,0,0,0,0,0,0,0,0,0,0,0,0,0,0,0,0,0,0,0,0,0,0,0,0,0,0,0,0,0,0,0,0,0,0,0,0,0,0,0,0,0,0,0,0,0,0,0,0,0,0,0,0,0,0,0,0,0,0,0,0,0,0,0,0,0,0,0,0,0,4,4,5,0,0,0,0,0,0,0,0,0,8,0,8,10,4,12,0,0,0,0,0,0,0,0,0,0,0,0,0,0,0,0,0,0,0,0,0,0,0,0,0,0,0,0,0,0,0,0,0,0,0,0,0,0,0,0,0,0,0,0,0,0,0,0,0,0,0,0,0,0,0,0,0,0,0,0,0,0,0,0,0,0,0,0,0,0,0,0,0,0,0,0,0,0,0,0,0,0,0,0,0,0,0,0,0,0,0,0,0,0,0,0,0,0,0,0,0,0,0,0,0,0,0,0,0,0,0,0
801091099,68,4,0,5,3,11,14,6,13,20,0,0,0,55,48,103,29,20,51,0,0,3,0,7,14,0,10,10,0,0,0,33,35,73,10,4,20,0,0,0,5,6,3,4,8,15,0,0,3,21,21,37,10,4,10,0,0,0,0,4,4,5,11,19,0,0,0,15,21,32,490,482,965,35,27,63,54,97,154,20,77,97,399,319,719,1003,1005,2005,0,0,0,4,0,4,0,0,0,0,0,0,66,55,117,66,55,118,3,6,7,0,0,0,0,0,0,0,0,0,67,47,117,72,55,128,24,57,87,3,0,5,0,3,3,0,0,0,73,59,133,104,120,218,59,58,119,0,0,0,0,5,6,0,0,0,47,44,91,114,102,215,63,63,125,0,4,4,7,3,9,0,0,0,30,23,53,97,94,188,46,46,90,7,0,7,10,9,14,0,0,0,27,28,52,84,81,170,38,44,81,4
801091100,173,3,0,5,7,14,17,8,31,39,0,10,11,105,144,249,72,46,112,0,0,4,3,0,4,8,36,46,3,5,4,85,89,170,45,31,74,0,0,0,0,4,9,10,52,58,3,0,9,58,90,145,32,17,44,0,0,0,0,4,5,12,71,86,0,3,3,46,93,137,1071,1090,2163,42,46,90,130,200,333,48,226,266,672,670,1346,1964,2231,4196,0,0,0,0,0,0,0,0,0,0,0,0,160,158,316,162,158,322,0,11,12,0,0,0,0,0,0,0,0,0,127,123,252,127,128,254,17,43,56,0,3,3,0,0,0,0,0,0,87,79,165,102,125,226,83,94,183,0,4,4,0,0,4,0,0,0,56,52,112,139,154,299,117,123,244,4,4,9,10,5,15,0,0,0,32,36,69,163,175,337,125,132,258,3,4,5,7,16,22,0,0,0,34,35,74,169,191,362,120,156,275,7
801091101,94,0,0,0,7,11,21,0,16,24,0,7,7,61,85,140,45,35,80,3,0,3,0,7,11,3,20,28,0,5,3,58,63,121,33,25,57,0,0,0,0,5,7,11,28,38,0,0,0,48,62,102,26,9,40,0,0,0,0,10,10,13,51,69,0,5,9,46,74,118,750,754,1501,30,35,65,66,115,179,37,147,190,425,395,825,1312,1451,2762,0,0,0,0,0,0,0,0,0,0,0,0,128,108,239,128,114,239,3,7,10,0,0,0,0,0,0,0,0,0,96,70,165,95,78,174,8,17,29,0,5,4,3,0,3,0,0,0,67,47,110,77,69,145,35,40,74,4,3,4,0,0,0,0,0,0,26,32,60,66,80,143,44,62,106,0,0,0,3,0,11,0,0,0,27,15,36,72,84,158,74,96,165,4,5,5,6,5,14,0,0,0,17,29,41,94,137,228,98,92,186,10
801091102,119,0,0,0,5,9,14,4,7,13,4,7,7,74,79,149,46,25,72,3,0,5,0,3,8,6,16,23,3,0,9,57,54,110,28,21,48,0,0,0,0,4,5,7,30,43,0,0,0,41,60,101,28,15,39,0,0,0,0,9,9,17,50,67,0,0,0,40,78,110,702,698,1404,31,23,52,65,127,190,40,140,178,417,415,829,1251,1404,2652,0,0,0,0,0,0,0,0,0,0,0,0,94,73,168,94,73,168,0,0,0,0,0,0,0,0,0,0,0,0,67,67,133,67,71,135,12,19,32,0,0,0,0,4,4,0,0,0,58,73,127,72,93,166,41,63,106,0,6,5,5,3,8,0,0,0,37,24,62,90,96,182,83,94,178,8,4,11,0,8,9,0,0,0,21,26,46,109,136,238,101,105,205,4,3,7,7,8,16,0,0,0,24,19,45,135,135,264,106,99,202,0
801091103,72,0,0,0,3,10,15,6,30,32,0,0,0,41,79,120,31,41,77,3,0,3,3,12,15,0,26,29,0,3,4,44,76,119,41,20,62,0,0,3,0,0,0,3,24,32,0,0,0,47,53,98,24,13,41,0,0,0,0,8,8,24,115,131,0,5,5,50,135,184,584,604,1185,23,30,50,70,104,177,41,213,255,385,342,731,1101,1297,2398,0,0,0,0,0,0,0,0,0,0,0,0,90,84,176,96,83,179,4,7,8,0,0,0,0,0,0,0,0,0,66,62,120,67,68,133,3,9,16,0,0,0,0,0,0,0,0,0,66,34,101,72,48,122,42,51,89,0,0,4,0,0,4,0,0,0,30,26,60,72,84,154,58,70,128,0,0,0,0,6,7,0,0,0,15,13,30,77,90,170,60,70,133,0,7,7,3,4,6,0,3,3,22,22,45,84,103,186,70,86,154,3
801091104,101,0,0,0,0,0,4,0,5,5,0,0,0,54,58,115,37,17,58,0,0,0,0,8,12,4,16,15,0,0,0,38,47,85,28,23,48,0,0,0,0,0,3,10,22,29,0,0,0,32,52,82,20,5,20,0,0,0,0,0,4,0,27,23,0,0,0,15,34,53,598,591,1184,19,18,40,39,95,130,18,101,122,292,255,542,961,1066,2024,0,0,0,0,0,0,0,0,0,0,0,0,65,69,135,65,68,138,0,4,3,0,0,0,0,0,0,0,0,0,68,66,135,72,73,144,4,5,10,0,0,0,0,0,0,0,0,0,36,24,54,42,32,73,26,32,57,0,0,0,0,5,8,0,0,0,27,23,50,56,53,113,36,47,83,4,0,5,3,0,7,0,0,0,13,18,33,60,67,129,38,51,89,0,0,0,5,8,11,0,0,0,13,10,19,57,68,124,52,56,104,0
801091105,85,3,0,0,8,13,14,3,17,18,3,3,7,57,68,127,34,26,60,0,0,0,3,10,11,3,11,18,0,4,4,46,48,91,23,7,36,0,0,0,0,0,4,0,20,23,0,0,0,25,36,64,15,7,23,0,0,0,0,4,4,3,20,20,0,0,0,16,34,50,511,503,1013,32,31,60,97,123,219,18,100,124,501,371,875,1155,1133,2290,0,0,3,0,0,0,0,0,0,0,0,0,98,75,176,103,74,176,3,15,21,0,0,0,0,0,0,0,0,0,102,77,182,102,99,200,29,55,90,0,3,5,0,4,4,0,0,0,92,105,193,132,164,289,72,72,144,3,0,3,4,7,9,0,0,0,73,55,120,146,131,279,83,66,146,0,0,3,0,9,9,0,0,0,48,24,71,129,93,225,49,63,112,0,7,7,11,12,24,0,0,0,33,17,53,99,101,197,59,58,121,7
801091106,90,0,3,7,12,7,24,7,17,17,5,0,4,77,60,141,30,31,60,0,0,0,7,8,13,3,23,29,7,8,11,49,65,112,26,13,38,0,0,0,0,5,10,8,25,32,0,3,3,43,44,91,13,13,29,0,0,0,0,0,0,5,20,27,0,0,0,23,32,57,572,557,1125,45,30,76,94,142,238,29,121,147,515,423,943,1253,1271,2522,0,0,0,0,0,0,0,0,0,0,0,0,90,86,170,90,81,171,3,13,12,0,0,0,0,0,0,0,0,0,99,108,210,105,122,224,41,53,93,4,0,5,0,0,0,0,0,0,69,59,126,112,113,226,83,85,170,0,0,4,0,3,3,0,0,0,46,43,86,125,136,266,77,83,163,10,3,10,0,12,9,0,0,3,40,32,69,127,130,256,76,70,151,4,4,10,8,5,18,0,0,0,21,16,43,110,108,213,72,55,123,5
801091107,33,0,0,0,0,0,0,0,0,4,0,0,0,16,17,39,7,3,13,0,0,0,0,0,0,0,8,4,0,0,0,11,10,21,9,6,12,0,0,0,0,0,0,0,3,3,0,0,0,12,8,19,4,3,6,0,0,0,0,0,0,3,6,15,0,0,0,9,12,21,244,246,495,0,3,3,10,8,15,8,27,33,96,71,168,360,356,718,0,0,0,0,0,0,0,0,0,0,0,0,39,44,81,39,44,81,0,0,0,0,0,0,0,0,0,0,0,0,41,20,64,41,20,64,4,3,5,0,0,0,0,0,0,0,0,0,13,11,28,20,12,31,0,7,14,0,0,0,0,0,0,0,0,0,6,4,15,10,13,25,11,10,25,0,0,0,0,0,3,0,0,0,0,3,7,18,18,37,18,26,47,0,0,0,0,3,3,0,0,0,5,6,3,20,31,52,33,36,64,0
801091108,83,0,0,0,8,6,10,0,12,19,6,0,6,58,60,114,35,22,59,0,0,0,0,9,14,5,16,14,3,3,8,46,56,98,21,10,34,0,0,0,5,5,5,8,23,29,0,5,5,29,38,66,15,10,23,0,0,0,0,0,3,9,21,27,0,0,0,24,30,52,530,519,1048,17,22,42,89,124,212,23,93,119,359,317,678,1021,1084,2104,0,0,0,0,0,0,0,0,0,0,0,0,84,97,180,84,97,180,5,10,11,0,0,0,0,0,0,0,0,0,91,42,132,89,46,143,11,18,26,0,0,0,0,0,0,0,0,0,53,36,89,59,53,117,41,50,91,0,0,0,4,0,3,0,0,0,28,27,53,71,77,151,44,54,93,0,7,7,3,6,7,0,0,0,14,14,29,57,78,131,69,61,123,6,5,8,3,9,13,0,0,0,21,21,43,91,92,186,63,66,123,4
801091109,14,7,0,3,0,9,13,6,5,5,0,0,0,18,19,36,9,11,13,0,0,5,0,0,5,0,4,7,0,0,0,13,19,32,7,5,13,0,0,0,0,0,0,4,7,11,0,0,0,14,22,33,0,0,5,0,0,0,0,0,0,5,14,17,0,0,0,8,13,23,319,311,629,26,24,53,75,124,201,17,37,58,479,470,954,913,969,1884,0,0,0,0,0,0,0,0,0,0,0,0,28,34,57,28,34,57,3,15,21,0,0,0,0,0,0,0,0,0,74,114,192,74,132,207,63,114,175,0,0,0,0,5,4,0,0,0,151,163,318,215,286,498,142,142,288,8,4,7,4,9,12,0,0,0,118,92,205,269,242,514,91,78,171,0,0,8,4,9,12,0,0,0,66,60,122,165,143,310,60,55,105,3,3,4,8,12,21,0,6,5,42,40,81,114,111,225,27,25,51,3
801091110,73,3,0,3,8,3,13,0,10,15,0,3,3,54,51,104,17,21,38,0,0,0,0,0,0,4,14,14,0,0,0,22,35,59,26,3,30,0,0,0,0,0,0,0,12,12,0,0,0,22,15,40,7,4,8,0,0,0,0,0,0,9,14,26,0,0,0,15,20,34,489,486,976,22,20,38,47,80,130,22,68,91,298,271,572,877,927,1802,0,0,0,0,0,0,0,0,0,0,0,0,109,70,177,111,70,181,0,0,0,0,0,0,0,0,0,0,0,0,48,60,108,48,65,108,13,22,36,0,0,0,0,0,0,0,0,0,46,29,74,59,52,110,28,32,63,5,0,4,0,0,0,0,0,0,12,11,24,44,44,88,39,56,93,0,0,4,5,4,8,0,0,0,11,13,28,60,71,129,66,58,127,5,3,7,3,8,9,0,0,0,16,27,43,90,92,181,65,62,125,0
801101134,0,0,0,0,0,0,0,0,0,0,0,0,0,0,0,0,0,0,0,0,0,0,0,0,0,0,0,0,0,0,0,0,0,0,0,0,0,0,0,0,0,0,0,0,0,0,0,0,0,0,0,0,0,0,0,0,0,0,0,0,0,0,0,0,0,0,0,0,0,0,0,0,0,0,0,0,0,0,0,0,0,0,0,0,0,0,0,0,0,0,0,0,0,0,0,0,0,0,0,0,0,0,0,0,0,0,0,0,0,0,0,0,0,0,0,0,0,0,0,0,0,0,0,0,0,0,0,0,0,0,0,0,0,0,0,0,0,0,0,0,0,0,0,0,0,0,0,0,0,0,0,0,0,0,0,0,0,0,0,0,0,0,0,0,0,0,0,0,0,0,0,0,0,0,0,0,0,0,0,0,0,0,0,0,0,0,0,0,0,0,0,0,0,0,0,0,0,0,0,0
801101135,0,0,0,0,0,0,0,0,0,0,0,0,0,0,0,0,0,0,0,0,0,0,0,0,0,0,0,0,0,0,0,0,0,0,0,0,0,0,0,0,0,0,0,0,0,0,0,0,0,0,0,0,0,0,0,0,0,0,0,0,0,0,0,0,0,0,0,0,0,0,0,0,0,0,0,0,0,0,0,0,0,0,0,0,0,0,0,0,0,0,0,0,0,0,0,0,0,0,0,0,43,39,78,43,39,78,4,3,6,0,0,0,0,0,0,0,0,0,44,63,110,45,64,113,29,47,76,0,5,5,0,0,0,0,0,0,58,63,124,91,114,205,69,95,164,3,0,4,3,0,3,0,0,0,37,28,67,108,128,240,85,79,171,0,10,10,6,4,9,0,0,0,18,25,38,109,118,224,63,53,116,0,0,0,7,10,21,0,0,0,11,13,30,85,81,165,40,23,63,7
801101136,0,0,0,0,0,0,0,0,0,0,0,0,0,0,0,0,0,0,0,0,0,0,0,0,0,0,0,0,0,0,0,0,0,0,0,0,0,0,0,0,0,0,0,0,0,0,0,0,0,0,0,0,0,0,0,0,0,0,0,0,0,0,0,0,0,0,0,0,0,0,0,0,0,0,0,0,0,0,0,0,0,0,0,0,0,0,0,0,0,0,0,0,0,0,0,0,0,0,0,0,0,0,0,0,0,0,0,0,0,0,0,0,0,0,0,0,0,0,0,0,0,0,0,0,0,0,0,0,0,0,0,0,0,0,0,0,0,0,0,0,0,0,0,0,0,0,0,0,0,0,0,0,0,0,0,0,0,0,0,0,0,0,0,0,0,0,0,0,0,0,0,0,0,0,0,0,0,0,0,0,0,0,0,0,0,0,0,0,0,0,0,0,0,0,0,0,0,0,0,0
801101137,0,0,0,0,0,0,0,0,0,0,0,0,0,0,0,0,0,0,0,0,0,0,0,0,0,0,0,0,0,0,0,0,0,0,0,0,0,0,0,0,0,0,0,0,0,0,0,0,0,0,0,0,0,0,0,0,0,0,0,0,0,0,0,0,0,0,0,0,0,0,0,0,0,0,0,0,0,0,0,0,0,0,0,0,0,0,0,0,0,0,0,0,0,0,0,0,0,0,0,0,0,0,0,0,0,0,0,0,0,0,0,0,0,0,0,0,0,0,0,0,0,0,0,0,0,0,0,0,0,0,0,0,0,0,0,0,0,0,0,0,0,0,0,0,0,0,0,0,0,0,0,0,0,0,0,0,0,0,0,0,0,0,0,0,0,0,0,0,0,0,0,0,0,0,0,0,0,0,0,0,0,0,0,0,0,0,0,0,0,0,0,0,0,0,0,0,0,0,0,0
801101139,0,0,0,0,0,0,0,0,0,0,0,0,0,0,0,0,0,0,0,0,0,0,0,0,0,0,0,0,0,0,0,0,0,0,0,0,0,0,0,0,0,0,0,0,0,0,0,0,0,0,0,0,0,0,0,0,0,0,0,0,0,0,0,0,0,0,0,0,0,0,0,0,7,0,0,0,0,0,5,0,0,0,0,0,0,0,6,3,0,0,0,0,0,0,0,0,0,0,0,0,34,47,83,34,47,83,8,15,21,0,0,0,0,0,0,0,0,0,104,122,225,115,136,249,49,73,121,0,4,4,0,3,3,0,0,0,185,203,387,237,279,514,87,116,196,7,3,7,3,6,10,0,0,0,82,102,188,175,221,399,123,100,226,5,4,8,8,0,14,0,0,0,40,45,84,174,150,327,69,56,124,0,0,6,8,4,13,0,0,0,15,20,32,91,86,178,47,36,81,0
801101145,0,0,0,0,0,0,0,0,0,0,0,0,0,0,0,0,0,0,0,0,0,0,0,0,0,0,0,0,0,0,0,0,0,0,0,0,0,0,0,0,0,0,0,0,0,0,0,0,0,0,0,0,0,0,0,0,0,0,0,0,0,0,0,0,0,0,0,0,0,0,0,0,0,0,0,0,0,0,0,0,0,0,0,0,0,0,0,0,0,0,0,0,0,0,0,0,0,0,0,0,0,0,0,0,0,0,0,0,0,0,0,0,0,0,0,0,0,0,0,0,0,0,0,0,0,0,0,0,0,0,0,0,0,0,0,0,0,0,0,0,0,0,0,0,0,0,0,0,0,0,0,0,0,0,0,0,0,0,0,0,0,0,0,0,0,0,0,0,0,0,0,0,0,0,0,0,0,0,0,0,0,0,0,0,0,0,0,0,0,0,0,0,0,0,0,0,0,0,0,0
801101146,0,0,0,0,0,0,0,0,0,0,0,0,0,0,0,0,0,0,0,0,0,0,0,0,0,0,0,0,0,0,0,0,0,0,0,0,0,0,0,0,0,0,0,0,0,0,0,0,0,0,0,0,0,0,0,0,0,0,0,0,0,0,0,0,0,0,0,0,0,0,0,0,0,0,0,0,0,0,0,0,0,0,0,0,0,0,0,0,0,0,0,0,0,0,0,0,0,0,0,0,4,0,5,4,0,5,0,0,0,0,0,0,0,0,0,0,0,0,0,0,0,0,0,0,0,0,0,0,0,0,0,0,0,0,0,0,0,0,0,0,0,0,0,0,0,0,0,0,0,0,0,0,0,0,0,0,0,0,0,0,0,0,0,0,0,0,0,0,0,0,0,0,0,0,0,0,0,0,0,0,0,0,0,0,0,0,0,0,0,0,0,0,0,0,0,0,0,0,0,0
801111140,3,0,0,0,0,0,0,0,0,0,0,0,0,5,0,3,3,6,6,0,0,0,0,0,0,0,0,0,0,0,0,3,6,6,0,0,0,0,0,0,0,0,0,0,0,0,0,0,0,0,0,0,0,0,0,0,0,0,0,0,0,0,0,0,0,0,0,0,0,0,84,86,169,11,0,12,13,15,28,0,0,0,78,62,141,188,165,354,0,0,0,0,0,0,0,0,0,0,0,0,18,23,44,18,23,44,0,0,0,0,0,0,0,0,0,0,0,0,16,11,27,16,13,23,6,12,15,0,0,0,0,0,0,0,0,0,13,5,20,15,16,35,11,20,34,0,0,0,0,3,3,0,0,0,8,6,14,24,28,50,20,17,37,0,0,0,0,0,0,0,0,0,9,3,16,33,24,55,23,23,45,0,0,0,0,0,5,0,0,0,0,6,8,20,31,55,11,12,22,0
801111141,0,3,0,3,0,0,0,0,0,0,0,0,0,3,0,3,0,0,0,0,0,0,0,0,0,0,0,0,0,0,0,0,0,0,0,0,0,0,0,0,0,0,0,0,0,0,0,0,0,0,0,0,0,0,0,0,0,0,0,0,0,0,0,0,0,0,0,0,0,0,4,9,13,7,0,3,4,0,4,0,0,0,3,3,5,19,13,30,0,0,0,0,0,0,0,0,0,0,0,0,0,0,0,0,0,0,0,0,0,0,0,0,0,0,0,0,0,0,0,0,0,0,0,0,0,0,0,0,0,0,0,0,0,0,0,0,3,5,8,3,5,8,0,0,0,0,0,0,0,0,0,0,0,0,0,0,0,0,0,0,5,3,4,0,0,0,0,0,0,0,0,0,0,0,0,5,3,4,0,0,0,0,0,0,0,0,0,0,0,0,0,0,0,0,0,0,0,0,0,0
897979799,0,0,0,0,0,0,0,0,0,0,0,0,0,0,0,0,0,0,0,0,0,0,0,0,0,0,0,0,0,0,0,0,0,0,0,0,0,0,0,0,0,0,0,0,0,0,0,0,0,0,0,0,0,0,0,0,0,0,0,0,0,0,0,0,0,0,0,0,0,0,0,0,0,0,0,0,0,0,0,0,0,0,0,0,0,0,0,0,0,0,0,0,0,0,0,0,0,0,0,0,0,0,0,0,0,0,0,0,0,0,0,0,0,0,0,0,0,0,0,0,0,0,0,0,0,0,0,0,0,0,0,0,0,0,0,0,0,0,0,0,0,0,0,0,0,0,0,0,0,0,0,0,0,0,0,0,0,0,0,0,0,0,0,0,0,0,0,0,0,0,0,0,0,0,0,0,0,0,0,0,0,0,0,0,0,0,0,0,0,0,0,0,0,0,0,0,0,0,0,0
899999499,3,0,0,0,0,5,4,0,0,0,0,0,0,4,5,8,0,0,0,0,0,0,0,0,0,0,0,0,0,0,0,0,0,0,0,0,0,0,0,0,0,0,0,0,0,0,0,0,0,0,0,3,0,0,0,0,0,0,0,0,0,0,0,4,0,0,0,4,0,3,54,49,105,13,19,36,35,34,69,0,11,11,190,154,348,301,271,569,0,0,0,0,0,0,0,0,0,0,0,0,15,16,33,15,16,33,0,0,4,0,0,0,0,0,0,0,0,0,32,35,73,36,40,78,3,0,4,0,0,0,0,0,0,0,0,0,31,19,53,36,22,63,4,0,5,3,0,3,0,0,4,0,0,0,26,12,36,29,18,47,8,7,12,0,0,6,0,4,0,0,0,0,23,18,37,34,30,61,4,0,5,3,0,6,5,3,8,0,0,0,21,8,26,35,11,48,0,0,0,0
