SA2_CODE_2021,C21_F_Health_15_19,C21_F_Health_20_24,C21_F_Health_25_34,C21_F_Health_35_44,C21_F_Health_45_54,C21_F_Health_55_64,C21_F_Health_65_74,C21_F_Health_75_84,C21_F_Health_85over,C21_F_Health_Tot,C21_F_Educ_15_19,C21_F_Educ_20_24,C21_F_Educ_25_34,C21_F_Educ_35_44,C21_F_Educ_45_54,C21_F_Educ_55_64,C21_F_Educ_65_74,C21_F_Educ_75_84,C21_F_Educ_85over,C21_F_Educ_Tot,C21_F_MngtCom_15_19,C21_F_MngtCom_20_24,C21_F_MngtCom_25_34,C21_F_MngtCom_35_44,C21_F_MngtCom_45_54,C21_F_MngtCom_55_64,C21_F_MngtCom_65_74,C21_F_MngtCom_75_84,C21_F_MngtCom_85over,C21_F_MngtCom_Tot,C21_F_Soc_cult_15_19,C21_F_Soc_cult_20_24,C21_F_Soc_cult_25_34,C21_F_Soc_cult_35_44,C21_F_Soc_cult_45_54,C21_F_Soc_cult_55_64,C21_F_Soc_cult_65_74,C21_F_Soc_cult_75_84,C21_F_Soc_cult_85over,C21_F_Soc_cult_Tot,C21_F_Creative_art_15_19,C21_F_Creative_art_20_24,C21_F_Creative_art_25_34,C21_F_Creative_art_35_44,C21_F_Creative_art_45_54,C21_F_Creative_art_55_64,C21_F_Creative_art_65_74,C21_F_Creative_art_75_84,C21_F_Creative_art_85over,C21_F_Creative_art_Tot,C21_F_FoodHos_PS_15_19,C21_F_FoodHos_PS_20_24,C21_F_FoodHos_PS_25_34,C21_F_FoodHos_PS_35_44,C21_F_FoodHos_PS_45_54,C21_F_FoodHos_PS_55_64,C21_F_FoodHos_PS_65_74,C21_F_FoodHos_PS_75_84,C21_F_FoodHos_PS_85over,C21_F_FoodHos_PS_Tot,C21_F_MixFld_pr_15_19,C21_F_MixFld_pr_20_24,C21_F_MixFld_pr_25_34,C21_F_MixFld_pr_35_44,C21_F_MixFld_pr_45_54,C21_F_MixFld_pr_55_64,C21_F_MixFld_pr_65_74,C21_F_MixFld_pr_75_84,C21_F_MixFld_pr_85over,C21_F_MixFld_pr_Tot,C21_F_FldStu_ID_15_19,C21_F_FldStu_ID_20_24,C21_F_FldStu_ID_25_34,C21_F_FldStu_ID_35_44,C21_F_FldStu_ID_45_54,C21_F_FldStu_ID_55_64,C21_F_FldStu_ID_65_74,C21_F_FldStu_ID_75_84,C21_F_FldStu_ID_85over,C21_F_FldStu_ID_Tot,C21_F_FldStu_NS_15_19,C21_F_FldStu_NS_20_24,C21_F_FldStu_NS_25_34,C21_F_FldStu_NS_35_44,C21_F_FldStu_NS_45_54,C21_F_FldStu_NS_55_64,C21_F_FldStu_NS_65_74,C21_F_FldStu_NS_75_84,C21_F_FldStu_NS_85over,C21_F_FldStu_NS_Tot,C21_F_Tot_15_19,C21_F_Tot_20_24,C21_F_Tot_25_34,C21_F_Tot_35_44,C21_F_Tot_45_54,C21_F_Tot_55_64,C21_F_Tot_65_74,C21_F_Tot_75_84,C21_F_Tot_85over,C21_F_Tot_Tot,C11_P_NatPhy_sci_15_19,C11_P_NatPhy_sci_20_24,C11_P_NatPhy_sci_25_34,C11_P_NatPhy_sci_35_44,C11_P_NatPhy_sci_45_54,C11_P_NatPhy_sci_55_64,C11_P_NatPhy_sci_65_74,C11_P_NatPhy_sci_75_84,C11_P_NatPhy_sci_85over,C11_P_NatPhy_sci_Tot,C11_P_InfTec_15_19,C11_P_InfTec_20_24,C11_P_InfTec_25_34,C11_P_InfTec_35_44,C11_P_InfTec_45_54,C11_P_InfTec_55_64,C11_P_InfTec_65_74,C11_P_InfTec_75_84,C11_P_InfTec_85over,C11_P_InfTec_Tot,C11_P_EngRT_15_19,C11_P_EngRT_20_24,C11_P_EngRT_25_34,C11_P_EngRT_35_44,C11_P_EngRT_45_54,C11_P_EngRT_55_64,C11_P_EngRT_65_74,C11_P_EngRT_75_84,C11_P_EngRT_85over,C11_P_EngRT_Tot,C11_P_ArchBuild_15_19,C11_P_ArchBuild_20_24,C11_P_ArchBuild_25_34,C11_P_ArchBuild_35_44,C11_P_ArchBuild_45_54,C11_P_ArchBuild_55_64,C11_P_ArchBuild_65_74,C11_P_ArchBuild_75_84,C11_P_ArchBuild_85over,C11_P_ArchBuild_Tot,C11_P_AgEnv_RS_15_19,C11_P_AgEnv_RS_20_24,C11_P_AgEnv_RS_25_34,C11_P_AgEnv_RS_35_44,C11_P_AgEnv_RS_45_54,C11_P_AgEnv_RS_55_64,C11_P_AgEnv_RS_65_74,C11_P_AgEnv_RS_75_84,C11_P_AgEnv_RS_85over,C11_P_AgEnv_RS_Tot,C11_P_Health_15_19,C11_P_Health_20_24,C11_P_Health_25_34,C11_P_Health_35_44,C11_P_Health_45_54,C11_P_Health_55_64,C11_P_Health_65_74,C11_P_Health_75_84,C11_P_Health_85over,C11_P_Health_Tot,C11_P_Educ_15_19,C11_P_Educ_20_24,C11_P_Educ_25_34,C11_P_Educ_35_44,C11_P_Educ_45_54,C11_P_Educ_55_64,C11_P_Educ_65_74,C11_P_Educ_75_84,C11_P_Educ_85over,C11_P_Educ_Tot,C11_P_MngtCom_15_19,C11_P_MngtCom_20_24,C11_P_MngtCom_25_34,C11_P_MngtCom_35_44,C11_P_MngtCom_45_54,C11_P_MngtCom_55_64,C11_P_MngtCom_65_74,C11_P_MngtCom_75_84,C11_P_MngtCom_85over,C11_P_MngtCom_Tot,C11_P_Soc_cult_15_19,C11_P_Soc_cult_20_24,C11_P_Soc_cult_25_34,C11_P_Soc_cult_35_44,C11_P_Soc_cult_45_54,C11_P_Soc_cult_55_64,C11_P_Soc_cult_65_74,C11_P_Soc_cult_75_84,C11_P_Soc_cult_85over,C11_P_Soc_cult_Tot,C11_P_Creative_art_15_19,C11_P_Creative_art_20_24,C11_P_Creative_art_25_34,C11_P_Creative_art_35_44,C11_P_Creative_art_45_54,C11_P_Creative_art_55_64,C11_P_Creative_art_65_74,C11_P_Creative_art_75_84,C11_P_Creative_art_85over,C11_P_Creative_art_Tot
801011001,0,4,15,15,12,20,12,8,3,102,0,0,4,20,12,19,27,12,4,106,0,3,26,36,35,22,10,6,0,146,0,3,34,42,48,44,25,18,7,230,0,3,7,15,8,9,3,0,0,44,0,0,9,0,0,3,0,0,0,11,0,0,0,0,0,0,0,0,0,0,0,0,0,3,5,3,0,6,0,20,3,4,0,7,5,7,12,7,5,53,6,34,112,175,161,154,117,73,23,848,0,13,17,23,40,28,27,10,4,166,3,5,18,24,20,11,4,0,0,85,0,3,12,18,15,18,23,20,4,115,0,4,7,0,9,3,8,4,0,39,0,4,3,9,11,0,9,4,0,41,0,0,18,13,30,23,12,10,0,105,0,5,11,20,29,38,27,11,6,141,0,9,32,59,35,28,21,8,3,188,0,19,52,61,77,62,48,16,0,347,0,9,10,17,17,12,0,0,0,66
801011002,0,83,192,59,20,19,16,12,7,407,0,20,80,44,17,19,31,23,11,240,6,97,399,137,48,41,21,21,13,775,6,104,261,111,67,35,19,13,6,628,0,15,81,31,11,3,7,0,3,157,5,14,47,13,9,3,0,0,0,95,0,0,0,0,0,0,0,0,0,0,0,5,18,5,6,0,0,0,0,43,4,37,98,32,16,12,8,8,9,228,16,475,1437,491,223,147,116,95,56,3060,0,25,75,21,16,6,7,0,0,158,0,17,132,43,25,9,4,0,0,230,5,17,83,26,16,16,13,22,3,199,0,14,12,11,6,9,8,0,0,61,0,4,12,6,0,0,4,0,0,26,0,19,76,26,18,10,0,9,6,163,0,9,53,20,21,24,18,10,0,156,8,97,259,80,39,32,20,9,5,554,3,72,233,97,42,27,20,17,5,517,0,25,50,23,13,9,0,0,0,122
801011003,7,76,136,45,20,34,20,13,9,360,3,24,58,37,27,21,41,27,11,248,10,67,180,123,63,51,31,15,9,551,4,94,204,108,45,49,38,21,6,575,0,27,55,29,13,3,0,0,3,130,4,11,24,11,7,4,0,5,3,73,0,5,0,0,0,0,0,0,0,7,0,9,6,11,7,0,4,3,0,40,16,39,46,18,6,10,8,7,10,165,57,417,877,465,245,215,175,95,51,2597,0,32,75,28,27,35,12,0,0,215,6,38,146,59,45,7,3,0,0,307,0,21,94,39,37,38,14,14,3,266,0,14,21,15,6,9,5,0,0,81,0,12,15,4,9,5,3,3,0,50,0,43,99,38,37,27,8,18,4,266,4,21,58,25,26,37,22,10,4,207,10,167,284,113,86,57,30,13,5,762,13,99,237,90,73,70,33,12,5,634,0,37,71,14,7,5,3,0,0,146
801011004,0,5,26,21,17,5,12,0,0,88,3,3,19,33,14,18,8,8,0,99,0,0,44,44,37,19,11,3,4,170,0,10,40,44,38,29,18,0,4,182,0,0,7,19,9,4,0,3,0,39,4,8,13,15,9,4,4,0,0,55,0,0,0,0,0,0,0,0,0,0,0,0,0,3,4,0,0,0,0,10,6,6,15,10,12,7,8,3,0,66,10,33,190,207,142,94,72,24,6,781,0,0,6,13,10,5,0,0,0,36,0,0,25,25,11,9,0,0,0,72,0,4,30,35,18,18,15,5,0,140,0,5,23,15,10,18,3,3,0,83,0,0,10,11,0,9,4,0,0,33,4,11,17,20,12,9,4,0,0,65,0,3,23,18,16,19,12,0,0,92,9,21,67,50,22,38,16,3,0,222,5,11,54,48,36,24,6,3,0,189,0,9,23,18,4,4,9,0,0,60
801011005,0,6,19,23,20,17,22,3,5,109,0,0,27,23,15,25,27,23,0,132,0,7,26,28,38,26,23,9,3,154,0,7,53,70,62,45,38,21,4,302,0,0,21,18,21,4,8,3,0,78,0,0,3,7,0,6,0,5,0,28,0,0,0,4,0,0,0,0,0,4,0,0,0,0,4,4,3,0,0,11,0,0,9,12,4,9,9,0,5,55,7,28,195,222,208,161,150,77,21,1059,0,3,42,56,43,40,26,6,0,223,3,5,32,32,26,7,0,0,0,109,0,6,13,30,27,15,22,10,0,122,0,5,9,14,9,11,6,9,0,61,0,4,9,19,12,5,4,0,0,52,0,0,18,23,16,23,16,11,0,105,0,4,25,25,24,34,29,6,3,151,0,21,59,69,43,35,32,9,8,266,0,15,91,104,69,78,43,18,3,424,0,10,21,27,8,10,6,0,0,86
801011006,0,15,58,56,65,28,25,4,0,254,0,11,50,68,51,26,18,12,0,231,0,15,74,157,136,59,38,8,0,491,4,11,75,106,90,48,20,4,0,357,0,4,12,33,9,12,4,0,0,66,7,11,25,32,25,4,4,4,0,117,0,0,0,0,0,0,0,0,0,3,0,5,4,15,7,3,0,0,0,36,12,8,19,18,30,16,4,5,0,114,34,85,345,520,449,226,119,38,5,1829,0,0,35,34,35,16,8,0,0,133,5,13,83,67,37,13,0,0,0,223,3,21,82,99,55,38,14,11,4,327,0,6,39,50,29,7,6,5,0,148,0,3,6,14,9,9,0,0,0,48,0,8,57,63,43,26,11,5,0,214,0,5,75,73,34,30,19,0,0,231,3,43,229,230,118,78,26,0,0,728,5,25,164,121,61,33,12,6,0,434,0,8,55,27,16,7,0,0,0,123
801011007,0,7,45,37,29,26,27,3,5,180,0,8,36,37,43,23,24,5,0,172,8,7,65,80,73,59,42,12,0,349,0,15,79,69,74,50,31,11,4,340,0,4,22,21,16,6,8,0,0,79,3,9,18,19,5,11,0,3,0,77,0,0,0,0,0,0,0,0,0,0,3,3,0,3,11,3,3,0,0,27,10,9,11,13,4,15,11,3,0,70,26,73,300,335,303,222,152,46,8,1471,0,3,17,44,37,24,8,0,0,136,3,4,56,47,35,13,3,0,0,168,0,9,55,79,78,58,29,7,0,317,0,17,37,31,19,24,12,0,0,142,3,5,20,23,7,10,0,0,0,61,0,10,27,39,33,31,5,5,0,155,0,14,37,56,34,42,16,5,0,197,3,42,147,148,111,91,30,5,0,580,3,27,100,104,86,84,27,3,0,434,0,14,44,27,10,13,0,0,0,113
801011008,0,15,36,49,23,33,18,0,0,172,0,4,20,29,19,20,27,10,0,130,7,21,80,74,46,59,26,12,0,312,0,8,55,80,49,57,32,3,0,291,0,6,18,18,4,4,6,0,0,56,5,11,21,10,10,8,4,0,0,63,0,0,0,0,0,0,0,0,0,0,0,0,3,0,5,0,3,0,0,18,0,4,17,15,15,13,7,5,3,84,11,78,273,304,216,221,137,44,11,1287,0,15,40,43,39,21,3,6,0,159,5,14,57,40,45,14,3,0,0,187,3,13,44,53,62,46,19,14,0,259,0,14,17,13,11,13,11,6,0,82,0,0,7,9,5,4,5,3,0,33,0,14,22,39,48,32,16,8,0,171,0,5,43,27,38,28,10,9,0,161,3,41,108,98,106,57,21,7,0,451,3,23,101,86,88,68,29,3,3,414,0,9,37,18,13,5,3,0,0,90
801011009,0,9,19,24,18,18,24,8,0,126,0,5,31,25,23,33,25,9,0,147,0,6,29,54,48,28,26,12,0,204,0,11,40,57,38,37,26,7,0,221,0,3,7,13,9,8,3,0,0,43,11,7,16,10,8,7,4,0,0,59,0,0,0,0,0,0,0,0,0,0,0,0,0,4,4,4,0,3,0,13,4,5,6,10,9,6,13,3,0,58,20,60,169,221,194,150,129,46,3,993,0,6,16,18,23,35,16,0,0,110,0,3,13,24,26,3,6,0,0,85,0,3,28,35,39,53,20,10,3,200,0,7,15,27,16,10,10,0,0,91,0,0,9,5,9,3,5,0,0,33,0,4,18,21,19,24,11,0,0,103,0,3,8,26,29,32,19,4,0,126,4,13,56,74,62,59,28,0,3,308,4,10,58,67,56,66,22,5,0,277,0,7,25,23,17,3,3,5,0,77
801011010,0,6,8,7,11,22,9,10,0,70,0,0,6,14,25,17,14,3,0,90,0,0,17,44,36,22,17,4,0,135,0,0,12,27,23,22,26,5,0,124,0,0,3,3,0,0,6,0,0,26,3,4,9,3,0,0,0,0,0,14,0,0,0,0,0,0,0,0,0,0,0,0,0,3,0,6,0,0,0,9,0,0,6,6,4,5,0,4,0,17,5,17,68,129,127,98,90,28,3,553,0,0,7,12,14,22,0,0,0,59,3,4,9,12,12,11,6,0,0,53,0,4,14,26,21,32,10,3,0,117,0,4,11,10,15,11,5,0,0,56,0,0,5,5,0,8,0,0,0,24,0,3,8,13,29,20,6,0,0,77,0,0,9,19,21,31,15,4,0,101,0,9,41,37,35,50,16,0,4,198,0,6,34,37,28,30,16,3,0,170,0,11,8,9,3,9,0,0,0,45
801011011,0,0,30,31,16,28,13,8,0,122,0,0,33,23,15,10,20,0,0,111,4,5,36,69,35,26,23,4,0,206,0,9,39,49,37,34,33,8,0,211,0,3,10,22,10,6,7,0,0,59,5,3,10,9,9,4,0,0,0,39,0,0,0,0,0,0,0,0,0,0,0,0,4,4,4,0,0,0,0,15,4,9,9,13,7,5,11,7,0,59,10,32,202,243,168,129,136,36,5,959,0,3,23,28,18,20,9,0,0,100,0,8,27,39,25,18,6,0,0,118,0,9,37,39,29,44,19,4,0,170,0,15,26,19,19,18,7,0,0,100,0,0,9,8,13,4,0,0,0,36,0,0,10,17,31,28,7,0,0,102,0,7,28,26,31,35,14,5,0,135,0,27,81,63,66,68,11,5,0,325,0,26,71,61,46,63,20,5,0,301,0,15,35,13,13,8,0,0,0,81
801011012,0,0,0,0,0,0,0,0,0,0,0,0,0,0,0,0,0,0,0,0,0,0,0,0,0,0,0,0,0,0,0,0,0,0,0,0,0,0,0,0,0,0,0,0,0,0,0,0,0,0,0,0,0,0,0,0,0,0,0,0,0,0,0,0,0,0,0,0,0,0,0,0,0,0,0,0,0,0,0,0,0,0,0,0,0,0,0,0,0,0,0,0,0,0,0,0,0,0,0,0,0,0,0,0,0,0,0,0,0,0,0,0,0,0,0,0,0,0,0,0,0,0,0,0,0,0,0,0,0,0,0,0,0,0,0,0,0,0,0,0,0,0,0,0,0,0,0,0,0,0,0,0,0,0,0,0,0,0,0,0,0,0,0,0,0,0,0,0,0,0,0,0,0,0,0,0,0,0,0,0,0,0,0,0,0,0,0,0,0,0,0,0,0,0,0,0,0,0,0,0
801011013,0,16,18,17,18,25,21,14,0,119,0,0,11,19,27,24,29,24,5,137,4,6,32,32,45,25,18,14,8,181,0,11,30,51,38,33,34,27,4,235,0,4,17,8,7,11,6,3,0,53,4,5,3,6,6,5,0,0,0,25,0,0,0,0,0,0,0,0,0,0,0,0,5,3,0,5,0,0,0,17,4,3,23,7,8,7,3,5,0,61,10,44,162,166,172,152,131,98,15,953,0,7,10,24,25,34,20,4,0,129,0,4,27,27,13,14,0,0,0,97,0,0,20,31,22,29,29,13,0,147,0,5,6,10,6,5,8,6,0,49,0,5,4,7,4,6,4,0,0,33,0,0,33,21,27,21,21,11,0,132,0,5,8,28,27,40,29,17,4,166,0,14,56,67,46,61,31,11,6,290,0,16,56,56,79,90,51,15,8,368,0,10,32,15,11,8,6,0,0,84
801011014,0,6,31,20,21,15,5,8,0,106,0,0,19,23,15,21,16,14,0,109,6,5,52,55,30,18,10,10,0,189,0,6,43,51,36,32,21,6,4,201,0,3,13,12,15,3,7,0,0,41,0,6,7,19,11,4,0,0,0,47,0,0,0,0,0,0,0,3,0,8,0,0,4,4,4,0,0,0,0,11,4,0,9,9,6,5,7,3,0,51,13,36,205,211,153,111,82,50,10,866,0,0,31,23,19,9,10,0,0,97,0,4,27,30,14,7,4,0,0,93,0,13,32,48,33,19,38,13,0,186,0,10,21,21,15,15,11,4,0,96,0,0,14,20,5,7,3,0,0,36,0,3,19,26,18,11,6,0,0,84,0,11,20,24,30,23,17,0,0,118,3,6,72,58,38,41,22,5,0,243,0,19,69,64,51,31,25,3,0,264,0,5,16,19,6,5,3,0,0,59
801011015,0,17,72,45,39,22,18,12,8,242,0,4,53,44,24,23,31,16,3,203,3,19,100,78,69,39,35,18,6,361,0,22,78,98,58,40,29,13,10,354,0,4,33,26,8,5,4,0,0,78,4,5,35,11,11,6,10,0,0,77,0,0,0,0,0,0,0,0,0,9,0,3,7,8,0,5,3,4,0,32,3,8,24,17,16,5,15,9,3,103,16,91,449,384,264,153,152,80,28,1616,0,6,34,32,12,13,10,3,0,101,0,6,44,35,15,12,6,0,0,115,0,6,50,50,38,48,27,14,4,233,0,8,27,25,15,23,16,11,0,120,0,0,10,23,9,3,4,0,0,51,0,7,34,29,30,32,20,7,4,162,0,3,36,37,25,44,30,8,3,179,3,24,126,112,70,72,41,10,3,463,8,34,119,85,71,51,36,11,3,420,0,14,35,26,11,8,3,6,0,91
801011016,0,18,48,43,29,33,51,22,5,252,0,7,33,43,48,53,65,17,4,273,5,24,83,100,92,73,66,16,0,454,5,25,98,120,69,87,53,17,0,478,0,10,23,35,15,8,6,4,0,98,4,7,21,18,12,10,14,0,0,87,0,0,0,0,0,0,0,0,0,0,0,0,8,13,7,5,3,0,0,40,6,8,25,19,21,15,30,7,9,139,20,103,403,471,338,331,323,104,24,2108,0,11,40,53,54,56,10,4,0,231,3,14,74,57,53,35,8,0,0,245,0,23,66,86,85,96,36,23,5,413,0,18,38,24,22,42,14,0,0,169,0,8,12,15,17,14,5,0,0,70,0,11,36,29,58,70,23,3,4,240,0,15,36,43,77,88,28,3,0,291,10,69,174,168,150,144,43,5,0,756,4,42,131,141,136,121,40,9,5,633,0,21,67,29,22,13,6,0,0,154
801011017,0,3,30,17,22,24,14,0,3,116,0,0,22,31,25,20,22,8,0,130,0,6,48,64,61,24,31,11,0,243,0,0,41,68,42,27,31,5,0,218,0,0,11,20,10,3,5,0,0,53,0,7,19,16,7,10,3,0,0,65,0,0,0,0,0,0,3,0,0,4,0,0,3,4,0,3,4,0,0,13,5,6,16,10,6,8,12,4,3,74,13,37,224,255,198,138,136,37,7,1036,0,5,14,17,12,14,8,0,0,76,0,4,23,29,12,7,3,0,0,83,0,10,41,40,46,48,14,14,3,220,0,15,31,29,17,14,8,3,0,115,0,3,10,16,5,3,0,0,0,43,0,7,22,25,23,26,6,5,0,115,0,5,30,33,24,33,26,8,0,154,0,17,76,70,63,52,29,9,3,315,0,21,63,49,49,47,22,11,4,257,0,6,33,8,16,9,0,3,0,73
801011018,0,28,71,27,9,0,0,0,0,140,0,11,30,21,3,5,0,0,0,73,0,37,118,49,22,16,6,0,0,247,0,20,86,33,14,0,0,0,0,153,0,10,25,4,0,0,0,0,0,48,0,10,16,7,0,0,0,0,0,30,0,0,0,0,0,0,0,0,0,0,0,6,7,3,0,0,0,0,0,15,4,25,41,17,8,3,4,0,0,95,5,155,448,197,75,38,19,0,0,934,0,0,0,0,0,0,0,0,0,0,0,0,0,0,0,0,0,0,0,0,0,0,0,0,0,0,0,0,0,0,0,0,0,0,0,0,0,0,0,0,0,0,0,0,0,0,0,0,0,0,0,0,0,0,0,0,0,0,0,0,0,0,0,0,0,0,0,0,0,0,0,0,0,0,0,0,0,0,0,0,0,0,0,0,0,0,0,0,0,0,0,0,0,0,0,0,0,0,0,0
801011019,0,11,80,65,30,32,15,12,0,248,0,6,52,94,36,25,23,14,0,252,4,20,126,165,79,51,30,3,0,480,6,17,95,137,70,47,35,8,0,414,0,4,23,21,18,4,3,5,0,77,3,9,27,33,16,9,5,3,0,104,0,0,0,0,0,0,0,0,0,0,0,0,8,9,14,0,5,0,0,39,3,12,24,28,7,8,13,7,0,99,15,88,482,613,306,195,142,61,6,1907,0,3,43,38,23,23,13,3,0,134,5,13,88,48,18,8,3,0,0,179,0,22,81,65,48,54,33,7,4,306,5,23,39,23,14,15,12,6,0,131,0,5,29,19,11,4,5,0,0,66,0,17,59,39,32,26,12,4,0,194,0,4,81,48,33,33,12,0,0,212,7,49,252,121,63,61,19,3,0,576,4,28,184,104,65,51,24,4,0,467,0,13,52,21,14,11,0,3,0,115
801011020,0,16,35,19,8,15,7,11,0,113,0,9,22,17,17,18,17,12,3,120,4,9,51,43,25,23,23,9,0,181,0,15,50,59,42,18,24,16,3,230,0,3,14,15,18,6,3,0,0,65,0,5,5,7,6,0,0,0,0,20,0,0,0,0,0,0,0,0,0,0,0,0,0,6,5,4,5,0,0,17,5,6,14,10,9,10,10,14,0,81,10,67,234,222,153,115,108,68,17,983,0,5,24,37,25,15,4,3,0,121,0,4,31,21,19,9,3,0,0,91,0,3,20,20,25,17,24,7,0,112,0,6,8,9,8,7,16,4,0,54,0,0,9,6,11,0,4,0,0,22,0,4,17,21,14,11,7,0,0,78,0,4,22,29,21,15,18,6,0,111,0,30,56,49,45,29,21,3,0,234,0,20,76,75,43,43,31,10,3,303,0,10,27,21,13,3,3,0,0,76
801011021,0,0,14,13,13,21,9,5,0,81,0,3,14,21,14,25,25,8,0,121,3,3,31,33,43,33,27,4,0,183,0,11,33,35,38,26,19,5,0,164,0,0,8,9,3,3,0,0,0,23,5,4,5,3,7,15,8,3,0,46,0,0,0,0,0,0,0,0,0,0,0,0,0,0,3,7,0,0,0,16,3,6,5,5,13,7,3,3,0,44,8,33,135,132,156,163,114,32,5,791,0,0,8,19,21,22,6,0,0,77,0,12,25,22,28,19,0,0,0,106,4,11,15,26,20,37,19,9,0,134,0,5,12,15,13,20,8,6,0,74,0,0,4,8,3,6,0,0,0,25,0,6,11,18,27,15,10,5,0,89,0,3,12,13,30,38,9,3,0,111,0,26,55,68,66,57,13,4,0,284,0,10,42,41,55,70,12,3,0,231,0,7,12,6,7,9,0,0,0,41
801011022,0,3,27,21,15,18,21,9,0,109,0,3,12,30,21,16,24,13,5,122,0,7,26,57,33,49,7,16,0,194,0,16,40,61,51,25,30,13,6,224,0,4,15,20,12,6,4,4,0,67,0,3,7,8,11,3,0,0,0,39,0,0,0,0,0,0,0,0,0,0,0,0,5,9,0,0,0,0,0,18,0,3,13,8,9,8,8,3,0,52,7,45,160,225,183,128,109,58,4,925,0,4,14,15,18,24,12,0,0,92,0,3,29,22,25,13,0,0,0,95,0,3,27,35,35,25,33,18,0,186,0,7,18,19,7,11,5,4,0,77,0,0,10,6,10,3,0,0,0,32,0,10,18,17,19,25,20,3,0,113,0,5,12,20,22,46,32,6,0,145,0,23,60,76,65,42,32,3,0,293,0,15,75,75,51,68,30,13,0,322,0,6,20,19,6,10,6,0,0,68
801011023,0,5,32,9,22,13,11,15,13,115,0,0,14,17,15,11,12,20,8,102,0,13,46,37,30,13,19,12,6,183,0,12,47,54,37,16,19,18,5,203,0,4,14,7,5,6,4,3,0,50,0,5,11,6,0,7,0,4,5,35,0,0,0,0,0,0,0,0,3,4,0,0,0,3,0,0,0,4,0,12,10,0,16,15,12,11,9,30,50,152,12,46,209,172,141,95,90,108,97,971,0,5,34,27,9,8,3,7,3,88,0,17,40,22,15,3,5,0,0,96,0,6,28,31,16,11,13,27,6,138,0,3,11,12,11,7,6,6,0,55,0,0,13,4,0,0,0,0,3,23,0,3,23,21,17,10,7,6,13,97,0,0,21,15,22,14,19,14,7,114,0,31,70,50,24,31,31,13,11,264,0,14,66,52,39,34,17,16,9,253,0,11,23,16,6,3,6,7,0,69
801011024,0,3,27,27,14,7,10,6,0,98,0,3,22,32,12,8,15,9,0,104,0,6,40,28,33,24,16,6,0,154,0,12,45,65,47,21,23,8,0,215,0,5,12,19,23,0,4,0,0,61,0,0,6,6,6,0,0,4,0,32,0,0,0,0,0,0,0,0,0,0,0,0,3,4,0,0,3,0,0,14,3,3,11,11,6,5,4,4,0,54,3,44,196,229,160,89,82,31,3,836,0,0,33,24,19,7,5,3,0,94,3,13,43,28,14,10,3,0,0,103,0,11,31,28,23,20,27,12,0,141,0,7,16,17,8,7,5,3,3,75,0,4,6,9,3,5,0,3,0,31,0,5,24,19,16,14,13,6,0,98,0,4,22,20,17,31,16,5,0,108,0,31,76,59,34,42,22,6,0,270,3,19,66,52,45,26,31,3,0,241,3,9,16,24,14,0,4,0,0,62
801011025,0,3,16,23,18,18,15,3,4,99,0,10,13,20,15,4,18,6,0,95,0,3,14,34,33,17,28,0,0,137,0,8,30,42,38,20,22,3,0,166,0,0,10,11,9,4,9,0,0,49,4,0,5,4,5,0,0,0,0,28,0,0,0,0,0,0,0,0,0,0,0,0,0,3,0,4,0,0,0,5,0,6,13,6,6,4,16,0,0,55,11,40,121,172,133,82,114,28,5,704,0,3,12,21,12,7,8,0,0,65,0,0,12,14,23,18,4,0,0,74,0,7,20,22,20,36,19,6,0,122,4,6,18,9,12,8,3,0,0,66,0,0,6,6,0,3,3,0,0,21,0,0,11,17,15,15,4,5,0,81,0,0,15,22,7,26,19,0,0,87,0,16,61,53,35,52,18,9,0,237,4,12,44,51,44,40,17,3,0,202,0,3,16,12,3,12,0,0,0,46
801011026,0,5,20,25,23,19,14,13,0,119,0,4,13,14,31,26,35,19,3,145,3,3,29,45,43,20,18,10,3,182,0,10,24,39,38,18,31,16,0,183,0,7,7,10,6,7,4,0,0,38,0,6,4,3,0,0,4,3,0,12,0,0,0,0,0,0,0,0,0,0,0,0,4,8,3,0,0,0,0,18,0,0,5,3,6,7,8,8,0,39,5,34,129,174,185,123,118,78,12,849,0,12,7,32,24,27,20,6,0,131,0,0,17,38,19,14,4,0,0,94,0,6,15,33,25,11,26,9,0,124,0,7,12,13,8,8,0,0,4,49,0,0,3,6,8,6,7,0,0,25,0,4,10,27,30,21,19,8,0,122,0,0,11,25,41,50,30,17,3,169,0,16,36,73,61,35,24,15,0,270,0,18,31,61,55,56,47,16,0,293,0,7,11,7,8,4,4,0,0,47
801011111,0,0,0,0,0,0,0,0,0,0,0,0,0,0,0,0,0,0,0,0,0,0,0,0,0,0,0,0,0,0,0,0,0,0,0,0,0,0,0,0,0,0,0,0,0,0,0,0,0,0,0,0,0,0,0,0,0,0,0,0,0,0,0,0,0,0,0,0,0,0,0,0,0,0,0,0,0,0,0,0,0,0,0,0,0,0,0,0,0,0,0,0,0,0,4,0,0,0,0,6,0,0,0,0,0,0,0,0,0,0,0,0,0,0,0,0,0,0,0,0,0,0,0,0,0,0,0,0,0,0,0,0,0,0,0,0,0,0,0,0,0,0,0,0,0,0,0,0,0,0,0,0,0,0,0,0,0,0,0,0,0,0,0,0,0,0,0,0,0,0,0,0,0,0,0,0,0,0,0,0,0,0,0,0,0,0,0,0,0,0,0,0,0,0,0,0,0,0,0,0
801011142,0,0,0,0,0,0,0,0,0,0,0,0,0,0,0,0,0,0,0,0,0,0,0,0,0,0,0,0,0,0,0,0,0,0,0,0,0,0,0,0,0,0,0,0,0,0,0,0,0,0,0,0,0,0,0,0,0,0,0,0,0,0,0,0,0,0,0,0,0,0,0,0,0,0,0,0,0,0,0,0,0,0,0,0,0,0,0,0,0,0,0,0,0,0,0,0,0,0,0,0,0,0,0,0,0,0,0,0,0,0,0,0,0,0,0,0,0,0,0,0,0,0,0,0,0,0,0,0,0,0,0,0,0,0,0,0,0,0,0,0,0,0,0,0,0,0,0,0,0,0,0,0,0,0,0,0,0,0,0,0,0,0,0,0,0,0,0,0,0,0,0,0,0,0,0,0,0,0,0,0,0,0,0,0,0,0,0,0,0,0,0,0,0,0,0,0,0,0,0,0
801011143,0,7,21,15,3,0,0,0,0,46,0,0,8,4,6,0,0,0,0,22,0,6,24,15,6,0,0,0,0,53,0,4,19,17,0,0,4,0,0,42,0,0,7,0,0,0,0,0,0,12,0,0,3,3,0,0,0,0,0,9,0,0,0,0,0,0,0,0,0,0,0,0,0,3,0,0,0,0,0,5,0,0,4,5,10,0,0,0,0,13,0,21,100,71,19,9,5,0,0,229,0,0,0,0,0,0,0,0,0,0,0,0,0,0,0,0,0,0,0,0,0,0,0,0,0,0,0,0,0,0,0,0,0,0,0,0,0,0,0,0,0,0,0,0,0,0,0,0,0,0,0,0,0,0,0,0,0,0,0,0,0,0,0,0,0,0,0,0,0,0,0,0,0,0,0,0,0,0,0,0,0,0,0,0,5,0,0,0,0,5,0,0,0,0,0,0,0,0,0,0
801011144,0,0,0,0,0,0,0,0,0,0,0,0,0,0,0,0,0,0,0,0,0,0,0,0,0,0,0,0,0,0,0,0,0,0,0,0,0,0,0,0,0,0,0,0,0,0,0,0,0,0,0,0,0,0,0,0,0,0,0,0,0,0,0,0,0,0,0,0,0,0,0,0,0,0,0,0,0,0,0,0,0,0,0,0,0,0,0,0,0,4,0,0,7,5,0,0,0,0,0,13,0,0,0,0,0,0,0,0,0,0,0,0,0,0,0,0,0,0,0,0,0,0,0,0,0,0,0,0,0,0,0,0,0,0,0,0,0,0,0,0,0,0,0,0,0,0,0,0,0,0,0,0,0,0,0,0,0,0,0,0,0,0,0,0,0,0,0,0,0,0,0,0,0,0,0,0,0,0,0,0,0,0,0,0,0,0,0,0,0,0,0,0,0,0,0,0,0,0,0,0
801031031,0,0,0,0,0,0,0,0,0,0,0,0,0,0,0,0,0,0,0,0,0,0,0,0,0,0,0,0,0,0,0,0,0,0,0,0,0,0,0,0,0,0,0,0,0,0,0,0,0,0,0,0,0,0,0,0,0,0,0,0,0,0,0,0,0,0,0,0,0,0,0,0,0,0,0,0,0,0,0,0,0,0,0,3,0,0,0,0,0,4,0,0,0,3,3,0,0,0,0,10,0,0,0,0,0,0,0,0,0,0,0,0,0,0,0,0,0,0,0,0,0,0,0,0,0,0,0,0,0,0,0,0,0,0,0,0,0,0,0,0,0,0,0,0,0,0,0,0,0,0,0,0,0,0,0,0,0,0,0,0,0,0,0,0,0,0,0,0,0,0,0,0,0,0,0,0,0,0,0,0,0,0,0,0,0,0,0,0,0,0,0,0,0,0,0,0,0,0,0,0
801031032,0,0,0,0,0,0,0,0,0,5,0,0,0,0,0,0,0,0,0,0,0,0,0,0,0,0,0,0,0,0,0,0,0,0,0,0,0,0,0,0,0,0,0,0,0,0,0,0,0,0,0,0,0,0,0,0,0,0,0,0,0,0,0,0,0,0,0,0,0,0,0,0,0,0,0,0,0,0,0,0,0,0,0,0,0,0,0,0,0,0,0,0,3,0,6,4,0,0,0,8,0,0,0,0,0,0,0,0,0,0,0,0,0,0,0,0,0,0,0,0,0,0,5,0,0,0,0,0,0,4,0,0,0,0,0,0,0,0,0,0,0,0,0,0,0,0,0,0,0,0,0,0,0,0,0,0,0,0,0,0,0,0,0,0,0,0,0,0,0,0,0,0,0,0,0,0,0,0,0,5,0,0,0,0,0,0,0,0,0,0,0,0,0,0,0,0,0,0,0,0
801031113,0,0,0,3,0,0,11,0,0,14,0,0,0,6,0,3,5,4,0,18,0,4,5,14,12,4,7,0,0,46,0,0,4,5,7,4,8,0,0,25,0,0,4,0,0,0,0,0,0,9,0,3,0,0,0,0,5,0,0,15,0,0,0,0,0,0,0,0,0,0,0,0,0,0,0,0,0,0,0,5,3,8,23,14,11,21,15,8,0,106,9,15,47,48,45,43,49,11,0,266,0,0,4,0,5,0,0,0,0,13,0,0,0,0,3,0,0,0,0,5,0,3,11,19,14,21,6,4,0,67,0,4,0,6,6,11,0,0,0,36,0,0,0,5,4,4,0,0,0,11,0,0,0,4,9,9,0,0,0,25,0,0,0,0,3,3,6,0,0,14,0,0,12,3,7,10,3,0,0,35,0,4,4,12,14,9,5,0,0,48,0,0,7,7,7,3,0,0,0,16
801031114,0,0,0,0,0,0,0,0,0,0,0,0,0,0,0,0,0,0,0,3,0,0,4,3,0,4,0,0,0,8,0,0,0,0,0,4,0,0,0,5,0,0,0,0,4,0,0,0,0,0,0,0,0,0,0,0,0,0,0,0,0,0,0,0,0,0,0,0,0,0,0,0,0,0,0,0,0,0,0,0,3,0,0,3,0,0,0,0,0,8,3,6,6,13,5,4,0,0,0,39,0,0,0,0,0,3,0,0,0,0,0,0,0,0,0,0,0,0,0,3,0,0,0,3,0,3,0,0,0,6,0,0,0,0,0,0,0,0,0,4,0,0,3,0,0,0,0,0,0,3,0,0,0,0,0,0,0,0,0,0,0,0,0,0,0,0,0,0,0,5,0,0,3,0,3,0,0,0,0,7,0,0,0,3,0,0,0,0,0,10,0,0,0,0,0,0,0,0,0,0
801031115,0,0,0,0,0,0,0,0,0,5,0,0,0,0,0,0,0,0,0,0,0,0,3,3,0,7,0,0,0,8,0,3,8,4,5,4,0,0,0,15,0,4,0,0,0,4,0,0,0,3,0,0,0,0,4,0,0,0,0,5,0,0,0,0,0,0,0,0,0,0,0,0,0,0,0,0,0,0,0,0,0,3,8,4,3,0,0,0,0,16,0,13,10,12,13,13,3,7,0,67,0,0,0,3,0,3,0,0,0,9,0,0,0,0,0,0,0,0,0,0,0,0,0,5,6,0,0,0,0,14,0,0,0,0,0,0,0,0,0,6,0,0,0,0,0,0,4,0,0,14,0,0,0,0,0,3,5,0,0,8,0,0,0,0,0,0,0,0,0,5,0,0,0,0,9,0,0,0,0,9,0,0,0,5,5,4,4,0,0,13,0,0,0,0,0,0,0,0,0,6
801041034,0,15,45,51,43,19,11,6,0,185,0,9,29,49,52,32,11,12,0,190,6,20,62,118,135,61,29,7,0,428,8,23,72,84,81,59,19,6,0,350,0,11,17,21,10,11,6,4,0,77,0,12,20,32,21,0,4,0,0,94,0,0,0,0,0,0,0,0,0,0,0,0,7,3,10,4,3,0,0,24,10,12,20,15,18,12,8,0,0,85,25,105,300,428,424,217,89,39,3,1637,0,8,16,43,22,9,3,0,0,99,4,4,49,100,47,12,0,0,0,222,0,10,51,113,64,30,17,3,0,293,4,7,24,32,12,4,4,3,0,87,0,0,10,14,4,9,3,0,0,38,0,0,40,46,28,19,7,0,0,139,0,6,40,61,50,20,12,0,0,193,3,26,162,250,145,67,19,6,0,680,6,13,96,140,77,32,9,7,0,377,0,9,31,29,13,3,3,0,0,86
801041035,0,11,68,66,30,11,7,8,0,201,0,9,42,72,46,12,8,0,0,199,0,20,123,217,91,28,11,6,0,486,8,29,74,118,86,27,12,0,0,354,3,9,23,34,9,0,0,0,0,83,4,12,29,25,19,3,0,0,0,95,0,0,0,0,0,0,0,0,0,4,0,3,9,12,4,0,0,0,0,29,9,17,38,45,15,9,6,0,0,145,25,123,487,698,356,111,62,15,3,1871,0,0,17,9,4,0,0,0,0,31,0,5,44,33,5,0,0,0,0,82,0,3,28,25,11,4,6,0,0,80,0,13,22,6,0,6,0,0,0,45,0,0,7,0,0,0,0,0,0,14,0,0,22,10,0,3,0,0,0,38,0,5,27,12,3,0,0,0,0,47,0,18,103,54,16,9,0,0,0,197,0,15,56,37,9,0,0,0,0,117,0,3,21,15,0,0,0,0,0,38
801041036,0,16,74,65,35,12,7,4,0,215,0,6,60,55,26,15,18,0,0,182,6,19,146,198,99,47,6,8,0,523,3,18,102,121,67,24,12,0,0,355,0,7,23,30,7,6,0,0,0,72,3,12,32,36,14,0,0,0,0,95,0,0,0,0,0,0,0,0,0,0,0,0,11,10,0,0,0,0,0,29,0,6,29,34,10,15,6,0,0,99,15,97,553,633,286,149,61,11,0,1801,0,4,7,6,4,0,0,0,0,22,0,4,39,21,5,0,0,0,0,71,0,7,28,15,10,6,0,0,0,60,0,12,15,11,4,3,0,0,0,47,0,4,0,0,0,0,0,0,0,4,0,4,19,7,4,0,0,0,0,36,0,0,22,11,4,10,3,0,0,51,0,22,83,40,24,8,0,0,0,181,0,17,56,28,11,11,0,0,0,128,0,9,19,4,0,0,0,0,0,30
801041037,0,11,34,47,25,10,6,13,0,151,0,0,31,44,19,11,15,14,0,146,0,14,119,145,63,22,23,6,0,395,4,12,76,75,46,33,11,9,0,270,0,7,28,30,8,3,0,0,3,80,0,9,17,19,6,0,3,0,0,65,0,0,0,0,0,0,0,0,0,0,0,0,6,13,0,0,0,0,0,22,0,6,18,18,5,9,5,5,4,71,7,73,399,490,221,103,67,52,15,1425,0,0,8,4,0,0,0,0,0,16,0,0,30,11,4,0,0,0,0,41,0,3,17,7,5,0,0,0,0,36,0,0,8,4,0,0,0,0,0,13,0,0,0,0,0,0,0,0,0,0,0,3,9,10,9,0,0,0,0,28,0,0,9,5,4,0,0,0,0,14,0,11,39,18,0,0,0,0,0,74,0,9,51,17,3,0,0,0,0,84,0,6,12,0,4,0,0,0,0,17
801041038,0,6,31,36,41,17,10,3,0,150,0,7,10,47,40,14,11,3,0,127,0,7,66,149,94,29,12,4,0,364,0,6,34,93,43,21,11,0,0,215,0,8,7,20,13,3,0,0,0,53,3,9,8,16,15,0,0,0,0,55,0,0,0,0,0,0,0,0,0,0,0,0,8,11,3,0,5,0,0,25,12,4,12,14,11,0,6,0,0,62,21,54,207,470,293,107,58,14,4,1224,0,0,17,22,3,0,4,0,0,52,0,7,72,46,8,0,0,0,0,133,0,3,46,40,18,8,9,0,0,122,0,5,24,25,12,5,0,0,0,70,0,3,0,3,4,0,0,0,0,15,0,3,14,24,10,5,0,0,0,64,0,0,31,27,12,3,0,0,0,72,0,17,120,115,33,11,4,0,0,302,0,6,66,62,21,12,0,3,0,173,0,3,16,12,3,0,0,0,0,36
801041039,0,31,96,60,26,17,5,0,0,241,0,12,44,46,26,11,7,4,0,150,4,39,284,222,98,46,20,3,0,715,0,43,129,109,66,31,18,3,0,388,0,3,33,20,13,4,4,0,0,88,4,11,43,31,15,5,0,0,0,113,0,0,0,0,0,0,0,0,0,4,0,3,11,14,0,3,5,0,0,31,7,16,65,30,18,13,9,6,0,156,16,186,860,648,318,141,71,15,0,2265,0,10,38,22,19,3,0,0,0,101,0,20,158,74,22,7,0,0,0,280,0,10,81,51,33,15,0,0,0,191,0,14,42,13,6,4,3,0,0,81,0,0,6,8,4,3,0,0,0,26,0,7,50,31,21,9,0,0,0,127,0,3,39,32,9,7,0,0,0,94,3,59,255,126,45,21,5,0,0,525,0,30,117,74,37,21,3,0,0,281,0,10,43,18,0,0,0,0,0,77
801041040,6,41,109,61,38,24,17,6,0,293,0,7,91,57,37,31,14,6,4,243,3,43,315,172,111,50,41,5,0,747,4,50,146,118,59,35,21,10,0,442,3,5,46,26,9,9,4,0,0,108,5,21,40,30,19,10,4,0,0,126,0,0,0,0,0,0,0,0,0,4,0,0,20,11,5,3,0,0,0,47,3,24,64,40,26,10,4,5,0,176,23,239,1027,602,357,209,112,33,4,2609,0,5,39,36,18,14,4,0,0,116,0,29,104,83,42,12,0,0,0,278,0,19,70,77,66,20,12,0,3,269,0,12,46,40,16,7,6,0,3,128,0,0,12,5,3,0,0,0,0,24,0,13,32,49,25,19,5,0,0,139,0,11,63,50,20,16,6,0,0,164,0,108,259,190,110,44,7,0,0,732,0,49,169,113,41,27,3,0,0,413,0,24,32,24,4,5,4,0,0,94
801041043,0,0,0,0,7,0,0,7,0,15,0,0,0,5,3,7,0,0,0,17,0,4,0,3,0,3,3,0,0,12,0,0,0,3,6,6,4,0,0,19,0,0,0,0,0,0,0,0,0,5,0,0,0,0,0,0,0,0,0,5,0,0,0,0,0,0,0,0,0,0,0,0,0,0,0,0,0,0,0,0,0,0,0,0,0,0,0,0,0,7,0,10,0,6,25,15,18,5,0,81,0,0,0,0,3,0,0,0,0,4,0,0,0,0,0,0,0,0,0,7,0,0,0,4,4,3,0,5,0,22,0,0,5,8,0,5,0,3,0,16,0,0,0,3,3,4,0,0,0,6,0,0,0,0,5,0,3,0,0,10,0,0,0,3,3,7,0,0,0,20,0,3,4,8,5,4,5,0,0,29,0,0,5,5,13,8,0,4,0,28,0,0,0,0,5,0,0,0,0,8
801041044,0,32,92,67,38,13,9,0,0,262,0,10,41,48,49,14,8,8,0,186,4,29,198,247,112,46,20,4,0,658,0,41,139,144,102,35,10,0,0,480,0,8,45,26,10,6,0,0,0,96,3,12,30,25,18,0,0,0,0,93,0,0,0,0,0,0,0,0,0,0,0,3,10,10,10,0,0,0,0,33,13,15,47,24,25,4,4,3,0,145,19,175,734,723,419,161,70,28,0,2333,0,8,36,38,20,12,0,0,0,114,5,10,90,83,25,10,0,0,0,213,0,6,63,84,45,19,5,0,0,228,0,8,18,23,7,3,0,0,0,64,0,3,8,13,5,6,0,0,0,35,0,7,33,47,26,6,0,0,0,112,0,5,41,51,24,17,3,0,0,138,0,30,206,230,81,30,10,0,0,583,3,27,110,116,58,23,8,0,0,348,0,3,29,20,6,0,0,0,0,72
801041045,0,0,0,0,0,0,0,0,0,0,0,0,0,0,0,0,0,0,0,0,0,0,0,0,0,0,0,0,0,0,0,0,0,0,0,0,0,0,0,0,0,0,0,0,0,0,0,0,0,0,0,0,0,0,0,0,0,0,0,0,0,0,0,0,0,0,0,0,0,0,0,0,0,0,0,0,0,0,0,0,0,0,0,0,0,0,0,0,0,0,0,0,0,0,0,0,0,0,0,4,0,0,0,0,0,0,0,0,0,0,0,0,0,0,0,0,0,0,0,0,0,0,0,0,0,0,0,0,0,0,0,0,0,0,0,0,0,0,0,0,0,0,0,0,0,0,0,0,0,0,0,0,0,0,0,0,0,0,0,4,0,0,0,0,0,0,0,0,0,0,0,0,0,0,0,0,0,0,0,0,0,0,0,0,0,3,0,0,0,3,0,0,0,0,0,0,0,0,0,0
801041046,0,31,104,81,48,48,33,18,0,365,4,9,103,108,66,41,31,21,4,389,6,24,201,210,156,92,60,20,3,767,4,35,164,175,112,80,41,13,3,618,0,6,38,35,13,6,3,3,5,102,10,25,48,54,35,17,6,8,0,199,0,0,0,0,0,0,0,0,0,4,0,3,15,21,8,8,0,0,0,65,8,13,43,42,30,17,21,21,5,209,27,165,802,816,532,333,220,126,15,3037,0,8,63,70,36,19,7,3,0,214,8,13,136,104,45,15,4,0,0,322,4,24,109,129,82,50,19,12,0,436,5,26,66,52,33,16,12,5,0,208,0,3,25,22,7,0,6,0,0,64,0,10,83,67,59,34,14,0,0,271,0,6,98,74,50,35,27,3,0,297,8,61,320,249,165,59,32,9,0,909,0,62,273,211,119,82,24,12,0,786,5,16,65,40,24,9,5,5,0,168
801041047,0,16,35,32,47,53,29,14,6,226,0,10,25,28,46,44,40,20,0,221,4,16,63,110,168,105,65,15,3,552,4,18,47,86,88,73,43,16,3,379,0,18,17,22,14,7,5,5,0,90,6,7,3,6,17,9,5,0,0,51,0,0,0,0,0,0,0,0,0,0,0,0,0,3,5,7,3,0,0,19,3,4,10,10,10,9,15,9,0,71,20,99,228,356,472,370,220,91,4,1855,0,9,17,49,58,25,5,6,0,170,0,5,53,101,92,36,7,0,0,288,3,6,33,77,126,71,42,16,0,370,0,13,27,28,30,34,24,5,3,164,0,0,3,15,9,6,3,0,0,39,0,3,26,53,71,26,31,9,0,209,0,7,22,42,60,60,28,3,0,224,8,41,119,253,227,143,36,9,3,832,0,31,77,117,138,95,43,8,0,504,3,7,27,25,15,8,3,4,0,98
801041048,0,6,51,35,30,30,21,4,0,173,0,6,40,39,41,26,22,13,0,178,0,16,69,99,82,58,36,8,0,368,0,24,84,80,66,48,35,10,0,341,3,3,25,19,8,6,5,0,0,67,0,11,17,14,19,11,8,3,0,79,0,0,0,0,0,0,0,0,0,0,0,0,5,11,5,9,6,3,0,28,5,3,23,23,20,7,10,10,0,109,11,76,365,374,309,228,150,39,8,1555,0,11,32,28,47,26,3,5,0,153,0,11,78,79,58,12,3,0,0,246,0,17,52,59,85,44,11,5,0,282,0,13,33,24,21,17,9,3,0,114,0,3,16,14,7,3,0,0,0,43,0,6,26,44,40,26,7,3,0,152,0,3,52,57,29,29,19,3,0,191,9,75,202,159,147,80,13,4,0,683,3,31,110,130,98,65,16,5,0,454,0,8,29,25,8,12,3,0,0,89
801041116,0,0,0,0,0,0,0,0,0,0,0,0,0,0,0,0,0,0,0,0,0,0,0,0,0,0,0,0,0,0,0,0,0,0,0,0,0,0,0,0,0,0,0,0,0,0,0,0,0,0,0,0,0,0,0,0,0,0,0,0,0,0,0,0,0,0,0,0,0,0,0,0,0,0,0,0,0,0,0,0,0,0,0,0,0,0,0,0,0,0,0,0,0,0,0,0,0,0,0,0,0,0,0,0,0,0,0,0,0,0,0,0,0,0,0,0,0,0,0,0,0,0,0,0,0,0,0,0,0,0,0,0,0,0,0,0,0,0,0,0,0,0,0,0,0,0,0,0,0,0,0,0,0,0,0,0,0,0,0,0,0,0,0,0,0,0,0,0,0,0,0,0,0,0,0,0,0,0,0,0,0,0,0,0,0,0,0,0,0,0,0,0,0,0,0,0,0,0,0,0
801041117,0,0,0,0,0,0,0,0,0,0,0,0,0,0,0,0,0,0,0,0,0,0,0,0,0,0,0,0,0,0,0,0,0,0,0,0,0,0,0,0,0,0,0,0,0,0,0,0,0,0,0,0,0,0,0,0,0,0,0,0,0,0,0,0,0,0,0,0,0,0,0,0,0,0,0,0,0,0,0,0,0,0,0,0,0,0,0,0,0,0,0,0,0,0,0,0,0,0,0,0,0,0,0,0,0,0,0,0,0,0,0,0,0,0,0,0,0,0,0,0,0,0,0,0,0,0,0,0,0,0,0,0,0,0,0,0,0,0,0,0,0,0,0,0,0,0,0,0,0,0,0,0,0,0,0,0,0,0,0,0,0,0,0,0,0,0,0,0,0,0,0,0,0,0,0,0,0,0,0,0,0,0,0,0,0,0,0,0,0,0,0,0,0,0,0,0,0,0,0,0
801041118,0,3,12,8,4,0,0,0,0,28,0,5,8,9,5,0,0,0,0,20,0,0,10,34,10,0,0,0,0,65,0,0,10,14,5,0,0,0,0,31,0,0,0,3,0,0,0,0,0,7,0,0,9,0,0,0,0,0,0,7,0,0,0,0,0,0,0,0,0,0,0,0,3,3,0,0,0,0,0,4,0,0,3,3,3,0,0,0,0,15,5,11,61,80,30,0,9,0,0,198,0,0,0,0,0,0,0,0,0,0,0,0,0,0,0,0,0,0,0,0,0,0,0,0,0,0,0,0,0,0,0,0,0,0,0,0,0,0,0,0,0,0,0,0,0,0,0,0,0,0,0,0,0,0,0,0,0,0,0,0,0,0,0,0,0,0,0,0,0,0,0,0,0,0,0,0,0,0,0,0,0,0,0,0,0,0,0,0,0,0,0,0,0,0,0,0,0,0,0,0
801041119,0,0,0,0,0,0,0,0,0,0,0,0,0,0,0,0,0,0,0,0,0,0,0,0,0,0,0,0,0,0,0,0,0,0,0,0,0,0,0,0,0,0,0,0,0,0,0,0,0,0,0,0,0,0,0,0,0,0,0,0,0,0,0,0,0,0,0,0,0,0,0,0,0,0,0,0,0,0,0,0,0,0,0,0,0,0,0,0,0,0,0,0,0,4,0,0,0,0,0,4,0,0,0,0,0,0,0,0,0,0,0,0,0,0,0,0,0,0,0,0,0,0,0,0,0,0,0,0,0,0,0,0,0,0,0,0,0,0,0,0,0,0,0,0,0,0,0,0,0,0,0,0,0,0,0,0,0,0,0,0,0,0,0,0,0,0,0,0,0,0,0,0,0,0,0,0,0,0,0,0,0,0,0,0,0,0,0,0,0,0,0,0,0,0,0,0,0,0,0,0
801041120,0,10,95,68,23,11,3,4,0,217,0,11,41,62,25,11,7,0,0,152,3,11,133,147,45,12,7,0,0,353,0,13,86,70,33,7,6,5,0,219,0,5,22,25,8,3,0,0,0,61,5,6,21,26,16,3,0,0,0,72,0,0,0,0,0,0,0,0,0,0,0,0,4,17,0,7,0,0,0,26,5,13,35,33,14,0,4,0,0,106,15,83,526,536,180,63,29,10,0,1446,0,0,0,0,0,0,0,0,0,0,0,0,0,0,0,0,0,0,0,0,0,0,0,0,0,0,0,0,0,0,0,0,0,0,0,0,0,0,0,0,0,0,0,0,0,0,0,0,0,0,0,0,0,0,0,0,0,0,0,0,0,0,0,0,0,0,0,0,0,0,0,0,0,0,0,0,0,0,0,0,0,0,0,0,0,0,0,0,0,0,0,0,0,0,0,0,0,0,0,0
801041121,0,6,38,26,0,3,4,0,0,73,0,4,23,9,14,5,4,7,0,58,0,4,77,60,13,5,0,0,0,155,0,10,35,33,13,6,5,0,0,99,0,0,11,11,0,0,0,0,0,26,0,0,9,14,0,0,0,0,0,33,0,0,0,0,0,0,0,0,0,0,0,0,7,9,0,4,0,0,0,19,0,8,26,12,9,3,0,0,0,54,4,41,274,201,64,31,11,7,0,633,0,0,0,0,0,0,0,0,0,0,0,0,0,0,0,0,0,0,0,0,0,0,0,0,0,0,0,0,0,0,0,0,0,0,0,0,0,0,0,0,0,0,0,0,0,0,0,0,0,0,0,0,0,0,0,0,0,0,0,0,0,0,0,0,0,0,0,0,0,0,0,0,0,0,0,0,0,0,0,0,0,0,0,0,0,0,0,0,0,0,0,0,0,0,0,0,0,0,0,0
801041122,0,4,44,26,11,3,0,3,0,94,0,0,10,17,5,0,0,0,0,37,0,5,73,85,18,10,0,0,0,190,0,3,28,39,15,5,3,0,0,90,0,3,11,9,0,0,0,0,0,17,0,7,14,6,4,0,0,0,0,27,0,0,0,0,0,0,0,0,0,0,0,0,0,3,0,0,0,0,0,9,0,0,14,12,4,3,0,0,0,34,4,27,243,248,76,26,12,3,0,629,0,0,0,0,0,0,0,0,0,0,0,0,0,0,0,0,0,0,0,0,0,0,0,0,0,0,0,0,0,0,0,0,0,0,0,0,0,0,0,0,0,0,0,0,0,0,0,0,0,0,0,0,0,0,0,0,0,0,0,0,0,0,0,0,0,0,0,0,0,0,0,0,0,0,0,0,0,0,0,0,0,0,0,0,0,0,0,0,0,0,0,0,0,0,0,0,0,0,0,0
801051049,4,0,0,0,0,0,0,0,0,3,0,0,3,4,0,0,0,0,0,3,0,13,17,0,0,0,0,0,0,31,6,31,24,8,3,0,0,0,0,74,8,12,4,0,0,0,0,0,0,26,9,4,0,0,0,0,0,0,0,14,4,0,0,0,0,0,0,0,0,3,0,0,3,0,0,0,0,0,0,6,159,111,11,6,0,0,0,0,0,289,189,216,109,24,8,0,0,0,0,550,4,80,70,8,0,0,0,0,0,161,0,15,28,5,0,0,0,0,0,45,0,19,36,0,0,0,0,0,0,54,0,0,0,0,0,0,0,0,0,0,0,5,14,5,0,0,0,0,0,24,0,20,10,3,0,0,0,0,0,38,0,3,13,0,0,0,0,0,0,15,3,57,48,7,0,0,0,0,0,116,6,63,134,28,13,0,0,0,0,245,4,16,5,6,0,0,0,0,0,31
801051050,0,3,27,38,28,31,17,10,20,169,0,7,8,19,26,39,39,28,15,184,0,11,31,56,75,44,27,13,10,268,5,28,98,137,106,93,79,31,5,588,0,9,27,19,37,18,10,0,5,124,0,4,3,8,7,6,0,5,0,39,0,0,0,0,0,0,0,0,0,0,0,0,7,12,9,8,5,6,4,48,6,4,15,12,10,21,12,22,33,142,15,94,266,349,354,298,219,129,92,1816,0,19,43,45,59,39,10,6,3,231,0,10,28,30,33,11,4,0,0,121,4,14,47,34,27,25,18,17,9,189,0,3,19,25,25,28,6,16,3,119,0,5,16,24,21,11,4,3,0,77,0,3,29,26,38,34,5,15,8,149,0,8,23,39,52,45,29,18,5,213,0,23,77,101,83,51,19,19,13,386,0,46,183,178,162,137,49,26,6,800,0,26,56,58,39,34,4,8,3,221
801051051,0,19,103,29,16,12,16,4,3,201,0,0,39,19,15,12,14,7,0,110,0,54,230,89,38,24,12,3,3,464,0,166,481,158,72,34,37,12,6,972,0,24,72,33,11,9,5,4,0,149,0,10,26,12,0,3,0,0,0,53,0,0,0,0,0,0,0,0,0,0,0,16,27,5,8,8,0,0,0,58,6,29,76,25,3,6,13,8,5,167,8,391,1228,442,195,137,103,38,11,2548,0,35,110,33,20,13,9,3,0,224,7,20,103,29,14,10,4,0,0,179,0,37,80,27,17,10,7,0,0,177,0,8,19,10,3,4,3,4,0,49,0,0,23,6,5,0,0,0,0,39,0,17,65,18,19,14,4,4,5,132,0,6,29,10,17,17,7,5,0,82,0,92,231,80,53,33,8,6,3,495,5,129,494,124,63,57,23,12,3,908,0,29,88,19,14,3,3,0,0,170
801051053,0,9,47,21,15,13,12,5,0,114,0,0,13,8,13,20,11,3,3,69,3,72,160,41,38,30,13,3,0,372,0,87,182,52,33,26,16,0,0,403,7,12,35,15,3,4,0,0,0,85,4,8,11,4,3,0,0,0,0,35,0,4,0,0,0,0,0,0,0,3,3,6,0,0,4,3,0,0,0,18,70,116,68,22,10,12,8,0,4,305,97,371,652,212,134,120,68,20,3,1673,4,41,58,16,11,10,0,0,0,134,0,20,55,19,0,6,0,0,0,103,0,22,30,15,11,10,0,0,4,93,0,0,4,10,3,0,5,0,0,24,0,3,4,0,5,0,0,0,0,10,0,4,39,14,11,3,3,4,0,82,3,0,14,5,14,6,3,0,0,47,6,105,135,41,18,25,7,5,0,355,9,70,146,39,34,31,8,0,0,331,5,14,26,10,4,3,0,0,0,68
801051054,0,11,33,26,16,7,6,0,0,99,0,4,25,13,8,16,0,5,0,65,0,20,81,47,26,17,4,4,0,204,0,67,152,66,62,21,12,9,0,389,0,10,27,20,13,10,4,0,0,80,0,0,11,6,3,0,0,0,0,23,0,0,0,0,0,0,0,0,0,0,0,6,7,3,9,0,0,0,0,20,0,17,26,12,6,6,3,0,0,66,5,167,436,217,160,94,43,24,6,1143,0,10,33,24,18,7,4,0,0,100,3,7,29,9,15,8,0,0,0,67,0,13,24,11,5,9,0,10,3,76,0,10,15,0,6,4,3,4,0,49,0,0,8,8,3,3,0,0,0,27,0,4,19,16,16,18,8,3,0,78,0,4,15,3,10,8,16,0,0,52,0,26,77,34,31,8,14,4,0,194,0,43,108,73,42,42,14,7,0,325,0,15,35,13,9,3,5,0,0,84
801051055,0,11,31,27,18,14,10,4,0,120,0,3,18,36,19,15,23,21,3,141,0,11,69,63,40,22,18,12,4,231,0,34,111,114,72,34,33,8,8,424,0,8,16,32,12,12,5,0,0,88,0,6,10,10,4,5,5,0,0,40,0,0,0,0,0,0,0,0,0,0,0,0,9,9,13,0,6,0,0,34,0,18,20,8,14,11,11,8,0,84,3,117,327,348,237,127,117,51,18,1360,0,16,35,27,22,21,12,0,0,129,3,7,29,21,20,8,4,0,0,95,0,13,35,35,29,13,11,7,8,149,0,10,14,7,12,9,7,12,3,75,0,4,15,26,13,3,0,0,0,62,0,3,16,29,30,17,5,3,5,104,0,0,25,23,20,29,23,9,0,125,0,30,77,59,43,30,20,7,5,271,0,34,147,126,81,56,10,14,0,463,0,15,51,27,18,13,3,0,0,128
801051056,0,5,16,16,25,8,16,9,3,106,0,0,17,11,23,28,19,14,6,115,0,0,25,37,28,24,12,4,0,128,0,16,51,84,86,56,42,21,4,359,0,6,14,24,18,12,6,0,0,79,5,3,5,4,0,0,0,0,0,16,0,0,0,0,0,0,0,0,0,0,0,0,4,7,9,4,0,0,0,29,4,0,6,4,8,6,0,7,3,44,8,34,153,234,246,171,109,52,27,1026,0,7,34,39,32,26,10,17,3,166,0,3,14,13,17,6,5,0,0,66,0,3,23,27,22,14,19,12,8,137,0,8,20,16,17,4,11,7,7,80,0,0,11,12,8,10,5,0,0,49,0,3,13,24,19,12,15,11,0,103,0,3,11,29,35,32,25,11,4,139,0,13,45,66,36,27,17,12,4,220,3,18,91,122,90,86,36,15,4,468,0,9,29,32,24,12,0,3,0,115
801051057,0,18,40,25,26,21,19,15,7,168,0,5,44,33,25,22,25,18,10,182,3,28,137,81,50,50,26,10,9,392,0,63,190,113,81,85,45,23,7,609,0,11,43,30,26,8,3,4,0,132,0,9,17,9,4,0,0,0,4,47,0,0,0,3,0,0,0,0,0,0,0,5,17,9,7,5,0,0,0,47,0,4,43,24,8,9,10,36,44,176,12,169,639,378,271,221,156,107,80,2038,0,18,77,44,33,28,18,9,3,220,0,15,62,27,18,4,3,0,0,132,0,10,59,37,42,31,7,12,10,207,0,11,28,20,13,14,13,4,3,97,0,3,17,14,16,5,3,0,0,53,0,5,42,31,35,27,12,8,6,166,0,4,30,24,29,44,17,13,5,163,4,29,115,60,72,59,18,12,7,374,0,52,257,126,114,95,42,18,4,699,0,25,58,31,29,16,7,0,3,163
801051058,0,15,31,32,35,34,26,6,0,178,0,10,31,23,36,31,36,13,9,184,0,14,64,63,69,48,18,12,0,301,3,59,146,120,119,104,71,20,5,643,0,12,36,17,25,20,10,8,0,131,0,3,13,0,9,8,7,0,0,40,0,0,0,0,0,0,0,0,0,0,0,0,9,3,9,12,7,5,0,53,5,6,21,17,18,7,7,8,12,95,14,150,437,343,398,298,202,74,32,1944,0,32,89,61,68,61,22,7,4,349,0,9,47,40,26,10,5,0,0,134,0,17,41,36,30,20,9,11,4,175,0,3,18,22,27,12,6,9,0,113,0,4,26,22,16,11,6,3,0,83,0,4,32,40,52,33,6,7,3,186,0,3,24,31,44,50,18,9,3,176,5,46,90,127,85,39,14,8,9,419,0,60,261,199,200,136,59,17,7,943,0,24,60,56,30,16,10,0,3,192
801051060,0,18,54,25,17,14,14,4,0,141,0,3,24,10,11,8,20,16,4,93,0,43,123,55,41,25,21,3,0,317,0,96,253,102,73,32,25,17,3,609,0,18,55,22,9,17,3,0,0,115,0,4,8,7,3,0,3,0,0,27,0,0,0,0,0,0,0,0,0,0,0,3,13,4,0,0,3,0,0,31,0,14,32,20,8,4,9,3,3,91,3,249,677,290,200,123,126,45,16,1739,0,20,74,36,32,22,14,11,0,210,0,11,71,28,22,13,6,0,0,152,0,13,56,19,21,8,8,3,0,139,0,9,17,9,10,6,4,0,0,56,0,3,19,9,11,7,0,0,0,49,0,3,42,16,24,15,6,0,0,111,0,4,25,6,12,17,18,3,0,93,0,71,168,66,53,51,11,0,5,429,0,104,350,108,71,67,38,18,5,766,0,16,66,20,10,6,3,0,5,123
801051061,0,9,63,40,30,29,17,3,4,192,0,7,56,46,41,36,37,18,4,253,0,10,120,114,70,57,11,3,0,387,0,37,180,204,143,78,44,15,4,689,6,8,53,50,31,18,0,0,0,163,0,6,15,5,13,6,0,0,0,47,0,0,0,0,0,0,0,0,0,0,0,4,6,21,8,4,0,0,0,42,6,14,27,31,14,7,10,10,0,133,13,119,607,601,398,265,127,63,12,2225,0,23,92,68,47,25,16,5,0,270,0,11,84,39,25,7,0,0,0,171,0,17,83,48,50,15,20,20,4,247,0,6,20,31,12,19,13,4,3,114,0,0,17,22,7,9,0,0,0,61,0,13,40,36,33,13,11,6,3,166,0,4,45,44,51,34,24,11,3,206,0,53,170,115,84,49,5,5,4,488,0,42,250,195,148,81,33,9,6,764,0,24,60,35,30,3,7,6,0,161
801051123,0,0,0,0,0,0,0,0,0,0,0,0,0,0,0,0,0,0,0,0,0,0,0,0,0,0,0,0,0,0,0,0,0,0,0,0,0,0,0,0,0,0,0,0,0,0,0,0,0,0,0,0,0,0,0,0,0,0,0,0,0,0,0,0,0,0,0,0,0,0,0,0,0,0,0,0,0,0,0,0,0,0,0,0,0,0,0,0,0,0,0,0,0,0,0,0,0,0,0,0,0,0,0,0,0,0,0,0,0,0,0,0,0,0,0,0,0,0,0,0,0,0,0,0,0,0,0,0,0,0,0,0,0,0,0,0,0,0,0,0,0,0,0,0,0,0,0,0,0,0,0,0,0,0,0,0,0,0,0,0,0,0,0,0,0,0,0,0,0,0,0,0,0,0,0,0,0,0,0,0,0,0,0,0,0,0,0,0,0,0,0,0,0,0,0,0,0,0,0,0
801051124,0,5,22,23,38,24,19,8,12,159,0,4,14,16,18,27,32,22,6,139,3,15,76,46,75,61,28,13,6,312,0,48,140,84,83,88,57,18,9,533,0,12,23,19,12,12,8,0,0,91,4,0,3,3,13,0,0,0,0,21,0,0,0,0,0,0,0,0,0,0,0,4,8,9,10,5,4,4,3,45,6,10,19,10,10,7,10,13,14,90,11,117,346,249,292,254,172,86,48,1580,0,16,27,24,33,22,16,13,3,158,0,3,28,12,20,13,0,0,0,75,0,6,35,19,22,20,7,9,10,140,0,4,7,18,14,10,0,8,0,59,0,0,13,6,4,0,10,4,0,43,0,4,9,27,25,29,13,21,10,134,0,0,14,15,22,37,26,13,5,137,0,22,50,73,81,46,20,13,8,319,0,55,128,90,118,113,54,29,6,589,0,24,26,18,21,18,0,0,0,103
801051125,0,3,17,4,0,0,0,0,0,26,0,0,8,3,0,0,0,0,0,14,5,14,12,14,0,0,0,0,0,44,4,20,24,4,0,0,0,0,0,58,0,3,3,0,0,0,0,0,0,7,0,3,3,3,0,0,0,0,0,13,0,0,0,0,0,0,0,0,0,0,0,5,3,3,0,0,0,0,0,8,22,46,17,3,0,0,0,0,0,86,30,105,88,45,9,4,0,0,0,284,0,23,17,0,0,0,0,0,0,44,13,8,5,0,0,0,0,0,0,31,5,25,11,4,0,0,0,0,0,48,0,4,0,0,0,0,0,0,0,6,3,0,3,0,0,0,0,0,0,10,0,4,9,5,0,0,0,0,0,26,0,3,9,0,0,0,0,0,0,20,22,67,39,20,0,0,0,0,0,158,0,52,42,11,3,0,0,0,0,108,0,0,13,0,0,0,0,0,0,19
801051126,0,0,0,0,0,0,0,0,0,0,0,0,0,0,0,0,0,0,0,0,0,0,0,0,0,0,0,0,0,0,0,0,0,0,0,0,0,0,0,0,0,0,0,0,0,0,0,0,0,0,0,0,0,0,0,0,0,0,0,0,0,0,0,0,0,0,0,0,0,0,0,0,0,0,0,0,0,0,0,0,0,0,0,0,0,0,0,0,0,0,0,0,0,0,0,0,0,0,0,0,0,0,0,0,0,0,0,0,0,0,0,0,0,0,0,0,0,0,0,0,0,0,0,0,0,0,0,0,0,0,0,0,0,0,0,0,0,0,0,0,0,0,0,0,0,0,0,0,0,0,0,0,0,0,0,0,0,0,0,0,0,0,0,0,0,0,0,0,0,0,0,0,0,0,0,0,0,0,0,0,0,0,0,0,0,0,0,0,0,0,0,0,0,0,0,0,0,0,0,0
801051127,0,0,6,0,6,9,4,4,0,22,0,0,7,3,11,9,12,11,3,61,0,8,20,14,9,19,14,5,0,93,0,24,40,20,25,20,23,15,0,168,0,4,12,3,0,5,0,7,0,37,0,0,7,0,0,0,3,0,0,15,0,0,0,0,0,0,0,0,0,0,0,3,4,0,3,4,0,0,0,12,4,6,5,6,8,4,5,0,0,46,9,53,115,68,69,89,78,39,3,526,0,9,13,3,10,7,10,0,0,60,0,7,18,11,6,3,0,0,0,50,0,8,19,7,12,18,4,5,0,63,0,4,4,4,10,7,3,3,0,34,0,0,4,3,4,0,0,0,0,19,0,0,5,6,14,4,4,4,3,43,0,0,4,8,14,13,12,8,0,55,0,9,38,22,43,21,10,0,0,150,0,17,65,36,59,38,25,9,5,255,0,6,11,6,10,7,6,0,0,54
801051128,0,0,0,0,0,0,0,0,0,0,0,0,0,0,0,0,0,0,0,0,0,0,0,0,0,0,0,0,0,0,0,0,0,0,0,0,0,0,0,0,0,0,0,0,0,0,0,0,0,0,0,0,0,0,0,0,0,0,0,0,0,0,0,0,0,0,0,0,0,0,0,0,0,0,0,0,0,0,0,0,0,0,0,0,0,0,0,0,0,0,0,0,0,0,0,0,0,0,0,0,0,0,0,0,0,0,0,0,0,0,0,0,0,0,0,0,0,0,0,0,0,0,0,0,0,0,0,0,0,0,0,0,0,0,0,0,0,0,0,0,0,0,0,0,0,0,0,0,0,0,0,0,0,0,0,0,0,0,0,0,0,0,0,0,0,0,0,0,0,0,0,0,0,0,0,0,0,0,0,0,0,0,0,0,0,0,0,0,0,0,0,0,0,0,0,0,0,0,0,0
801061062,0,3,19,32,31,30,20,17,11,177,0,0,10,9,16,22,25,10,12,104,0,3,24,51,54,23,33,14,10,208,3,16,31,49,59,44,54,30,7,292,0,0,4,8,13,4,13,0,0,52,0,0,5,0,3,0,3,5,0,18,0,0,0,0,0,0,0,0,0,0,0,0,3,10,5,0,3,4,0,27,4,8,14,7,15,10,16,5,3,81,10,37,116,200,217,157,170,99,58,1071,0,7,13,17,14,11,15,12,11,92,0,0,6,18,15,6,0,0,0,51,0,0,17,12,21,12,14,11,7,98,0,0,10,7,13,11,5,3,3,53,0,0,7,3,3,4,5,0,0,16,0,7,18,34,42,31,21,21,9,185,0,0,13,6,30,27,8,14,11,103,0,13,46,83,62,59,19,16,12,318,0,20,68,65,84,111,55,22,22,444,0,3,17,19,12,10,5,3,0,73
801061063,0,3,15,12,17,27,10,8,4,90,0,0,6,3,5,21,26,8,0,71,0,11,27,25,33,19,12,4,0,143,0,0,51,34,40,33,29,16,5,212,0,0,8,7,6,5,6,3,0,34,0,3,3,0,3,0,0,0,0,13,0,0,0,0,0,0,0,0,0,0,0,0,0,0,7,0,3,3,0,15,0,3,4,3,3,3,5,6,0,34,0,25,125,102,131,125,94,61,13,670,0,0,6,8,7,11,12,3,0,50,0,3,7,3,3,6,0,0,0,30,0,3,11,5,10,9,3,6,0,53,0,0,4,6,11,7,6,0,0,33,0,0,0,0,3,3,0,0,0,11,0,0,13,27,39,27,11,4,0,119,0,3,5,3,12,19,8,0,0,53,0,7,22,47,41,37,10,0,4,172,0,14,59,39,50,60,32,16,5,276,0,0,9,3,7,4,3,0,0,35
801061064,0,14,64,46,35,36,29,12,16,258,0,0,16,17,27,27,39,21,3,152,0,21,102,70,82,56,27,7,8,376,0,30,202,114,83,82,48,22,10,590,0,7,32,18,18,14,0,0,0,101,0,0,10,3,3,3,0,6,0,41,0,0,0,0,0,0,0,0,0,0,0,5,9,15,13,7,3,6,0,57,6,9,28,11,22,6,9,14,9,108,4,105,516,340,323,267,178,96,56,1890,0,7,37,24,44,30,15,14,0,164,5,6,28,15,24,8,0,0,0,99,0,11,35,22,32,28,14,5,9,150,0,5,10,10,23,19,13,10,5,95,0,0,3,10,8,8,0,0,0,31,0,15,35,22,48,40,19,12,5,198,0,5,19,19,35,33,16,0,0,130,0,34,127,97,80,51,20,16,13,440,0,41,243,115,132,110,60,18,4,733,0,5,39,39,22,14,9,0,0,126
801061066,0,0,0,0,0,0,0,0,0,0,0,0,0,0,0,0,0,0,0,0,0,0,0,0,0,0,0,0,0,0,0,0,0,0,0,0,0,0,0,0,0,0,0,0,0,0,0,0,0,0,0,0,0,0,0,0,0,0,0,0,0,0,0,0,0,0,0,0,0,0,0,0,0,0,0,0,0,0,0,0,0,0,0,0,0,0,0,0,0,0,0,0,0,0,0,0,0,0,0,0,0,0,0,0,0,0,0,0,0,0,0,0,0,0,0,0,0,0,0,0,0,0,0,0,0,0,0,0,0,0,0,0,0,0,0,0,0,0,0,0,0,0,0,0,0,0,0,0,0,0,0,0,0,0,0,0,0,0,0,0,0,0,0,0,0,0,0,0,0,0,0,0,0,0,0,0,0,0,0,0,0,0,0,0,0,0,0,0,0,0,0,0,0,0,0,0,0,0,0,0
801061067,0,8,48,49,46,40,24,14,11,240,0,3,15,28,39,46,33,21,7,187,0,10,66,116,92,65,34,17,9,405,0,30,100,144,127,83,59,19,9,562,0,9,23,27,29,19,12,0,0,112,3,8,13,5,4,10,4,5,0,50,0,0,0,0,0,0,0,0,0,0,0,0,8,13,13,9,3,3,0,52,11,8,29,20,24,27,22,39,48,224,17,82,332,458,408,341,208,119,90,2059,0,12,35,48,48,27,13,6,6,190,0,10,28,30,29,13,3,0,0,110,5,13,44,55,54,43,11,11,13,244,0,6,18,28,35,15,9,6,3,124,0,5,17,18,19,4,3,0,0,71,0,5,48,37,67,30,12,7,6,219,0,4,28,51,51,39,16,7,4,197,4,37,123,138,114,64,25,13,12,526,3,44,213,201,159,112,55,15,8,804,0,21,50,51,32,18,4,4,0,185
801061068,0,0,0,0,0,0,0,0,0,0,0,0,0,0,0,0,0,0,0,0,0,0,0,0,0,0,0,0,0,0,0,0,0,0,0,0,0,0,0,0,0,0,0,0,0,0,0,0,0,0,0,0,0,0,0,0,0,0,0,0,0,0,0,0,0,0,0,0,0,0,0,0,0,0,0,0,0,0,0,0,0,0,0,0,0,0,0,0,0,3,0,0,0,0,0,0,0,0,3,3,0,0,0,0,0,0,0,0,0,0,0,0,0,0,0,0,0,0,0,0,0,0,0,0,0,0,0,0,0,0,0,0,0,0,0,0,0,0,0,0,0,0,0,0,0,0,0,0,0,0,0,0,0,0,0,0,0,0,0,0,0,0,0,0,0,0,0,0,0,0,0,0,0,0,0,0,0,0,0,0,0,0,0,0,0,0,0,0,0,0,0,0,0,0,0,0,0,0,0,0
801061069,0,0,10,35,26,42,17,11,14,159,0,0,6,8,18,23,16,4,4,85,0,3,24,42,46,40,23,4,16,192,0,13,39,41,50,42,41,19,4,246,0,5,5,5,13,6,3,0,4,54,0,0,0,0,9,4,5,0,0,17,0,0,0,0,0,0,0,0,0,0,0,0,0,5,3,4,5,0,0,24,0,3,4,3,9,13,8,0,8,53,4,36,111,175,217,197,126,54,51,963,0,8,7,18,15,25,10,4,0,98,0,0,10,21,26,10,0,0,0,64,0,5,19,24,16,24,12,7,6,118,0,3,8,9,17,6,9,6,4,62,0,0,0,5,5,3,5,0,0,20,0,4,21,26,63,38,24,24,14,212,0,3,9,17,33,35,11,10,3,130,0,13,37,56,64,68,17,13,14,275,3,25,62,69,119,89,63,15,11,461,0,0,14,19,18,13,3,4,0,69
801061070,0,7,16,27,29,38,37,17,0,174,0,0,7,8,8,23,37,20,5,108,0,3,14,42,56,37,47,11,5,214,0,12,26,57,57,47,61,18,6,279,0,0,11,13,18,15,7,5,0,70,0,0,5,4,3,3,0,0,4,16,0,0,0,0,0,0,0,0,0,0,0,0,0,3,4,7,9,0,0,23,3,3,6,6,8,3,16,16,3,67,4,35,102,179,183,208,245,100,29,1078,0,11,25,10,29,38,27,10,0,149,0,3,18,22,24,16,0,0,0,81,0,3,11,15,29,29,16,12,8,128,0,0,4,11,9,12,5,9,0,58,0,3,0,0,8,13,0,3,0,33,0,0,15,26,55,54,31,18,5,194,0,0,13,4,23,49,29,9,0,134,4,7,34,63,72,74,26,12,10,301,0,22,62,82,84,134,58,15,3,479,0,5,13,5,20,11,7,5,0,67
801061129,0,3,12,13,13,13,15,7,0,71,0,0,8,0,7,9,15,3,0,53,0,7,32,20,27,22,13,0,0,127,0,20,113,63,39,33,38,8,0,317,0,3,13,8,5,5,0,0,0,39,0,0,0,0,3,0,0,0,0,7,0,0,0,0,0,0,0,0,0,0,0,0,4,6,4,4,4,0,0,19,0,10,35,17,16,15,7,5,0,104,0,57,254,145,124,97,103,27,3,816,0,6,16,12,9,9,4,0,0,48,0,0,11,12,8,4,0,0,0,38,0,9,9,8,6,8,4,0,0,37,0,0,0,0,9,5,3,0,0,18,0,0,0,0,0,0,0,0,0,8,0,4,14,8,10,17,11,5,0,58,0,0,11,8,6,14,9,0,0,46,0,15,47,37,29,22,3,6,0,161,0,18,114,59,42,52,15,7,0,295,0,0,20,9,8,3,3,0,0,35
801061130,0,0,0,0,0,0,0,0,0,0,0,0,0,0,0,0,0,0,0,0,0,0,0,0,0,0,0,0,0,0,0,0,0,0,0,0,0,0,0,0,0,0,0,0,0,0,0,0,0,0,0,0,0,0,0,0,0,0,0,0,0,0,0,0,0,0,0,0,0,0,0,0,0,0,0,0,0,0,0,0,0,0,0,0,0,0,0,0,0,3,0,0,3,0,3,0,0,0,0,4,0,0,0,0,0,0,0,0,0,0,0,0,0,0,0,0,0,0,0,0,0,0,0,0,0,3,0,0,0,4,0,0,0,0,0,0,0,0,0,0,0,0,0,0,0,0,0,0,0,0,0,0,0,0,0,0,0,0,0,0,0,0,0,0,0,0,0,0,0,0,0,0,0,0,0,0,0,0,0,0,0,0,0,0,0,0,0,0,0,4,0,0,0,0,0,0,0,0,0,0
801061131,0,14,102,46,23,35,21,10,0,252,0,5,47,29,27,33,46,17,0,210,0,25,168,131,96,71,40,11,4,556,0,70,394,186,83,68,52,30,5,883,0,12,68,36,17,15,11,0,4,163,0,3,15,8,3,5,0,0,0,44,0,0,0,0,0,0,0,0,0,0,0,4,12,10,3,7,5,0,0,37,7,34,97,53,39,30,31,13,5,306,8,191,998,580,327,282,228,92,18,2724,0,3,62,18,10,12,3,3,0,117,0,11,45,19,9,3,0,0,0,90,0,4,52,28,17,17,3,6,0,128,0,0,18,14,3,4,6,0,0,53,0,0,9,4,4,3,3,0,0,25,0,4,51,27,19,18,10,3,0,142,0,0,38,10,15,22,11,5,5,99,0,22,167,72,65,58,18,3,5,412,3,55,366,117,68,63,37,10,0,733,0,20,67,11,6,8,0,0,0,119
801071071,6,13,36,35,26,34,18,5,0,161,0,3,35,24,30,12,7,0,0,112,3,15,72,108,86,36,20,11,0,358,0,18,55,55,58,41,13,0,0,244,0,0,19,7,7,12,3,0,0,47,5,10,27,23,20,5,3,3,0,93,0,0,0,0,0,0,5,0,0,5,3,0,7,3,8,4,0,0,0,33,3,7,22,16,6,8,9,5,0,76,21,82,294,310,266,180,76,27,0,1248,0,4,11,14,15,5,4,0,0,53,0,12,49,43,34,8,0,0,0,145,3,14,65,90,68,31,15,7,3,289,0,17,24,27,25,22,4,4,0,116,0,0,9,7,7,4,0,0,0,29,0,9,36,33,32,24,9,0,0,138,0,4,22,23,26,11,0,7,0,94,3,24,128,146,89,34,12,6,0,432,3,26,84,74,69,30,7,0,0,301,5,13,19,23,12,10,0,0,0,72
801071072,0,7,31,28,30,32,18,3,0,152,0,7,28,33,23,14,14,6,0,127,7,3,49,57,67,48,31,8,0,274,3,9,41,47,29,40,17,10,0,193,0,5,14,15,8,10,0,0,0,54,0,4,13,6,11,4,7,0,0,53,0,0,0,0,0,0,0,0,0,0,0,0,0,4,0,0,5,0,0,11,4,5,8,14,14,4,10,7,3,57,19,56,206,225,205,171,110,29,4,1035,0,6,25,14,23,9,0,0,0,72,0,10,68,46,41,14,0,0,0,178,0,10,38,53,46,37,7,4,4,204,0,0,14,17,14,17,3,0,0,67,0,0,6,13,5,4,0,0,0,29,0,5,30,25,28,13,3,0,0,114,0,3,25,18,26,16,4,0,0,98,8,31,93,91,105,50,12,4,0,393,0,23,67,53,79,36,12,0,0,273,0,9,15,11,15,0,0,0,0,60
801071073,0,10,59,41,35,37,23,6,4,208,0,11,33,25,35,45,16,4,4,178,5,13,92,90,98,84,38,8,0,430,6,25,49,57,47,62,18,8,4,268,0,7,24,18,13,7,3,0,0,72,7,10,24,16,21,10,11,0,0,95,0,0,0,0,0,0,0,0,0,3,0,0,0,4,8,3,0,0,0,15,0,10,17,20,10,11,14,14,8,101,16,99,332,293,293,288,137,46,27,1532,0,8,16,32,39,13,3,0,0,105,0,10,36,51,47,27,3,0,0,177,4,23,56,59,111,49,22,12,5,333,0,16,32,30,32,24,7,7,0,154,0,3,11,17,8,5,7,0,0,46,0,13,37,45,64,36,10,4,0,210,0,7,29,39,63,26,11,5,0,182,6,35,121,141,149,82,20,7,0,553,3,29,81,75,96,53,13,3,0,354,4,13,33,14,10,4,3,3,0,81
801071074,0,10,35,41,30,40,21,11,0,186,0,8,26,19,29,20,21,11,0,131,0,10,59,76,74,90,28,8,0,345,5,9,60,59,57,57,25,6,0,278,0,0,19,18,10,3,0,0,0,50,3,6,19,16,11,15,3,0,0,82,0,0,0,0,0,0,0,0,0,0,0,0,4,4,0,0,0,0,0,11,5,6,18,28,13,11,6,3,0,88,20,63,268,282,237,270,111,30,7,1296,0,8,18,19,24,15,0,0,0,76,4,18,31,23,43,13,5,0,0,132,4,26,63,73,91,72,15,7,0,351,4,20,39,28,27,16,6,0,0,142,0,6,6,8,3,0,0,0,0,29,0,10,28,38,49,28,4,0,0,159,0,8,28,30,37,32,6,0,0,147,12,33,99,88,154,60,18,0,0,467,3,30,63,69,77,54,12,3,0,313,4,15,18,10,14,4,0,0,0,60
801071075,0,10,28,36,45,21,13,0,3,155,0,3,41,32,31,29,13,8,3,163,0,14,51,100,107,63,20,0,4,361,0,16,46,51,54,49,6,6,0,249,0,3,10,12,3,6,0,3,0,47,0,13,19,15,17,10,3,0,0,74,0,0,0,0,0,0,0,0,0,5,0,0,4,5,5,4,5,0,0,16,4,5,13,16,12,12,6,3,3,79,16,72,226,295,305,231,72,31,11,1247,0,6,14,18,17,8,3,0,0,74,11,10,44,45,38,13,0,0,0,158,0,15,54,80,112,46,16,14,0,333,3,18,22,23,25,7,10,0,0,121,0,0,5,14,14,10,0,0,0,40,0,5,24,43,29,24,8,3,0,135,0,3,20,31,41,22,3,0,0,123,6,33,87,143,126,47,13,5,0,458,0,15,67,95,81,42,8,0,0,313,0,12,15,15,12,6,0,0,0,68
801071076,0,4,16,22,32,38,22,6,0,128,0,7,6,15,25,29,31,5,0,127,0,6,14,52,51,42,34,6,5,205,5,3,19,58,39,52,21,3,0,198,0,7,7,16,16,3,5,7,0,52,3,0,0,0,0,7,6,0,0,31,0,0,0,0,0,0,0,0,0,0,0,0,0,0,5,8,4,0,0,16,0,3,4,4,0,7,3,3,0,23,14,28,74,198,186,199,130,34,4,862,0,3,4,12,30,25,9,5,0,87,0,3,12,22,45,16,6,0,0,98,0,4,21,23,50,57,24,3,3,186,0,7,11,10,15,16,0,3,0,66,0,4,0,4,0,6,0,0,0,23,0,4,14,18,53,38,14,3,0,145,0,3,11,20,34,44,18,3,0,143,0,18,47,64,90,87,18,10,5,334,0,12,40,60,97,74,24,0,3,305,0,13,15,16,10,13,4,3,0,75
801071077,0,3,22,22,17,19,4,4,0,89,0,5,16,11,12,17,7,0,0,71,0,7,36,48,38,44,12,6,0,195,4,7,37,27,19,24,15,5,0,133,0,6,7,9,3,0,0,0,0,27,0,0,10,11,5,11,0,0,0,42,0,0,0,0,0,0,0,0,0,0,0,0,0,3,0,0,0,0,0,0,0,0,3,11,5,0,5,0,0,33,6,29,141,169,123,129,51,13,0,662,0,0,5,11,7,12,4,0,0,37,6,7,21,18,13,11,0,0,0,73,4,10,49,40,63,32,5,5,0,209,0,8,19,12,17,9,3,0,0,72,0,0,0,8,6,4,0,0,0,20,0,0,15,21,30,15,4,0,4,88,0,0,9,5,22,11,3,4,0,57,0,23,61,64,60,30,8,0,0,241,3,24,33,27,29,28,9,0,0,147,0,7,12,6,8,5,0,0,0,33
801071078,0,21,64,78,66,47,18,7,5,322,0,9,57,57,39,41,19,9,0,234,0,23,90,119,147,113,43,16,0,555,6,27,75,71,82,79,39,6,0,395,0,10,23,7,12,7,0,6,0,66,5,21,44,24,23,14,7,4,0,134,0,0,0,0,0,0,0,0,0,5,0,4,4,7,11,11,0,4,0,38,9,9,17,24,25,12,19,26,22,157,28,124,429,435,444,365,169,81,35,2107,0,4,19,23,34,12,12,0,0,110,4,12,77,69,64,13,4,0,0,235,0,22,75,97,131,80,24,13,0,453,0,19,36,37,49,21,12,6,6,184,0,3,14,10,10,3,0,0,0,42,0,17,31,71,68,24,9,5,0,218,0,4,42,52,40,31,12,8,0,188,6,43,146,181,189,89,25,11,3,701,3,48,108,117,108,73,11,3,4,474,7,14,30,17,18,10,5,3,0,104
801071079,0,7,32,22,12,23,26,6,0,127,0,5,22,25,24,24,26,7,0,127,0,8,42,52,29,38,24,11,0,204,0,11,36,44,36,27,23,4,0,179,3,5,7,12,3,3,0,0,0,34,3,3,12,8,6,6,6,0,0,45,0,0,0,0,0,0,0,0,0,0,0,0,0,0,4,4,3,0,0,12,0,0,11,12,5,3,8,8,0,36,10,30,176,193,142,139,119,33,4,846,0,0,10,18,11,16,6,0,0,51,0,7,15,19,30,16,0,0,0,80,0,14,31,23,30,40,15,12,0,167,0,6,13,17,12,15,9,0,0,79,0,6,6,5,8,6,0,0,0,16,0,5,16,31,37,31,12,0,0,128,0,3,15,24,30,34,4,0,0,118,0,14,63,60,76,61,26,4,4,303,0,22,41,47,59,52,17,10,0,250,0,7,18,17,7,8,3,0,0,50
801071080,0,17,77,29,19,33,24,15,5,216,0,7,50,25,22,10,23,20,7,161,0,17,89,66,48,44,32,3,6,300,0,34,78,54,40,27,23,11,0,266,0,6,19,10,4,5,7,0,3,60,0,13,20,12,7,8,0,0,0,65,0,0,0,0,0,0,0,0,0,0,0,0,6,4,7,0,0,0,0,21,0,5,25,15,8,16,9,20,10,106,3,114,440,247,163,153,126,83,32,1369,0,0,9,10,8,4,9,0,0,34,0,12,49,26,10,4,5,0,0,112,0,0,25,11,10,19,4,5,0,81,0,0,6,0,9,9,4,0,0,21,0,0,0,0,6,0,0,0,0,7,0,11,15,10,10,9,10,3,0,72,0,4,11,8,3,15,11,4,0,55,0,14,58,27,32,34,12,9,0,191,0,7,46,22,12,22,10,5,0,126,0,0,8,0,4,5,0,0,0,22
801071081,0,11,45,39,29,27,11,9,0,164,0,0,28,24,30,10,12,10,4,111,0,18,59,70,42,38,19,7,4,260,0,17,61,53,35,54,9,6,3,245,0,3,13,4,0,0,0,0,0,24,4,8,26,16,13,14,0,3,0,81,0,0,0,0,0,0,0,0,0,0,0,0,3,4,0,3,0,0,0,15,0,0,12,9,20,16,10,14,7,84,10,60,281,240,182,174,78,55,19,1105,0,3,16,14,20,4,5,0,0,68,5,11,39,27,32,11,0,0,0,119,5,17,58,62,65,46,19,5,5,276,0,7,23,27,25,11,7,6,0,97,0,0,10,4,7,8,3,0,0,30,0,3,28,37,34,15,3,4,0,120,0,3,37,39,24,20,10,4,0,134,4,26,101,104,87,40,10,0,0,379,6,26,67,60,62,33,10,0,0,266,0,11,24,6,11,5,0,0,0,60
801071082,0,27,113,124,114,97,96,47,6,629,4,21,67,110,85,77,129,43,5,545,4,20,132,228,216,160,147,43,4,947,3,41,164,206,185,154,138,47,0,947,0,17,45,52,40,20,23,10,0,216,13,18,54,48,36,16,13,8,0,203,0,0,6,0,0,0,0,0,0,4,0,0,12,14,12,16,12,4,0,63,22,16,48,52,47,32,59,23,17,306,48,178,708,933,835,659,663,242,41,4305,0,16,74,92,86,92,48,4,0,418,7,30,112,120,112,79,5,0,0,465,8,28,164,171,149,195,104,33,3,858,0,33,70,76,79,85,45,10,3,408,0,7,45,31,28,18,12,6,0,150,0,24,124,117,142,141,58,9,3,620,0,18,106,97,96,200,72,17,0,603,7,73,291,289,326,289,97,23,5,1406,8,62,228,273,269,276,112,25,8,1261,7,31,94,61,42,34,12,3,0,290
801071083,0,7,5,14,9,14,14,0,0,57,0,0,6,10,9,10,9,0,0,46,0,7,11,22,17,11,10,0,0,77,0,8,11,20,12,21,9,3,0,86,0,0,10,11,10,3,0,0,0,29,0,0,5,4,5,3,0,0,0,15,0,0,0,0,0,0,0,0,0,0,0,0,0,5,0,0,0,0,0,8,0,0,6,6,3,0,0,0,0,9,0,18,63,94,78,71,52,10,0,390,0,0,0,12,13,11,0,0,0,39,0,0,3,8,12,16,0,0,0,35,0,8,15,15,20,25,3,0,0,88,0,15,5,8,12,0,3,0,0,37,0,0,0,4,5,4,0,0,0,8,0,3,4,8,24,14,0,0,0,63,0,0,3,7,14,9,0,6,0,38,0,10,28,31,55,33,12,0,0,172,0,11,18,22,36,22,7,0,0,114,0,4,8,5,9,3,4,0,0,29
801071084,0,7,42,51,35,42,38,33,12,261,0,0,24,47,29,35,30,17,9,181,0,7,49,90,69,96,42,19,12,376,0,26,39,53,56,47,41,18,7,276,0,3,25,17,12,11,4,0,0,70,0,8,21,10,10,12,8,3,5,67,0,0,0,0,0,0,0,0,0,0,0,0,5,4,4,6,0,0,0,27,3,3,11,16,15,12,14,27,17,113,6,56,238,308,253,294,189,121,65,1534,0,8,19,21,26,27,10,10,3,114,6,10,46,53,79,22,0,0,0,213,0,9,48,56,75,93,36,15,11,346,6,10,29,24,20,28,12,3,0,129,0,3,7,11,6,8,0,4,0,43,0,10,38,44,50,49,16,9,8,228,0,5,40,27,41,37,18,5,4,183,0,40,94,100,140,91,19,25,6,523,4,26,50,64,93,61,25,3,0,330,0,16,16,12,10,3,0,0,0,66
801071085,0,0,0,0,0,0,0,0,0,0,0,0,0,0,0,0,0,0,0,0,0,0,0,0,0,0,0,0,0,0,0,0,0,0,0,0,0,0,0,0,0,0,0,0,0,0,0,0,0,0,0,0,0,0,0,0,0,0,0,0,0,0,0,0,0,0,0,0,0,0,0,0,0,0,0,0,0,0,0,0,0,0,0,0,0,0,0,0,0,0,0,0,0,0,0,0,0,0,0,0,0,0,0,0,0,0,0,0,0,0,0,0,0,0,0,0,0,0,0,0,0,0,0,0,0,0,0,0,0,0,0,0,0,0,0,0,0,0,0,0,0,0,0,0,0,0,0,0,0,0,0,0,0,0,0,0,0,0,0,0,0,0,0,0,0,0,0,0,0,0,0,0,0,0,0,0,0,0,0,0,0,0,0,0,0,0,0,0,0,0,0,0,0,0,0,0,0,0,0,0
801071086,0,3,10,15,17,13,12,0,0,74,0,0,12,7,7,0,9,3,0,44,0,0,17,21,13,32,14,0,0,103,0,10,16,21,12,25,15,3,0,105,0,0,0,3,0,4,0,0,0,11,0,3,10,0,4,0,0,0,0,20,0,0,0,0,0,0,0,0,0,0,0,0,0,3,0,0,0,0,0,6,0,3,11,5,8,5,3,0,0,38,8,24,91,90,77,90,58,16,3,445,0,5,7,12,11,8,3,0,0,44,0,8,13,11,24,4,0,0,0,61,0,7,11,18,30,27,8,0,0,97,0,8,7,9,7,4,0,0,0,36,0,0,0,0,8,0,6,0,0,16,0,5,7,21,18,14,0,0,0,67,0,3,5,15,6,12,3,0,0,55,6,10,26,20,48,29,10,0,0,144,0,14,18,21,38,34,11,4,0,143,4,3,8,4,4,3,0,0,0,26
801071087,0,7,18,26,18,16,14,5,0,101,0,3,26,9,14,7,11,0,0,76,3,12,46,35,43,34,7,0,0,183,0,10,35,26,23,26,17,0,0,135,0,0,5,3,5,4,0,0,0,29,5,8,13,9,8,4,0,0,0,38,0,0,0,0,0,0,0,0,0,0,0,0,0,3,3,3,0,0,0,14,6,0,14,11,3,7,9,0,0,58,15,41,182,147,131,114,65,10,7,695,0,4,13,9,10,11,0,0,0,40,3,9,28,20,18,8,0,0,0,69,0,13,42,45,44,34,9,4,0,195,0,11,13,21,14,15,6,0,0,85,0,3,5,10,0,4,0,0,0,25,0,6,21,20,17,21,4,3,0,90,0,3,16,11,12,14,0,0,0,60,0,16,57,54,52,35,10,0,0,217,3,13,29,36,36,27,3,0,0,149,6,0,23,11,5,3,0,3,0,44
801071088,0,6,44,19,19,24,8,0,0,126,0,10,22,17,23,24,12,5,0,111,0,11,47,58,57,47,21,3,0,242,0,15,55,37,48,49,13,0,0,219,3,6,12,13,7,4,0,0,0,37,0,6,18,17,12,5,0,0,0,64,0,0,0,0,0,0,0,0,0,0,0,0,0,4,0,0,0,0,0,5,5,4,13,6,9,3,3,0,0,49,17,52,221,192,203,177,69,8,0,940,0,0,10,15,18,5,4,0,0,52,3,3,28,37,17,14,3,0,0,108,0,9,50,57,74,46,13,9,0,257,3,17,25,22,28,13,9,0,0,115,0,0,6,12,5,7,0,0,0,36,0,3,19,31,38,9,6,0,0,106,0,0,29,10,40,20,5,3,0,106,6,38,84,99,91,39,9,0,0,360,4,24,49,57,73,37,6,0,0,248,0,8,13,11,11,5,0,0,0,46
801071089,0,0,0,0,0,0,0,0,0,7,0,0,0,0,0,0,0,0,0,0,0,0,0,0,0,0,0,0,0,0,0,0,0,0,0,0,0,0,0,0,0,0,0,0,6,0,0,0,0,3,0,0,0,0,0,0,0,0,0,0,0,0,0,0,0,0,0,0,0,0,0,0,0,0,0,0,0,0,0,0,0,0,0,0,3,0,0,0,0,3,0,0,0,0,9,4,6,0,0,13,0,0,0,0,0,0,0,0,0,0,0,0,0,0,0,0,0,0,0,0,0,0,0,0,0,0,0,0,0,0,0,0,0,0,0,0,0,0,0,0,0,0,0,0,0,0,0,0,0,3,0,0,0,0,0,0,0,0,0,0,0,0,0,0,0,0,0,0,0,0,0,0,0,0,0,0,0,0,0,0,0,0,0,0,0,0,0,0,0,0,0,0,0,0,0,0,0,0,0,0
801071090,0,15,74,76,58,54,52,12,0,334,0,10,28,50,49,53,54,17,0,259,3,20,83,121,83,89,65,12,3,491,0,26,75,106,74,81,68,13,5,453,5,7,29,29,14,7,9,0,0,92,0,10,21,24,10,13,12,3,0,89,0,0,0,0,0,0,0,0,0,3,0,0,6,7,10,0,4,0,0,30,11,10,23,26,20,16,23,13,0,135,24,105,385,494,362,352,317,85,13,2135,0,12,31,32,36,59,17,6,0,191,0,10,65,54,41,28,4,0,0,201,0,18,60,92,83,95,64,18,3,428,0,12,40,30,40,40,8,4,3,184,0,7,20,22,17,11,5,5,0,88,0,5,64,63,89,85,25,6,0,344,0,8,54,61,71,80,36,9,4,316,9,52,145,162,169,116,34,7,4,692,4,38,124,116,138,131,41,10,0,595,0,10,35,33,16,12,0,0,0,118
801071132,0,0,0,0,0,0,0,0,0,0,0,0,0,0,0,0,0,0,0,0,0,0,0,0,0,0,0,0,0,0,0,0,0,0,0,0,0,0,0,0,0,0,0,0,0,0,0,0,0,0,0,0,0,0,0,0,0,0,0,0,0,0,0,0,0,0,0,0,0,0,0,0,0,0,0,0,0,0,0,0,0,0,0,0,0,0,0,0,0,0,0,0,0,0,0,0,0,0,0,0,0,0,0,0,0,0,0,0,0,0,0,0,0,0,0,0,0,0,0,0,0,0,0,0,0,0,0,0,0,0,0,0,0,0,0,0,0,0,0,0,0,0,0,0,0,0,0,0,0,0,0,0,0,0,0,0,0,0,0,0,0,0,0,0,0,0,0,0,0,0,0,0,0,0,0,0,0,0,0,0,0,0,0,0,0,0,0,0,0,0,0,0,0,0,0,0,0,0,0,0
801081091,0,0,10,25,25,26,21,18,11,137,0,4,11,17,20,30,27,23,5,128,0,0,19,39,56,34,24,18,0,192,0,5,14,43,44,39,30,6,6,197,0,6,0,21,14,7,7,0,0,51,0,0,0,7,4,0,10,3,0,29,0,0,0,0,0,0,0,0,0,0,0,0,0,3,4,3,0,3,0,16,0,0,5,4,0,8,5,15,5,47,0,25,74,175,199,176,147,89,17,904,0,0,3,19,31,30,23,0,0,113,0,4,11,26,29,13,3,0,0,88,0,0,8,24,33,27,22,12,5,133,0,7,8,11,15,10,7,4,0,61,0,0,0,12,7,6,3,0,0,32,0,5,11,20,52,37,27,18,0,171,0,3,6,10,37,49,38,9,3,147,0,11,36,78,79,63,39,6,0,311,0,6,32,52,67,89,47,18,3,311,0,4,6,11,11,6,0,0,0,44
801081092,0,10,26,20,22,21,15,3,5,121,0,5,17,13,22,20,14,14,0,100,3,3,33,52,61,37,24,7,0,229,0,14,44,61,48,42,29,14,0,261,0,4,10,15,7,6,0,4,0,47,0,5,9,8,9,3,0,3,0,27,0,0,0,0,0,0,0,0,0,5,0,0,0,3,6,5,0,6,0,20,0,0,5,5,10,11,16,3,4,61,6,44,170,217,228,162,105,62,13,1004,0,7,10,29,27,24,10,0,0,117,5,11,14,31,26,8,0,0,0,98,0,5,20,38,32,30,27,9,0,169,0,3,10,27,14,7,10,7,0,82,0,0,3,15,14,6,0,0,0,41,0,5,23,28,34,21,14,9,0,139,0,0,26,27,31,14,19,10,0,131,3,10,61,106,66,44,24,3,0,314,0,19,43,82,63,57,40,9,0,315,0,6,18,25,10,3,3,3,0,68
801081093,0,3,37,35,23,17,17,7,3,147,0,0,18,25,14,9,11,16,0,108,0,4,32,33,48,24,13,12,7,178,0,3,38,55,45,33,28,8,4,211,0,0,8,13,17,7,3,5,0,54,0,3,6,8,5,3,6,3,0,40,0,0,0,0,0,0,0,0,0,0,0,0,0,3,3,4,4,0,0,16,0,3,12,9,5,7,11,9,7,66,6,28,166,202,183,124,109,74,21,917,0,3,17,23,18,17,13,10,0,103,3,0,22,19,8,6,5,0,0,67,0,5,35,41,32,26,31,12,5,185,0,9,24,9,8,8,7,4,0,71,0,4,7,7,11,12,4,0,0,43,0,5,18,29,38,18,10,11,6,132,0,0,22,26,31,35,23,11,6,142,0,7,50,67,44,46,23,17,9,264,4,19,63,72,65,47,27,12,6,309,0,4,20,18,11,3,8,4,0,69
801081094,0,8,24,16,25,10,11,10,3,117,0,0,10,14,19,18,14,9,12,99,0,4,33,35,40,24,8,7,4,164,0,7,40,52,52,42,29,12,5,224,0,4,9,12,13,4,5,0,0,49,0,0,8,0,4,4,0,0,0,25,0,0,0,0,0,0,0,0,0,0,0,0,3,0,0,3,0,4,0,18,4,0,9,10,5,7,6,3,0,49,6,26,153,188,184,131,92,60,25,854,0,8,20,24,16,16,14,5,0,97,0,0,30,23,15,9,3,0,0,84,0,0,21,29,39,22,20,10,3,148,0,4,9,11,9,8,13,5,0,61,0,0,6,6,9,3,5,0,0,31,0,3,16,21,19,16,28,8,5,123,0,3,23,29,25,23,17,10,4,142,4,9,70,76,44,38,19,12,5,277,0,15,61,81,60,50,37,18,0,323,0,8,23,10,7,11,0,0,0,59
801081095,0,4,38,33,25,17,24,9,5,152,0,0,18,29,20,19,19,7,3,114,0,9,17,45,31,25,34,8,0,170,0,10,32,57,41,29,28,7,0,214,3,3,11,16,7,5,6,7,0,51,0,3,3,10,5,6,0,4,0,26,0,0,0,0,0,0,0,0,0,0,0,0,0,5,5,3,0,5,0,19,8,7,9,16,13,5,11,12,3,78,9,40,170,233,181,122,132,56,14,945,0,0,12,17,15,18,11,0,0,74,0,4,27,20,20,5,3,0,0,81,0,0,23,33,27,28,28,16,4,159,0,4,20,17,10,10,3,0,0,61,0,4,4,16,10,7,0,0,0,39,0,5,28,34,20,25,14,0,5,135,0,0,21,17,35,42,20,6,0,144,3,17,52,81,49,38,29,10,0,280,0,8,74,89,54,52,27,3,0,313,0,4,35,17,11,5,5,0,0,75
801081096,0,0,20,21,10,13,6,5,3,83,0,0,11,8,9,15,10,13,5,75,0,5,22,28,35,22,21,10,3,137,0,5,15,27,28,16,25,17,0,130,0,4,6,3,7,0,0,0,0,32,4,0,3,11,8,0,0,0,0,30,0,0,0,0,0,0,0,0,0,5,0,0,0,5,0,4,0,0,0,12,0,4,7,8,7,5,3,0,9,46,5,19,86,117,115,105,85,56,21,613,0,4,12,10,14,14,5,7,0,65,0,9,13,24,16,8,0,0,0,64,0,8,8,26,25,28,14,4,3,117,0,6,7,8,12,13,0,3,0,48,0,0,5,4,4,0,0,0,0,15,0,0,14,11,23,14,4,0,0,72,0,4,7,14,17,15,15,3,4,78,5,19,35,54,48,39,17,8,5,227,0,13,34,41,38,50,14,5,0,200,0,3,8,4,3,3,4,0,0,33
801081097,4,7,29,38,20,13,13,13,0,133,0,0,15,18,12,14,16,15,0,86,0,4,27,37,32,20,23,7,5,150,0,7,33,45,33,25,29,8,0,190,0,7,12,16,15,3,0,0,0,52,0,7,4,0,6,0,0,5,0,31,0,0,0,0,0,0,0,0,0,0,0,0,4,6,4,0,0,0,0,11,0,3,19,14,9,4,10,10,6,59,6,39,153,194,161,95,93,55,16,800,0,0,16,23,11,10,9,3,0,77,0,4,23,23,14,10,0,0,0,76,0,3,18,26,23,16,25,13,4,130,0,9,8,18,15,6,7,3,0,70,0,4,9,7,4,4,3,5,5,37,0,3,24,27,16,11,18,9,5,101,0,3,17,24,25,30,17,10,0,124,0,3,48,62,31,47,19,6,4,226,0,5,69,65,34,39,34,12,3,266,0,13,24,21,11,6,0,0,0,76
801081098,4,5,48,37,20,17,18,13,3,168,0,4,16,35,27,24,21,16,0,145,0,12,35,65,68,32,30,24,3,263,0,8,40,71,59,43,35,18,8,293,0,3,9,19,11,9,4,3,0,57,0,3,4,3,7,0,0,0,0,21,0,0,0,0,0,0,0,0,0,0,0,0,0,7,7,0,4,4,0,22,3,0,12,10,7,5,24,45,50,146,9,44,182,269,236,164,153,127,73,1269,0,4,19,27,22,28,16,5,0,117,0,0,19,30,25,10,0,3,0,89,0,4,18,21,22,25,35,15,6,140,0,6,15,15,10,13,16,7,3,77,0,0,10,8,4,4,8,3,0,33,0,6,24,39,30,21,19,7,0,146,0,3,14,13,39,32,25,9,0,140,0,6,67,87,59,50,35,9,8,324,0,3,56,90,82,68,49,17,3,372,0,6,27,21,14,11,7,0,0,84
801081133,0,0,0,0,0,0,0,0,0,0,0,0,0,0,0,0,0,0,0,0,0,0,0,0,0,0,0,0,0,0,0,0,0,0,0,0,0,0,0,0,0,0,0,0,0,0,0,0,0,0,0,0,0,0,0,0,0,0,0,0,0,0,0,0,0,0,0,0,0,0,0,0,0,0,0,0,0,0,0,0,0,0,0,0,0,0,0,0,0,0,0,0,0,0,0,0,0,0,0,0,0,0,0,0,0,0,0,0,0,0,0,0,0,0,0,0,0,0,0,0,0,0,0,0,0,0,0,0,0,0,0,0,0,0,0,0,0,0,0,0,0,0,0,0,0,0,0,0,0,0,0,0,0,0,0,0,0,0,0,0,0,0,0,0,0,0,0,0,0,0,0,0,0,0,0,0,0,0,0,0,0,0,0,0,0,0,0,0,0,0,0,0,0,0,0,0,0,0,0,0
801091099,0,8,42,26,13,13,12,15,3,136,0,0,12,12,8,16,11,9,4,75,0,8,47,50,45,23,21,10,0,206,0,14,54,49,32,24,24,8,0,212,0,0,5,16,9,0,0,0,0,41,0,4,4,3,5,0,0,0,0,22,0,0,0,0,0,0,0,0,0,0,0,0,0,4,0,4,3,0,0,14,4,3,14,9,8,3,4,5,4,48,6,48,225,197,143,105,84,44,7,866,0,3,20,14,9,10,3,0,0,70,0,8,39,21,14,10,8,0,0,99,0,7,26,22,15,13,18,19,0,129,0,4,19,11,7,10,10,5,0,67,0,0,10,3,0,4,0,0,0,22,0,0,39,18,27,22,15,5,0,128,0,3,3,19,24,27,17,7,0,91,0,17,75,88,44,29,16,5,0,272,0,14,63,56,50,29,21,7,0,245,0,14,13,23,3,0,0,0,0,59
801091100,0,13,46,55,46,52,32,22,15,278,0,5,17,29,37,34,38,32,9,203,0,14,47,86,90,44,35,16,10,339,0,25,79,117,95,72,45,26,3,464,0,7,14,23,26,12,9,3,0,91,4,3,7,9,8,0,0,0,0,36,0,0,0,0,0,0,0,0,0,0,0,0,4,12,9,8,6,0,0,40,8,6,8,18,14,12,8,13,8,90,13,78,256,384,366,279,202,130,49,1744,0,6,23,35,58,49,17,5,4,190,0,7,34,35,50,17,4,0,0,147,0,13,27,36,53,29,33,29,11,235,0,13,18,30,25,21,12,16,5,131,0,0,15,13,13,10,4,10,3,69,0,8,44,59,69,36,26,13,11,263,0,3,29,36,55,45,47,24,0,244,0,26,95,119,117,67,38,26,12,498,0,35,119,168,157,121,70,38,6,721,0,11,27,38,30,14,7,3,8,141
801091101,0,8,29,34,31,42,20,18,10,195,0,4,14,17,14,23,30,28,9,142,0,4,37,56,65,35,23,26,7,253,0,12,31,54,53,35,25,31,6,246,0,5,6,14,10,10,0,3,0,48,0,0,4,6,12,6,0,4,0,35,0,0,0,0,0,0,0,0,0,0,0,0,0,5,5,6,4,0,0,20,3,0,14,8,12,0,11,16,23,73,9,42,144,223,237,178,120,135,62,1143,0,4,17,21,16,16,19,8,5,104,0,6,21,23,23,13,7,0,0,91,0,9,14,22,28,28,27,21,4,150,0,5,8,14,14,3,12,11,7,76,0,3,5,7,7,5,4,7,0,32,0,4,16,35,59,39,21,14,10,200,0,0,13,22,32,44,39,19,3,174,5,21,52,69,97,59,37,14,5,355,4,11,32,67,79,71,54,19,10,344,0,9,16,20,24,5,8,5,0,79
801091102,0,8,49,57,39,36,24,15,3,234,0,0,6,14,24,14,30,19,4,119,0,5,32,62,53,36,23,7,11,224,0,13,29,67,49,38,32,24,3,247,0,3,4,12,12,10,0,10,4,45,0,0,0,12,4,0,6,4,5,29,0,0,0,0,0,0,0,0,0,5,0,0,4,3,10,3,0,0,0,25,0,0,17,17,12,14,16,21,7,106,6,35,171,296,232,171,140,99,41,1184,0,11,27,25,25,20,16,4,6,131,0,0,18,28,21,3,0,0,0,79,0,0,22,21,34,26,26,12,0,146,0,3,8,9,13,5,8,3,3,58,0,5,0,13,0,3,3,0,0,29,0,32,79,86,65,39,26,21,9,356,0,0,15,14,35,29,29,9,3,132,0,31,41,65,72,55,23,9,11,317,6,17,76,77,81,71,54,29,0,402,0,5,19,8,9,5,5,3,0,62
801091103,0,9,28,32,26,24,18,16,12,163,0,0,11,14,18,18,20,20,20,119,0,6,25,38,38,38,12,5,3,172,0,12,36,77,44,48,37,26,13,277,0,3,9,11,13,9,5,3,4,48,0,0,9,5,7,3,7,4,0,23,0,0,0,0,0,0,0,0,0,0,0,0,9,4,6,3,5,0,3,34,3,0,5,4,10,5,8,10,27,81,8,43,147,203,185,176,112,85,85,1038,0,4,14,20,26,23,13,13,5,114,0,5,17,18,18,4,0,0,0,69,0,0,14,30,19,24,6,18,7,113,0,8,6,12,14,12,9,0,0,55,0,0,0,6,4,0,4,7,0,27,0,3,32,34,31,29,13,15,7,166,0,0,18,20,33,24,26,19,9,141,0,13,47,64,68,37,17,12,16,270,0,11,55,90,112,87,39,29,11,437,0,0,10,19,14,13,3,4,5,71
801091104,0,4,19,30,24,29,16,12,4,139,0,0,10,9,13,7,25,19,5,94,0,4,27,27,30,38,26,14,3,177,0,8,13,42,21,33,30,14,5,162,0,5,0,5,7,9,3,0,0,29,0,0,4,3,3,3,7,0,0,21,0,0,0,0,0,0,0,0,0,0,0,0,0,0,5,6,3,5,0,15,0,0,5,4,5,3,5,7,3,28,3,29,86,134,122,157,132,77,15,764,0,0,18,9,21,22,14,6,3,99,0,0,14,11,28,16,4,0,0,74,0,3,8,12,31,30,19,13,0,120,0,3,3,9,5,6,6,12,0,46,0,3,0,4,7,6,0,0,0,21,0,6,12,35,37,30,21,6,3,141,0,0,6,12,17,32,28,12,0,104,0,12,30,46,80,63,31,12,8,284,0,8,23,35,61,70,39,20,3,256,3,0,15,3,4,9,0,4,0,36
801091105,0,11,42,20,22,14,13,13,5,147,0,4,26,21,19,14,18,17,0,120,0,11,69,41,40,21,8,12,6,209,0,11,51,51,52,31,18,18,0,225,0,3,11,11,8,7,0,3,0,52,0,0,14,5,7,3,0,0,0,34,0,0,0,0,0,0,0,0,0,0,0,0,6,7,0,0,0,0,0,20,4,4,17,10,9,4,11,9,4,74,11,58,283,194,184,108,77,80,23,1023,0,5,20,28,17,11,11,8,0,89,0,3,39,22,25,8,5,0,0,107,0,4,30,19,20,15,23,19,3,146,6,3,13,9,15,6,12,6,0,73,0,5,7,8,9,3,0,4,0,41,0,10,39,23,17,26,10,0,0,134,0,4,18,21,18,19,17,8,0,111,0,20,66,50,59,18,25,7,3,244,0,18,50,60,53,27,21,9,4,242,0,3,25,12,19,7,6,0,0,67
801091106,0,13,68,36,26,29,11,13,4,195,0,4,10,17,14,22,21,28,7,124,0,8,58,64,51,39,22,14,0,265,0,7,44,68,43,34,29,11,0,247,0,9,12,9,6,3,3,0,0,40,0,0,8,4,8,4,4,0,0,27,0,0,0,0,0,0,0,0,0,0,0,0,8,3,3,0,0,4,3,17,0,0,16,16,9,4,8,8,7,68,7,57,253,251,179,158,105,79,21,1108,0,3,17,10,21,15,12,3,0,87,0,8,55,18,26,9,3,0,0,120,0,0,24,28,25,25,26,15,0,146,0,6,7,7,17,12,4,10,0,66,0,0,0,3,3,0,3,0,4,24,0,6,42,27,34,32,16,15,8,176,0,0,15,16,13,20,40,11,3,122,0,24,69,74,74,47,31,14,4,330,0,18,68,55,64,53,30,21,5,312,3,12,23,7,15,5,3,0,0,71
801091107,0,3,0,6,17,9,9,8,0,57,0,0,0,0,4,6,6,5,0,23,0,8,8,0,31,19,6,0,0,68,0,0,3,8,16,13,14,0,0,53,0,0,0,0,0,0,0,0,0,6,0,0,0,0,0,0,3,0,0,9,0,0,0,0,0,0,0,0,0,0,0,0,0,0,0,4,0,0,0,4,0,0,0,3,4,0,0,0,0,15,0,15,22,30,77,59,51,20,8,281,0,0,0,7,6,8,5,0,0,33,0,0,9,3,7,0,0,0,0,24,0,0,0,3,10,13,8,5,0,37,0,0,3,4,6,5,6,0,0,23,0,0,0,0,0,0,0,0,0,5,0,0,0,12,18,20,10,3,0,80,0,0,0,0,9,10,6,0,0,27,0,4,7,22,39,15,4,0,0,94,0,0,10,16,20,17,11,0,3,66,0,3,11,3,5,0,0,0,0,19
801091108,0,0,24,33,19,18,16,14,3,130,0,8,12,16,13,19,13,17,3,99,0,13,27,32,55,44,20,17,7,206,0,11,30,38,47,33,20,19,4,187,0,4,5,12,7,4,6,3,0,42,5,0,6,5,3,5,0,0,0,21,0,0,0,0,0,0,0,0,0,0,0,0,3,6,4,0,0,0,0,17,4,3,4,5,4,6,15,10,0,52,5,44,118,159,177,143,106,75,23,845,0,6,10,11,17,14,3,3,4,72,0,9,13,24,17,3,3,0,0,76,0,3,18,27,18,29,20,17,3,140,0,9,7,15,10,11,3,0,0,63,0,0,6,3,11,0,5,0,0,24,0,4,18,33,20,29,21,16,3,146,0,0,14,17,23,31,11,12,0,105,0,12,37,67,66,37,32,14,9,279,4,14,54,54,67,49,44,11,7,295,0,3,14,10,12,8,0,4,0,47
801091109,0,39,266,78,48,19,14,0,0,463,0,4,56,17,11,24,9,11,0,140,0,28,170,86,40,42,20,9,4,392,0,41,180,72,55,37,27,11,0,423,0,5,37,27,8,10,4,0,0,95,0,13,30,15,9,7,0,3,3,74,0,0,0,0,0,0,0,0,0,0,0,0,14,6,8,5,5,0,0,32,0,18,46,8,20,5,7,8,0,110,4,182,904,370,223,153,97,43,7,1983,0,8,34,13,6,10,4,0,0,80,0,3,50,28,6,8,0,0,0,95,0,3,36,21,18,11,10,3,0,109,3,0,8,3,0,4,0,4,0,31,0,0,3,5,0,0,0,0,0,10,0,23,142,53,21,19,10,0,0,262,0,5,19,5,8,8,12,5,4,57,0,17,100,66,38,22,12,3,0,259,0,27,113,48,35,30,11,5,3,276,0,9,26,9,0,5,0,0,0,54
801091110,0,13,19,21,25,17,12,7,4,118,0,3,5,14,11,18,15,10,5,79,0,11,24,39,36,21,9,8,0,159,0,0,21,39,42,26,15,7,0,151,0,0,7,13,11,3,3,4,0,35,0,0,5,9,9,3,0,0,0,24,0,0,0,0,0,0,0,0,0,0,0,0,0,5,0,0,0,0,0,14,0,4,3,4,8,12,9,8,3,44,5,38,111,165,149,113,71,47,9,707,0,0,20,10,17,14,11,4,4,76,0,3,21,20,15,15,4,0,0,88,0,4,10,25,17,17,21,10,4,117,0,3,9,14,8,6,6,0,0,52,0,0,0,4,4,3,3,3,0,23,0,5,13,28,31,18,17,9,4,116,0,0,11,18,19,22,21,9,0,103,0,13,37,63,43,22,19,7,0,203,0,4,28,47,55,40,20,6,5,207,0,6,9,10,0,3,3,0,3,40
801101134,0,0,0,0,0,0,0,0,0,0,0,0,0,0,0,0,0,0,0,0,0,0,0,0,0,0,3,0,0,3,0,0,0,0,0,0,0,0,0,0,0,0,0,0,0,0,0,0,0,0,0,0,0,0,0,0,0,0,0,0,0,0,0,0,0,0,0,0,0,0,0,0,0,0,0,0,0,0,0,0,0,0,0,0,0,0,0,0,0,0,0,0,0,0,0,0,5,0,0,5,0,0,0,0,0,0,0,0,0,0,0,0,0,0,0,0,0,0,0,0,0,0,0,0,0,0,0,0,0,0,0,0,0,0,0,0,0,0,0,0,0,0,0,0,0,0,0,0,0,0,0,0,0,0,0,0,0,0,0,0,0,0,0,0,0,0,0,0,0,0,0,0,0,0,0,0,0,0,0,0,0,0,0,0,0,0,0,0,0,0,0,0,0,0,0,0,0,0,0,0
801101135,0,15,113,89,27,4,3,4,0,260,0,5,50,39,15,7,6,3,0,131,0,23,147,119,37,28,6,0,0,361,0,21,116,74,40,11,13,0,0,275,0,4,26,14,13,3,0,0,0,65,0,6,18,11,7,0,0,0,0,45,0,0,0,0,0,0,0,0,0,3,0,0,3,9,10,0,4,0,0,20,6,10,33,19,10,5,8,0,0,89,13,100,586,471,174,78,37,12,5,1473,0,0,0,0,0,0,0,0,0,0,0,0,0,0,0,0,0,0,0,0,0,0,0,0,0,0,0,0,0,0,0,0,0,0,0,0,0,0,0,0,0,0,0,0,0,0,0,0,0,0,0,0,0,0,0,0,0,0,0,0,0,0,0,0,0,0,0,0,0,0,0,0,0,0,0,0,0,0,0,0,0,0,0,0,0,0,0,0,0,0,0,0,0,0,0,0,0,0,0,0
801101136,0,11,64,53,11,3,5,0,0,154,0,0,31,16,4,7,5,0,0,57,0,9,97,83,29,13,4,0,0,228,0,11,59,44,22,14,4,4,0,155,0,0,22,10,3,3,0,0,0,36,0,0,9,9,0,0,0,0,0,11,0,0,0,0,0,0,0,0,0,0,0,0,8,4,5,0,0,0,0,13,0,4,12,10,6,3,0,0,0,40,5,51,321,300,99,47,20,3,0,842,0,0,0,0,0,0,0,0,0,0,0,0,0,0,0,0,0,0,0,0,0,0,0,0,0,0,0,0,0,0,0,0,0,0,0,0,0,0,0,0,0,0,0,0,0,0,0,0,0,0,0,0,0,0,0,0,0,0,0,0,0,0,0,0,0,0,0,0,0,0,0,0,0,0,0,0,0,0,0,0,0,0,0,0,0,0,0,0,0,0,0,0,0,0,0,0,0,0,0,0
801101137,0,0,0,0,0,0,0,0,0,0,0,0,0,0,0,0,0,0,0,0,0,0,0,0,0,0,0,0,0,0,0,0,0,0,0,0,0,0,0,0,0,0,0,0,0,0,0,0,0,0,0,0,0,0,0,0,0,0,0,0,0,0,0,0,0,0,0,0,0,0,0,0,0,0,0,0,0,0,0,0,0,0,0,0,0,0,0,0,0,0,0,0,0,0,0,0,0,0,0,0,0,0,0,0,0,0,0,0,0,0,0,0,0,0,0,0,0,0,0,0,0,0,0,0,0,0,0,0,0,0,0,0,0,0,0,0,0,0,0,0,0,0,0,0,0,0,0,0,0,0,0,0,0,0,0,0,0,0,0,0,0,0,0,0,0,0,0,0,0,0,0,0,0,0,0,0,0,0,0,0,0,0,0,0,0,0,0,0,0,0,0,0,0,0,0,0,0,0,0,0
801101139,0,16,97,73,26,14,12,0,0,241,0,5,32,38,15,12,4,0,0,110,3,10,93,84,53,28,7,3,0,279,0,28,97,64,32,18,11,0,0,245,0,9,29,20,9,0,0,0,0,63,0,10,12,13,6,4,0,0,0,48,0,0,0,0,0,0,0,0,0,0,0,0,9,3,5,3,5,0,0,23,0,4,30,12,8,6,4,0,0,72,7,94,483,373,175,101,50,3,0,1290,0,0,0,0,0,0,0,0,0,0,0,0,0,0,0,0,0,0,0,0,0,0,0,0,0,0,0,0,0,0,0,0,0,0,0,0,0,0,0,0,0,0,0,0,0,0,0,0,0,0,0,0,0,0,0,0,0,0,0,0,0,0,0,0,0,0,0,0,0,0,0,0,0,0,0,0,0,0,0,0,0,0,0,0,0,0,0,0,0,0,0,0,0,0,0,0,0,0,0,0
801101145,0,0,0,0,0,0,0,0,0,0,0,0,0,0,0,0,0,0,0,0,0,0,0,0,0,0,0,0,0,0,0,0,0,0,0,0,0,0,0,0,0,0,0,0,0,0,0,0,0,0,0,0,0,0,0,0,0,0,0,0,0,0,0,0,0,0,0,0,0,0,0,0,0,0,0,0,0,0,0,0,0,0,0,0,0,0,0,0,0,0,0,0,0,0,0,0,0,0,0,0,0,0,0,0,0,0,0,0,0,0,0,0,0,0,0,0,0,0,0,0,0,0,0,0,0,0,0,0,0,0,0,0,0,0,0,0,0,0,0,0,0,0,0,0,0,0,0,0,0,0,0,0,0,0,0,0,0,0,0,0,0,0,0,0,0,0,0,0,0,0,0,0,0,0,0,0,0,0,0,0,0,0,0,0,0,0,0,0,0,0,0,0,0,0,0,0,0,0,0,0
801101146,0,0,0,0,0,0,0,0,0,0,0,0,0,0,0,0,0,0,0,0,0,0,0,0,0,0,0,0,0,0,0,0,0,0,0,0,0,0,0,0,0,0,0,0,0,0,0,0,0,0,0,0,0,0,0,0,0,0,0,0,0,0,0,0,0,0,0,0,0,0,0,0,0,0,0,0,0,0,0,0,0,0,0,0,0,0,0,0,0,0,0,0,0,0,0,0,0,0,0,0,0,0,0,0,0,0,0,0,0,0,0,0,0,0,0,0,0,0,0,0,0,0,0,0,0,0,0,0,0,0,0,0,0,0,0,0,0,0,0,0,0,0,0,0,0,0,0,0,0,0,0,0,0,0,0,0,0,0,0,0,0,0,0,0,0,0,0,0,0,0,0,0,0,0,0,0,0,0,0,0,0,0,0,0,0,0,0,0,0,0,0,0,0,0,0,0,0,0,0,0
801111140,0,0,6,3,3,0,0,0,0,17,0,0,5,0,3,3,0,0,0,13,0,0,11,11,9,13,0,0,0,44,0,4,3,16,3,5,0,0,0,35,0,0,0,0,6,0,0,0,0,9,0,0,4,4,0,0,0,0,0,11,0,0,0,0,0,0,0,0,0,0,0,0,0,0,0,0,0,0,0,0,0,0,4,0,3,4,0,0,0,17,0,6,32,51,27,31,8,0,0,161,0,0,8,3,4,3,0,0,0,15,0,0,0,0,0,0,0,0,0,8,0,9,7,4,9,0,0,0,0,27,0,0,4,0,8,3,0,0,0,17,0,0,4,3,3,0,0,0,0,11,0,0,5,0,3,0,0,0,0,10,0,4,8,16,0,3,0,0,0,32,0,0,7,11,3,0,0,0,0,27,0,11,13,11,3,5,3,0,0,43,0,0,5,0,0,0,0,0,0,6
801111141,0,0,0,0,0,4,0,0,0,5,0,0,0,0,0,0,0,0,0,0,0,0,0,0,0,3,0,0,0,4,0,0,0,0,0,0,0,0,0,0,0,0,0,0,0,0,0,0,0,0,0,0,0,0,0,0,0,0,0,0,0,0,0,0,0,0,0,0,0,0,0,0,0,0,0,0,0,0,0,0,0,0,5,0,0,0,0,0,0,8,0,0,3,0,3,3,0,0,0,19,0,0,0,0,0,0,0,0,0,0,0,0,0,0,0,0,0,0,0,0,0,0,0,0,3,0,0,0,0,3,0,0,0,0,0,0,0,0,0,0,0,0,0,0,0,0,0,0,0,0,0,0,0,0,0,0,0,0,0,0,0,0,0,0,0,0,0,0,0,4,0,0,0,0,0,0,0,0,0,3,0,0,0,0,0,0,0,0,0,0,0,0,0,0,0,0,0,0,0,0
897979799,0,0,0,0,0,0,0,0,0,0,0,0,0,0,0,0,0,0,0,0,0,0,0,0,0,0,0,0,0,0,0,0,0,0,0,0,0,0,0,0,0,0,0,0,0,0,0,0,0,0,0,0,0,0,0,0,0,0,0,0,0,0,0,0,0,0,0,0,0,0,0,0,0,0,0,0,0,0,0,0,0,0,0,0,0,0,0,0,0,0,0,0,0,0,0,0,0,0,0,0,0,0,0,0,0,0,0,0,0,0,0,0,0,0,0,0,0,0,0,0,0,0,0,0,0,0,0,0,0,0,0,0,0,0,0,0,0,0,0,0,0,0,0,0,0,0,0,0,0,0,0,0,0,0,0,0,0,0,0,0,0,0,0,0,0,0,0,0,0,0,0,0,0,0,0,0,0,0,0,0,0,0,0,0,0,0,0,0,0,0,0,0,0,0,0,0,0,0,0,0
899999499,0,4,9,4,0,3,0,0,0,21,0,0,0,0,0,5,0,0,0,9,0,0,6,13,0,0,0,3,0,24,0,0,13,6,6,10,5,0,0,34,0,4,0,3,0,0,0,0,0,10,0,0,0,3,0,0,0,0,0,11,0,0,0,0,0,0,0,0,0,0,0,0,0,0,0,0,0,0,0,8,0,5,7,7,3,6,4,0,0,35,3,20,43,36,21,36,7,3,0,166,0,4,8,8,0,0,3,0,0,20,0,0,4,0,0,0,0,0,0,10,0,4,10,4,3,0,0,0,0,26,0,0,0,4,0,0,0,0,0,9,0,0,0,0,0,3,0,0,0,4,0,3,13,8,3,9,4,0,0,38,0,0,0,5,3,7,0,0,0,21,0,9,17,17,9,3,0,0,0,63,0,12,26,10,17,10,0,0,0,81,0,0,9,0,0,0,0,0,0,13
