SA2_CODE_2021,C11_OO_DS_Sep_house,C11_OO_DS_SemiDRTHT,C11_OO_DS_F_a,C11_OO_DS_OD,C11_OO_DS_NS,C11_Owned_Outright_Tot,C11_OWM_DS_Sep_house,C11_OWM_DS_SemiDRTHT,C11_OWM_DS_F_a,C11_OWM_DS_OD,C11_OWM_DS_NS,C11_Owned_with_mortgage_Tot,C11_R_REA_DS_Sep_house,C11_R_REA_DS_SemiDRTHT,C11_R_REA_DS_F_a,C11_R_REA_DS_OD,C11_R_REA_DS_NS,C11_R_Real_Estate_Agent_Tot,C11_R_STHA_DS_Sep_house,C11_R_STHA_DS_SemiDRTHT,C11_R_STHA_DS_F_a,C11_R_STHA_DS_OD,C11_R_STHA_DS_NS,C11_R_ST_House_Auth_Tot,C11_R_CHP_DS_Sep_house,C11_R_CHP_DS_SemiDRTHT,C11_R_CHP_DS_F_a,C11_R_CHP_DS_OD,C11_R_CHP_DS_NS,C11_R_CHP_Tot,C11_R_PNISH_DS_Sep_house,C11_R_PNISH_DS_SemDRTHT,C11_R_PNISH_DS_F_a,C11_R_PNISH_DS_OD,C11_R_PNISH_DS_NS,C11_R_PNISH_Tot,C11_R_OLT_DS_Sep_house,C11_R_OLT_DS_SemDRTHT,C11_R_OLT_DS_F_a,C11_R_OLT_DS_OD,C11_R_OLT_DS_NS,C11_R_Oth_Llord_Type_Tot,C11_R_LT_NS_DS_Sep_house,C11_R_LT_NS_DS_SemDRTHT,C11_R_LT_NS_DS_F_a,C11_R_LT_NS_DS_OD,C11_R_LT_NS_DS_NS,C11_R_Llord_Type_NS_Tot,C11_R_Tot_DS_Sep_house,C11_R_Tot_DS_SemDRTHT,C11_R_Tot_DS_F_a,C11_R_Tot_DS_OD,C11_R_Tot_DS_NS,C11_R_Tot_Tot,C11_OTT_DS_Sep_house,C11_OTT_DS_SemiDRTHT,C11_OTT_DS_F_a,C11_OTT_DS_OD,C11_OTT_DS_NS,C11_OTT_Tot,C11_TT_NS_DS_Sep_house,C11_TT_NS_DS_SemiDRTHT,C11_TT_NS_DS_F_a,C11_TT_NS_DS_OD,C11_TT_NS_DS_NS,C11_TT_NS_Tot,C11_Tot_DS_Sep_house,C11_Tot_DS_SemiDRTHT,C11_Tot_DS_F_a,C11_Tot_DS_OD,C11_Tot_DS_NS,C11_Tot_Tot,C16_OO_DS_Sep_house,C16_OO_DS_SemiDRTHT,C16_OO_DS_F_a,C16_OO_DS_OD,C16_OO_DS_NS,C16_OO_Tot,C16_OWM_DS_Sep_house,C16_OWM_DS_SemiDRTHT,C16_OWM_DS_F_a,C16_OWM_DS_OD,C16_OWM_DS_NS,C16_OWM_Tot,C16_R_REA_DS_Sep_house,C16_R_REA_DS_SemiDRTHT,C16_R_REA_DS_F_a,C16_R_REA_DS_OD,C16_R_REA_DS_NS,C16_R_REA_Tot,C16_R_STHA_DS_Sep_house,C16_R_STHA_DS_SemiDRTHT,C16_R_STHA_DS_F_a,C16_R_STHA_DS_OD,C16_R_STHA_DS_NS,C16_R_STHA_Tot,C16_R_CHP_DS_Sep_house,C16_R_CHP_DS_SemiDRTHT,C16_R_CHP_DS_F_a,C16_R_CHP_DS_OD,C16_R_CHP_DS_NS,C16_R_CHP_Tot,C16_R_PNISH_DS_Sep_house,C16_R_PNISH_DS_SemDRTHT,C16_R_PNISH_DS_F_a,C16_R_PNISH_DS_OD,C16_R_PNISH_DS_NS,C16_R_PNISH_Tot,C16_R_OLT_DS_Sep_house,C16_R_OLT_DS_SemDRTHT,C16_R_OLT_DS_F_a,C16_R_OLT_DS_OD,C16_R_OLT_DS_NS,C16_R_OLT_Tot,C16_R_LT_NS_DS_Sep_house,C16_R_LT_NS_DS_SemDRTHT,C16_R_LT_NS_DS_F_a,C16_R_LT_NS_DS_OD,C16_R_LT_NS_DS_NS,C16_R_LT_NS_Tot,C16_R_Tot_DS_Sep_house,C16_R_Tot_DS_SemiDRTHT,C16_R_Tot_DS_F_a,C16_R_Tot_DS_OD,C16_R_Tot_DS_NS,C16_R_Tot_Tot,C16_OTT_DS_Sep_house,C16_OTT_DS_SemiDRTHT,C16_OTT_DS_F_a,C16_OTT_DS_OD,C16_OTT_DS_NS,C16_OTT_Tot,C16_TT_NS_DS_Sep_house,C16_TT_NS_DS_SemiDRTHT,C16_TT_NS_DS_F_a,C16_TT_NS_DS_OD,C16_TT_NS_DS_NS,C16_TT_NS_Tot,C16_Tot_DS_Sep_house,C16_Tot_DS_SemiDRTHT,C16_Tot_DS_F_a,C16_Tot_DS_OD,C16_Tot_DS_NS,C16_Tot_Tot,C21_OO_DS_Sep_house,C21_OO_DS_SemiDRTHT,C21_OO_DS_F_a,C21_OO_DS_OD,C21_OO_DS_NS,C21_OO_Tot,C21_OWM_DS_Sep_house,C21_OWM_DS_SemiDRTHT,C21_OWM_DS_F_a,C21_OWM_DS_OD,C21_OWM_DS_NS,C21_OWM_Tot,C21_R_REA_DS_Sep_house,C21_R_REA_DS_SemiDRTHT,C21_R_REA_DS_F_a,C21_R_REA_DS_OD,C21_R_REA_DS_NS,C21_R_REA_Tot,C21_R_STHA_DS_Sep_house,C21_R_STHA_DS_SemiDRTHT,C21_R_STHA_DS_F_a,C21_R_STHA_DS_OD,C21_R_STHA_DS_NS,C21_R_STHA_Tot,C21_R_CHP_DS_Sep_house,C21_R_CHP_DS_SemiDRTHT,C21_R_CHP_DS_F_a,C21_R_CHP_DS_OD,C21_R_CHP_DS_NS,C21_R_CHP_Tot,C21_R_PNISH_DS_Sep_house,C21_R_PNISH_DS_SemDRTHT,C21_R_PNISH_DS_F_a,C21_R_PNISH_DS_OD,C21_R_PNISH_DS_NS,C21_R_PNISH_Tot,C21_R_OLT_DS_Sep_house,C21_R_OLT_DS_SemDRTHT,C21_R_OLT_DS_F_a,C21_R_OLT_DS_OD,C21_R_OLT_DS_NS,C21_R_OLT_Tot,C21_R_LT_NS_DS_Sep_house,C21_R_LT_NS_DS_SemDRTHT,C21_R_LT_NS_DS_F_a,C21_R_LT_NS_DS_OD,C21_R_LT_NS_DS_NS,C21_R_LT_NS_Tot,C21_R_Tot_DS_Sep_house,C21_R_Tot_DS_SemiDRTHT,C21_R_Tot_DS_F_a,C21_R_Tot_DS_OD,C21_R_Tot_DS_NS,C21_R_Tot_Tot,C21_OTT_DS_Sep_house,C21_OTT_DS_SemiDRTHT
801011001,356,16,0,0,0,377,268,10,4,0,0,280,46,21,5,0,0,64,17,0,0,0,0,17,0,0,0,0,0,0,57,12,7,0,0,82,0,0,0,0,0,5,0,0,0,0,0,0,120,35,18,0,0,169,7,3,0,0,0,12,55,9,0,0,0,61,807,75,22,0,0,901,361,20,0,0,0,384,273,15,6,0,0,294,48,16,0,0,0,66,12,0,0,0,0,12,0,0,0,0,0,0,45,10,4,0,0,60,4,3,0,0,0,5,0,0,0,0,0,0,102,36,7,0,0,147,12,14,0,0,0,24,25,7,0,0,0,28,769,82,16,0,3,874,362,28,0,0,0,389,317,16,7,0,0,342,45,15,9,0,0,67,12,0,0,0,0,9,0,0,0,0,0,0,35,13,6,0,0,54,8,3,0,0,0,11,0,0,0,0,0,0,96,34,12,0,0,143,4,6
801011002,20,132,104,0,0,248,13,169,224,0,0,403,25,225,335,0,0,583,29,113,107,0,0,247,3,5,4,0,0,16,10,109,163,0,0,280,0,9,10,0,0,18,0,5,0,0,0,6,63,469,615,0,0,1147,0,34,45,0,0,77,9,83,137,0,0,229,96,887,1125,0,0,2106,6,144,118,0,0,266,5,175,362,0,0,545,3,253,958,0,0,1214,7,109,91,0,0,214,0,9,6,0,0,12,5,94,263,0,0,363,0,9,32,0,0,43,0,4,3,0,0,0,16,474,1356,0,0,1847,0,14,17,0,0,37,0,82,230,0,0,313,30,888,2088,0,0,3004,0,185,276,0,0,460,0,231,628,0,0,862,0,272,1563,0,0,1838,9,139,58,0,0,205,0,10,13,0,0,27,0,104,365,0,0,468,0,10,59,0,0,70,0,3,0,0,0,4,13,538,2058,0,0,2614,0,50
801011003,287,75,15,0,0,377,217,133,172,0,0,525,111,145,315,0,0,564,5,0,3,0,0,8,10,0,0,0,0,12,52,72,108,0,0,236,53,19,10,0,0,81,0,3,0,0,0,0,229,240,431,0,0,901,38,5,18,0,0,65,46,34,74,0,0,148,814,487,716,0,3,2014,187,230,27,0,0,442,132,231,163,0,0,524,45,349,529,0,0,927,0,4,14,0,0,17,0,5,4,0,0,12,13,130,130,0,0,274,58,33,22,0,0,113,0,0,3,0,0,7,120,534,697,0,0,1344,10,38,20,0,0,66,21,43,59,0,0,129,468,1072,963,0,5,2510,216,249,55,0,0,524,163,355,222,0,0,739,56,379,443,0,0,881,4,5,7,0,0,18,0,7,9,0,0,14,39,139,125,0,0,292,64,37,27,0,3,130,0,5,0,0,0,4,166,571,602,0,6,1347,10,47
801011004,231,13,0,0,0,241,460,50,0,0,0,505,71,19,0,0,0,97,147,37,0,0,0,184,3,0,0,0,0,3,58,16,0,0,0,76,4,0,0,0,0,4,0,0,0,0,0,0,278,83,0,0,0,360,12,0,0,0,0,12,56,13,0,0,0,65,1026,152,7,0,0,1179,226,13,0,0,0,240,449,52,0,0,0,495,63,27,0,0,0,88,138,15,0,0,0,157,0,0,0,0,0,0,59,16,0,0,0,74,4,0,0,0,0,3,0,0,0,0,0,0,265,61,0,0,0,326,12,0,0,0,0,12,77,4,0,0,0,87,1025,131,7,0,0,1163,241,26,0,0,0,260,470,56,0,0,0,529,74,25,0,0,0,99,145,22,0,0,0,163,11,0,0,0,0,11,62,11,0,0,0,74,11,0,0,0,0,13,4,0,0,0,0,3,295,69,3,0,0,364,8,0
801011005,293,164,3,0,0,462,227,143,9,0,0,376,49,97,15,0,0,165,26,22,12,0,0,63,0,0,0,0,0,0,31,47,21,0,0,100,0,0,0,0,0,5,0,0,0,0,0,0,105,168,54,0,0,332,3,11,0,0,0,10,22,17,7,0,0,42,648,501,68,0,0,1227,294,164,0,0,5,454,267,144,0,0,0,411,55,93,0,0,0,154,29,0,25,0,0,57,0,0,0,0,0,0,26,23,3,0,0,51,3,0,0,0,0,9,0,0,0,0,0,0,116,120,34,0,0,270,8,9,0,0,0,15,29,26,4,0,0,57,706,463,35,0,4,1209,313,193,0,0,0,503,290,134,4,0,0,423,57,83,0,0,0,141,28,0,27,0,0,60,3,0,0,0,0,6,44,41,0,0,0,81,9,3,0,0,0,6,0,0,0,0,0,0,135,130,35,0,0,292,13,6
801011006,321,23,0,0,0,344,1426,116,3,0,0,1546,148,25,0,0,0,173,100,15,0,0,0,117,0,0,0,0,0,5,92,16,0,0,0,109,30,4,0,0,0,30,0,0,0,0,0,0,374,62,0,0,0,437,15,0,0,0,0,15,44,10,0,0,0,55,2177,215,9,0,0,2396,388,34,4,0,0,427,1332,99,14,0,0,1446,157,29,8,0,0,191,82,19,0,0,0,100,3,0,0,0,0,5,83,14,0,0,0,95,20,0,0,0,0,20,0,0,0,0,0,3,342,63,8,0,3,415,13,4,0,0,0,14,75,12,0,0,0,89,2157,213,25,0,3,2399,462,34,0,0,0,491,1380,81,16,0,0,1475,169,21,9,0,0,198,99,25,0,0,0,121,0,0,0,0,0,3,81,9,0,0,0,93,25,0,0,0,0,24,4,0,0,0,0,4,381,53,13,0,0,449,7,0
801011007,617,24,0,0,0,642,829,25,7,0,0,864,117,19,8,0,0,138,99,0,3,0,0,102,4,0,0,0,0,4,95,12,9,0,0,120,9,6,0,0,0,7,0,0,0,0,0,0,330,29,22,0,0,372,8,0,0,0,0,9,38,0,4,0,0,46,1825,79,34,0,0,1934,622,3,0,0,0,628,778,12,5,0,0,799,125,13,7,0,0,146,95,0,0,0,0,92,0,0,0,0,0,0,94,4,0,0,0,101,9,0,0,0,0,9,0,0,0,0,0,0,326,22,12,0,0,353,21,0,0,0,0,21,126,11,9,0,3,144,1867,46,22,3,3,1943,641,4,0,0,0,646,832,19,12,0,0,856,168,17,0,0,0,185,101,0,0,0,0,98,5,0,0,0,0,5,111,3,9,0,0,124,14,0,0,0,0,14,0,0,0,0,0,3,398,22,14,0,0,429,19,0
801011008,513,15,28,0,0,556,496,28,44,0,0,572,149,37,32,0,0,218,192,51,5,0,0,246,5,0,0,0,0,5,90,29,19,0,0,146,16,0,6,0,0,16,4,0,0,0,0,4,448,128,61,0,0,633,12,0,0,0,0,10,38,12,25,0,0,80,1511,181,160,0,0,1849,510,64,4,0,4,579,422,91,0,0,0,518,113,103,0,0,0,221,167,61,0,0,0,231,3,0,0,0,0,3,59,62,8,0,0,125,4,8,0,0,0,13,0,0,0,0,0,0,349,237,7,0,0,595,28,10,0,0,0,34,68,22,0,0,0,97,1382,424,6,0,4,1818,530,71,0,0,0,605,469,97,0,0,0,574,129,115,5,0,0,241,172,66,0,0,0,240,9,0,0,0,0,9,58,55,4,0,0,120,8,6,0,0,0,16,0,0,0,0,0,0,381,243,9,0,0,626,21,3
801011009,404,0,3,0,0,413,533,4,0,0,4,547,61,5,0,0,0,66,40,0,0,0,0,45,0,0,0,0,0,0,47,0,0,0,0,51,4,0,0,0,0,4,0,0,0,0,0,0,157,0,0,0,8,166,7,0,0,0,0,7,94,3,0,0,0,100,1201,17,7,0,6,1227,397,7,6,0,0,410,513,4,0,0,0,517,72,7,0,0,0,76,39,5,0,0,0,43,4,0,0,0,0,4,43,0,0,0,0,43,7,0,0,0,0,7,0,0,0,0,0,0,163,10,3,0,0,176,11,0,0,0,0,11,44,3,0,0,0,50,1135,21,7,0,0,1164,408,7,0,0,0,417,576,16,0,0,0,593,72,6,0,0,0,80,43,5,0,0,0,46,0,0,0,0,0,0,46,3,0,0,0,48,9,0,0,0,0,9,0,0,0,0,0,0,174,12,0,0,0,190,5,0
801011010,276,5,0,0,0,278,345,12,0,0,0,359,29,0,0,0,0,30,26,0,0,0,0,28,0,0,0,0,0,0,29,6,0,0,0,31,0,0,0,0,0,0,0,0,0,0,0,0,78,7,0,0,0,86,4,0,0,0,0,4,12,0,0,0,0,12,713,25,0,0,0,737,253,7,0,0,0,258,323,12,0,0,0,335,26,0,4,0,0,28,14,0,0,0,0,22,0,0,0,0,0,0,19,0,0,0,0,26,4,0,0,0,0,4,0,0,0,0,0,0,62,5,6,0,4,75,3,0,0,0,0,3,38,0,0,0,0,41,677,23,7,0,4,710,289,8,0,0,0,295,333,16,0,0,0,352,25,5,5,0,0,29,22,0,0,0,0,18,0,0,0,0,0,0,23,0,0,0,0,24,0,0,0,0,0,0,0,0,0,0,0,0,70,8,4,0,0,76,0,0
801011011,376,23,0,0,0,394,495,17,0,0,0,512,84,15,3,0,0,102,43,0,0,0,0,43,0,0,0,0,0,0,61,13,7,0,0,85,5,0,0,0,0,3,3,0,0,0,0,3,192,26,14,0,0,236,11,0,0,0,0,13,42,3,0,0,0,42,1110,70,14,0,0,1193,394,22,0,0,0,416,443,16,0,0,0,462,92,16,3,0,0,109,41,0,0,0,0,41,0,0,0,0,0,0,56,11,6,0,0,68,3,0,0,0,0,8,0,0,0,0,0,0,197,29,6,0,0,227,5,0,0,0,0,8,49,7,0,0,0,60,1095,73,6,0,0,1180,435,19,0,0,0,455,459,22,3,0,0,481,89,12,3,0,0,105,42,0,0,0,0,42,0,0,0,0,0,3,66,4,7,0,0,71,10,0,0,0,0,6,0,0,0,0,0,0,213,15,6,0,0,240,11,6
801011012,0,0,0,0,0,0,0,0,0,0,0,0,0,0,0,0,0,0,0,0,0,0,0,0,0,0,0,0,0,0,0,0,0,0,0,0,0,0,0,0,0,0,0,0,0,0,0,0,0,0,0,0,0,0,0,0,0,0,0,0,0,0,0,0,0,0,0,0,0,0,0,0,0,0,0,0,0,0,0,0,0,0,0,0,0,0,0,0,0,0,0,0,0,0,0,0,0,0,0,0,0,0,0,0,0,0,0,0,0,0,0,0,0,0,0,0,0,0,0,0,0,0,0,0,0,0,0,0,0,0,0,0,0,0,0,0,0,0,0,0,0,0,0,0,0,0,0,0,0,0,0,0,0,0,0,0,0,0,0,0,0,0,0,0,0,0,0,0,0,0,0,0,0,0,0,0,0,0,0,0,0,0,0,0,0,0,0,0,0,0,0,0,0,0,0,0,0,0,0,0
801011013,345,99,21,0,0,463,262,61,44,0,0,369,23,52,70,0,0,146,0,0,39,0,0,43,0,0,3,0,0,3,14,16,27,0,0,54,0,0,0,0,0,4,0,0,0,0,0,0,46,72,138,0,0,251,6,5,0,0,0,11,19,7,23,0,0,45,669,245,228,0,0,1143,379,55,19,0,0,451,278,45,35,0,0,358,33,35,91,0,0,161,7,0,37,0,0,49,0,0,3,0,0,5,25,8,20,0,0,62,0,0,4,0,0,8,0,0,0,0,0,0,65,51,159,0,0,279,3,0,6,0,0,10,17,7,29,0,0,51,751,149,241,0,0,1147,429,72,28,0,0,532,276,44,44,0,0,366,42,25,74,0,0,145,3,0,43,0,0,44,0,0,6,0,0,4,24,11,25,0,0,64,0,0,8,0,0,11,0,0,0,0,0,3,75,34,161,0,0,275,6,0
801011014,349,6,0,0,0,352,495,15,0,0,0,510,72,11,0,0,0,84,60,21,0,0,0,78,3,0,0,0,0,3,65,28,3,0,0,100,0,0,0,0,0,3,0,0,0,0,0,0,204,61,4,0,0,266,4,0,0,0,0,4,24,8,0,0,0,34,1078,90,9,0,0,1168,326,6,0,0,0,330,493,12,0,0,0,502,54,8,10,0,0,73,70,6,0,0,0,78,3,0,0,0,0,3,51,6,3,0,5,62,6,0,0,0,0,7,0,0,0,0,0,0,192,18,15,0,4,227,5,0,0,0,0,8,63,5,5,0,0,73,1071,41,18,0,5,1133,370,12,0,0,0,376,542,5,0,0,0,552,90,6,11,0,0,106,75,0,0,0,0,77,8,0,0,0,0,8,53,8,5,0,0,63,12,0,0,0,3,13,0,0,0,0,0,0,245,14,18,0,4,277,32,0
801011015,362,195,26,0,0,582,547,211,40,0,0,794,49,97,40,0,0,198,87,68,4,0,0,155,5,4,15,0,0,22,59,72,19,0,0,140,3,4,4,0,0,6,0,0,0,0,0,0,205,241,73,0,0,521,15,9,14,0,0,39,49,42,22,0,0,108,1170,696,178,0,0,2045,375,193,12,0,0,585,486,194,28,0,0,708,73,90,78,0,0,238,74,60,6,0,0,140,3,7,12,0,0,18,44,55,12,0,0,111,7,5,0,0,0,16,3,0,0,0,0,0,210,211,106,0,0,525,13,27,0,0,0,45,73,57,18,0,0,147,1158,689,161,0,0,2003,397,206,17,0,0,615,667,279,35,0,0,982,102,101,59,0,0,259,80,76,9,0,0,172,8,9,23,0,0,35,56,58,17,0,0,137,5,8,0,0,0,20,0,0,0,0,0,3,261,250,109,0,3,622,18,32
801011016,1041,3,4,0,0,1053,883,5,13,0,0,900,164,0,24,0,0,191,74,27,20,0,0,121,3,0,0,0,0,6,187,4,28,0,0,214,11,0,0,0,0,11,0,0,0,0,0,3,437,40,71,0,0,543,23,0,3,0,0,30,53,5,8,0,0,64,2439,48,95,0,0,2584,1004,10,5,0,0,1021,834,15,5,0,0,858,195,29,7,0,0,243,65,47,0,0,0,111,4,0,0,0,0,6,156,6,3,0,0,171,8,3,0,0,0,19,3,0,0,0,0,6,426,94,19,0,0,546,24,0,0,0,0,24,127,7,0,0,0,137,2420,124,26,3,4,2583,1045,15,3,0,0,1063,866,35,8,0,0,915,210,33,3,0,0,244,74,57,36,0,0,159,3,0,19,0,0,24,187,19,6,0,3,210,22,0,0,0,0,21,3,0,0,0,0,3,493,105,62,0,3,664,17,0
801011017,411,17,0,0,0,424,561,26,12,0,0,602,83,11,9,0,0,102,77,6,6,0,0,89,0,0,0,0,0,0,55,4,4,0,0,60,4,0,0,0,0,4,0,0,0,0,0,4,217,19,18,0,0,259,16,0,0,0,0,16,41,7,0,0,0,53,1242,69,37,0,0,1347,381,25,0,0,0,412,557,40,6,0,0,595,74,27,3,0,0,111,70,7,4,0,0,74,0,0,0,0,0,0,46,11,0,0,0,55,4,0,0,0,0,4,0,0,0,0,0,0,194,46,10,0,0,246,13,3,0,0,0,14,67,16,5,0,0,84,1198,132,12,3,0,1353,418,31,0,0,0,448,572,49,7,0,0,630,81,21,0,0,0,110,73,15,3,0,0,92,8,0,4,0,0,7,57,16,3,0,0,77,3,5,0,0,0,8,0,0,0,0,0,3,222,61,11,0,0,292,13,5
801011018,0,0,0,0,0,0,0,0,0,0,0,0,0,0,0,0,0,0,0,0,0,0,0,0,0,0,0,0,0,0,0,0,0,0,0,0,0,0,0,0,0,0,0,0,0,0,0,0,0,0,0,0,0,0,0,0,0,0,0,0,0,0,0,0,0,0,0,0,0,0,0,0,4,0,0,0,0,4,21,0,0,0,0,21,3,0,0,0,0,3,5,0,0,0,0,5,0,0,0,0,0,0,0,0,0,0,0,0,0,0,0,0,0,3,0,0,0,0,0,0,12,0,0,0,0,14,0,0,0,0,0,0,3,0,0,0,0,3,43,0,0,0,0,41,20,46,10,0,0,79,109,271,65,0,0,442,38,211,58,0,0,313,0,5,0,0,0,5,9,0,0,0,0,9,13,70,29,0,0,108,0,13,4,0,0,25,0,0,0,0,0,0,65,295,93,0,0,457,0,4
801011019,389,11,0,0,0,399,1044,168,15,0,0,1226,93,35,4,0,0,137,71,3,0,0,0,82,0,0,0,0,0,0,75,21,3,0,0,98,7,0,0,0,0,7,4,0,0,0,0,4,256,63,15,0,0,328,3,0,0,0,0,3,63,6,0,0,0,70,1746,248,30,0,0,2024,415,25,0,0,0,441,1160,256,0,0,0,1418,166,103,0,0,0,275,70,0,0,0,0,77,4,0,0,0,0,4,86,35,8,0,0,126,7,4,0,0,0,13,0,0,0,0,0,0,334,146,10,0,0,486,14,0,0,0,0,14,79,19,0,0,0,97,2004,444,7,0,4,2457,482,33,0,0,0,514,1314,127,0,0,0,1439,235,42,0,0,0,277,79,11,0,0,0,92,4,0,0,0,0,4,109,10,4,0,0,124,20,0,0,0,0,20,3,0,0,0,0,3,450,64,4,0,0,515,18,6
801011020,275,17,6,0,0,293,270,16,17,0,0,301,77,18,41,0,0,138,62,47,16,0,0,130,0,0,0,0,0,0,75,7,21,0,0,107,4,0,0,0,0,7,0,0,0,0,0,0,219,82,83,0,0,380,7,0,4,0,0,14,26,11,13,0,0,49,793,121,124,0,0,1038,276,16,28,0,0,324,220,17,31,0,0,274,99,21,97,0,0,218,61,43,7,0,0,111,0,0,0,0,0,0,69,11,20,0,0,97,5,0,0,0,0,5,0,0,0,0,0,0,237,79,127,0,0,436,10,5,0,0,0,18,32,12,12,0,0,61,772,128,199,0,0,1105,290,45,71,0,0,405,236,42,88,0,0,369,96,24,89,0,0,213,65,45,12,0,0,123,3,0,4,0,0,6,74,9,32,0,0,115,3,7,5,0,0,9,0,0,0,0,0,0,239,90,143,0,0,468,12,5
801011021,343,20,0,0,0,362,353,6,0,0,0,363,57,0,0,0,0,59,69,5,0,0,0,75,4,0,0,0,0,4,48,6,0,0,0,53,4,0,0,0,0,4,0,0,0,0,0,0,180,12,0,0,0,197,9,0,0,0,0,9,31,4,0,0,0,37,922,42,3,0,0,972,354,22,4,0,0,373,343,5,0,0,0,350,54,4,0,0,0,65,65,11,0,0,0,73,0,0,0,0,0,0,29,3,0,0,0,34,4,0,0,0,0,4,0,0,0,0,0,0,159,21,0,0,0,181,8,0,0,0,0,8,43,5,0,0,0,48,902,51,4,0,0,955,378,24,0,0,0,407,350,12,0,0,0,364,59,3,0,0,0,63,62,11,0,0,0,73,5,0,0,0,0,5,26,0,3,0,0,29,11,0,0,0,0,11,0,0,0,0,0,0,165,18,3,0,0,180,9,0
801011022,362,51,0,0,0,409,435,44,3,0,0,482,45,31,9,0,0,82,55,21,0,0,0,79,0,0,0,0,0,0,33,17,4,0,0,59,4,0,0,0,0,4,0,0,0,0,0,0,138,79,9,0,0,221,14,8,0,0,0,13,36,11,10,0,0,49,972,181,24,0,0,1181,343,46,0,0,0,398,408,39,8,0,0,456,49,34,11,0,0,91,51,27,0,0,0,83,0,0,0,0,0,0,18,19,0,0,0,45,4,0,0,0,0,5,0,0,0,0,0,0,123,91,12,0,0,230,17,5,0,0,0,14,38,5,0,0,0,49,933,187,28,3,0,1153,367,50,3,0,0,419,454,61,8,0,0,517,59,37,7,0,0,97,45,27,0,0,7,83,7,6,0,0,0,12,31,19,4,0,0,56,0,6,0,0,0,7,0,0,0,0,0,0,141,93,11,0,3,250,9,9
801011023,240,150,4,0,0,393,220,37,0,0,0,259,93,67,0,0,0,163,49,29,0,0,0,77,5,5,0,0,0,5,80,49,4,0,0,129,4,5,0,0,0,11,0,0,0,0,0,0,225,147,5,0,0,388,17,43,0,0,0,61,20,18,0,0,0,41,719,399,8,0,0,1131,220,135,5,0,0,361,246,38,14,0,0,290,111,54,18,0,0,184,51,15,0,0,0,64,4,7,0,0,0,13,83,27,3,0,0,116,11,0,0,0,0,10,4,0,0,0,0,3,259,106,26,0,0,390,12,42,0,0,0,54,37,46,9,0,0,99,764,375,50,4,0,1189,253,149,7,0,0,410,263,32,12,0,0,306,159,19,16,0,0,200,45,16,0,0,0,66,4,4,0,0,0,7,72,13,5,0,0,98,12,7,0,0,0,18,4,0,0,0,0,4,302,58,27,0,0,387,14,53
801011024,287,35,10,0,0,332,355,31,11,0,0,399,58,32,21,0,0,111,69,19,31,0,0,112,0,0,0,0,0,0,59,29,18,0,0,107,3,0,0,0,0,7,0,0,0,0,0,0,193,84,66,0,0,343,12,3,0,0,0,18,30,13,14,0,0,54,877,167,92,0,0,1136,260,39,5,0,0,308,343,40,8,0,0,387,83,48,25,0,0,158,55,31,10,0,0,100,3,0,0,0,0,3,73,9,7,0,0,95,0,3,0,0,0,3,0,0,0,0,0,0,228,90,48,0,0,364,10,0,0,0,0,17,46,20,8,0,0,70,889,187,71,0,0,1152,267,34,12,0,0,311,387,52,10,0,0,456,105,37,24,0,0,167,69,29,12,0,0,109,3,0,0,0,0,3,75,8,11,0,0,91,0,0,0,0,0,6,0,0,0,0,0,0,251,77,51,0,0,375,4,0
801011025,304,4,3,0,0,305,394,0,0,0,0,395,40,0,0,0,0,40,66,11,16,0,0,92,6,0,0,0,0,6,30,0,4,0,0,33,0,0,0,0,0,0,0,0,0,0,0,0,139,11,11,0,0,170,4,0,0,0,0,4,33,0,6,0,0,37,868,15,20,0,0,911,305,0,0,0,0,301,360,16,0,0,0,380,51,4,0,0,0,57,57,24,4,0,0,87,0,0,0,0,0,5,38,5,0,0,0,40,3,0,0,0,0,3,0,0,0,0,0,0,146,34,3,0,0,185,8,0,0,0,0,9,36,3,7,0,0,44,855,60,11,0,0,927,298,5,0,0,0,300,409,11,0,0,0,419,41,9,0,0,0,55,57,34,0,0,0,92,3,0,0,0,0,4,31,0,0,0,0,37,0,0,0,0,0,0,0,0,0,0,0,0,141,45,0,0,0,187,8,0
801011026,398,29,0,0,0,425,293,21,0,0,0,319,26,23,0,0,0,49,0,0,0,0,0,0,0,0,0,0,0,0,41,20,3,0,0,66,4,0,0,0,0,7,0,0,0,0,0,0,73,43,5,0,0,118,12,0,0,0,0,13,21,5,0,0,0,30,799,98,7,0,0,902,411,10,4,0,0,428,288,12,0,0,0,303,43,6,17,0,0,67,0,0,4,0,0,4,0,0,0,0,0,0,32,5,4,0,0,48,5,0,0,0,0,7,0,0,0,0,0,0,80,9,30,0,0,119,5,0,3,0,0,8,23,0,0,0,0,22,812,38,34,0,3,885,417,20,4,0,0,434,321,21,4,0,0,348,44,6,10,0,0,62,0,0,0,0,0,0,0,0,0,0,0,0,42,5,0,0,0,57,10,0,0,0,0,10,0,0,0,0,0,6,103,14,13,0,0,133,7,0
801011111,0,0,0,0,0,0,0,0,0,0,0,0,0,0,0,0,0,0,0,0,0,0,0,0,0,0,0,0,0,0,0,0,0,0,0,0,0,0,0,0,0,0,0,0,0,0,0,0,0,0,0,0,0,0,0,0,0,0,0,0,0,0,0,0,0,0,0,0,0,0,0,0,0,0,0,0,0,0,0,0,0,0,0,0,0,0,0,0,0,0,0,0,0,0,0,0,0,0,0,0,0,0,0,0,0,0,0,0,0,0,0,0,0,0,0,0,0,0,0,0,0,0,0,0,0,4,0,0,0,0,0,0,0,0,0,0,0,0,4,0,0,0,0,5,0,0,0,0,0,0,0,0,0,0,0,0,0,0,0,0,0,0,0,0,0,0,0,0,0,0,0,0,0,0,0,0,0,0,0,0,0,0,0,0,0,0,0,0,0,0,0,0,0,0,0,0,0,0,0,0
801011142,0,0,0,0,0,0,0,0,0,0,0,0,0,0,0,0,0,0,0,0,0,0,0,0,0,0,0,0,0,0,0,0,0,0,0,0,0,0,0,0,0,0,0,0,0,0,0,0,0,0,0,0,0,0,0,0,0,0,0,0,0,0,0,0,0,0,0,0,0,0,0,0,0,0,0,0,0,0,0,0,0,0,0,0,0,0,0,0,0,0,0,0,0,0,0,0,0,0,0,0,0,0,0,0,0,0,0,0,0,0,0,0,0,0,0,0,0,0,0,0,0,0,0,0,0,0,0,0,0,0,0,0,0,0,0,0,0,0,0,0,0,0,0,0,0,0,0,0,0,0,0,0,0,0,0,0,0,0,0,0,0,0,0,0,0,0,0,0,0,0,0,0,0,0,0,0,0,0,0,0,0,0,0,0,0,0,0,0,0,0,0,0,0,0,0,0,0,0,0,0
801011143,0,0,0,0,0,0,0,0,0,0,0,0,0,0,0,0,0,0,0,0,0,0,0,0,0,0,0,0,0,0,0,0,0,0,0,0,0,0,0,0,0,0,0,0,0,0,0,0,0,0,0,0,0,0,0,0,0,0,0,0,0,0,0,0,0,0,0,0,0,3,0,4,0,0,0,0,0,0,0,0,0,0,0,0,0,0,0,0,0,0,0,0,0,0,0,0,0,0,0,0,0,0,0,0,0,0,0,0,0,0,0,0,0,0,0,0,0,0,0,0,0,0,0,0,0,0,0,0,0,0,0,0,0,0,0,0,0,0,6,0,0,0,0,6,16,3,0,0,0,19,172,36,0,0,0,208,6,4,0,0,0,6,0,0,0,0,0,0,0,0,0,0,0,0,3,0,0,0,0,4,5,0,0,0,0,5,0,0,0,0,0,0,13,0,0,0,0,14,0,0
801011144,0,0,0,0,0,0,0,0,0,0,0,0,0,0,0,0,0,0,0,0,0,0,0,0,0,0,0,0,0,0,0,0,0,0,0,0,0,0,0,0,0,0,0,0,0,0,0,0,0,0,0,0,0,0,0,0,0,0,0,0,0,0,0,0,0,0,0,0,0,0,0,0,0,0,0,0,0,0,0,0,0,0,0,0,0,0,0,0,0,0,0,0,0,0,0,0,0,0,0,0,0,0,0,0,0,0,0,0,0,0,0,0,0,0,0,0,0,0,0,0,0,0,0,0,0,0,0,0,0,0,0,0,0,0,0,0,0,0,0,0,0,0,0,0,0,0,0,0,0,0,0,0,0,0,0,0,0,0,0,0,0,0,0,0,0,0,0,0,0,0,0,0,0,0,0,0,0,0,0,0,0,0,0,0,0,0,0,0,0,0,0,0,0,0,0,0,0,0,0,0
801031031,0,0,0,0,0,0,0,0,0,0,0,0,0,0,0,0,0,0,0,0,0,0,0,0,0,0,0,0,0,0,0,0,0,0,0,0,0,0,0,0,0,0,0,0,0,0,0,0,0,0,0,0,0,0,0,0,0,0,0,0,0,0,0,0,0,0,0,0,0,0,0,0,0,0,0,0,0,0,0,0,0,0,0,0,0,0,0,0,0,0,0,0,0,0,0,0,0,0,0,0,0,0,0,0,0,0,0,0,0,0,0,0,0,0,0,0,0,0,0,0,0,0,0,0,0,0,0,0,0,0,0,0,0,0,0,0,0,0,0,0,0,0,0,0,0,0,0,0,0,4,0,0,0,0,0,0,0,0,0,0,0,0,0,0,0,0,0,0,0,0,0,0,0,0,0,0,0,0,0,0,0,0,0,0,0,0,0,0,0,0,0,0,0,0,0,0,0,0,0,0
801031032,4,0,0,0,0,4,3,0,0,0,0,3,0,0,0,0,0,0,3,0,0,0,0,3,0,0,0,0,0,0,0,0,0,0,0,0,0,0,0,0,0,0,0,0,0,0,0,0,6,0,0,0,0,6,0,0,0,0,0,0,0,0,0,0,0,0,14,0,0,0,0,14,0,0,0,0,0,0,0,0,0,0,0,0,0,0,0,0,0,0,0,0,0,0,0,0,0,0,0,0,0,0,0,0,0,0,0,0,0,0,0,0,0,0,0,0,0,0,0,0,6,0,0,0,0,4,0,0,0,0,0,0,5,0,0,0,0,5,6,0,0,0,0,7,0,0,0,0,0,0,0,0,0,0,0,0,0,0,0,0,0,0,0,0,0,0,0,0,0,0,0,0,0,0,0,0,0,0,0,0,0,0,0,0,0,0,0,0,0,0,0,0,0,0,0,0,0,0,0,0
801031113,96,6,4,120,0,217,23,4,12,6,0,40,6,5,8,3,0,25,0,0,27,10,0,36,0,0,12,0,0,12,17,0,3,11,0,34,5,0,0,26,0,34,0,0,0,0,0,0,31,6,55,49,0,142,5,0,0,0,0,12,17,0,7,25,0,51,159,14,85,201,0,465,129,0,0,59,6,193,21,0,3,9,0,28,5,0,7,0,0,14,13,0,26,0,0,36,0,0,10,0,0,10,15,0,3,3,3,27,7,0,15,45,5,74,0,0,0,0,0,4,40,0,66,53,13,172,4,0,0,0,0,5,41,0,22,41,0,105,240,0,94,152,21,505,99,0,0,86,3,197,24,21,0,0,0,48,3,3,16,0,0,25,0,0,16,18,0,36,0,0,13,0,0,13,9,0,5,4,0,14,0,18,0,32,0,55,0,0,0,0,0,0,16,19,56,55,0,147,9,0
801031114,0,0,0,0,0,0,0,0,0,0,0,0,7,0,0,0,0,7,0,0,0,0,0,0,0,0,0,0,0,0,10,3,0,0,0,13,3,3,0,0,0,12,0,0,0,0,0,0,25,10,0,0,0,30,0,0,0,0,0,0,0,0,0,0,0,0,25,10,0,0,0,30,0,0,0,0,0,0,0,0,0,0,0,0,9,6,0,0,0,15,4,0,0,0,0,3,0,0,0,0,0,0,10,3,0,0,0,11,7,3,0,0,0,10,0,0,0,0,0,0,27,15,0,0,0,45,0,0,0,0,0,0,0,0,0,0,0,0,26,15,0,0,0,41,3,0,0,0,0,3,0,0,0,0,0,0,10,3,0,0,0,13,0,0,0,0,0,0,0,0,0,0,0,0,6,0,0,0,0,10,10,5,0,0,0,18,0,0,0,0,0,0,27,9,0,0,0,38,3,0
801031115,16,0,0,0,0,14,15,0,0,0,0,15,0,0,0,0,0,0,0,0,0,0,0,0,0,0,0,0,0,0,18,0,0,0,0,20,3,0,0,0,0,3,0,0,0,0,0,0,25,0,0,0,0,29,9,0,0,0,0,9,0,0,0,0,0,0,69,0,0,0,0,66,17,0,0,0,0,17,14,0,0,0,0,14,4,0,0,0,0,4,0,0,0,0,0,0,0,0,0,0,0,0,10,0,0,0,0,10,5,0,0,0,0,5,0,0,0,0,0,0,18,0,0,0,0,18,4,0,0,0,0,4,13,0,0,0,0,15,64,0,0,0,0,62,17,0,0,0,0,16,13,0,0,0,0,13,0,0,0,0,0,0,0,0,0,0,0,0,0,0,0,0,0,0,16,0,0,0,3,17,0,0,0,0,0,6,0,0,0,0,0,0,17,0,0,0,7,27,3,0
801041034,277,21,0,0,0,297,866,127,3,0,0,1004,127,80,0,0,0,209,39,22,0,0,0,60,0,0,0,0,0,0,60,31,0,0,0,93,96,0,0,0,0,100,0,0,0,0,0,3,321,145,3,0,0,464,4,4,0,0,0,7,27,4,0,0,0,32,1487,299,10,0,0,1794,342,32,0,0,0,376,833,106,4,0,0,949,157,62,0,0,0,219,26,23,0,0,0,52,0,0,0,0,0,0,55,15,0,0,0,74,83,3,0,0,0,84,0,0,0,0,0,0,320,106,0,0,0,430,12,0,0,0,0,9,56,15,0,0,0,75,1572,264,5,0,4,1839,396,48,5,0,0,446,853,119,26,0,0,1001,163,68,106,0,0,337,37,24,24,0,0,81,0,0,0,0,0,3,56,7,3,0,0,71,70,0,0,0,0,75,0,0,0,0,0,0,326,98,138,0,0,568,12,4
801041035,22,0,0,0,0,20,329,70,0,0,0,392,37,9,0,0,0,55,9,0,0,0,0,9,0,0,0,0,0,0,20,13,0,0,0,34,0,0,0,0,0,0,0,0,0,0,0,0,75,20,0,0,0,96,3,0,0,0,0,5,7,3,0,0,0,14,430,96,0,0,0,526,118,13,0,0,0,132,1018,214,3,0,3,1239,189,131,3,0,0,324,39,3,0,0,0,44,30,0,0,0,0,30,60,59,0,0,0,121,27,11,0,0,0,37,0,0,0,0,0,0,341,205,7,0,0,553,15,0,0,0,0,15,83,28,0,0,0,111,1581,462,12,0,0,2056,173,18,0,0,0,192,1094,105,0,0,0,1201,306,104,0,0,0,416,44,12,0,0,0,52,67,0,0,0,0,67,83,27,0,0,0,104,46,9,0,0,0,52,5,0,0,0,0,5,544,146,4,0,0,689,10,0
801041036,24,5,0,0,0,29,285,82,0,0,0,367,48,32,0,0,0,80,0,0,0,0,0,0,0,0,0,0,0,0,22,13,0,0,0,39,6,0,0,0,0,8,0,0,0,0,0,0,81,49,0,0,0,132,4,0,0,0,0,5,13,4,0,0,0,19,412,145,0,0,0,559,132,38,0,0,0,164,849,409,10,0,3,1269,138,166,17,0,0,324,7,15,0,0,0,28,0,5,0,0,0,4,50,50,4,0,0,101,41,6,0,0,0,53,0,0,0,0,0,3,236,246,24,0,3,514,3,0,0,0,0,4,58,51,9,0,0,112,1271,740,48,0,3,2071,218,33,3,0,0,255,980,277,8,0,0,1267,277,132,17,0,0,428,30,3,0,0,0,36,3,0,0,0,0,9,71,38,3,0,0,110,60,4,0,0,0,65,3,0,0,0,0,3,439,183,24,0,0,647,10,0
801041037,7,0,0,0,0,7,70,73,0,0,0,139,5,23,0,0,0,27,3,0,0,0,0,3,0,11,0,0,0,11,5,13,0,0,0,13,22,0,0,0,0,28,0,0,0,0,0,0,31,46,0,0,0,80,0,0,0,0,0,0,0,4,0,0,0,4,107,126,0,0,0,231,114,10,28,0,0,148,640,155,57,0,0,855,84,115,45,0,4,243,0,9,0,0,0,10,0,18,0,0,0,21,35,27,9,0,0,70,100,18,3,0,0,123,0,0,0,0,0,0,214,191,59,0,4,467,4,3,19,0,0,26,37,34,21,0,0,87,1008,397,185,0,4,1587,162,13,51,0,0,226,640,107,58,0,0,809,152,80,67,0,0,297,17,5,0,0,0,21,21,24,0,0,0,48,53,26,13,0,0,86,105,5,0,0,0,117,0,0,0,0,0,5,354,135,84,0,0,572,7,0
801041038,55,10,0,0,0,62,488,49,0,0,0,537,51,33,8,0,0,83,8,0,3,0,0,13,0,0,4,0,0,4,20,8,0,0,0,31,0,0,0,0,0,3,0,0,0,0,0,0,84,36,18,0,0,136,0,0,0,0,0,0,9,0,4,0,0,14,633,102,18,0,0,752,141,26,0,0,0,166,720,104,0,0,3,828,114,72,4,0,0,198,7,3,3,0,0,11,0,3,3,0,0,8,45,21,0,0,0,63,17,0,0,0,0,18,0,0,0,0,0,0,188,100,10,0,0,300,4,0,0,0,0,4,34,22,3,0,0,58,1084,250,16,0,5,1360,201,30,0,0,0,230,727,89,4,0,0,818,164,42,5,0,0,208,7,0,5,0,0,12,0,0,16,0,0,16,38,19,0,0,0,58,21,0,0,0,0,25,0,0,0,0,0,0,230,71,23,0,0,319,3,0
801041039,76,0,0,0,0,77,693,69,35,0,0,795,78,25,40,0,0,145,30,3,0,0,0,31,3,0,0,0,0,3,64,34,13,0,0,114,70,0,0,0,0,70,0,0,0,0,0,0,237,61,57,0,0,358,3,0,0,0,0,3,41,8,4,0,0,55,1057,141,96,0,0,1296,151,17,24,0,0,197,621,212,203,0,0,1038,132,88,311,0,0,532,23,12,0,0,0,33,0,0,0,0,0,0,68,51,102,0,0,214,80,9,18,0,0,101,3,0,0,0,0,10,299,163,438,0,0,898,11,6,9,0,0,26,45,27,63,0,0,133,1129,433,729,0,0,2288,200,14,53,0,0,269,659,145,283,0,0,1082,198,112,435,0,0,742,19,16,9,0,0,39,3,0,4,0,0,10,91,45,135,0,0,270,102,7,32,0,0,138,5,0,0,0,0,3,414,183,606,0,0,1206,12,8
801041040,125,55,19,0,0,193,396,232,114,0,0,736,95,241,197,11,0,540,8,12,12,0,0,25,0,0,19,0,0,19,62,77,79,0,0,217,99,18,8,0,0,129,0,0,0,0,0,0,266,346,310,10,0,935,6,0,5,0,0,15,25,54,53,0,0,129,819,688,496,15,0,2008,163,76,17,0,0,259,374,224,52,0,0,648,97,330,229,0,3,660,14,12,24,0,0,51,0,0,25,0,0,25,58,114,63,0,0,239,97,18,8,0,0,123,0,5,6,0,0,5,268,487,353,0,3,1113,0,9,0,0,0,10,41,62,63,0,3,171,850,854,491,0,9,2202,247,50,131,0,0,431,449,147,453,0,0,1046,230,240,617,0,11,1097,11,8,86,0,0,102,0,0,23,0,0,29,93,71,126,0,3,296,107,28,36,0,0,171,0,0,6,0,0,6,435,352,896,0,14,1702,9,12
801041043,52,0,0,0,0,52,27,0,0,0,0,27,4,0,0,0,0,7,0,6,0,0,0,6,0,0,0,0,0,0,5,0,0,0,0,8,5,0,0,0,0,3,0,0,0,0,0,0,15,9,0,0,0,22,0,0,0,0,0,0,5,0,0,0,0,4,93,15,0,0,0,110,49,0,0,0,0,49,29,0,0,0,0,29,5,4,0,0,0,11,0,8,0,0,0,8,0,0,0,0,0,0,4,0,0,0,0,4,0,0,0,0,0,0,0,0,0,0,0,0,12,7,0,0,0,13,0,0,0,0,0,0,3,0,0,0,0,3,90,11,0,0,0,101,52,4,0,0,0,53,28,0,0,0,0,27,10,6,0,0,0,13,0,6,0,0,0,6,0,0,0,0,0,0,0,0,0,0,0,0,0,0,0,0,0,0,0,0,0,0,0,0,13,9,0,0,0,19,3,0
801041044,92,30,0,0,0,119,481,246,4,0,0,729,74,115,0,0,0,185,13,5,0,0,0,19,0,16,0,0,0,20,27,49,0,0,0,73,179,9,0,0,0,185,0,0,0,0,0,0,288,196,0,0,0,482,4,3,0,0,0,6,22,32,0,0,0,54,877,514,3,0,0,1393,187,25,21,0,0,230,697,231,246,0,0,1173,142,210,300,0,0,654,24,11,0,0,0,30,0,10,0,0,0,10,57,56,79,0,0,195,174,5,9,0,0,196,0,0,0,0,0,0,395,290,391,0,0,1077,9,0,0,0,0,13,44,27,41,0,0,118,1330,577,700,0,0,2609,255,10,28,0,0,294,743,150,276,0,0,1168,212,167,380,0,0,762,24,3,0,0,0,25,3,25,8,0,0,36,66,44,98,0,0,212,202,13,15,0,0,227,4,0,0,0,0,3,513,248,505,0,0,1264,14,0
801041045,0,0,0,0,0,0,0,0,0,0,0,0,0,0,0,0,0,0,0,0,0,0,0,0,0,0,0,0,0,0,0,0,0,0,0,3,0,0,0,0,0,0,0,0,0,0,0,0,5,0,0,0,0,4,0,0,0,0,0,0,0,0,0,0,0,0,5,0,0,0,0,6,0,0,0,0,0,0,0,0,0,0,0,0,0,0,0,0,0,0,0,0,0,0,0,0,0,0,0,0,0,0,0,0,0,0,0,0,0,0,0,0,0,0,0,0,0,0,0,0,0,0,0,0,0,0,0,0,0,0,0,0,0,0,0,0,0,0,0,0,0,0,0,0,0,0,0,0,0,0,0,0,0,0,0,0,0,0,0,0,0,0,0,0,0,0,0,0,0,0,0,0,0,0,0,0,0,0,0,0,0,0,0,0,0,0,0,0,0,0,0,0,0,0,0,0,0,0,0,0
801041046,508,98,5,0,0,613,1256,392,6,0,0,1646,274,235,12,0,0,514,89,64,4,0,0,158,5,0,0,0,0,9,185,73,6,0,0,257,48,7,0,0,0,61,0,0,0,0,0,0,595,386,19,0,0,1003,22,5,0,0,0,27,90,21,0,0,0,112,2478,895,24,0,0,3403,518,183,0,0,0,704,1377,532,0,0,5,1910,276,297,0,0,0,576,77,74,0,0,0,147,0,0,0,0,0,4,163,105,0,0,0,271,33,5,0,0,0,39,3,0,0,0,0,3,545,489,0,0,0,1040,17,23,0,0,0,45,135,62,0,0,0,204,2598,1292,0,0,4,3898,601,247,0,0,0,851,1492,511,0,0,0,2001,348,262,0,0,0,607,86,72,0,0,0,159,4,10,0,0,0,12,128,99,0,0,0,226,43,14,0,0,0,57,0,0,0,0,0,0,609,457,0,0,0,1067,17,101
801041047,667,73,4,0,0,743,946,93,0,0,0,1041,100,65,0,0,0,171,30,17,0,0,0,43,0,0,0,0,0,3,38,30,0,0,0,69,88,16,0,0,0,98,4,0,0,0,0,4,255,126,0,0,0,386,13,4,0,0,0,16,39,10,0,0,0,50,1927,297,5,0,0,2227,783,72,0,0,0,854,836,99,0,0,0,938,110,62,4,0,0,178,23,18,0,0,0,43,0,0,0,0,0,0,39,22,0,0,0,64,52,10,0,0,0,60,0,0,0,0,0,0,219,116,3,0,0,342,11,0,0,0,0,13,73,16,0,0,0,90,1936,307,7,0,4,2246,880,55,0,0,0,939,894,89,0,0,0,985,123,56,0,0,0,176,42,12,0,0,0,52,0,0,0,0,0,3,40,14,0,0,0,59,42,3,0,0,0,41,0,0,0,0,0,0,247,91,0,0,4,338,11,0
801041048,419,91,0,0,0,505,623,211,0,0,0,835,106,217,0,0,0,326,43,48,0,0,0,89,0,0,0,0,0,0,68,107,0,0,0,180,17,9,0,0,0,22,0,0,0,0,0,0,231,382,0,0,0,614,9,3,0,0,0,10,31,30,0,0,0,65,1310,717,6,0,0,2036,413,130,0,0,0,548,492,283,0,0,0,779,86,234,3,0,4,323,21,72,0,0,0,96,0,0,0,0,0,0,51,71,4,0,0,127,20,8,0,0,0,27,0,0,0,0,0,3,181,385,3,0,4,577,13,6,0,0,0,16,49,60,0,0,0,115,1153,868,9,0,4,2022,430,147,0,0,0,583,561,298,0,0,0,858,120,191,0,0,0,313,27,89,0,0,0,113,0,0,0,0,0,6,61,60,0,0,0,121,20,6,0,0,0,22,0,0,0,0,0,0,231,353,0,0,0,580,6,3
801041116,0,0,0,0,0,0,0,0,0,0,0,0,0,0,0,0,0,0,0,0,0,0,0,0,0,0,0,0,0,0,3,0,0,0,0,3,0,0,0,0,0,0,0,0,0,0,0,0,5,0,0,0,0,5,0,0,0,0,0,0,0,0,0,0,0,0,6,0,0,0,0,6,0,0,0,0,0,0,0,0,0,0,0,0,0,0,0,0,0,0,0,0,0,0,0,0,0,0,0,0,0,0,0,0,0,0,0,0,0,0,0,0,0,0,0,0,0,0,0,0,0,0,0,0,0,0,0,0,0,0,0,0,0,0,0,0,0,0,0,0,0,0,0,0,0,0,0,0,0,0,0,0,0,0,0,0,0,0,0,0,0,0,0,0,0,0,0,0,0,0,0,0,0,0,0,0,0,0,0,0,0,0,0,0,0,0,0,0,0,0,0,0,0,0,0,0,0,0,0,0
801041117,0,0,0,0,0,0,0,0,0,0,0,0,0,0,0,0,0,0,0,0,0,0,0,0,0,0,0,0,0,0,0,0,0,0,0,0,0,0,0,0,0,0,0,0,0,0,0,0,0,0,0,0,0,0,0,0,0,0,0,0,0,0,0,0,0,0,0,0,0,0,0,0,0,0,0,0,0,0,0,0,0,0,0,0,0,0,0,0,0,0,0,0,0,0,0,0,0,0,0,0,0,0,0,0,0,0,0,0,0,0,0,0,0,0,0,0,0,0,0,0,0,0,0,0,0,0,0,0,0,0,0,0,0,0,0,0,0,0,0,0,0,0,0,0,0,0,0,0,0,0,0,0,0,0,0,0,0,0,0,0,0,0,0,0,0,0,0,0,0,0,0,0,0,0,0,0,0,0,0,0,0,0,0,0,0,0,0,0,0,0,0,0,0,0,0,0,0,0,0,0
801041118,0,0,0,0,0,0,0,0,0,0,0,0,0,0,0,0,0,0,0,0,0,0,0,0,0,0,0,0,0,0,0,0,0,0,0,0,0,0,0,0,0,0,0,0,0,0,0,0,0,0,0,0,0,0,0,0,0,0,0,0,0,0,0,0,0,0,0,0,0,0,0,0,3,4,0,0,0,4,61,108,0,0,0,172,20,10,0,0,0,28,6,6,0,0,0,12,3,0,0,0,0,3,0,0,0,0,0,3,0,0,0,0,0,0,0,0,0,0,0,0,29,16,0,0,0,44,5,0,0,0,0,5,0,3,0,0,0,5,99,134,0,0,0,227,4,9,0,0,0,11,63,83,0,0,0,144,17,27,0,0,0,44,5,4,3,0,0,13,11,0,0,0,0,11,5,9,0,0,0,14,0,3,0,0,0,3,0,0,0,0,0,0,39,40,3,0,0,82,5,0
801041119,0,0,0,9,0,9,0,0,0,0,0,0,0,0,0,0,0,0,0,0,0,0,0,0,0,0,0,0,0,0,0,0,0,0,0,0,0,0,0,3,0,3,0,0,0,0,0,0,0,0,0,3,0,3,0,0,0,0,0,0,0,0,0,8,0,8,0,0,0,21,0,21,0,0,0,0,0,0,0,0,0,0,0,0,0,0,0,0,0,0,0,0,0,0,0,0,0,0,0,0,0,0,3,0,0,0,0,3,0,0,0,0,0,0,0,0,0,0,0,0,3,0,0,0,0,3,0,0,0,0,0,0,0,0,0,0,0,0,3,0,0,0,0,5,0,0,0,8,4,10,0,0,0,0,0,0,0,0,0,0,0,0,0,0,0,0,0,0,0,0,0,0,0,0,0,0,0,0,0,3,0,0,0,3,0,3,0,0,0,0,0,0,0,0,0,7,0,4,0,0
801041120,0,0,0,0,0,0,0,0,0,0,0,0,0,0,0,0,0,0,0,0,0,0,0,0,0,0,0,0,0,0,0,0,0,0,0,0,0,0,0,0,0,0,0,0,0,0,0,0,0,0,0,0,0,0,0,0,0,0,0,0,0,0,0,0,0,0,0,0,0,0,0,0,4,0,0,0,0,4,16,0,0,0,0,17,0,0,0,0,0,0,0,0,0,0,0,0,0,0,0,0,0,0,0,0,0,0,0,0,0,0,0,0,0,0,0,0,0,0,0,0,0,0,0,0,0,0,0,0,0,0,0,0,5,0,0,0,0,5,27,0,0,0,0,30,68,22,3,0,0,91,653,412,37,0,0,1108,72,82,20,0,4,173,13,52,39,0,0,106,3,8,0,0,0,10,19,21,0,0,0,39,36,18,0,0,0,60,0,3,0,0,0,3,139,175,64,0,3,385,3,4
801041121,0,0,0,0,0,0,0,0,0,0,0,0,0,0,0,0,0,0,0,0,0,0,0,0,0,0,0,0,0,0,0,0,0,0,0,0,0,0,0,0,0,0,0,0,0,0,0,0,0,0,0,0,0,0,0,0,0,0,0,0,0,0,0,0,0,0,0,0,0,0,0,0,0,0,0,0,0,0,0,0,0,0,0,0,0,0,0,0,0,0,0,0,0,0,0,0,0,0,0,0,0,0,0,0,0,0,0,0,0,0,0,0,0,0,0,0,0,0,0,0,0,0,0,0,0,0,0,0,0,0,0,0,0,0,0,0,0,0,0,0,0,0,0,0,23,0,0,0,4,23,390,37,0,0,4,439,35,9,0,0,0,46,33,22,5,0,0,60,3,4,0,0,0,6,14,0,0,0,0,17,7,17,0,0,0,25,0,0,0,0,0,0,97,55,5,0,0,156,6,3
801041122,0,0,0,0,0,0,0,0,0,0,0,0,0,0,0,0,0,0,0,0,0,0,0,0,0,0,0,0,0,0,0,0,0,0,0,0,0,0,0,0,0,0,0,0,0,0,0,0,0,0,0,0,0,0,0,0,0,0,0,0,0,0,0,0,0,0,0,0,0,0,0,0,0,0,0,0,0,0,0,0,0,0,0,0,0,0,0,0,0,0,0,0,0,0,0,0,0,0,0,0,0,0,0,0,0,0,0,0,0,0,0,0,0,0,0,0,0,0,0,0,0,0,0,0,0,0,0,0,0,0,0,0,0,0,0,0,0,0,0,0,0,0,0,0,51,0,0,0,0,51,457,36,0,0,0,493,43,9,0,0,0,50,19,20,0,0,0,36,0,0,0,0,0,5,24,0,0,0,0,27,41,0,0,0,0,44,0,0,0,0,0,0,127,29,0,0,4,165,3,4
801051049,0,0,0,0,0,0,0,0,0,0,0,0,0,0,0,0,0,0,0,0,0,0,0,0,0,0,0,0,0,0,0,0,0,0,0,0,0,0,10,0,0,15,0,0,0,0,0,0,0,0,14,0,0,17,0,0,4,0,0,0,0,0,0,0,0,0,3,0,18,0,0,26,0,0,0,0,0,0,0,0,0,0,0,0,0,0,0,0,0,0,0,0,0,0,0,0,0,0,0,0,0,0,0,0,0,0,0,0,0,0,0,0,0,0,0,0,0,0,0,0,0,0,0,0,0,0,0,0,0,0,0,0,0,0,0,0,0,0,0,0,0,0,0,0,0,0,0,0,0,0,0,0,0,0,0,0,0,0,0,0,0,0,0,0,0,0,0,0,0,0,0,0,0,0,0,0,0,0,0,0,0,0,0,0,0,0,0,0,0,0,0,0,0,0,0,0,0,0,0,0
801051050,535,33,9,0,0,576,498,44,14,0,0,552,161,18,14,0,0,194,165,88,58,0,0,315,21,7,0,0,0,27,135,24,3,0,0,163,7,0,0,0,0,5,0,0,0,0,0,3,486,149,81,0,0,706,64,3,0,0,0,67,83,32,10,0,0,122,1666,247,110,3,0,2018,472,57,44,0,0,580,478,82,6,0,0,563,142,35,8,0,4,187,134,111,52,0,7,308,8,11,3,0,18,42,102,19,8,0,5,136,5,0,0,0,0,9,0,0,0,0,0,4,402,178,72,0,23,678,22,4,55,0,0,86,79,24,32,0,0,133,1452,347,215,3,27,2043,529,69,33,0,0,634,520,80,8,0,0,603,161,38,6,0,3,200,125,116,64,0,0,306,13,10,3,0,0,33,95,19,3,0,0,115,4,3,0,0,0,10,7,0,0,0,0,9,401,191,75,0,0,668,25,10
801051051,68,65,68,0,0,200,48,53,277,0,0,382,36,87,543,0,0,657,4,19,344,0,0,367,4,20,14,0,0,38,29,33,189,0,0,255,0,4,9,0,0,22,0,0,6,0,0,6,77,161,1108,0,0,1343,7,6,16,0,0,26,19,15,247,0,0,284,224,294,1718,0,0,2234,61,64,121,0,0,239,45,64,368,0,0,478,30,114,894,0,3,1039,6,12,199,0,5,215,0,9,21,0,0,26,26,49,260,0,4,337,6,0,28,0,0,31,0,0,3,0,0,8,65,185,1404,0,12,1661,9,10,21,0,0,31,8,27,274,4,0,311,187,338,2188,3,13,2729,61,77,246,0,0,393,38,128,749,0,0,919,34,177,1238,0,0,1452,4,27,107,0,0,137,0,4,40,0,0,44,24,62,342,0,0,428,0,5,43,0,5,56,0,0,9,0,0,9,67,273,1773,0,11,2120,0,13
801051053,0,0,92,0,0,92,0,0,157,0,0,154,0,3,445,0,0,449,0,0,3,0,0,3,0,0,11,0,0,11,0,0,143,0,0,147,0,0,16,0,0,16,0,0,0,0,0,0,0,3,627,0,3,630,0,0,19,0,0,19,0,0,105,14,0,122,0,5,995,14,3,1017,0,0,132,0,0,133,0,0,210,0,0,210,0,0,610,0,0,608,0,0,4,0,0,4,0,0,0,0,0,0,0,0,164,0,0,164,0,0,12,0,0,12,0,0,6,0,0,6,0,0,784,0,0,784,0,0,9,0,0,9,0,0,187,35,5,222,0,0,1326,35,5,1365,0,0,286,0,0,286,0,0,382,0,0,382,0,0,920,0,3,920,0,0,4,0,0,4,0,0,5,0,0,7,0,0,242,0,0,243,0,0,26,0,0,25,0,0,7,0,0,4,0,0,1193,0,6,1199,0,0
801051054,187,40,3,0,0,231,125,42,42,0,0,211,65,22,77,0,0,171,29,53,16,0,0,94,3,3,0,0,0,10,65,25,30,0,0,120,5,0,0,0,0,9,0,0,0,0,0,0,167,99,130,0,0,396,12,3,0,0,0,12,7,14,19,0,0,42,497,198,198,0,0,896,161,37,13,0,0,210,125,46,31,0,0,207,49,39,150,0,0,238,16,42,4,0,0,59,0,5,0,0,0,5,55,23,43,0,3,119,0,0,3,0,0,9,0,0,0,0,0,0,122,116,197,0,3,437,9,3,0,0,0,15,29,15,18,0,0,63,445,212,265,0,3,925,153,48,80,0,0,280,120,107,245,0,0,478,76,72,280,0,0,428,15,44,11,0,0,68,0,0,5,0,0,8,40,31,79,0,4,153,3,0,10,0,0,14,0,0,0,0,0,3,147,151,379,0,4,673,0,7
801051055,374,36,4,0,0,419,351,35,19,0,0,408,128,32,40,0,0,197,89,23,17,0,0,129,4,0,0,0,0,6,105,29,23,0,0,160,11,0,0,0,0,14,0,0,0,0,0,0,331,81,88,0,0,502,13,9,0,0,0,25,45,12,15,0,0,60,1115,176,122,0,0,1409,338,35,5,0,0,373,344,51,12,0,0,403,139,27,53,0,0,222,80,31,21,0,0,131,0,0,0,0,0,0,77,30,27,0,0,142,8,3,0,0,0,13,0,0,0,0,0,0,306,94,100,0,5,509,12,0,0,0,0,18,60,19,31,0,0,109,1059,201,150,0,4,1413,355,43,43,0,0,440,394,71,102,0,0,565,139,46,54,0,0,239,68,40,38,0,0,143,9,4,9,0,0,17,103,28,40,0,0,164,17,10,4,0,0,27,5,0,0,0,0,5,339,133,131,0,0,600,6,15
801051056,394,37,21,0,0,446,339,39,13,0,0,393,73,15,38,0,0,126,30,14,35,0,0,72,4,0,0,0,0,7,42,11,26,0,0,81,0,0,5,0,0,5,0,0,0,0,0,0,142,39,99,0,0,286,13,0,0,0,0,15,12,4,14,0,0,32,903,121,152,5,0,1180,399,43,8,0,0,449,316,43,12,0,0,370,63,24,56,0,0,148,20,35,11,0,0,68,0,0,0,0,0,0,28,19,17,0,0,69,0,0,0,0,0,5,0,0,0,0,0,0,123,74,81,0,0,279,8,0,0,0,0,12,33,11,11,0,0,64,880,168,120,0,0,1172,395,40,10,0,0,449,380,44,23,0,0,448,66,28,56,0,0,150,17,28,9,0,0,56,0,10,0,0,0,9,32,14,12,0,0,56,0,0,3,0,0,6,0,6,0,0,0,6,117,84,73,0,0,278,14,6
801051057,284,149,30,0,0,464,187,154,96,0,0,431,66,128,161,0,0,350,52,121,67,0,0,245,0,15,0,0,0,20,53,90,86,6,0,229,3,21,4,0,0,33,3,3,0,0,0,10,178,380,317,6,0,880,8,17,3,0,0,26,49,75,31,0,0,160,708,775,474,8,0,1967,261,167,27,0,0,461,183,182,88,0,0,450,56,212,390,0,0,662,53,78,61,0,0,194,3,8,4,0,0,13,46,77,101,0,4,226,4,15,29,0,0,42,0,0,0,0,0,3,162,386,592,0,4,1136,5,9,6,0,0,21,41,116,79,20,0,256,653,866,791,20,3,2329,280,233,66,0,6,592,206,232,217,0,0,650,73,219,385,0,0,677,62,82,66,0,0,203,3,9,0,0,0,19,43,90,139,0,0,274,3,13,39,0,4,59,0,0,3,0,0,6,185,411,627,0,5,1236,3,21
801051058,554,22,23,10,0,607,493,36,31,7,0,567,166,37,81,0,0,282,130,43,43,0,0,217,3,3,3,0,0,17,178,20,57,0,0,257,11,0,5,24,0,45,0,0,6,0,0,6,488,99,195,26,0,816,20,0,3,10,0,33,78,4,26,31,0,134,1638,163,273,78,3,2153,494,58,16,0,0,575,459,53,73,0,0,589,152,58,160,0,0,371,85,62,64,0,0,216,5,6,0,0,0,15,110,36,57,0,3,200,4,9,4,0,0,18,3,0,0,0,0,6,361,170,288,0,7,824,25,7,10,0,0,38,86,30,47,0,0,158,1418,313,436,0,15,2183,584,85,40,0,0,709,485,84,85,0,0,654,171,56,143,0,0,364,84,68,58,0,0,211,12,5,13,0,0,30,126,37,58,0,0,228,12,8,7,0,0,21,5,0,0,0,0,5,415,175,280,0,0,866,24,3
801051060,135,42,81,0,0,254,87,37,226,0,0,343,47,24,460,0,0,532,11,3,190,0,0,202,3,0,4,0,0,9,47,20,211,0,0,275,5,3,11,0,0,16,0,0,3,0,0,0,109,50,882,0,0,1039,8,6,21,0,0,30,21,12,126,0,0,164,358,142,1334,0,0,1831,107,47,131,0,3,288,59,37,242,0,0,342,31,56,561,0,8,655,10,12,206,0,0,228,0,0,5,0,0,5,26,26,182,0,0,237,4,9,16,0,0,22,0,0,0,0,0,0,69,96,966,0,11,1144,13,0,9,0,0,23,13,7,204,0,0,224,256,192,1553,0,18,2023,114,72,192,0,0,378,81,89,391,0,5,565,25,77,664,0,0,759,4,9,105,0,0,120,0,3,3,0,0,3,30,43,185,0,0,256,0,4,31,0,0,35,0,0,0,0,0,0,60,134,982,0,3,1182,9,3
801051061,427,46,18,0,0,495,459,147,131,0,0,737,118,77,168,0,0,362,85,9,48,0,0,137,0,0,0,0,0,3,76,43,86,0,0,202,18,12,4,0,0,34,0,0,0,0,0,0,302,139,309,0,0,752,14,3,6,0,0,20,49,10,28,0,0,91,1256,347,487,0,0,2094,444,59,27,0,0,537,488,155,144,0,0,785,178,84,245,0,0,509,68,30,44,0,0,141,5,0,0,0,0,10,83,26,79,0,0,199,26,11,6,0,0,47,4,0,0,0,0,0,364,153,384,0,0,898,12,5,9,0,0,26,69,31,49,0,0,149,1379,402,608,0,0,2401,474,104,24,0,0,601,680,359,99,0,0,1136,172,196,113,0,0,481,61,33,45,0,0,134,7,0,6,0,0,10,95,74,34,0,0,210,34,22,9,0,3,61,3,0,0,0,0,5,368,321,205,0,7,901,16,0
801051123,0,0,0,0,0,0,0,0,0,0,0,0,0,0,0,0,0,0,0,0,0,0,0,0,0,0,0,0,0,0,0,0,0,0,0,0,0,0,0,0,0,0,0,0,0,0,0,0,0,0,0,0,0,0,0,0,0,0,0,0,0,0,0,0,0,0,0,0,0,0,0,0,0,0,0,0,0,0,0,0,0,0,0,0,0,0,0,0,0,0,0,0,0,0,0,0,0,0,0,0,0,0,0,0,0,0,0,0,0,0,0,0,0,0,0,0,0,0,0,0,0,0,0,0,0,0,0,0,0,0,0,0,0,0,0,0,0,0,0,0,0,0,0,0,0,0,0,0,0,0,0,0,0,0,0,0,0,0,0,0,0,0,0,0,0,0,0,0,0,0,0,0,0,0,0,0,0,0,0,0,0,0,0,0,0,0,0,0,0,0,0,0,0,0,0,0,0,0,0,0
801051124,408,39,16,0,0,471,280,24,36,0,0,338,99,14,121,0,0,234,11,5,0,0,0,18,0,7,0,0,0,11,40,10,34,0,0,84,13,0,0,0,0,19,0,0,0,0,0,0,162,41,156,0,0,357,8,10,4,0,0,18,34,3,6,0,0,50,890,120,221,0,0,1235,402,57,18,0,0,476,278,33,17,0,0,336,75,43,132,0,0,249,10,5,0,0,0,17,0,3,0,0,0,3,32,13,26,0,0,66,9,7,4,0,0,19,0,0,0,0,0,0,126,66,164,0,0,354,5,10,0,0,0,17,26,25,16,0,0,73,839,193,217,0,0,1252,416,56,128,0,0,601,300,61,233,0,0,590,100,44,329,0,0,474,14,3,4,0,0,22,0,11,0,0,0,17,35,13,54,0,0,98,5,10,26,0,0,35,0,0,0,0,0,0,153,81,406,0,3,643,10,20
801051125,0,0,0,0,0,0,0,0,0,0,0,0,0,0,0,0,0,0,5,0,0,0,0,7,0,0,0,0,0,0,0,0,0,0,0,0,83,23,0,0,6,109,0,0,0,0,0,0,87,29,0,0,6,119,0,0,0,0,0,0,8,3,0,0,0,7,95,31,0,0,6,130,0,0,0,0,0,0,0,0,0,0,0,0,0,0,0,0,0,0,12,0,0,0,0,7,0,0,0,0,0,0,0,0,0,0,0,0,116,0,0,0,0,120,0,0,0,0,0,0,131,3,0,0,0,131,0,0,0,0,0,0,10,0,0,0,0,10,137,3,0,0,0,144,0,0,0,0,0,0,0,0,0,0,0,0,0,0,0,0,0,0,15,0,0,0,0,16,0,0,0,0,0,0,0,0,0,0,0,0,123,0,0,0,0,124,0,0,0,0,0,0,134,7,0,0,0,146,3,0
801051126,0,0,0,0,0,0,0,0,0,0,0,0,0,0,0,0,0,0,0,0,0,0,0,0,0,0,0,0,0,0,0,0,0,0,0,0,0,0,0,0,0,0,0,0,0,0,0,0,0,0,0,0,0,0,0,0,0,0,0,0,0,0,0,0,0,0,0,0,0,0,0,0,0,0,0,0,0,0,0,0,0,0,0,0,0,0,0,0,0,0,0,0,0,0,0,0,0,0,0,0,0,0,0,0,0,0,0,0,0,0,0,0,0,0,0,0,0,0,0,0,0,0,0,0,0,0,0,0,0,0,0,0,0,0,0,0,0,0,0,0,0,0,0,0,0,0,0,0,0,0,0,0,0,0,0,0,0,0,0,0,0,0,0,0,0,0,0,0,0,0,0,0,0,0,0,0,0,0,0,0,0,0,0,0,0,0,0,0,0,0,0,0,0,0,0,0,0,0,0,0
801051127,120,30,28,0,0,182,66,11,28,0,0,111,17,9,88,0,0,112,0,4,204,0,0,208,0,0,7,0,0,7,23,14,23,0,0,63,3,0,0,0,0,3,0,0,0,0,0,0,46,27,321,0,0,397,10,0,3,0,0,15,12,6,88,0,0,107,258,72,474,0,0,805,123,52,3,0,0,178,54,23,32,0,0,114,19,35,95,0,0,143,4,16,163,0,0,172,0,0,18,0,0,13,17,18,41,0,0,73,0,0,8,0,0,6,0,0,0,0,0,0,39,61,315,0,0,418,8,7,0,0,0,20,16,31,75,4,3,122,236,171,429,4,7,849,134,52,24,0,0,210,73,36,40,0,0,152,18,44,78,0,0,140,0,5,90,0,0,96,3,0,9,0,0,8,17,12,43,0,0,72,0,5,3,0,0,11,0,0,0,0,0,0,39,62,221,0,0,325,4,0
801051128,0,0,0,0,0,0,0,0,0,0,0,0,0,0,0,0,0,0,0,0,0,0,0,0,0,0,0,0,0,0,0,0,0,0,0,0,0,0,0,0,0,0,0,0,0,0,0,0,0,0,0,0,0,0,0,0,0,0,0,0,0,0,0,0,0,0,0,0,0,0,0,0,0,0,0,0,0,0,0,0,0,0,0,0,0,0,0,0,0,0,0,0,0,0,0,0,0,0,0,0,0,0,0,0,0,0,0,0,0,0,0,0,0,0,0,0,0,0,0,0,0,0,0,0,0,0,0,0,0,0,0,0,0,0,0,0,0,0,0,0,0,0,0,0,0,0,0,0,0,0,0,0,0,0,0,0,0,0,0,0,0,0,0,0,0,0,0,0,0,0,0,0,0,0,0,0,0,0,0,0,0,0,0,0,0,0,0,0,0,0,0,0,0,0,0,0,0,0,0,0
801061062,388,7,85,0,0,479,266,7,25,0,0,301,77,3,37,0,0,114,21,24,0,0,0,51,0,0,0,0,0,0,38,4,15,0,0,58,7,0,0,0,0,7,0,0,0,0,0,0,147,33,50,0,0,236,10,0,21,0,0,34,25,6,21,0,0,54,841,61,196,0,0,1096,346,77,51,0,0,480,234,36,26,0,0,302,69,11,55,0,0,132,24,16,5,0,0,42,0,0,0,0,0,0,31,10,22,0,0,60,6,0,0,0,0,3,0,0,0,0,0,0,126,39,81,0,0,245,14,11,16,0,0,46,21,23,13,0,0,64,749,194,188,0,0,1139,387,95,63,0,0,541,296,34,24,0,0,353,78,15,51,0,0,149,15,23,3,0,0,41,4,4,0,0,0,9,29,8,18,0,0,56,0,0,0,0,0,8,0,0,0,0,0,0,127,55,81,0,0,257,17,37
801061063,147,28,26,0,0,198,114,14,51,0,0,181,7,14,81,0,0,102,0,6,0,0,0,9,0,0,0,0,0,5,11,5,17,0,0,30,0,0,0,0,0,0,0,0,0,0,0,0,19,27,98,0,0,148,3,0,3,0,0,13,11,4,29,0,0,43,304,71,211,0,0,589,142,42,45,0,0,222,95,29,55,0,0,176,13,29,124,0,0,166,0,7,0,0,0,7,0,0,0,0,0,0,8,5,16,0,0,27,0,0,0,0,0,0,0,0,0,0,0,0,28,41,135,0,6,210,4,4,0,0,0,11,12,12,46,0,0,70,283,121,285,0,3,690,162,49,93,0,0,298,102,37,97,0,0,235,17,29,146,0,0,193,0,6,0,0,0,13,0,0,0,0,0,0,4,8,25,0,0,42,3,3,0,0,0,10,0,0,0,0,0,0,21,51,168,0,0,244,8,0
801061064,366,19,70,0,0,457,291,16,135,0,0,442,63,16,321,3,0,404,34,27,121,0,0,185,0,0,3,0,0,6,48,3,104,0,0,156,6,0,13,0,0,15,0,0,5,0,0,5,141,52,569,3,0,764,11,0,14,0,0,28,21,7,92,0,0,119,831,93,878,4,0,1811,363,31,96,0,0,491,257,45,214,0,0,524,55,88,387,0,0,531,23,30,110,0,0,163,0,4,0,0,0,0,36,18,77,0,0,124,0,5,15,0,0,20,0,0,0,0,0,9,112,145,589,0,0,848,13,3,7,0,0,23,29,20,81,0,0,133,782,241,993,0,5,2019,394,37,163,0,0,586,323,82,357,0,0,757,58,88,526,0,4,675,26,26,50,0,0,104,0,0,3,0,0,0,26,15,120,0,3,159,0,4,45,0,3,48,0,0,4,0,0,4,103,133,752,0,6,995,14,6
801061066,0,0,0,0,0,0,0,0,0,0,0,0,0,0,0,0,0,0,0,0,0,0,0,0,0,0,0,0,0,0,0,0,0,0,0,0,0,0,0,0,0,0,0,0,0,0,0,0,0,0,0,0,0,0,0,0,0,0,0,0,0,0,0,0,0,0,0,0,0,0,0,0,0,0,0,0,0,0,0,0,0,0,0,0,0,0,0,0,0,0,0,0,0,0,0,0,0,0,0,0,0,0,0,0,0,0,0,0,0,0,0,0,0,0,0,0,0,0,0,0,0,0,0,0,0,0,0,0,0,0,0,0,0,0,0,0,0,0,0,0,0,0,0,0,0,0,0,0,0,0,0,0,0,0,0,0,0,0,0,0,0,0,0,0,0,0,0,0,0,0,0,0,0,0,0,0,0,0,0,0,0,0,0,0,0,0,0,0,0,0,0,0,0,0,0,0,0,0,0,0
801061067,477,43,45,0,0,566,515,49,111,0,0,676,176,29,145,0,0,355,188,65,62,0,0,315,13,6,11,0,0,29,133,15,54,0,0,200,4,0,10,0,0,15,0,0,0,0,0,0,522,117,284,0,0,918,26,10,7,0,0,39,66,7,20,0,0,89,1605,227,457,0,0,2290,449,41,41,0,0,533,539,48,99,0,0,692,171,39,159,0,6,372,184,27,40,0,0,250,15,0,34,0,0,49,104,18,58,0,0,180,6,4,6,0,0,16,0,0,0,0,0,7,485,90,298,0,0,873,26,9,6,0,0,36,125,24,61,0,0,210,1625,206,509,0,4,2341,503,91,65,0,0,652,613,63,128,0,0,809,203,37,164,0,0,400,193,35,16,0,0,244,21,7,37,0,0,65,93,20,50,0,0,158,8,3,5,0,0,16,9,5,5,0,0,12,524,96,277,0,0,892,33,58
801061068,0,0,0,0,0,0,0,0,0,0,0,0,0,0,0,0,0,0,0,0,0,0,0,0,0,0,0,0,0,0,0,0,0,0,0,0,0,0,0,0,0,0,0,0,0,0,0,0,0,0,0,0,0,0,0,0,0,0,0,0,0,0,0,0,0,0,0,0,0,0,0,0,0,0,0,0,0,0,0,0,0,0,0,0,0,0,0,0,0,0,0,0,0,0,0,0,0,0,0,0,0,0,0,0,0,0,0,0,0,0,0,0,0,0,0,0,0,0,0,0,0,0,0,0,0,0,0,0,0,0,0,0,0,0,0,4,0,4,0,0,0,4,0,4,0,0,0,0,0,0,0,0,0,0,0,0,0,0,0,0,0,0,0,0,0,0,0,0,0,0,0,0,0,0,0,0,0,0,0,0,0,0,0,0,0,0,0,0,0,0,0,0,0,0,0,0,0,0,0,0
801061069,383,15,14,0,0,407,262,22,15,0,0,294,81,4,63,0,0,144,15,66,37,0,0,118,0,0,4,0,0,12,30,9,26,0,0,64,0,0,0,0,0,4,0,0,0,0,0,0,129,80,136,0,0,341,18,8,13,0,0,34,26,8,15,0,0,48,813,129,192,0,0,1129,353,23,8,0,0,386,271,16,15,0,0,305,66,12,64,0,0,140,9,30,40,0,0,78,0,0,0,0,0,4,27,15,23,0,5,63,0,4,0,0,0,13,0,0,0,0,0,0,103,60,131,0,5,297,12,14,0,0,4,29,33,28,35,0,0,95,778,143,187,0,7,1113,367,16,16,0,0,397,320,25,21,0,0,362,70,17,60,0,0,142,3,0,11,0,0,23,0,0,0,0,0,0,20,10,25,0,0,56,0,0,0,0,0,6,0,0,0,0,0,0,102,30,99,0,0,221,4,5
801061070,402,122,4,0,0,532,234,53,0,0,0,286,68,33,11,0,0,116,60,24,0,0,0,84,0,4,0,0,0,4,45,17,13,0,0,77,5,0,0,0,0,6,0,0,0,0,0,3,189,79,25,0,0,288,15,5,0,0,0,20,18,5,3,0,0,27,864,271,34,0,0,1165,397,145,7,0,0,541,189,68,16,0,0,278,56,40,32,0,0,134,39,27,0,0,0,60,0,9,0,0,0,9,27,20,11,0,0,56,6,0,0,0,0,3,0,0,0,0,0,0,127,96,46,0,0,269,14,13,0,0,0,22,39,33,0,0,0,73,762,346,70,0,5,1186,419,163,10,0,0,597,246,69,18,0,0,330,55,48,52,0,0,155,27,34,0,0,0,60,0,0,0,0,0,9,34,17,10,0,0,56,10,0,0,0,0,7,0,0,0,0,0,0,124,102,57,0,0,289,16,4
801061129,37,3,79,0,0,117,21,7,109,0,0,139,7,10,185,0,0,203,0,0,0,0,0,0,0,0,0,0,0,0,0,0,51,0,0,53,0,0,7,0,0,8,0,0,0,0,0,0,4,11,240,0,0,263,0,0,10,0,0,11,5,0,93,0,0,96,64,24,532,0,0,622,29,4,106,0,0,140,20,5,161,0,0,188,7,8,286,0,0,297,0,0,0,0,0,0,0,0,0,0,0,0,0,0,65,0,0,61,0,0,11,0,0,11,0,0,0,0,0,0,7,8,361,0,0,375,0,0,4,0,0,4,0,0,47,0,0,44,53,22,686,0,0,757,32,10,180,0,0,220,16,11,244,0,0,269,6,12,365,0,0,381,0,0,4,0,0,4,0,0,0,0,0,0,0,0,83,0,0,84,0,0,15,0,0,15,0,0,0,0,0,0,4,11,460,0,0,479,0,0
801061130,0,0,0,0,0,0,0,0,0,0,0,0,0,0,0,0,0,0,0,0,0,0,0,0,0,0,0,0,0,0,0,0,0,0,0,3,0,0,0,0,0,0,0,0,0,0,0,0,6,0,0,0,0,3,0,0,0,0,0,4,0,0,0,0,0,0,3,0,0,0,0,9,0,0,0,0,0,0,0,0,0,0,0,0,0,0,0,0,0,0,0,0,0,0,0,0,0,0,0,0,0,0,0,0,0,0,0,0,0,0,0,0,0,0,0,0,0,0,0,0,4,0,0,0,0,5,0,0,0,0,0,0,0,0,0,0,0,0,3,0,0,0,0,5,3,0,0,0,0,4,0,0,0,0,0,0,0,0,0,0,0,0,0,0,0,0,0,0,0,0,0,0,0,0,8,0,0,0,0,8,0,0,0,0,0,0,0,0,0,0,0,0,10,0,0,0,0,11,0,0
801061131,15,40,164,0,0,219,18,34,247,0,0,297,17,33,593,0,0,644,44,5,14,0,0,59,0,0,0,0,0,0,3,12,179,0,0,193,0,0,11,0,0,11,0,0,3,0,0,3,58,57,793,0,0,912,0,4,13,0,0,18,9,10,112,0,0,129,103,135,1332,0,0,1570,8,66,265,0,0,333,12,49,483,0,0,541,6,44,915,0,0,954,36,9,11,0,0,57,0,0,7,0,0,3,4,13,222,0,0,244,0,0,18,0,0,20,0,0,0,0,0,0,47,62,1169,0,0,1283,0,3,21,0,0,26,6,9,178,0,0,193,75,192,2113,0,4,2383,14,64,512,0,0,593,24,73,936,0,0,1041,19,47,1286,0,0,1352,35,8,13,0,0,56,0,0,0,0,0,3,5,20,270,0,0,291,0,0,47,0,0,45,0,0,0,0,0,0,61,73,1615,0,0,1753,0,0
801071071,221,37,0,0,0,259,957,96,0,0,4,1059,85,40,0,0,0,128,61,12,0,0,0,77,0,5,0,0,0,0,70,17,0,0,6,85,8,5,0,0,0,16,0,0,0,0,0,0,230,75,0,0,6,308,9,0,0,0,0,9,76,15,0,0,0,97,1494,232,0,0,5,1728,246,56,18,0,0,321,834,148,14,0,0,1001,101,54,7,0,0,161,51,9,5,0,0,65,0,4,0,0,0,0,54,14,0,0,0,70,13,3,0,0,0,16,0,0,0,0,0,0,219,83,14,0,0,324,8,0,0,0,0,12,57,21,0,0,0,75,1368,308,49,0,0,1729,298,68,19,0,0,379,874,153,27,0,0,1059,88,38,12,0,0,138,56,14,6,0,0,77,3,6,0,0,0,6,51,20,6,0,0,75,12,9,0,0,0,21,0,0,0,0,0,3,212,84,24,0,0,316,7,0
801071072,233,91,0,0,0,323,394,150,22,0,0,564,61,133,19,0,0,211,32,47,30,0,0,106,0,0,0,0,0,0,44,60,25,0,0,122,16,4,3,0,0,26,0,0,0,0,0,5,149,244,75,0,0,468,11,0,0,0,0,6,20,8,3,0,0,36,805,493,100,0,0,1405,321,50,0,0,0,371,433,126,0,0,0,563,100,86,3,0,0,195,29,69,0,0,0,98,3,0,0,0,0,0,65,41,4,0,0,110,25,0,0,0,0,22,0,0,0,0,0,4,230,201,7,0,0,434,9,4,0,0,0,11,33,16,0,0,0,51,1026,398,9,0,0,1439,317,65,65,0,0,442,356,159,57,0,0,573,87,78,14,0,0,175,27,77,3,0,0,105,0,0,0,0,0,0,43,42,12,0,0,99,16,4,0,0,0,20,0,0,0,0,0,0,169,197,34,0,0,401,3,4
801071073,454,25,23,0,0,499,980,53,49,0,0,1083,118,32,20,0,0,170,27,24,3,0,0,51,0,0,0,0,0,0,117,15,19,0,0,153,11,5,0,0,0,10,4,0,0,0,0,4,275,75,42,0,0,385,13,0,6,0,0,25,37,3,4,0,0,48,1758,153,122,0,0,2035,485,40,0,0,0,527,925,71,0,0,0,994,132,54,0,0,0,189,27,26,0,0,0,53,0,3,0,0,0,3,85,26,0,0,0,110,8,0,0,0,0,8,0,0,0,0,0,0,259,106,0,0,0,363,13,3,0,0,0,15,90,15,0,0,0,104,1771,235,0,0,0,2004,543,42,18,0,0,601,986,74,25,0,0,1086,113,39,9,0,0,161,25,21,0,0,0,51,0,0,0,0,0,4,59,22,5,0,0,79,0,0,0,0,0,3,0,0,0,0,0,0,206,80,15,0,0,301,7,6
801071074,419,13,0,0,0,437,938,12,0,0,0,955,89,13,0,0,0,99,118,11,0,0,0,121,3,0,0,0,0,3,106,8,0,0,0,114,6,0,0,0,0,6,4,0,0,0,0,4,327,23,3,0,0,348,17,0,0,0,0,17,44,0,0,0,0,43,1745,48,3,0,0,1799,498,0,0,0,0,496,897,3,0,0,0,898,96,4,0,0,0,95,98,41,0,0,0,138,3,5,0,0,0,7,84,3,0,0,0,89,10,0,0,0,0,10,0,0,0,0,0,0,292,53,0,0,0,342,7,0,0,0,0,7,78,14,0,0,0,96,1770,73,3,0,3,1848,535,5,0,0,0,537,924,0,5,0,0,928,110,3,0,0,0,116,100,41,11,0,0,149,7,0,0,0,0,4,91,0,5,0,0,93,6,0,0,0,0,6,0,0,0,0,0,0,314,49,9,0,0,372,17,0
801071075,295,41,0,0,0,343,902,78,0,0,0,981,72,48,0,0,0,120,53,57,0,0,0,110,0,4,0,0,0,6,53,19,0,0,0,72,32,0,0,0,0,39,0,0,0,0,0,0,211,131,0,0,0,347,8,0,0,0,0,9,40,12,0,0,0,49,1466,260,4,0,3,1730,336,27,43,0,0,403,807,68,34,0,0,910,59,31,24,0,0,119,38,57,7,0,0,101,0,7,0,0,0,5,49,7,10,0,0,67,26,0,0,0,0,28,3,0,0,0,0,3,177,101,43,0,0,326,4,0,0,0,0,9,76,22,5,0,0,99,1393,216,128,0,4,1744,384,28,41,0,0,455,845,64,59,0,0,963,68,17,20,0,0,113,35,30,17,0,0,80,4,31,0,0,0,33,41,6,16,0,0,60,27,5,0,0,0,27,0,0,0,0,0,0,167,92,51,0,0,312,5,3
801071076,433,11,0,0,0,448,476,6,0,0,0,477,59,4,0,0,0,61,0,0,0,0,0,0,0,0,0,0,0,0,21,0,0,0,0,21,0,0,0,0,0,0,0,0,0,0,0,0,74,8,0,0,0,80,11,0,0,0,0,12,18,0,0,0,0,18,1009,26,0,0,0,1037,431,10,0,0,0,443,469,6,0,0,0,473,50,0,0,0,0,54,0,0,0,0,0,0,0,0,0,0,0,0,10,0,0,0,0,15,4,0,0,0,0,4,0,0,0,0,0,0,72,3,0,0,0,78,6,0,0,0,0,7,26,0,0,0,0,30,1008,23,0,0,0,1024,442,10,9,0,0,469,487,6,0,0,0,496,43,0,0,0,0,44,0,0,0,0,0,0,0,0,0,0,0,0,18,0,0,0,0,20,4,0,0,0,0,4,0,0,0,0,0,0,64,3,0,0,0,70,14,0
801071077,226,3,0,0,0,228,435,12,0,0,0,445,55,23,0,0,0,80,100,0,0,0,0,100,3,0,0,0,0,3,44,0,0,0,0,50,4,0,0,0,0,4,0,0,0,0,0,0,212,24,0,0,0,235,11,0,0,0,0,13,21,0,0,0,0,27,902,40,3,0,0,947,239,3,0,0,0,241,395,12,0,0,0,405,59,37,0,0,0,96,83,0,0,0,0,92,5,0,0,0,0,5,35,10,0,0,0,43,3,0,0,0,0,3,0,0,0,0,0,0,183,46,0,0,0,233,14,0,0,0,0,14,45,7,0,0,0,52,877,70,0,0,0,947,278,9,0,0,0,285,416,17,0,0,0,426,52,40,0,0,0,88,85,0,0,0,0,85,0,0,0,0,0,0,37,3,3,0,0,42,0,0,0,0,0,0,0,0,0,0,0,0,178,37,3,0,0,214,10,0
801071078,493,84,0,0,0,575,1293,155,0,0,0,1444,171,71,0,0,0,241,79,62,0,0,0,142,0,0,0,0,0,0,107,46,0,0,0,156,31,0,0,0,0,31,5,0,0,0,0,5,391,187,0,0,0,567,11,3,0,0,0,15,99,30,0,0,0,125,2279,451,0,0,0,2729,515,147,0,0,0,664,1070,276,0,0,0,1346,138,147,0,0,0,283,42,63,29,0,0,138,0,14,0,0,0,12,71,53,0,0,0,120,16,4,0,0,0,23,0,0,0,0,0,0,276,281,29,0,0,586,12,39,0,0,0,53,69,51,3,0,0,128,1939,792,39,0,0,2777,593,195,0,0,0,785,1109,355,3,0,0,1462,135,111,0,0,0,251,45,78,31,0,0,154,0,5,0,0,0,6,71,44,0,0,0,116,14,8,0,0,0,21,0,3,0,0,0,0,269,254,35,0,0,555,9,40
801071079,375,0,0,0,0,374,517,3,0,0,0,512,52,0,0,0,0,56,59,0,0,0,0,59,0,0,0,0,0,0,44,0,0,0,0,44,4,0,0,0,0,4,3,0,0,0,0,3,160,0,0,0,0,164,12,0,0,0,0,14,44,0,0,0,0,45,1108,6,5,0,0,1109,355,0,0,0,0,360,503,0,0,0,0,509,60,3,0,0,0,65,59,9,0,0,0,71,0,0,0,0,0,0,32,0,0,0,0,32,0,0,0,0,0,0,0,0,0,0,0,0,156,9,0,0,0,167,10,0,0,0,0,10,41,0,0,0,0,41,1066,14,0,0,0,1084,382,0,0,0,0,385,542,0,0,0,0,542,61,0,0,0,0,61,56,8,0,0,0,69,0,0,0,0,0,0,39,0,0,0,0,46,0,0,0,0,0,0,0,0,0,0,0,0,165,8,0,0,0,177,7,0
801071080,30,128,15,0,0,185,21,84,58,0,0,165,15,87,113,0,0,221,0,18,11,0,0,32,0,0,0,0,0,0,8,43,40,0,0,89,0,0,0,0,0,6,0,0,0,0,0,0,24,155,163,0,0,342,0,3,0,0,0,4,0,9,3,0,0,12,80,380,249,0,0,707,24,173,33,0,0,228,4,94,91,0,0,196,9,103,190,0,0,302,0,22,12,0,0,32,0,0,0,0,0,0,0,33,44,0,0,83,0,3,7,0,0,10,0,0,0,0,0,0,14,168,248,0,0,432,0,5,0,0,0,10,0,13,39,0,0,52,42,453,414,0,0,911,39,221,222,0,0,476,6,249,466,0,0,723,12,151,416,0,4,580,0,46,31,0,0,72,0,4,0,0,0,8,0,35,108,0,0,143,0,3,11,0,0,11,0,0,5,0,0,5,13,231,571,0,4,819,0,3
801071081,275,56,0,0,0,330,668,84,6,0,0,762,106,51,3,0,0,161,45,4,0,0,0,48,0,0,0,0,0,0,92,31,4,0,0,127,6,4,0,0,0,13,0,0,0,0,0,0,253,92,9,0,0,350,15,4,0,0,0,16,41,3,0,0,0,45,1238,244,18,0,0,1500,291,66,0,0,7,373,619,91,0,0,0,707,103,60,0,0,0,161,32,9,0,0,0,44,3,0,0,0,0,3,72,47,0,0,0,120,12,0,0,0,0,11,0,0,0,0,0,0,217,122,0,0,0,343,10,3,0,0,0,13,68,21,105,0,0,192,1203,307,105,0,15,1625,324,131,0,0,0,451,659,117,0,0,0,776,103,55,0,0,0,155,36,10,0,0,0,41,5,0,0,0,0,5,69,35,0,0,0,106,13,0,0,0,0,16,0,0,0,0,0,0,217,94,0,0,0,316,10,49
801071082,1822,109,0,0,0,1935,2182,157,18,0,0,2361,276,102,10,0,0,385,391,78,53,0,0,528,12,3,0,0,0,15,232,52,11,0,0,299,8,3,0,0,0,12,0,0,0,0,0,0,928,235,72,0,0,1235,41,8,0,0,0,53,118,28,6,0,0,154,5092,533,110,0,0,5737,1765,156,6,0,5,1928,1973,188,8,0,0,2173,259,117,8,0,0,384,320,81,57,0,0,469,10,0,0,0,0,13,183,66,9,0,0,256,10,0,0,0,0,14,0,0,0,0,0,0,788,271,75,3,0,1137,48,6,0,0,0,50,247,50,10,0,0,308,4825,669,100,3,4,5597,1890,208,7,0,0,2100,2135,249,13,0,0,2392,330,101,11,0,0,439,324,106,70,0,4,503,20,7,0,0,0,31,167,60,7,0,0,237,26,5,0,0,0,33,4,0,0,0,0,9,872,285,86,0,4,1246,38,40
801071083,181,0,0,0,0,181,250,0,0,0,0,250,18,0,0,0,0,18,4,0,0,0,0,4,0,0,0,0,0,0,14,0,0,0,0,14,6,0,0,0,0,6,0,0,0,0,0,0,35,0,0,0,0,35,0,0,0,0,0,0,11,0,0,0,0,11,474,0,0,0,0,474,178,7,0,0,0,186,221,3,0,0,0,225,24,0,0,0,0,21,4,0,0,0,0,4,0,0,0,0,0,0,19,0,0,0,0,14,0,0,0,0,0,0,0,0,0,0,0,0,41,4,0,0,0,42,0,0,0,0,0,0,23,0,0,0,0,23,471,14,0,0,0,486,195,12,0,0,0,209,228,0,0,0,0,226,21,0,0,0,0,22,4,0,0,0,0,4,0,0,0,0,0,0,16,0,0,0,0,15,0,0,0,0,0,0,0,0,0,0,0,0,44,5,0,0,0,48,6,0
801071084,558,111,7,0,0,681,714,78,13,0,0,807,107,70,4,0,0,188,34,13,0,0,0,41,3,15,0,0,0,14,82,26,3,0,0,112,16,0,0,0,0,16,3,0,0,0,0,3,240,124,12,0,0,377,12,79,0,0,0,88,36,27,0,0,0,57,1560,424,31,0,0,2010,603,125,0,0,0,738,677,65,0,0,0,744,129,56,0,0,0,190,38,4,0,0,0,35,0,0,0,0,0,9,76,25,0,0,0,100,16,3,0,0,0,19,0,0,0,0,0,0,256,94,0,0,0,351,20,90,0,0,0,113,58,56,0,0,0,121,1618,441,3,0,0,2063,703,65,0,0,0,771,716,84,0,0,0,807,134,44,0,0,0,185,57,25,26,0,0,103,5,0,0,0,0,6,77,32,0,0,0,108,3,0,0,0,0,3,0,0,0,0,0,0,284,99,29,0,0,410,112,11
801071085,0,0,0,0,0,0,0,0,0,0,0,0,0,0,0,0,0,0,0,0,0,0,0,0,0,0,0,0,0,0,0,0,0,0,0,0,0,0,0,0,0,0,0,0,0,0,0,0,0,0,0,0,0,0,0,0,0,0,0,0,0,0,0,0,0,0,0,0,0,0,0,0,0,0,0,0,0,0,0,0,0,0,0,0,0,0,0,0,0,0,0,0,0,0,0,0,0,0,0,0,0,0,0,0,0,0,0,0,0,0,0,0,0,0,0,0,0,0,0,0,0,0,0,0,0,0,0,0,0,0,0,0,0,0,0,0,0,0,0,0,0,0,0,0,0,0,0,0,0,0,0,0,0,0,0,0,0,0,0,0,0,0,0,0,0,0,0,0,0,0,0,0,0,0,0,0,0,0,0,0,0,0,0,0,0,0,0,0,0,0,0,0,0,0,0,0,0,0,0,0
801071086,158,19,0,0,0,175,230,15,0,0,0,245,43,16,0,0,0,62,70,0,0,0,0,76,0,0,0,0,0,0,16,3,0,0,0,23,3,4,0,0,0,3,0,0,0,0,0,0,137,30,0,0,0,165,7,0,0,0,0,12,12,3,0,0,0,12,545,63,0,0,0,607,181,9,0,0,0,196,221,14,0,0,0,241,44,12,0,0,0,51,69,3,0,0,0,71,0,0,0,0,0,0,15,7,0,0,0,21,0,0,0,0,0,0,0,0,0,0,0,0,133,21,0,0,0,148,3,0,0,0,0,7,19,3,0,0,0,19,561,48,0,0,0,609,197,11,0,0,0,202,242,19,0,0,0,258,36,13,0,0,0,48,56,4,0,0,0,56,6,0,0,0,0,6,26,9,0,0,0,29,0,0,0,0,0,0,0,0,0,0,0,0,123,20,0,0,0,142,3,0
801071087,232,5,0,0,0,241,535,13,5,0,0,548,45,6,5,0,0,57,146,0,0,0,0,146,9,0,0,0,0,9,54,0,0,0,0,60,3,0,0,0,0,3,0,0,0,0,0,0,259,8,3,0,0,273,8,0,0,0,0,8,46,0,0,0,0,50,1074,24,9,0,0,1111,247,7,0,0,0,253,498,18,0,0,0,515,60,9,0,0,0,75,132,5,0,0,0,137,0,0,0,0,0,0,47,7,0,0,0,56,5,0,0,0,0,5,0,0,0,0,0,0,254,18,0,0,0,269,6,0,0,0,0,6,44,6,0,0,0,50,1045,50,0,0,0,1092,277,11,0,0,0,289,506,17,0,0,0,520,75,6,0,0,0,77,128,3,0,0,0,134,3,0,0,0,0,3,60,6,0,0,0,61,3,3,0,0,0,5,0,0,0,0,0,0,275,17,0,0,0,289,6,0
801071088,275,17,0,0,0,286,735,15,5,0,0,763,88,10,0,0,0,98,66,10,9,0,0,83,0,0,0,0,0,0,60,5,0,0,0,66,8,0,0,0,0,8,0,0,0,0,0,0,222,20,13,0,0,254,8,0,0,0,0,7,51,0,0,0,0,56,1287,57,20,0,0,1361,301,6,0,0,0,311,693,27,0,0,0,724,79,11,0,0,0,94,62,11,0,0,0,79,0,0,0,0,0,0,58,3,0,0,0,59,5,0,0,0,0,5,0,0,0,0,0,0,208,32,0,0,0,238,4,0,0,0,0,4,48,0,0,0,0,47,1260,68,0,0,0,1329,332,9,0,0,0,342,706,23,0,0,0,734,71,13,0,0,0,86,64,17,0,0,0,81,0,0,0,0,0,0,57,3,0,0,0,62,5,0,0,0,0,5,0,0,0,0,0,0,203,37,0,0,0,238,4,0
801071089,0,0,0,0,0,0,8,0,0,0,0,8,0,0,0,0,0,0,0,0,0,0,0,0,0,0,0,0,0,0,9,0,0,0,0,9,0,0,0,0,0,0,0,0,0,0,0,0,9,0,0,0,0,9,0,0,0,0,0,0,0,0,0,0,0,0,14,0,0,0,0,14,0,0,0,0,0,0,4,0,0,0,0,4,0,0,0,0,0,0,0,0,0,0,0,0,0,0,0,0,0,0,5,0,0,0,0,5,0,0,0,0,0,0,0,0,0,0,0,0,3,0,0,0,0,3,0,0,0,0,0,0,0,0,0,0,0,0,10,0,0,0,0,12,0,0,0,0,0,0,7,0,0,0,0,7,0,0,0,0,0,0,0,0,0,0,0,0,0,0,0,0,0,0,0,0,0,0,4,0,0,0,0,0,0,0,0,0,0,0,0,0,3,0,0,0,4,3,0,0
801071090,900,23,11,0,0,937,1145,29,7,0,0,1181,155,9,33,0,0,199,143,58,61,0,0,264,7,0,0,0,0,7,129,7,5,0,0,145,7,0,0,0,0,7,0,0,0,0,0,0,442,85,98,0,0,628,16,0,3,0,0,19,82,3,16,0,0,98,2583,142,132,0,0,2861,951,34,0,0,0,990,1070,42,0,0,0,1113,159,36,0,0,0,194,121,89,12,0,0,221,3,5,0,0,0,10,100,15,0,0,0,107,12,3,0,0,0,14,0,0,0,0,0,0,392,145,9,0,0,551,20,3,0,0,0,23,108,27,15,0,0,144,2541,256,23,0,6,2820,994,48,4,0,0,1047,1151,48,3,0,0,1204,177,39,6,0,0,229,117,107,3,0,0,230,8,0,0,0,0,12,118,15,0,0,0,130,8,0,0,0,0,9,0,0,0,0,0,0,430,169,15,0,0,616,24,4
801071132,0,0,0,0,0,0,0,0,0,0,0,0,0,0,0,0,0,0,0,0,0,0,0,0,0,0,0,0,0,0,0,0,0,0,0,0,0,0,0,0,0,0,0,0,0,0,0,0,0,0,0,0,0,0,0,0,0,0,0,0,0,0,0,0,0,0,0,0,0,0,0,0,0,0,0,0,0,0,0,0,0,0,0,0,0,0,0,0,0,0,0,0,0,0,0,0,0,0,0,0,0,0,0,0,0,0,0,0,0,0,0,0,0,0,0,0,0,0,0,0,0,0,0,0,0,0,0,0,0,0,0,0,0,0,0,0,0,0,0,0,0,0,0,0,0,0,0,0,0,0,0,0,0,0,0,0,0,0,0,0,0,0,0,0,0,0,0,0,0,0,0,0,0,0,0,0,0,0,0,0,0,0,0,0,0,0,0,0,0,0,0,0,0,0,0,0,0,0,0,0
801081091,442,16,0,0,0,459,369,3,0,0,0,377,41,3,0,0,0,46,0,15,0,0,0,15,0,0,0,0,0,0,22,7,0,0,0,26,4,0,0,0,0,4,0,0,0,0,0,0,70,22,5,0,0,97,8,0,0,0,0,10,11,8,0,0,0,14,894,48,6,0,0,954,422,14,11,0,0,446,353,8,0,0,0,355,44,8,0,0,0,51,0,25,0,0,0,26,0,0,0,0,0,0,18,4,3,0,0,21,0,0,0,0,0,0,0,0,0,0,0,0,61,36,3,0,0,103,8,0,0,0,0,7,17,5,0,0,0,27,852,65,16,0,6,936,460,21,9,0,0,498,384,14,0,0,0,405,37,9,3,0,0,49,6,25,15,0,0,43,0,0,0,0,0,3,10,5,0,0,0,14,0,0,0,0,0,0,0,0,0,0,0,0,61,39,17,0,0,112,6,0
801081092,409,21,4,0,0,443,447,29,8,0,0,485,60,17,15,0,0,88,58,12,9,0,0,80,0,0,0,0,0,0,35,9,3,0,0,51,10,0,0,0,0,10,0,0,0,0,0,0,166,32,30,0,0,224,7,0,0,0,0,8,29,0,0,0,0,28,1060,87,43,0,0,1195,394,23,0,0,0,418,416,19,15,0,0,452,64,16,14,0,0,91,62,19,4,0,0,82,0,0,0,0,0,0,35,3,5,0,0,40,13,0,3,0,0,12,0,0,0,0,0,0,166,41,24,0,0,229,11,0,0,0,0,11,43,11,9,0,0,60,1029,92,51,0,0,1176,420,21,7,0,0,449,465,37,16,0,0,522,70,7,22,0,0,98,52,25,0,0,0,82,0,0,0,0,0,3,27,8,0,0,0,38,9,0,4,0,0,18,0,0,0,0,0,0,168,36,22,0,0,233,9,3
801081093,400,90,4,0,0,489,401,15,9,0,0,425,70,41,13,0,0,122,26,13,5,0,0,47,5,4,0,0,0,7,43,26,3,0,0,71,0,0,0,0,0,0,0,0,0,0,0,0,140,82,21,0,0,247,10,5,0,0,0,16,21,18,3,0,0,40,975,204,34,0,0,1214,364,86,0,0,0,450,392,15,4,0,0,416,64,17,22,0,0,101,25,22,0,0,0,40,0,0,0,0,0,4,44,10,10,0,0,65,4,0,0,0,0,8,0,0,0,0,0,0,143,42,30,0,0,213,12,3,0,0,0,12,41,16,5,0,0,65,949,164,49,0,0,1163,372,14,87,0,0,476,454,20,3,0,0,478,83,12,22,0,0,118,32,17,0,0,0,49,4,0,0,0,0,9,40,9,11,0,0,54,8,6,4,0,0,11,0,0,0,0,0,0,160,41,40,0,0,234,13,0
801081094,351,48,12,0,0,410,369,48,9,0,0,425,50,38,24,0,0,111,26,12,0,0,0,36,0,0,0,0,0,0,33,8,8,0,0,48,0,0,0,0,0,0,0,0,0,0,0,0,111,57,29,0,0,199,6,4,7,0,0,15,11,8,4,0,0,15,845,159,64,0,0,1069,317,71,8,4,0,403,313,51,16,8,0,384,52,35,29,0,0,125,22,9,3,0,0,32,0,0,0,0,0,5,23,9,7,0,0,44,4,0,0,0,0,6,0,0,0,0,0,0,103,54,44,0,0,202,3,6,0,0,0,11,23,13,4,0,0,42,766,190,71,16,0,1045,335,77,10,0,0,420,369,77,13,0,0,458,56,28,27,0,0,113,21,24,0,0,0,46,0,0,0,0,0,0,32,8,9,0,0,41,0,0,0,0,0,0,0,0,0,0,0,0,107,56,39,0,0,205,5,5
801081095,386,17,0,0,0,412,447,36,0,0,0,480,73,13,0,0,0,88,85,51,0,0,0,139,0,0,0,0,0,0,49,9,0,0,0,57,0,0,0,0,0,0,0,0,0,0,0,0,206,70,6,0,0,281,14,5,0,0,0,22,41,5,0,0,0,45,1094,128,15,0,0,1238,365,19,0,0,0,389,438,35,0,0,0,474,79,6,0,0,0,90,85,69,0,0,0,155,0,0,0,0,0,0,50,10,3,0,0,62,3,0,0,0,0,4,0,0,0,0,0,0,223,92,3,0,0,311,8,0,0,0,0,7,53,19,0,0,0,75,1091,160,9,0,0,1261,389,20,0,0,0,414,486,40,0,0,0,526,87,13,0,0,0,95,78,76,0,0,0,152,3,5,0,0,0,13,39,5,0,0,0,50,0,0,0,0,0,7,3,0,0,0,0,3,213,99,5,0,0,317,14,3
801081096,269,35,0,0,0,305,211,20,0,0,0,232,36,6,0,0,0,42,51,15,0,0,0,67,0,0,0,0,0,0,26,11,0,0,0,36,0,34,0,0,0,35,0,0,0,0,0,0,117,64,0,0,0,180,9,23,0,0,0,25,4,3,0,0,0,11,605,142,8,0,0,757,275,32,3,0,0,307,203,14,0,0,0,221,36,14,0,0,0,48,44,7,0,0,0,48,0,4,0,0,0,3,18,11,0,0,0,25,4,26,0,0,0,27,0,0,0,0,0,0,104,58,4,0,0,163,5,21,0,0,0,26,39,7,0,0,0,52,627,132,3,0,0,764,293,47,0,0,0,336,213,23,0,0,0,232,53,11,0,0,0,61,43,7,0,0,0,50,3,0,0,0,0,0,33,14,3,0,0,39,7,15,0,0,0,24,0,4,0,0,0,4,126,46,3,0,0,177,4,15
801081097,281,17,7,0,0,305,340,32,0,0,0,375,75,25,0,0,0,100,39,80,8,0,0,132,0,0,7,0,0,3,51,16,3,0,5,68,6,0,0,0,0,4,0,0,0,0,0,0,170,128,15,0,6,313,7,0,0,0,0,8,31,25,0,0,0,55,827,201,29,0,7,1061,284,29,0,0,0,309,338,42,3,0,0,384,67,31,14,0,0,112,37,84,0,0,0,117,0,0,0,0,0,6,32,13,5,0,0,44,6,0,0,0,0,0,0,0,0,0,0,4,141,125,22,0,0,291,5,3,0,0,0,10,34,21,0,0,0,65,805,213,25,0,0,1055,306,34,3,0,0,347,357,50,3,0,0,407,83,26,12,0,0,123,35,79,0,0,0,115,3,6,0,0,0,9,34,8,5,4,0,50,4,0,0,0,0,7,0,0,0,0,0,6,160,125,21,5,0,306,7,0
801081098,404,61,18,0,0,483,379,42,0,0,0,424,75,36,13,0,0,129,25,11,28,0,0,64,3,0,8,0,0,14,46,21,10,4,0,80,0,0,0,0,0,3,0,0,0,0,0,4,156,69,71,4,0,292,11,0,21,0,0,30,18,12,5,0,0,33,958,184,115,4,0,1263,391,70,0,0,6,460,418,47,0,0,0,477,81,50,7,0,0,140,32,37,0,0,0,77,0,0,0,0,0,0,32,21,3,0,0,57,34,6,0,0,0,34,0,0,0,0,0,0,178,113,7,0,0,303,16,7,0,0,0,22,48,19,0,0,0,68,1054,256,14,0,3,1328,433,88,12,0,0,534,472,83,3,0,0,557,83,68,12,0,0,163,40,31,0,0,0,69,0,4,13,0,0,17,22,31,4,0,0,58,36,6,3,0,0,45,3,0,0,0,0,3,183,137,35,0,0,349,13,3
801081133,0,0,0,0,0,0,0,0,0,0,0,0,0,0,0,0,0,0,0,0,0,0,0,0,0,0,0,0,0,0,0,0,0,0,0,0,0,0,0,0,0,0,0,0,0,0,0,0,3,0,0,0,0,3,0,0,0,0,0,0,0,0,0,0,0,0,4,0,0,0,0,7,0,0,0,0,0,0,0,0,0,0,0,0,0,0,0,0,0,0,0,0,0,0,0,0,0,0,0,0,0,0,0,0,0,0,0,0,0,0,0,0,0,0,0,0,0,0,0,0,0,0,0,0,0,0,0,0,0,0,0,0,0,0,0,0,0,0,0,0,0,0,0,0,0,0,0,0,0,0,0,0,0,0,0,0,0,0,0,0,0,0,0,0,0,0,0,0,0,0,0,0,0,0,0,0,0,0,0,0,0,0,0,0,0,0,0,0,0,0,0,0,0,0,0,0,0,0,0,0
801091099,269,12,34,0,0,318,241,16,43,0,0,299,84,14,89,0,0,192,47,5,8,0,0,60,5,0,0,0,0,5,65,5,33,0,0,98,0,5,0,0,0,9,0,0,0,0,0,0,204,28,123,0,0,363,10,0,0,0,0,4,21,0,11,0,0,35,748,58,216,0,0,1018,236,60,11,0,0,303,231,59,13,0,0,296,94,65,28,0,0,188,35,11,5,0,0,46,0,0,0,0,0,0,52,21,8,0,0,86,8,5,0,0,0,14,0,0,0,0,0,0,187,106,39,0,0,333,5,0,0,0,0,8,26,21,18,0,0,70,689,244,80,0,0,1010,265,66,10,0,0,344,254,91,20,0,0,373,100,82,19,0,0,202,37,6,4,0,0,48,0,0,0,0,0,5,46,20,8,0,0,76,8,5,0,0,0,11,3,0,0,0,0,3,189,120,32,0,0,342,10,3
801091100,758,19,33,0,0,814,570,24,33,0,0,627,153,7,95,0,0,255,61,9,20,0,0,92,3,0,0,0,0,6,92,9,36,0,0,135,9,0,3,0,0,6,0,0,0,0,0,0,313,24,156,0,0,492,20,0,4,0,0,30,36,4,13,0,0,54,1697,75,245,0,0,2013,732,30,25,0,0,782,540,25,15,0,0,578,154,15,121,0,0,296,46,17,13,0,0,75,0,0,0,0,0,0,57,7,25,0,0,91,0,0,3,0,0,6,4,0,0,0,0,4,263,43,158,0,0,467,18,0,4,0,0,24,81,4,9,0,0,104,1642,98,214,0,0,1957,771,30,25,0,0,822,614,22,35,0,0,674,161,16,131,0,0,310,54,16,16,0,0,81,3,0,0,0,0,8,66,11,23,0,0,96,7,0,0,0,0,10,0,0,0,0,0,3,289,47,167,0,4,503,19,0
801091101,457,14,37,0,0,515,377,22,23,0,0,421,64,22,29,0,0,118,19,19,3,0,0,39,0,0,0,0,0,0,31,22,8,0,0,61,4,0,0,0,0,7,0,0,0,0,0,0,116,60,46,0,0,220,7,0,15,0,0,28,23,8,8,0,0,39,992,105,139,0,0,1228,415,34,12,0,0,465,374,33,0,0,0,409,59,54,5,0,0,114,15,16,0,0,0,32,0,0,0,0,0,0,31,21,4,0,0,60,0,5,0,0,0,4,0,0,0,0,0,0,105,95,3,0,0,210,4,7,25,0,0,37,25,9,3,0,0,36,933,174,52,0,0,1157,424,40,39,0,0,504,455,41,3,0,0,507,68,48,0,0,0,113,15,25,0,0,0,33,0,0,0,0,0,0,27,21,0,0,0,53,4,7,0,0,0,12,0,0,0,0,0,0,108,104,5,0,0,222,8,11
801091102,373,25,42,0,0,447,253,20,44,0,0,321,73,23,119,0,0,212,20,12,4,0,0,40,0,4,0,0,0,8,41,10,40,0,0,93,6,5,13,0,0,20,0,0,0,0,0,0,133,59,182,0,0,377,11,5,7,0,0,25,13,9,4,0,0,24,788,120,290,0,3,1192,314,53,47,0,0,413,257,44,39,0,0,342,74,83,66,0,0,224,18,24,6,0,0,49,0,0,3,0,0,5,13,21,24,0,0,60,0,13,4,0,0,18,0,0,0,0,0,0,110,138,113,0,0,358,9,9,11,0,0,26,35,12,20,0,0,67,729,256,226,0,4,1213,330,61,58,0,0,455,290,70,43,0,0,401,70,94,67,0,0,234,21,23,11,0,0,53,0,0,0,0,0,5,31,26,13,0,0,66,5,13,3,0,0,19,6,0,0,0,0,6,133,148,95,0,5,382,9,5
801091103,373,33,19,0,0,422,296,42,17,0,0,351,67,18,44,0,0,128,46,0,28,0,0,73,0,5,0,0,0,5,21,17,21,0,0,63,3,0,0,0,0,6,0,0,0,0,0,0,138,38,97,0,0,272,10,13,0,0,0,22,42,7,5,0,0,53,859,132,139,0,0,1133,351,30,18,0,0,399,291,35,16,0,0,341,50,27,46,0,0,125,29,0,33,0,0,61,0,3,0,0,0,6,28,13,19,0,0,53,0,0,0,0,0,4,0,0,0,0,0,0,105,47,98,0,0,249,10,10,0,0,0,25,55,20,24,0,0,93,809,139,157,0,4,1104,365,32,16,0,0,414,339,55,15,0,0,407,64,29,59,0,0,151,31,0,29,0,0,61,0,0,0,0,0,7,26,13,23,0,0,55,3,0,0,0,0,5,0,0,0,0,0,0,122,42,105,0,0,275,9,23
801091104,410,36,10,0,0,450,210,11,11,0,0,235,59,11,10,0,0,85,28,0,0,0,0,28,0,0,0,0,0,0,43,5,7,0,0,50,7,0,4,0,0,5,0,0,0,0,0,0,136,19,19,0,0,177,6,0,3,0,0,8,26,5,4,0,0,30,790,70,38,0,0,898,378,65,0,0,0,440,211,33,0,0,0,242,58,35,0,0,0,99,24,0,0,0,0,24,0,3,0,0,0,3,20,13,0,0,0,29,4,0,0,0,0,4,0,0,0,0,0,0,110,50,0,0,0,159,9,0,0,0,0,9,24,4,0,0,0,30,733,150,0,0,0,885,410,62,0,0,0,468,233,42,0,0,0,274,59,23,0,0,0,84,24,0,0,0,0,24,0,6,0,0,0,6,22,11,0,0,0,31,5,0,0,0,0,5,0,0,0,0,0,0,115,43,0,0,0,158,5,3
801091105,281,26,30,0,0,336,206,14,43,0,0,265,77,20,148,0,0,248,52,8,77,0,0,133,0,0,0,0,0,4,44,10,52,0,0,110,0,0,6,0,0,3,3,0,0,0,0,5,175,42,285,0,0,509,9,6,6,0,0,21,18,5,34,0,0,65,690,96,409,0,0,1189,262,42,64,0,0,371,192,31,39,0,0,264,77,71,162,0,0,319,46,15,60,0,0,124,0,0,3,0,0,9,28,18,44,0,0,88,7,4,18,0,0,33,0,0,0,0,0,0,167,109,286,0,0,565,6,9,31,0,0,38,46,25,76,0,0,143,675,212,497,0,3,1385,246,49,51,0,0,348,244,51,47,0,0,338,92,89,134,0,0,316,36,17,26,0,0,73,3,0,5,0,0,7,52,40,49,0,0,140,10,8,17,0,0,35,0,0,0,0,0,3,189,154,229,0,0,576,10,14
801091106,321,61,29,0,0,407,220,82,53,0,0,350,55,64,111,0,0,231,41,0,46,0,0,87,3,0,0,0,0,5,42,25,63,0,0,131,7,8,5,0,0,16,0,0,0,0,0,0,146,94,228,0,0,469,9,0,3,0,0,17,20,12,28,0,0,62,716,265,337,0,0,1312,335,45,34,0,0,405,225,101,31,0,0,359,60,79,149,0,3,290,44,39,0,0,0,84,0,0,0,0,0,0,36,28,38,0,0,100,0,0,6,0,0,7,0,0,0,0,0,0,150,147,191,0,3,495,11,10,4,0,0,15,27,10,27,0,0,64,751,305,283,3,4,1345,344,67,43,0,0,451,237,131,49,0,0,417,67,68,137,0,0,271,39,50,3,0,0,94,0,0,0,0,0,3,44,35,30,0,0,105,3,3,13,0,0,16,3,0,0,0,0,3,157,158,184,0,0,500,7,0
801091107,151,0,0,0,0,150,101,0,0,0,0,101,10,0,0,0,0,9,0,0,0,0,0,0,0,3,0,0,0,3,3,0,0,0,0,7,0,0,0,0,0,0,0,0,0,0,0,0,13,0,0,0,0,15,5,0,0,0,0,5,7,0,0,0,0,7,271,4,0,0,0,276,167,4,0,0,0,167,98,0,0,0,0,103,15,0,0,0,0,15,0,0,0,0,0,0,0,0,0,0,0,0,8,3,0,0,0,6,0,0,0,0,0,0,0,0,0,0,0,0,24,3,0,0,0,26,0,0,0,0,0,0,14,4,0,0,0,23,307,19,0,0,0,323,182,0,0,0,0,182,94,0,0,0,0,96,19,0,0,0,0,19,0,0,0,0,0,0,0,0,0,0,0,0,9,0,0,0,0,7,0,0,0,0,0,6,0,0,0,0,0,0,26,0,0,0,4,36,4,0
801091108,311,89,15,0,0,412,235,64,14,0,0,307,50,52,14,0,0,117,21,16,10,0,0,50,0,25,0,0,0,27,35,29,4,0,0,71,3,0,0,0,0,7,0,3,0,0,0,6,110,132,35,0,0,274,5,3,0,0,0,9,29,13,8,0,0,41,684,298,70,0,0,1050,271,99,5,0,0,375,256,68,3,0,0,327,44,64,16,0,0,126,23,27,7,0,0,48,0,29,0,0,0,27,11,29,7,0,0,54,5,3,0,0,0,9,0,0,0,0,0,0,85,149,26,0,0,262,9,7,0,0,0,13,25,29,3,0,0,61,639,344,41,0,3,1037,276,109,6,0,0,394,279,87,7,0,0,380,53,68,21,0,0,137,18,23,3,0,0,47,0,25,0,0,0,26,29,25,0,0,0,56,0,3,0,0,0,3,0,0,0,0,0,0,99,139,29,0,0,267,4,6
801091109,14,106,71,0,0,192,0,151,101,0,0,252,3,146,237,0,0,391,0,10,65,0,0,78,0,0,0,0,0,3,4,67,93,0,0,159,0,3,12,0,0,16,0,0,0,0,0,6,4,229,412,0,0,650,0,4,7,0,0,15,0,14,39,0,0,50,21,502,630,3,0,1159,0,142,71,0,0,210,0,174,147,0,0,325,5,253,309,0,0,561,0,45,18,0,0,64,0,0,0,0,0,4,0,80,101,0,0,183,0,8,11,0,0,15,0,0,0,0,0,0,4,385,436,0,0,827,0,9,3,0,0,11,0,88,69,3,0,165,9,803,731,3,0,1542,0,176,194,0,3,375,0,255,658,0,3,919,0,263,684,0,0,944,4,57,25,0,0,78,0,0,4,0,0,5,0,90,164,0,0,262,0,12,26,0,0,35,0,4,0,0,0,4,4,425,897,0,0,1329,0,4
801091110,296,9,6,0,0,315,266,12,3,0,0,284,59,12,21,0,0,92,42,22,0,0,0,60,0,0,0,0,0,0,41,7,8,0,0,53,0,0,0,0,0,4,0,0,0,0,0,3,142,47,28,0,0,207,6,0,0,0,0,7,26,0,4,0,0,28,731,69,45,0,0,846,269,13,0,0,0,288,270,13,0,0,0,281,50,29,4,0,0,91,35,15,0,0,0,50,0,0,0,0,0,4,32,12,3,0,0,47,5,0,0,0,0,0,0,0,0,0,0,0,116,66,7,0,0,193,15,0,4,0,0,15,23,13,0,0,0,30,696,98,18,0,0,816,277,25,0,0,0,299,299,21,5,0,0,326,78,34,13,0,0,117,36,22,0,0,0,52,0,0,0,0,0,3,24,7,0,0,0,32,0,0,0,0,0,0,0,0,0,0,0,0,137,64,13,0,0,213,7,0
801101134,0,0,0,0,0,0,0,0,0,0,0,0,0,0,0,0,0,0,0,0,0,0,0,0,0,0,0,0,0,0,0,0,0,0,0,0,0,0,0,0,0,0,0,0,0,0,0,0,0,0,0,0,0,0,0,0,0,0,0,0,0,0,0,0,0,0,0,0,0,0,0,0,0,0,0,0,0,0,0,0,0,0,0,0,0,0,0,0,0,0,0,0,0,0,0,0,0,0,0,0,0,0,0,0,0,0,0,0,0,0,0,0,0,0,0,0,0,0,0,0,0,0,0,0,0,0,0,0,0,0,0,0,0,0,0,0,0,0,0,0,0,0,0,0,0,0,0,0,0,0,0,0,0,0,0,0,0,0,0,0,0,0,0,0,0,0,0,0,0,0,0,0,0,0,0,0,0,0,0,0,0,0,0,0,0,0,0,0,0,0,0,0,0,0,0,0,0,0,0,0
801101135,0,0,0,0,0,0,0,0,0,0,0,0,0,0,0,0,0,0,0,0,0,0,0,0,0,0,0,0,0,0,0,0,0,0,0,0,0,0,0,0,0,0,0,0,0,0,0,0,0,0,0,0,0,0,0,0,0,0,0,0,0,0,0,0,0,0,0,0,0,0,0,0,34,24,5,0,0,64,269,170,30,0,0,467,7,28,10,0,0,44,5,0,0,0,0,3,0,0,0,0,0,0,5,10,4,0,0,18,5,7,0,0,0,10,0,0,0,0,0,0,15,44,9,0,0,73,4,0,0,0,0,5,16,26,7,0,0,50,341,266,51,0,4,666,74,36,24,0,0,132,482,366,242,0,4,1093,43,96,130,0,0,265,7,51,49,0,0,105,0,5,0,0,0,5,20,30,22,0,3,86,11,12,3,0,0,26,0,0,0,0,0,0,82,192,203,0,3,482,5,8
801101136,0,0,0,0,0,0,0,0,0,0,0,0,0,0,0,0,0,0,0,0,0,0,0,0,0,0,0,0,0,0,0,0,0,0,0,0,0,0,0,0,0,0,0,0,0,0,0,0,0,0,0,0,0,0,0,0,0,0,0,0,0,0,0,0,0,0,0,0,0,0,0,0,0,0,0,0,0,0,0,0,0,0,0,0,0,0,0,0,0,0,0,0,0,0,0,0,0,0,0,0,0,0,0,0,0,0,0,0,0,0,0,0,0,0,0,0,0,0,0,0,0,0,0,0,0,0,0,0,0,0,0,0,0,0,0,0,0,0,0,0,0,0,0,0,36,10,19,0,0,64,391,185,190,0,0,769,22,23,27,0,0,71,15,30,0,0,0,36,0,0,0,0,0,5,6,0,11,0,0,19,3,0,0,0,0,11,0,0,0,0,0,0,47,50,42,0,0,142,8,5
801101137,0,0,0,0,0,0,0,0,0,0,0,0,0,0,0,0,0,0,0,0,0,0,0,0,0,0,0,0,0,0,0,0,0,0,0,0,0,0,0,0,0,0,0,0,0,0,0,0,0,0,0,0,0,0,0,0,0,0,0,0,0,0,0,0,0,0,0,0,0,0,0,0,0,0,0,0,0,0,0,0,0,0,0,0,0,0,0,0,0,0,0,0,0,0,0,0,0,0,0,0,0,0,0,0,0,0,0,0,0,0,0,0,0,0,0,0,0,0,0,0,0,0,0,0,0,0,0,0,0,0,0,0,0,0,0,0,0,0,0,0,0,0,0,0,0,0,0,0,0,0,0,0,0,0,0,0,0,0,0,0,0,0,0,0,0,0,0,0,0,0,0,0,0,0,0,0,0,0,0,0,0,0,0,0,0,0,0,0,0,0,0,0,0,0,0,0,0,0,0,0
801101139,0,0,0,0,0,0,0,0,0,0,0,0,0,0,0,0,0,0,0,0,0,0,0,0,0,0,0,0,0,0,0,0,0,0,0,0,0,0,0,0,0,0,0,0,0,0,0,0,0,0,0,0,0,0,0,0,0,0,0,0,0,0,0,0,0,0,7,0,0,0,0,7,42,15,21,0,0,77,282,126,362,0,0,773,20,23,132,0,0,175,0,0,0,0,0,0,0,0,0,0,0,0,13,7,34,0,0,46,4,4,0,0,0,6,0,0,0,0,0,3,39,30,164,0,0,232,7,0,3,0,0,13,20,16,72,0,0,109,392,186,617,0,0,1202,77,9,41,0,0,134,430,71,361,0,4,861,40,41,253,0,0,335,3,20,0,0,0,23,0,0,0,0,0,4,12,6,70,0,0,87,11,5,8,0,0,27,0,0,0,0,0,0,67,69,337,0,0,469,6,0
801101145,0,0,0,0,0,0,0,0,0,0,0,0,0,0,0,0,0,0,0,0,0,0,0,0,0,0,0,0,0,0,0,0,0,0,0,0,0,0,0,0,0,0,0,0,0,0,0,0,0,0,0,0,0,0,0,0,0,0,0,0,0,0,0,0,0,0,0,0,0,0,0,0,0,0,0,0,0,0,0,0,0,0,0,0,0,0,0,0,0,0,0,0,0,0,0,0,0,0,0,0,0,0,0,0,0,0,0,0,0,0,0,0,0,0,0,0,0,0,0,0,0,0,0,0,0,0,0,0,0,0,0,0,0,0,0,0,0,0,0,0,0,0,0,0,0,0,0,0,0,0,0,0,0,0,0,0,0,0,0,0,0,0,0,0,0,0,0,0,0,0,0,0,0,0,0,0,0,0,0,0,0,0,0,0,0,0,0,0,0,0,0,0,0,0,0,0,0,0,0,0
801101146,0,0,0,0,0,0,0,0,0,0,0,0,0,0,0,0,0,0,0,0,0,0,0,0,0,0,0,0,0,0,0,0,0,0,0,0,0,0,0,0,0,0,0,0,0,0,0,0,0,0,0,0,0,0,0,0,0,0,0,0,0,0,0,0,0,0,0,0,0,0,0,0,0,0,0,0,0,0,0,0,0,0,0,0,0,0,0,0,0,0,0,0,0,0,0,0,0,0,0,0,0,0,0,0,0,0,0,0,0,0,0,0,0,0,0,0,0,0,0,0,3,0,0,0,0,3,0,0,0,0,0,0,0,0,0,0,0,0,3,0,0,0,0,3,0,0,0,0,0,0,0,0,0,0,0,0,0,0,0,0,0,0,0,0,0,0,0,0,0,0,0,0,0,0,0,0,0,0,0,0,0,0,0,0,0,0,0,0,0,0,0,0,0,0,0,0,0,0,0,0
801111140,23,0,0,0,0,27,47,0,0,0,0,47,3,0,0,0,0,3,18,0,0,0,0,18,0,0,0,0,0,0,22,0,0,0,0,16,21,0,0,0,0,22,0,0,0,0,0,0,60,0,0,0,0,68,7,0,0,0,0,10,5,0,0,0,0,5,150,3,0,4,0,158,29,0,0,3,0,30,91,0,0,0,0,92,0,0,0,0,0,0,6,0,0,0,0,6,0,0,0,0,0,0,12,0,0,0,0,10,3,0,0,0,0,3,0,0,0,0,0,0,21,0,0,0,0,27,8,0,0,0,0,8,14,0,3,0,0,18,161,0,3,9,0,172,33,0,0,0,0,33,92,0,0,0,0,92,3,0,0,0,0,3,10,0,0,0,0,10,0,0,0,0,0,0,11,0,0,0,0,11,11,0,0,0,6,19,0,0,0,0,0,0,32,0,0,0,6,39,10,0
801111141,0,0,0,0,0,0,0,0,0,0,0,0,0,0,0,0,0,0,0,0,0,0,0,0,5,0,0,0,0,5,4,0,0,0,0,4,0,0,0,0,0,0,0,0,0,0,0,0,12,0,0,0,0,12,0,0,0,0,0,0,3,0,0,0,0,3,15,0,0,0,0,15,0,0,0,0,0,0,0,0,0,0,0,0,0,0,0,0,0,0,0,0,0,0,0,0,0,0,0,0,0,0,3,0,0,0,0,3,0,0,0,0,0,0,0,0,0,0,0,0,5,0,0,0,0,5,7,0,0,0,0,7,4,0,0,0,0,4,16,0,0,0,0,16,5,0,0,0,0,5,0,0,0,0,0,0,0,0,0,0,0,0,3,0,0,0,0,3,0,0,0,0,0,0,9,0,0,0,0,9,4,0,0,0,0,4,0,0,0,0,0,0,11,0,0,0,0,11,0,0
897979799,0,0,0,0,0,0,0,0,0,0,0,0,0,0,0,0,0,0,0,0,0,0,0,0,0,0,0,0,0,0,0,0,0,0,0,0,0,0,0,0,0,0,0,0,0,0,0,0,0,0,0,0,0,0,0,0,0,0,0,0,0,0,0,0,0,0,0,0,0,0,0,0,0,0,0,0,0,0,0,0,0,0,0,0,0,0,0,0,0,0,0,0,0,0,0,0,0,0,0,0,0,0,0,0,0,0,0,0,0,0,0,0,0,0,0,0,0,0,0,0,0,0,0,0,0,0,0,0,0,0,0,0,0,0,0,0,0,0,0,0,0,0,0,0,0,0,0,0,0,0,0,0,0,0,0,0,0,0,0,0,0,0,0,0,0,0,0,0,0,0,0,0,0,0,0,0,0,0,0,0,0,0,0,0,0,0,0,0,0,0,0,0,0,0,0,0,0,0,0,0
899999499,0,0,0,0,0,0,0,0,0,0,0,0,0,0,0,0,0,0,0,0,0,0,0,0,0,0,0,0,0,0,0,0,0,0,0,0,0,0,0,0,0,0,0,0,0,0,0,0,0,0,0,0,0,0,0,0,0,0,0,0,0,0,0,0,0,0,0,0,0,0,0,0,0,0,0,0,0,0,0,0,0,0,0,0,0,0,0,0,0,0,0,0,0,0,0,0,0,0,0,0,0,0,0,0,0,0,0,0,0,0,0,0,0,0,0,0,0,0,0,0,0,0,0,0,0,0,0,0,0,0,0,0,0,0,0,0,0,0,0,0,0,0,0,0,0,0,0,0,0,0,0,0,0,0,0,0,0,0,0,0,0,0,0,0,0,0,0,0,0,0,0,0,0,0,0,0,0,0,0,0,0,0,0,0,0,0,0,0,0,0,0,0,0,0,0,0,0,0,0,0
