SA2_CODE_2021,C21_20_24_Div_M,C21_20_24_Div_F,C21_20_24_Div_P,C21_20_24_Wid_M,C21_20_24_Wid_F,C21_20_24_Wid_P,C21_20_24_Nvr_marrd_M,C21_20_24_Nvr_marrd_F,C21_20_24_Nvr_marrd_P,C21_20_24_Tot_M,C21_20_24_Tot_F,C21_20_24_Tot_P,C21_25_29_Married_M,C21_25_29_Married_F,C21_25_29_Married_P,C21_25_29_Sep_M,C21_25_29_Sep_F,C21_25_29_Sep_P,C21_25_29_Div_M,C21_25_29_Div_F,C21_25_29_Div_P,C21_25_29_Wid_M,C21_25_29_Wid_F,C21_25_29_Wid_P,C21_25_29_Nvr_marrd_M,C21_25_29_Nvr_marrd_F,C21_25_29_Nvr_marrd_P,C21_25_29_Tot_M,C21_25_29_Tot_F,C21_25_29_Tot_P,C21_30_34_Married_M,C21_30_34_Married_F,C21_30_34_Married_P,C21_30_34_Sep_M,C21_30_34_Sep_F,C21_30_34_Sep_P,C21_30_34_Div_M,C21_30_34_Div_F,C21_30_34_Div_P,C21_30_34_Wid_M,C21_30_34_Wid_F,C21_30_34_Wid_P,C21_30_34_Nvr_marrd_M,C21_30_34_Nvr_marrd_F,C21_30_34_Nvr_marrd_P,C21_30_34_Tot_M,C21_30_34_Tot_F,C21_30_34_Tot_P,C21_35_39_Married_M,C21_35_39_Married_F,C21_35_39_Married_P,C21_35_39_Sep_M,C21_35_39_Sep_F,C21_35_39_Sep_P,C21_35_39_Div_M,C21_35_39_Div_F,C21_35_39_Div_P,C21_35_39_Wid_M,C21_35_39_Wid_F,C21_35_39_Wid_P,C21_35_39_Nvr_marrd_M,C21_35_39_Nvr_marrd_F,C21_35_39_Nvr_marrd_P,C21_35_39_Tot_M,C21_35_39_Tot_F,C21_35_39_Tot_P,C21_40_44_Married_M,C21_40_44_Married_F,C21_40_44_Married_P,C21_40_44_Sep_M,C21_40_44_Sep_F,C21_40_44_Sep_P,C21_40_44_Div_M,C21_40_44_Div_F,C21_40_44_Div_P,C21_40_44_Wid_M,C21_40_44_Wid_F,C21_40_44_Wid_P,C21_40_44_Nvr_marrd_M,C21_40_44_Nvr_marrd_F,C21_40_44_Nvr_marrd_P,C21_40_44_Tot_M,C21_40_44_Tot_F,C21_40_44_Tot_P,C21_45_49_Married_M,C21_45_49_Married_F,C21_45_49_Married_P,C21_45_49_Sep_M,C21_45_49_Sep_F,C21_45_49_Sep_P,C21_45_49_Div_M,C21_45_49_Div_F,C21_45_49_Div_P,C21_45_49_Wid_M,C21_45_49_Wid_F,C21_45_49_Wid_P,C21_45_49_Nvr_marrd_M,C21_45_49_Nvr_marrd_F,C21_45_49_Nvr_marrd_P,C21_45_49_Tot_M,C21_45_49_Tot_F,C21_45_49_Tot_P,C21_50_54_Married_M,C21_50_54_Married_F,C21_50_54_Married_P,C21_50_54_Sep_M,C21_50_54_Sep_F,C21_50_54_Sep_P,C21_50_54_Div_M,C21_50_54_Div_F,C21_50_54_Div_P,C21_50_54_Wid_M,C21_50_54_Wid_F,C21_50_54_Wid_P,C21_50_54_Nvr_marrd_M,C21_50_54_Nvr_marrd_F,C21_50_54_Nvr_marrd_P,C21_50_54_Tot_M,C21_50_54_Tot_F,C21_50_54_Tot_P,C21_55_59_Married_M,C21_55_59_Married_F,C21_55_59_Married_P,C21_55_59_Sep_M,C21_55_59_Sep_F,C21_55_59_Sep_P,C21_55_59_Div_M,C21_55_59_Div_F,C21_55_59_Div_P,C21_55_59_Wid_M,C21_55_59_Wid_F,C21_55_59_Wid_P,C21_55_59_Nvr_marrd_M,C21_55_59_Nvr_marrd_F,C21_55_59_Nvr_marrd_P,C21_55_59_Tot_M,C21_55_59_Tot_F,C21_55_59_Tot_P,C21_60_64_Married_M,C21_60_64_Married_F,C21_60_64_Married_P,C21_60_64_Sep_M,C21_60_64_Sep_F,C21_60_64_Sep_P,C21_60_64_Div_M,C21_60_64_Div_F,C21_60_64_Div_P,C21_60_64_Wid_M,C21_60_64_Wid_F,C21_60_64_Wid_P,C21_60_64_Nvr_marrd_M,C21_60_64_Nvr_marrd_F,C21_60_64_Nvr_marrd_P,C21_60_64_Tot_M,C21_60_64_Tot_F,C21_60_64_Tot_P,C21_65_69_Married_M,C21_65_69_Married_F,C21_65_69_Married_P,C21_65_69_Sep_M,C21_65_69_Sep_F,C21_65_69_Sep_P,C21_65_69_Div_M,C21_65_69_Div_F,C21_65_69_Div_P,C21_65_69_Wid_M,C21_65_69_Wid_F,C21_65_69_Wid_P,C21_65_69_Nvr_marrd_M,C21_65_69_Nvr_marrd_F,C21_65_69_Nvr_marrd_P,C21_65_69_Tot_M,C21_65_69_Tot_F,C21_65_69_Tot_P,C21_70_74_Married_M,C21_70_74_Married_F,C21_70_74_Married_P,C21_70_74_Sep_M,C21_70_74_Sep_F,C21_70_74_Sep_P,C21_70_74_Div_M,C21_70_74_Div_F,C21_70_74_Div_P,C21_70_74_Wid_M,C21_70_74_Wid_F,C21_70_74_Wid_P,C21_70_74_Nvr_marrd_M,C21_70_74_Nvr_marrd_F,C21_70_74_Nvr_marrd_P,C21_70_74_Tot_M,C21_70_74_Tot_F,C21_70_74_Tot_P,C21_75_79_Married_M,C21_75_79_Married_F,C21_75_79_Married_P,C21_75_79_Sep_M,C21_75_79_Sep_F,C21_75_79_Sep_P,C21_75_79_Div_M,C21_75_79_Div_F
801011001,0,0,0,0,0,0,93,65,158,93,70,164,8,17,24,0,0,0,0,0,0,0,0,0,80,46,124,87,63,150,33,40,74,0,0,0,0,0,0,0,0,0,22,26,42,59,63,115,52,67,114,0,0,0,0,9,5,0,0,0,18,21,36,68,89,160,58,71,131,3,3,14,4,4,15,0,0,0,19,22,36,82,104,189,51,55,108,6,0,6,13,8,20,0,0,0,12,19,35,82,88,168,63,62,123,0,9,4,0,7,13,0,0,0,17,14,29,83,85,171,54,56,106,0,0,7,10,17,24,0,0,0,10,10,27,76,87,167,64,54,122,0,0,0,5,17,19,5,0,3,10,13,22,85,91,174,37,49,88,0,0,0,4,12,10,0,4,5,5,0,5,45,68,114,45,44,89,0,0,3,5,7,11,0,9,8,0,5,11,55,72,127,40,39,78,0,0,0,0,8
801011002,0,3,3,0,0,0,579,625,1208,612,709,1325,211,303,514,0,11,12,4,3,7,0,0,0,716,648,1369,936,967,1902,312,308,616,15,10,24,10,15,21,0,0,0,340,303,645,679,629,1311,220,160,382,9,6,15,21,23,39,0,0,0,178,146,325,427,344,767,117,91,206,8,14,20,14,27,43,0,0,0,95,75,175,238,208,441,71,50,117,14,16,26,40,26,64,0,5,5,63,57,122,183,147,331,45,45,88,5,5,12,36,35,73,0,4,4,54,31,83,139,125,260,47,46,89,4,14,18,37,18,60,0,5,5,24,29,50,114,114,223,39,36,72,5,5,10,18,26,48,0,5,4,29,16,41,97,91,184,36,39,73,4,4,8,10,34,45,0,17,15,11,17,32,63,101,166,50,45,94,0,0,3,17,21,35,6,9,20,0,10,5,73,87,162,45,36,88,5,0,3,11,16
801011003,0,0,4,0,0,0,563,731,1289,571,768,1339,105,130,237,0,4,6,4,6,10,0,0,0,493,395,883,609,534,1148,177,193,369,9,11,17,7,16,26,0,0,0,219,195,415,412,415,826,167,161,333,5,3,11,13,13,28,0,0,0,107,98,202,294,282,572,130,111,240,9,15,20,15,15,32,0,4,0,51,62,110,199,206,405,112,94,205,3,10,13,15,20,33,0,3,3,38,40,79,171,164,338,66,69,134,10,3,14,15,24,37,0,8,8,29,24,48,114,125,236,66,56,125,3,8,10,19,42,56,0,0,4,14,20,37,106,124,236,67,80,150,4,3,4,16,29,46,0,5,5,14,18,30,107,136,243,77,85,166,3,0,0,10,12,21,0,15,11,4,13,13,99,118,218,80,65,145,0,3,8,8,18,31,4,18,18,6,7,19,105,110,221,51,46,92,0,3,4,9,6
801011004,0,0,0,0,0,0,73,71,149,79,81,158,28,32,55,4,0,5,0,0,0,0,0,0,91,71,158,115,108,225,56,61,117,4,9,14,0,8,8,0,0,0,70,57,134,137,136,274,79,75,149,0,7,13,7,13,17,0,0,0,50,47,101,135,149,284,52,61,119,7,4,12,9,14,19,0,0,0,30,46,75,104,119,223,44,44,93,9,6,14,19,21,42,0,3,7,32,37,75,106,122,225,42,32,74,8,7,11,8,20,27,0,3,6,29,25,51,86,75,170,39,31,67,0,5,5,9,20,35,0,5,5,13,10,27,61,72,139,30,42,73,0,4,5,16,26,37,3,5,11,6,16,25,58,98,158,41,43,84,0,7,3,11,11,28,5,9,18,4,6,7,65,71,132,34,25,60,0,7,7,7,20,30,0,6,11,9,0,9,48,64,107,22,7,32,0,0,0,5,10
801011005,0,0,0,0,0,0,69,58,128,69,56,128,7,15,22,0,0,0,0,0,0,0,0,0,71,78,147,84,95,177,34,60,92,0,0,5,0,3,3,0,0,3,42,60,101,78,122,194,53,59,114,0,0,0,5,10,11,0,0,0,47,46,95,105,120,223,70,64,127,4,0,8,10,4,13,0,0,0,32,42,70,110,114,223,59,51,112,9,0,12,14,13,28,0,5,5,39,43,82,120,115,235,51,43,94,5,5,14,8,16,23,0,3,0,45,40,81,108,105,213,44,53,90,0,4,10,20,26,38,0,0,0,16,16,38,79,97,175,43,40,85,0,4,5,6,14,22,0,5,5,18,24,40,75,86,156,25,41,70,5,3,5,7,32,35,3,10,10,10,11,16,50,94,142,42,36,78,0,5,5,12,21,36,0,16,19,9,12,21,66,91,153,36,37,71,4,0,3,4,17
801011006,0,0,0,0,0,0,215,178,392,215,181,402,28,63,90,0,0,0,0,0,4,0,0,0,153,122,276,181,185,372,125,165,289,7,6,15,5,9,14,0,0,0,92,71,159,231,251,486,206,236,435,10,14,20,9,16,22,0,0,0,75,61,141,296,326,619,214,208,422,12,12,22,18,30,46,3,3,4,56,55,108,300,309,606,197,206,405,8,12,21,16,49,64,4,4,8,42,52,102,271,338,603,188,171,358,14,14,26,26,34,59,0,3,9,36,37,78,269,257,524,150,135,284,8,3,3,24,47,73,3,11,12,25,19,42,204,211,418,110,94,205,11,8,18,29,47,80,0,18,17,15,13,26,159,178,339,80,78,157,3,10,13,10,27,41,3,12,19,3,4,5,100,133,235,75,59,133,0,3,6,12,21,36,4,22,22,0,3,3,97,107,203,37,27,66,0,0,4,4,5
801011007,0,0,0,0,0,0,174,139,310,180,138,315,38,69,105,3,0,3,0,0,0,0,0,0,170,110,283,210,180,394,79,104,187,0,7,8,0,4,10,0,0,0,111,74,183,197,183,378,138,143,280,7,7,10,9,6,15,0,0,0,59,52,109,216,208,418,112,121,230,9,5,18,15,17,27,0,0,0,58,53,105,191,191,386,126,124,256,12,20,25,24,21,51,0,0,0,46,40,85,211,201,416,104,103,202,0,11,9,29,24,50,0,3,3,36,36,76,169,170,343,100,94,194,5,9,11,18,28,53,6,0,3,32,18,45,156,149,307,93,105,198,0,6,5,11,35,43,3,3,9,11,15,32,129,162,291,103,89,190,7,4,8,20,27,50,0,13,15,9,8,23,142,141,285,114,94,212,6,0,4,12,21,33,9,21,24,3,8,11,140,152,290,49,39,86,0,3,3,3,11
801011008,0,0,0,0,0,0,155,134,292,162,143,309,35,44,76,0,0,0,0,4,3,0,0,0,156,118,272,190,167,355,72,80,156,0,11,14,6,3,10,0,0,0,88,69,161,170,169,339,112,107,213,0,0,9,11,10,21,0,0,0,49,55,106,173,178,348,108,111,220,7,5,8,11,18,29,0,0,0,31,36,74,156,171,331,90,97,191,6,9,14,9,21,33,0,0,0,35,22,51,147,143,290,79,77,155,11,8,14,13,19,31,0,0,0,30,31,62,126,145,266,100,99,200,5,13,22,14,25,44,4,6,5,15,24,42,143,172,309,104,103,212,12,6,19,24,49,73,3,14,18,27,18,42,174,189,358,100,96,198,0,6,4,24,23,47,0,16,13,17,11,26,140,155,293,73,63,140,6,9,15,10,26,35,4,21,25,4,4,10,95,125,217,52,35,89,0,0,3,8,17
801011009,0,0,0,0,0,0,99,102,201,101,103,208,21,34,52,0,3,3,3,4,6,0,0,0,115,53,169,140,88,227,68,73,142,0,0,0,3,0,9,0,0,0,60,46,108,131,120,250,94,95,186,0,5,8,6,3,13,0,0,0,30,31,63,129,136,269,89,84,174,3,6,13,3,11,13,0,0,0,41,23,62,133,125,260,92,86,181,10,7,10,16,12,27,0,3,0,27,16,43,136,125,262,72,74,143,7,9,19,14,12,28,0,0,0,14,14,31,106,112,220,72,56,130,0,5,5,10,20,30,0,4,4,10,12,21,96,99,193,72,66,137,4,3,8,11,25,39,0,8,10,16,9,24,109,107,214,60,56,118,4,3,4,12,11,19,3,9,10,9,0,8,76,84,163,73,72,142,0,0,3,3,15,19,4,13,23,4,0,9,88,107,196,44,36,75,0,0,4,3,5
801011010,0,0,0,0,0,0,63,46,113,63,51,116,3,4,3,0,0,0,0,0,0,0,0,0,47,38,89,49,46,95,17,20,37,0,3,3,6,0,7,0,0,0,34,15,55,55,45,100,38,53,91,3,0,3,0,5,9,0,0,0,21,20,37,61,74,130,56,61,118,0,9,8,3,0,8,0,0,0,22,8,38,88,80,177,47,52,105,3,9,14,5,12,17,0,0,0,14,14,28,74,84,160,42,42,82,0,3,4,14,7,24,0,3,3,13,9,14,66,61,127,46,43,86,5,6,6,0,7,15,0,3,3,16,3,15,65,61,132,36,45,76,4,5,7,6,0,12,3,0,8,7,3,10,55,59,115,55,59,114,0,5,8,9,8,15,4,3,6,3,4,7,69,84,153,64,51,109,3,0,4,12,10,19,3,8,14,8,0,8,86,63,148,26,22,50,0,0,4,6,0
801011011,0,0,0,0,0,0,70,72,141,74,72,145,14,27,46,0,0,0,0,0,0,0,0,0,94,73,168,108,103,208,54,74,129,3,3,3,3,4,9,0,0,0,72,47,122,132,134,263,81,81,158,5,7,18,0,13,15,0,0,0,47,36,81,134,143,279,91,79,167,5,3,12,8,9,15,0,0,3,43,34,77,150,130,277,53,62,123,7,5,11,13,15,21,0,4,4,22,23,45,93,105,202,67,54,117,0,4,6,3,15,23,0,0,0,22,19,38,97,93,187,49,55,106,3,4,5,14,18,34,4,3,0,16,7,22,83,88,167,55,54,110,6,5,5,12,20,36,3,6,9,10,7,14,85,97,174,77,84,162,0,4,3,7,26,38,3,5,9,5,4,13,91,125,217,85,75,154,0,0,6,7,13,23,4,8,16,4,6,10,99,103,205,41,22,63,0,0,0,6,4
801011012,0,0,0,0,0,0,0,0,0,0,0,0,0,0,0,0,0,0,0,0,0,0,0,0,0,0,0,0,0,0,0,0,0,0,0,0,0,0,0,0,0,0,0,0,0,0,0,0,0,0,0,0,0,0,0,0,0,0,0,0,0,0,0,0,0,0,0,0,0,0,0,0,0,0,0,0,0,0,0,0,0,0,0,0,0,0,0,0,0,0,0,0,0,0,0,0,0,0,0,0,0,0,0,0,0,0,0,0,0,0,0,0,0,0,0,0,0,0,0,0,0,0,0,0,0,0,0,0,0,0,0,0,0,0,0,0,0,0,0,0,0,0,0,0,0,0,0,0,0,0,0,0,0,0,0,0,0,0,0,0,0,0,0,0,0,0,0,0,0,0,0,0,0,0,0,0,0,0,0,0,0,0,0,0,0,0,0,0,0,0,0,0,0,0,0,0,0,0,0,0
801011013,0,0,0,0,0,0,99,76,174,99,82,182,16,30,50,0,0,0,0,4,4,0,0,0,61,71,130,81,106,184,39,44,91,6,0,6,0,4,8,0,0,0,54,42,98,99,91,193,58,60,122,0,0,0,5,5,12,0,0,0,18,29,53,89,98,187,48,46,102,6,0,6,13,3,19,0,0,0,29,25,50,91,77,168,68,65,138,4,7,7,14,11,20,0,0,3,37,19,58,121,107,229,64,63,125,8,6,6,8,16,26,0,0,0,17,10,27,93,91,186,58,59,123,3,3,5,3,16,22,0,0,0,11,13,24,79,98,175,52,70,121,0,3,3,5,7,13,0,4,4,15,4,19,75,94,160,57,42,103,0,0,0,6,18,21,0,5,6,5,3,12,72,76,142,73,65,140,0,0,0,5,10,18,0,18,16,11,6,16,92,98,190,53,58,111,0,0,0,4,8
801011014,0,0,0,0,0,0,83,70,154,81,75,160,16,31,46,0,0,0,3,0,3,0,0,0,77,76,156,103,104,204,66,82,150,0,3,5,0,3,3,0,0,0,57,65,115,119,151,272,79,88,166,3,3,6,0,8,7,0,0,0,42,30,65,124,124,244,75,80,151,6,11,14,4,9,17,0,0,0,33,25,59,117,126,244,74,75,145,3,13,11,9,12,23,0,0,0,40,39,78,128,131,260,60,40,103,4,6,7,11,11,24,4,3,3,26,13,42,104,74,176,52,51,104,4,4,10,21,10,31,0,5,5,18,16,35,96,84,182,42,40,82,7,0,5,10,22,32,3,4,7,13,3,16,75,72,143,35,30,67,0,0,7,3,14,16,0,9,11,10,3,9,57,61,114,49,57,106,0,5,7,4,12,17,3,24,22,7,3,9,69,99,160,58,44,103,0,4,4,5,11
801011015,0,0,0,0,0,0,146,157,301,152,170,321,58,83,139,4,3,3,0,0,3,0,0,0,163,161,327,228,248,477,125,151,276,0,11,15,3,7,11,0,0,0,116,112,227,249,278,532,131,137,267,5,11,16,17,19,33,0,0,0,81,73,160,240,243,484,122,112,235,10,13,18,11,23,30,0,5,5,61,66,124,199,217,411,91,83,173,6,5,15,18,34,52,0,0,0,55,54,115,171,185,355,87,92,178,9,14,18,16,24,47,0,3,3,39,32,79,155,163,314,60,56,108,5,10,18,23,36,58,0,9,9,32,14,45,121,120,244,52,36,88,4,5,8,18,43,59,3,10,16,17,15,36,90,107,199,55,55,107,11,3,15,19,24,45,5,19,22,10,14,20,106,116,222,88,81,166,9,7,14,23,35,61,6,25,32,6,18,29,128,168,293,62,49,112,0,0,5,6,24
801011016,0,0,3,0,0,0,245,185,430,251,197,450,60,59,119,4,7,8,4,0,7,0,0,0,224,152,378,292,217,508,111,132,241,6,9,15,0,9,9,0,0,0,144,102,242,266,244,514,175,195,367,6,3,14,11,22,33,0,0,0,90,58,154,290,282,568,168,170,335,10,11,21,16,16,30,0,4,0,76,71,150,268,264,538,159,150,308,9,4,11,19,19,43,0,0,4,49,31,83,236,213,447,161,135,293,3,9,6,21,35,56,5,7,10,41,33,78,228,219,450,132,142,277,10,14,28,23,33,62,3,3,10,36,20,58,207,219,427,139,162,309,4,10,15,27,38,63,4,18,28,25,11,30,196,242,438,190,202,398,9,9,12,26,47,66,7,26,32,12,13,24,246,289,539,174,156,334,5,0,8,24,31,48,11,32,41,14,8,19,220,228,454,105,53,163,5,3,12,10,12
801011017,0,0,0,0,0,0,96,78,177,101,85,188,20,17,42,0,0,0,4,0,5,0,0,0,85,84,170,105,111,219,61,88,150,9,5,8,4,8,10,0,0,0,72,54,131,145,157,304,91,103,192,0,6,8,8,7,15,0,0,0,49,43,92,148,156,299,85,82,172,8,4,7,3,14,23,0,0,3,31,41,71,133,145,279,79,76,156,5,6,11,13,19,33,4,4,3,45,33,75,145,140,282,67,59,126,5,6,12,13,22,38,0,0,0,27,21,46,118,102,215,58,60,116,6,12,11,11,19,33,0,5,5,9,17,27,86,112,191,56,59,112,7,4,7,17,21,35,3,6,4,7,15,30,86,108,192,54,47,105,6,3,9,6,20,27,3,13,10,9,6,15,77,97,176,71,67,140,0,0,4,13,22,33,5,18,24,3,8,7,85,125,211,40,30,72,0,0,5,9,3
801011018,0,4,4,0,0,0,221,240,462,230,257,485,53,81,134,0,3,4,0,3,6,0,0,0,265,199,461,323,281,603,104,100,205,4,3,10,11,6,17,0,0,0,114,89,206,231,204,434,86,87,179,0,5,7,4,11,19,0,0,0,39,32,66,138,133,270,70,62,129,0,4,5,3,7,7,0,0,0,16,10,33,90,75,165,37,31,66,7,0,7,7,9,18,0,0,0,7,9,18,52,48,101,19,19,45,0,4,3,4,10,10,0,0,0,7,8,17,28,41,72,22,17,46,0,4,4,0,5,4,0,3,3,0,0,0,25,30,58,9,11,21,0,5,7,3,3,5,0,3,3,0,0,6,16,22,35,13,3,21,0,0,0,0,0,0,0,3,3,0,0,0,13,10,25,13,13,24,0,0,0,0,0,0,0,3,3,0,0,0,16,17,27,3,0,4,0,0,0,0,0
801011019,0,0,0,0,0,0,175,161,335,181,179,358,65,123,188,4,0,3,0,6,10,0,0,0,174,138,316,246,267,512,175,203,379,5,6,16,5,9,16,0,0,0,102,104,208,289,320,610,246,233,478,9,14,27,18,14,34,4,0,5,99,114,212,375,375,749,197,203,404,12,16,24,16,40,56,0,0,0,86,71,158,313,336,643,144,135,277,8,7,16,28,44,68,0,3,5,54,45,102,235,234,469,117,98,214,9,10,15,23,44,64,0,5,6,40,32,65,184,178,365,77,76,159,10,7,17,23,39,62,0,3,3,15,19,31,120,144,266,85,86,178,8,8,15,17,44,64,0,13,19,21,12,27,139,161,298,90,70,161,0,3,8,18,27,51,7,14,17,7,4,10,119,127,248,89,77,167,0,6,3,12,22,36,3,25,28,3,5,8,110,133,246,53,39,87,6,3,5,0,11
801011020,0,0,0,0,0,0,130,101,227,133,108,241,26,37,64,0,3,4,0,0,0,0,0,0,127,88,209,151,124,280,51,51,105,0,0,0,3,6,7,0,0,0,66,76,140,122,132,255,76,80,151,5,5,7,0,5,8,0,0,0,35,43,76,114,132,245,59,64,121,12,3,15,9,13,21,0,0,0,36,27,64,118,110,226,58,55,115,7,8,16,3,12,8,0,0,0,26,18,42,96,94,186,45,45,96,5,3,8,11,20,24,0,0,0,17,18,34,80,83,163,46,39,87,4,0,7,9,13,24,0,3,4,25,13,40,88,72,160,42,41,84,4,5,9,11,13,27,0,4,4,18,16,31,78,74,151,34,36,69,0,4,4,10,15,21,3,7,11,13,11,24,57,67,126,41,41,81,5,0,8,9,29,39,5,16,19,0,0,5,63,83,148,38,37,76,4,0,3,15,12
801011021,0,0,0,0,0,0,83,81,161,79,85,166,7,19,28,0,4,4,0,0,0,0,0,0,85,60,140,88,82,170,35,42,78,6,3,7,3,3,7,0,0,0,40,25,65,83,74,155,42,48,87,0,0,0,10,3,12,0,0,0,27,15,47,79,75,153,58,63,121,5,7,4,4,4,5,0,0,0,15,14,31,83,88,167,53,58,110,0,0,7,0,7,13,0,0,0,10,16,27,74,82,155,80,72,151,3,3,7,0,11,17,0,0,0,7,22,29,93,101,201,75,81,158,3,0,3,11,10,24,3,7,11,11,10,23,107,104,210,65,86,153,0,3,3,6,17,27,3,8,9,7,13,17,81,128,207,76,75,148,9,10,12,3,19,27,0,6,7,5,6,13,93,116,205,68,55,122,0,3,3,3,12,19,5,9,19,0,7,7,79,78,160,35,22,56,0,0,0,3,7
801011022,0,0,0,0,0,0,111,72,179,110,75,187,18,25,35,0,0,5,0,3,3,0,0,0,64,61,125,80,82,166,40,57,96,0,4,8,0,10,10,0,0,0,54,50,98,97,119,212,80,90,177,0,10,8,9,5,9,0,4,4,31,38,73,121,151,269,74,71,146,3,7,9,5,14,18,0,0,0,27,30,56,113,119,235,64,75,145,3,12,14,9,9,13,0,3,3,26,32,60,110,127,231,70,59,130,3,0,4,15,17,35,4,3,3,26,28,53,116,106,220,68,56,122,3,3,7,12,14,18,0,3,3,16,9,20,99,84,179,48,57,101,4,3,4,11,23,38,6,4,11,11,8,22,72,97,170,53,52,104,7,0,10,8,12,22,4,5,7,3,7,10,71,83,151,64,59,130,0,0,3,10,23,28,4,10,13,5,0,3,79,87,171,53,34,84,0,4,4,8,11
801011023,0,0,0,0,0,0,78,86,166,82,96,175,16,27,40,0,0,0,0,5,5,0,0,0,109,91,203,129,120,250,65,69,136,0,4,8,6,0,7,0,0,0,67,49,118,146,121,267,72,62,128,5,8,15,5,6,6,0,0,0,35,29,66,118,104,222,64,51,117,3,6,9,5,14,16,0,0,0,24,17,49,100,91,187,27,39,73,3,10,20,9,16,20,0,0,0,27,31,55,66,97,164,47,39,83,4,3,12,10,12,25,0,0,0,18,23,40,81,75,160,28,30,62,0,0,5,7,8,13,0,5,5,14,11,26,53,60,105,34,32,62,0,3,9,15,15,31,3,0,4,19,6,23,64,64,128,20,29,50,0,8,8,16,15,33,0,5,6,10,9,17,43,64,110,26,28,55,0,0,0,14,31,41,4,14,20,9,4,13,53,87,135,44,31,79,0,3,5,9,15
801011024,0,0,0,0,0,0,87,83,174,92,90,177,21,42,65,0,0,0,4,0,4,0,0,0,86,60,146,108,109,221,76,75,146,4,10,8,6,10,11,0,0,0,70,55,129,150,144,295,102,101,202,5,0,11,0,12,10,0,0,0,38,40,81,143,162,299,54,68,125,6,3,11,6,11,21,0,0,0,38,24,62,105,106,214,68,58,116,0,10,11,15,16,27,0,6,6,33,23,59,108,112,221,43,48,93,4,9,5,12,15,29,0,0,0,21,17,38,80,90,166,31,36,62,7,9,14,12,15,29,0,3,10,19,18,41,75,75,149,40,24,58,3,7,10,11,10,20,0,0,3,9,12,21,64,58,116,28,29,56,3,4,5,3,19,27,0,3,7,9,7,15,46,64,110,31,42,80,3,0,8,7,18,24,0,7,9,5,9,14,58,79,136,37,25,64,3,0,4,7,8
801011025,0,0,0,0,0,0,72,71,142,73,74,143,6,12,21,0,0,0,0,4,4,0,0,0,41,49,93,54,66,122,35,41,79,0,5,3,7,6,8,0,0,0,43,48,88,86,92,180,51,77,128,4,3,7,3,3,10,0,0,0,41,28,70,103,116,217,74,57,130,0,0,3,5,5,6,0,0,0,19,23,45,100,88,194,59,58,114,3,10,12,7,10,17,0,0,0,34,17,53,102,91,194,47,50,98,7,5,7,9,9,19,0,4,4,8,16,21,62,81,145,39,37,80,4,8,7,11,14,21,0,0,0,13,8,24,64,67,131,39,41,75,5,5,3,6,14,17,0,0,0,10,9,14,53,67,117,43,49,92,0,0,0,5,31,34,0,6,7,7,3,14,52,89,140,59,40,105,0,6,6,13,20,29,9,13,18,0,5,7,76,83,162,26,20,48,0,0,0,4,9
801011026,0,0,0,0,0,0,79,73,157,80,80,162,20,16,39,0,3,3,0,0,0,0,0,0,62,43,109,82,66,151,34,42,74,0,3,3,3,3,3,0,0,0,26,29,55,62,72,133,56,67,123,0,0,4,3,0,5,0,0,0,25,17,39,80,85,167,63,70,139,0,3,6,5,6,10,0,0,0,25,21,43,88,103,188,68,75,140,3,3,8,6,18,18,0,0,0,18,10,22,91,107,193,84,71,163,6,3,13,6,8,16,0,0,0,14,8,21,115,98,206,68,55,121,0,0,0,0,5,9,0,3,3,10,4,11,76,70,145,56,62,116,0,0,3,7,9,14,0,5,4,8,4,11,74,80,155,45,45,96,0,0,0,0,5,10,0,9,6,9,6,9,52,72,123,57,58,110,0,0,0,7,16,16,0,13,12,3,5,4,64,85,154,61,56,113,0,0,0,0,5
801011111,0,0,0,0,0,0,0,0,0,0,0,0,0,0,0,0,0,0,0,0,0,0,0,0,0,0,0,0,0,0,0,0,0,0,0,0,0,0,0,0,0,0,0,0,0,0,0,0,0,0,0,0,0,0,0,0,0,0,0,0,0,0,0,0,0,0,0,0,0,0,0,0,0,0,0,0,0,0,0,0,0,0,0,0,0,0,0,0,0,0,0,0,0,0,0,0,0,3,3,0,3,3,0,0,0,0,0,0,0,0,0,0,0,0,0,0,3,0,0,3,0,0,0,0,0,0,0,0,0,0,0,0,0,0,0,0,0,0,0,0,0,0,0,0,0,0,0,0,0,0,0,0,0,0,0,0,0,0,0,0,0,0,0,0,0,0,0,0,0,0,0,0,0,0,0,0,0,0,0,0,0,0,0,0,0,0,0,0,0,0,0,0,0,0,0,0,0,0,0,0
801011142,0,0,0,0,0,0,0,0,0,0,0,0,0,0,0,0,0,0,0,0,0,0,0,0,0,0,0,0,0,0,0,0,0,0,0,0,0,0,0,0,0,0,0,0,0,0,0,0,0,0,0,0,0,0,0,0,0,0,0,0,0,0,0,0,0,0,0,0,0,0,0,0,0,0,0,0,0,0,0,0,0,0,0,0,0,0,0,0,0,0,0,0,0,0,0,0,0,0,0,0,0,0,0,0,0,0,0,0,0,0,0,0,0,0,0,0,0,0,0,0,0,0,0,0,0,0,0,0,0,0,0,0,0,0,0,0,0,0,0,0,0,0,0,0,0,0,0,0,0,0,0,0,0,0,0,0,0,0,0,0,0,0,0,0,0,0,0,0,0,0,0,0,0,0,0,0,0,0,0,0,0,0,0,0,0,0,0,0,0,0,0,0,0,0,0,0,0,0,0,0
801011143,0,0,0,0,0,0,16,28,45,19,32,55,11,21,36,0,0,0,0,0,0,0,0,0,26,30,59,36,57,97,35,49,77,0,0,0,0,0,0,0,0,0,15,17,28,51,60,108,40,30,70,0,0,0,0,0,8,0,0,0,5,16,24,53,54,105,18,18,40,0,0,0,0,5,4,0,0,0,0,4,5,24,25,49,13,10,30,0,0,0,0,4,6,0,0,0,0,0,0,20,11,33,9,7,18,0,0,3,0,0,0,0,0,0,4,0,3,13,12,22,5,3,6,0,0,0,3,0,4,0,0,0,0,0,0,12,3,12,4,4,3,0,0,0,0,0,0,0,0,0,0,0,0,3,3,9,4,0,0,0,0,0,0,0,0,0,0,0,0,0,0,4,8,8,0,3,4,0,0,0,0,0,0,0,0,0,0,0,0,0,8,7,0,0,0,0,0,0,0,0
801011144,0,0,0,0,0,0,0,0,0,0,0,0,0,0,0,0,0,0,0,0,0,0,0,0,0,0,5,0,0,5,0,0,0,0,0,0,0,0,0,0,0,0,0,6,6,0,6,6,0,3,3,0,0,0,0,0,0,0,0,0,0,0,0,0,5,5,0,0,0,0,0,0,0,0,0,0,0,0,0,0,0,0,0,0,3,0,3,0,0,0,0,0,0,0,0,0,0,0,0,3,0,3,0,0,0,0,0,0,0,0,0,0,0,0,0,0,0,0,0,0,0,3,3,0,0,0,0,0,0,0,0,0,0,0,0,0,3,3,0,0,0,0,0,0,0,0,0,0,0,0,0,0,0,0,0,0,0,0,0,0,0,0,0,0,0,0,0,0,0,0,0,0,0,0,0,0,0,0,0,0,0,0,0,0,0,0,0,0,0,0,0,0,0,0,0,0,0,0,0,0
801031031,0,0,0,0,0,0,27,0,32,35,0,37,25,0,25,0,0,0,0,0,0,0,0,0,46,3,51,71,3,76,17,0,17,4,0,4,0,0,0,0,0,0,52,0,53,74,0,73,18,0,20,4,0,4,0,0,0,0,0,0,38,7,40,62,9,66,8,0,8,0,0,0,0,0,0,0,0,0,20,0,25,37,6,40,12,5,15,4,0,4,0,0,0,0,0,0,12,0,12,31,3,38,0,0,0,0,0,0,3,0,3,0,0,0,11,0,11,14,0,14,3,0,3,0,0,0,4,0,4,0,0,0,7,5,6,9,5,16,4,0,4,3,0,3,0,0,0,0,0,0,0,0,0,4,0,4,0,0,0,0,0,0,0,0,0,0,0,0,5,0,5,5,0,5,0,0,0,0,0,0,0,0,0,0,0,0,4,0,4,5,0,5,4,0,4,0,0,0,6,0
801031032,0,0,0,0,0,0,0,0,0,0,0,0,0,0,0,0,0,0,0,0,0,0,0,0,0,0,4,0,3,3,0,0,0,0,0,0,0,0,0,0,0,0,0,0,0,0,0,0,0,0,0,0,0,0,0,0,0,0,0,0,0,0,0,0,0,0,0,0,0,0,0,0,0,0,0,0,0,0,0,0,0,0,0,0,0,0,6,0,0,0,0,0,0,0,0,0,0,0,0,0,0,3,0,0,0,0,0,0,0,0,0,0,0,0,0,0,0,0,0,0,0,6,4,0,0,0,0,0,0,0,0,0,0,0,0,0,6,4,0,0,0,0,0,0,0,0,0,0,0,0,0,0,0,0,0,0,0,0,0,0,0,0,0,0,0,0,0,0,0,0,0,0,0,0,0,0,0,0,0,0,0,0,0,0,0,0,0,0,0,0,0,0,0,0,0,0,0,0,0,0
801031113,0,0,0,0,0,0,35,22,54,35,24,56,0,7,7,0,0,0,0,0,0,0,0,0,38,19,61,38,27,64,23,22,39,4,0,4,0,3,3,0,0,0,28,11,41,48,34,82,16,11,28,3,0,9,4,0,4,0,0,0,32,8,35,55,22,79,23,11,36,0,0,5,8,3,11,0,0,0,21,14,33,52,36,85,13,4,17,3,11,12,11,6,16,0,0,0,29,5,33,53,26,84,7,9,25,3,0,3,7,5,15,0,0,0,32,11,37,59,25,81,13,10,22,5,0,9,25,5,31,0,0,0,25,0,28,70,25,93,13,10,26,7,9,8,33,6,41,0,5,11,6,14,24,59,40,105,16,12,27,6,0,8,18,24,34,0,6,5,3,0,8,41,47,86,14,6,17,0,5,3,9,11,16,0,6,5,8,3,9,27,24,59,4,3,12,0,0,4,10,6
801031114,0,0,0,0,0,0,0,5,5,3,3,5,0,4,4,0,0,0,0,0,0,0,0,0,3,0,7,3,8,10,5,0,6,0,0,0,0,0,0,0,0,0,5,0,5,5,0,12,5,0,3,6,0,6,0,0,0,0,0,0,0,0,0,10,3,11,0,5,10,0,0,0,0,5,5,0,0,0,0,0,0,4,13,17,3,0,4,0,0,0,0,0,0,0,0,0,4,3,3,6,9,8,0,0,0,0,0,0,4,0,0,0,0,0,0,0,0,4,3,10,0,4,3,0,0,0,5,0,5,0,0,0,3,0,5,9,5,15,4,0,4,0,0,0,3,0,3,0,0,0,0,0,0,5,0,5,0,0,0,0,0,0,0,0,0,0,0,0,0,0,0,0,0,0,0,0,0,0,0,0,0,0,0,0,0,0,0,0,0,0,0,0,0,0,0,0,0,0,0,0
801031115,0,0,0,0,0,0,45,16,63,45,16,63,0,0,0,0,0,0,0,0,0,0,0,0,31,14,45,36,16,46,0,4,5,0,0,0,0,0,0,0,0,0,3,0,8,7,3,13,0,0,0,6,0,5,0,0,0,0,0,0,3,4,3,3,7,10,6,3,6,0,0,0,0,0,0,0,0,0,0,0,0,6,3,6,0,4,0,0,0,3,0,0,0,0,0,0,0,4,7,7,7,11,12,13,21,0,0,0,0,0,0,0,0,0,10,0,12,20,9,30,0,9,7,0,0,0,0,0,0,0,0,0,0,4,3,4,15,15,6,3,11,0,0,0,0,0,0,0,0,0,0,0,0,6,3,8,0,9,5,0,0,0,0,0,0,0,0,0,0,0,0,0,9,5,5,0,6,0,0,0,3,0,3,0,0,0,0,0,0,7,0,9,0,0,3,0,0,0,0,0
801041034,0,0,0,0,0,0,204,181,386,203,196,396,50,66,118,4,0,3,3,3,7,0,0,0,134,114,252,192,181,374,112,146,253,0,7,5,4,0,9,0,0,0,94,42,144,213,196,408,153,174,320,4,4,10,9,4,15,0,0,4,52,39,92,218,227,446,182,203,386,4,11,16,17,29,46,0,0,0,28,28,55,242,272,512,205,223,432,11,14,28,12,37,52,0,0,0,43,33,74,279,303,584,187,157,346,10,9,17,25,28,53,0,3,6,24,31,54,247,228,475,134,120,255,3,3,8,23,28,48,5,0,5,10,16,28,168,178,348,75,74,145,3,5,6,6,23,36,0,4,4,13,12,17,96,119,214,64,52,119,0,8,7,13,26,40,6,12,15,3,3,8,87,91,180,54,44,92,0,3,10,4,12,18,5,18,22,0,0,8,64,75,140,29,28,56,3,0,3,0,10
801041035,0,0,0,0,0,0,203,199,398,212,223,427,83,113,197,0,4,7,0,5,5,0,0,0,196,126,325,283,251,529,152,230,383,4,8,7,9,7,21,0,0,0,114,99,208,270,347,614,281,317,600,9,15,23,18,31,48,0,3,3,84,78,153,390,446,834,313,285,601,12,14,27,19,23,48,0,4,5,48,40,94,397,368,767,221,181,402,11,11,24,20,35,56,0,9,9,24,24,54,269,270,535,145,102,251,6,8,16,25,30,49,0,0,0,17,12,29,193,163,349,79,67,142,8,3,12,16,17,31,0,6,4,4,12,16,106,102,209,59,44,102,3,0,3,3,10,9,5,14,13,0,3,6,65,73,140,47,42,86,5,9,10,7,16,20,6,11,15,3,0,3,57,75,126,37,24,65,0,3,3,3,3,3,4,21,26,0,0,0,42,51,94,19,20,42,0,0,0,3,7
801041036,0,0,0,0,0,0,169,167,334,169,184,351,64,106,172,0,4,7,0,5,3,0,0,0,180,163,344,249,274,519,174,253,432,3,12,13,8,11,20,0,5,5,117,110,229,308,380,688,287,316,599,8,12,18,25,21,39,0,0,0,83,88,170,398,432,832,269,202,466,8,10,20,20,27,52,0,4,4,60,36,93,351,287,636,170,149,322,7,10,13,14,36,53,0,0,5,30,31,64,224,230,449,91,75,167,12,7,14,16,31,48,0,5,5,14,14,31,126,135,261,86,64,145,0,3,3,15,35,42,0,3,0,5,21,26,104,118,225,64,66,127,8,4,13,11,21,28,3,10,14,3,12,9,85,111,195,57,41,97,5,0,5,9,9,20,3,11,12,0,0,6,74,66,141,28,24,49,0,0,0,3,13,13,8,16,23,0,0,0,32,47,86,9,0,19,0,0,0,0,3
801041037,0,0,0,0,0,0,111,119,226,116,123,241,49,58,106,0,3,3,4,5,6,0,0,0,138,119,262,194,186,380,120,170,287,4,0,6,7,9,18,0,0,0,89,89,174,215,266,485,216,250,466,3,5,14,11,14,23,0,0,0,40,57,96,268,331,595,195,177,365,6,0,8,11,11,25,0,0,0,34,30,61,244,220,461,133,111,245,6,0,6,7,15,23,0,0,5,33,16,49,174,151,324,89,79,164,3,0,10,10,20,23,0,4,5,16,10,27,118,110,224,72,50,121,4,0,3,7,20,28,0,3,3,8,8,14,94,84,176,44,37,82,3,0,0,5,9,14,0,0,0,0,5,6,51,54,108,35,41,78,0,0,0,0,20,20,0,13,13,5,3,11,44,72,116,42,33,77,0,4,0,0,4,4,0,13,13,0,6,3,47,47,101,24,17,44,0,0,0,0,10
801041038,0,0,0,0,0,0,114,99,213,115,109,222,24,34,57,4,0,0,0,0,0,0,0,0,82,67,148,108,102,208,72,97,170,4,8,4,4,6,10,0,0,0,28,38,65,109,146,260,149,194,348,4,0,8,9,6,21,0,0,0,18,33,57,192,245,432,187,209,393,0,4,4,13,25,31,0,0,0,21,21,42,218,253,471,185,168,355,4,9,10,21,15,36,0,6,6,23,9,30,228,208,437,150,117,262,6,8,15,13,18,26,0,0,0,7,11,15,179,146,325,63,65,129,4,4,11,10,16,24,0,3,3,4,4,7,84,90,175,63,40,108,3,4,7,5,11,14,0,6,11,4,9,10,78,64,136,37,35,77,0,0,0,3,9,8,0,8,14,6,0,4,50,60,106,30,23,54,4,0,4,0,7,10,0,7,8,0,0,0,36,38,77,23,7,34,0,0,0,7,0
801041039,0,0,0,6,0,6,293,265,560,320,306,622,151,208,357,3,3,10,0,4,8,0,0,0,370,311,680,529,523,1055,225,277,499,6,9,18,8,15,24,0,0,0,188,157,348,423,460,888,282,280,568,7,11,18,21,25,46,0,0,0,109,106,212,420,426,848,253,216,473,5,10,17,24,21,46,0,0,0,61,41,103,344,295,640,220,184,403,9,10,20,25,22,46,0,0,0,35,28,64,283,252,533,133,103,239,3,8,7,26,21,47,0,0,0,11,20,36,175,157,327,94,82,172,5,4,10,14,24,38,0,5,4,9,5,18,123,123,246,60,53,108,0,0,3,7,18,28,0,15,15,10,3,17,80,86,166,45,38,83,3,6,5,6,14,24,0,12,13,5,0,10,63,72,133,30,27,55,5,0,5,5,5,14,5,12,19,0,0,0,40,45,88,13,5,18,0,5,5,0,0
801041040,0,6,6,0,0,0,383,363,743,404,416,812,206,264,472,3,9,8,0,9,8,0,0,0,448,360,807,663,642,1306,293,291,585,19,19,39,12,14,24,0,0,0,245,201,444,567,521,1083,256,230,485,13,20,38,16,20,36,0,0,0,112,102,216,400,374,775,211,207,413,26,16,39,21,26,44,0,7,8,62,68,126,321,317,635,179,165,351,19,18,34,27,37,67,0,0,0,41,32,75,275,258,533,177,133,308,17,17,30,19,36,54,0,6,6,38,23,58,243,216,457,122,97,220,16,8,21,23,37,64,0,4,9,14,18,30,175,170,340,103,88,188,11,0,10,16,36,52,0,10,13,15,11,20,145,142,282,70,75,144,4,4,7,12,23,37,4,14,17,3,3,10,99,121,218,49,43,92,5,0,5,9,20,26,0,20,20,0,5,5,55,83,143,32,25,55,0,3,0,0,6
801041043,0,0,0,0,0,0,6,8,10,6,8,10,0,0,0,0,0,0,0,0,0,0,0,0,11,0,8,11,0,8,0,0,0,0,0,0,0,0,0,0,0,0,0,0,0,4,0,6,0,0,0,0,0,0,0,0,4,0,0,0,3,5,8,8,4,11,0,5,13,3,0,3,0,0,0,0,0,0,5,5,3,10,8,18,9,13,21,0,0,0,0,3,3,0,0,0,3,5,7,10,22,25,15,10,17,0,0,0,0,0,0,0,0,0,3,6,5,14,9,25,10,13,20,0,0,0,0,0,0,0,0,0,0,0,0,13,13,22,7,9,13,0,0,0,0,0,0,0,0,0,0,0,0,7,12,18,9,16,23,0,0,0,0,0,0,0,0,0,0,0,0,9,16,25,14,11,26,0,0,0,0,0,0,3,0,3,0,0,0,14,9,25,6,0,10,0,0,0,0,0
801041044,0,0,0,0,0,0,304,297,600,309,328,637,110,143,260,4,9,14,4,7,13,0,0,0,362,252,612,476,421,893,212,259,470,7,0,10,5,16,27,0,0,0,196,139,339,423,421,844,289,300,582,11,7,23,26,28,54,0,0,0,116,96,213,440,434,873,290,275,563,20,17,34,18,32,46,0,5,5,55,45,101,376,373,751,247,228,476,6,26,35,29,27,53,0,0,0,31,32,67,322,312,630,185,143,325,14,10,24,31,29,59,0,0,0,14,22,35,237,198,441,108,103,216,3,5,3,16,26,34,4,6,6,6,11,18,134,146,278,87,60,149,0,7,7,8,14,24,0,4,8,6,9,12,107,101,204,46,39,84,0,7,3,3,14,20,0,11,11,3,9,9,56,76,131,36,26,62,4,0,4,6,6,17,3,11,15,0,3,3,48,52,99,20,15,29,5,0,4,0,0
801041045,0,0,0,0,0,0,0,0,0,0,0,0,0,0,0,0,0,0,0,0,0,0,0,0,0,0,0,0,0,0,0,0,0,0,0,0,0,0,0,0,0,0,0,0,0,0,0,0,0,0,0,0,0,0,0,0,0,0,0,0,0,0,0,0,0,0,0,0,0,0,0,0,0,0,0,0,0,0,0,0,0,0,0,0,0,0,0,0,0,0,0,0,0,0,0,0,0,0,0,0,0,0,0,0,0,0,0,0,0,0,0,0,0,0,0,0,0,0,0,0,0,0,0,0,0,0,0,0,0,0,0,0,0,0,0,0,0,0,0,0,0,0,0,0,0,0,0,0,0,0,0,0,0,0,0,0,0,0,0,0,0,0,0,0,0,0,0,0,0,0,0,0,0,0,0,0,0,0,0,0,0,0,0,0,0,0,0,0,0,0,0,0,0,0,0,0,0,0,0,0
801041046,0,0,0,0,0,0,343,289,633,351,311,662,105,173,277,0,5,8,0,6,3,0,0,0,379,276,658,483,459,947,267,315,575,15,22,33,14,22,31,0,0,0,209,163,371,503,515,1015,331,337,661,10,21,35,28,47,70,0,3,3,129,130,258,495,534,1031,279,260,541,17,13,32,33,49,79,0,4,4,88,99,181,415,428,839,217,203,421,19,22,41,25,53,80,4,3,3,60,94,149,323,368,694,210,189,402,7,24,28,37,64,96,6,11,14,53,65,116,306,343,653,152,150,305,13,18,34,41,62,100,0,9,9,41,44,90,244,288,530,123,104,223,4,14,19,24,67,95,4,16,21,26,26,56,188,223,412,100,90,189,6,12,15,22,60,86,5,26,31,9,8,24,145,200,341,87,98,180,10,11,23,23,59,84,8,39,46,4,9,9,129,218,341,88,65,150,0,7,5,7,21
801041047,0,0,0,0,0,0,254,214,467,254,217,476,23,29,47,0,0,0,0,3,3,0,0,0,138,95,237,161,124,285,70,98,172,4,8,15,0,0,4,0,0,0,66,41,108,138,150,288,116,149,260,0,8,9,7,14,15,0,0,0,31,28,55,146,190,341,138,164,298,7,8,13,11,13,25,0,0,0,19,29,51,174,208,385,190,197,388,8,5,14,23,23,49,3,0,4,30,19,56,253,258,506,248,265,515,8,7,13,22,26,54,3,6,8,23,23,50,309,330,643,238,223,458,3,12,10,20,25,48,3,7,12,19,15,30,277,282,562,193,174,367,7,8,12,24,20,42,3,8,13,10,15,20,236,224,455,163,139,302,3,5,12,17,29,46,0,18,20,10,6,14,193,192,383,136,122,253,6,5,8,12,18,28,9,27,36,0,9,10,156,174,328,99,67,174,0,0,0,8,15
801041048,0,0,0,0,0,0,188,156,345,197,161,356,37,61,103,0,3,3,3,0,0,0,0,0,149,138,290,189,209,399,97,139,233,0,4,7,3,6,10,0,0,0,120,82,206,221,229,453,156,130,286,3,11,21,15,17,25,0,0,0,67,65,131,247,215,460,123,132,248,10,8,25,12,18,30,0,0,0,65,51,117,204,204,416,106,118,225,6,3,10,13,32,45,0,7,6,38,36,73,164,195,362,117,128,248,7,9,17,24,37,64,5,6,7,38,25,55,190,201,392,121,111,235,11,7,12,12,33,53,5,7,10,17,16,37,166,181,350,107,97,202,9,9,11,23,31,58,4,8,9,9,7,22,151,153,302,80,74,161,3,10,14,16,27,40,0,20,23,14,10,20,108,142,259,74,53,130,0,0,0,6,28,32,12,24,41,7,0,9,97,110,208,38,25,64,0,0,4,3,10
801041116,0,0,0,0,0,0,0,0,0,0,0,0,0,0,0,0,0,0,0,0,0,0,0,0,0,0,0,0,0,0,0,0,0,0,0,0,0,0,0,0,0,0,0,0,0,0,0,0,0,0,0,0,0,0,0,0,0,0,0,0,0,0,0,0,0,0,0,0,0,0,0,0,0,0,0,0,0,0,0,0,0,0,0,0,0,0,0,0,0,0,0,0,0,0,0,0,0,0,0,0,0,0,0,0,0,0,0,0,0,0,0,0,0,0,0,0,0,0,0,0,0,0,0,0,0,0,0,0,0,0,0,0,0,0,0,0,0,0,0,0,0,0,0,0,0,0,0,0,0,0,0,0,0,0,0,0,0,0,0,0,0,0,0,0,0,0,0,0,0,0,0,0,0,0,0,0,0,0,0,0,0,0,0,0,0,0,0,0,0,0,0,0,0,0,0,0,0,0,0,0
801041117,0,0,0,0,0,0,0,0,0,0,0,0,0,0,0,0,0,0,0,0,0,0,0,0,0,0,0,0,0,0,0,0,0,0,0,0,0,0,0,0,0,0,0,0,0,0,0,0,0,0,0,0,0,0,0,0,0,0,0,0,0,0,0,0,0,0,0,0,0,0,0,0,0,0,0,0,0,0,0,0,0,0,0,0,0,0,0,0,0,0,0,0,0,0,0,0,0,0,0,0,0,0,0,0,0,0,0,0,0,0,0,0,0,0,0,0,0,0,0,0,0,0,0,0,0,0,0,0,0,0,0,0,0,0,0,0,0,0,0,0,0,0,0,0,0,0,0,0,0,0,0,0,0,0,0,0,0,0,0,0,0,0,0,0,0,0,0,0,0,0,0,0,0,0,0,0,0,0,0,0,0,0,0,0,0,0,0,0,0,0,0,0,0,0,0,0,0,0,0,0
801041118,0,0,0,0,0,0,18,19,34,19,22,38,4,15,19,0,0,0,0,5,3,0,0,0,17,20,34,25,30,58,20,16,38,0,4,4,0,0,0,0,0,0,15,16,34,31,44,72,37,43,77,0,5,4,0,5,4,0,0,0,7,10,7,43,50,96,28,26,55,0,0,5,0,9,9,0,0,0,3,7,13,33,40,69,16,14,34,3,4,4,0,9,10,0,0,0,8,0,9,32,26,53,3,10,11,0,0,0,0,7,7,0,0,0,0,3,3,3,18,22,5,0,5,0,0,0,0,0,0,0,0,0,0,0,0,5,0,10,5,0,3,0,0,0,0,0,0,0,0,0,0,0,0,5,7,10,3,5,7,0,0,0,0,0,0,0,0,0,0,0,0,3,8,13,4,0,4,0,0,0,0,5,5,0,0,0,0,0,0,4,5,10,0,0,3,0,0,0,0,0
801041119,0,0,0,0,0,0,0,0,0,0,0,0,0,0,0,0,0,0,0,0,0,0,0,0,0,0,0,0,0,0,0,0,0,0,0,0,0,0,0,0,0,0,0,0,0,0,0,0,0,0,0,0,0,0,0,0,0,0,0,0,0,0,0,0,0,0,0,0,0,0,0,0,0,0,0,0,0,0,0,0,0,0,0,0,0,0,0,0,0,0,0,0,0,0,0,0,0,0,0,0,0,0,0,0,0,0,0,0,0,0,0,0,0,0,0,0,0,0,0,0,0,0,0,0,0,0,0,0,0,0,0,0,0,0,0,0,0,0,0,0,0,0,0,0,0,0,0,0,0,0,0,0,0,0,0,0,0,0,0,0,0,0,0,0,0,0,0,0,0,0,0,0,0,0,0,0,0,0,0,0,0,0,0,0,0,0,0,0,0,0,0,0,0,0,0,0,0,0,0,0
801041120,0,0,0,0,0,0,139,116,255,147,140,282,94,130,222,0,0,0,0,0,4,0,5,5,142,111,255,234,246,486,191,283,470,4,11,16,7,7,13,0,0,0,97,75,167,297,374,662,276,284,565,10,3,14,17,13,30,0,0,0,51,55,99,343,362,701,250,184,432,4,11,13,11,15,27,0,0,0,26,24,47,286,233,526,127,91,218,0,4,7,6,17,21,0,0,0,15,24,40,156,139,294,67,56,127,6,7,4,17,14,31,0,0,0,6,8,11,93,82,178,38,43,80,0,3,3,0,10,14,0,4,4,6,5,10,53,57,112,26,22,56,0,0,0,5,5,11,6,5,9,4,6,7,40,38,78,24,13,40,3,5,3,3,3,9,0,9,10,0,0,0,35,35,68,17,12,22,0,0,0,3,0,3,0,4,4,0,0,0,16,19,38,12,8,14,0,0,0,0,0
801041121,0,0,0,0,0,0,54,56,113,53,67,120,39,70,108,0,0,0,0,0,0,0,0,0,65,47,111,106,121,226,120,153,270,0,4,3,5,0,5,0,0,0,26,21,44,147,180,323,141,122,270,4,4,7,3,7,8,0,0,0,15,10,23,160,146,309,92,56,148,3,4,3,4,7,15,0,4,3,10,9,20,110,80,183,33,36,66,0,3,3,3,10,12,0,0,0,4,9,8,45,51,99,24,18,43,0,0,4,3,3,6,0,3,3,0,3,7,29,27,58,19,20,41,3,0,0,4,0,3,0,0,0,3,0,3,27,29,50,13,13,28,0,0,0,0,4,4,0,10,7,0,0,4,17,25,46,17,14,25,0,0,0,0,5,5,0,9,10,0,0,0,18,16,41,9,9,19,0,0,0,0,5,5,0,0,3,0,0,3,14,11,24,0,0,0,0,0,0,0,0
801041122,0,0,0,0,0,0,50,44,92,52,51,104,32,50,90,0,0,4,0,4,0,0,0,0,58,52,106,87,109,197,99,123,223,0,3,3,3,5,7,0,0,0,49,36,84,150,171,321,138,140,279,3,4,10,6,9,16,4,0,4,17,15,31,165,169,338,116,98,211,6,0,10,0,4,7,0,0,0,15,7,19,140,110,249,80,47,127,0,3,4,0,4,10,0,0,0,3,0,10,91,58,147,38,45,80,0,4,4,3,0,5,0,0,0,0,0,3,42,49,89,31,13,40,0,3,3,0,6,10,0,0,0,7,4,9,35,25,59,4,17,15,0,3,0,0,4,6,0,3,3,0,0,0,5,23,27,17,13,26,0,0,0,0,0,3,0,0,0,0,0,0,19,16,37,4,9,10,0,0,0,0,0,0,0,5,0,0,0,0,7,13,16,8,5,10,0,0,0,0,0
801051049,0,0,0,0,0,0,524,540,1067,525,540,1060,0,7,7,0,0,0,0,0,0,0,0,0,104,67,169,102,76,175,10,8,21,0,0,0,0,0,0,0,0,0,39,32,70,48,42,94,3,4,14,0,0,0,0,0,0,0,0,0,13,11,24,19,16,34,0,0,5,0,0,0,4,0,4,0,0,0,4,13,12,4,11,16,0,0,0,0,0,0,0,0,0,0,0,0,0,0,0,0,4,4,0,5,0,0,0,0,0,0,0,0,0,0,0,0,3,0,7,10,0,0,0,0,0,0,0,0,0,0,0,0,0,0,0,0,0,0,0,0,0,0,0,0,0,0,0,0,0,0,0,0,0,0,0,0,0,0,0,0,0,0,0,0,0,0,0,0,0,0,0,0,0,0,0,0,0,0,0,0,0,0,0,0,0,0,0,0,0,0,0,0,0,0,0,0,0,0,0,0
801051050,0,0,0,0,0,0,163,224,391,163,232,391,7,12,19,0,0,0,0,0,4,0,0,0,144,158,302,154,171,320,52,58,111,0,3,4,0,4,4,0,0,0,94,71,165,148,134,278,86,115,196,5,3,4,7,12,18,0,0,0,54,70,122,151,200,349,104,108,208,3,8,14,4,13,22,3,0,3,47,52,97,165,180,345,120,112,231,5,3,7,11,19,30,0,7,7,32,52,86,168,188,352,100,115,216,3,12,12,24,18,39,0,0,0,47,52,98,175,201,381,107,92,201,3,4,9,22,34,56,0,3,3,40,44,87,179,183,359,76,77,148,0,0,10,24,45,72,0,7,4,45,43,94,151,177,326,72,72,142,8,8,14,20,31,54,3,9,17,28,22,53,135,146,278,69,53,120,8,6,7,16,40,54,6,18,30,11,7,25,104,129,236,49,38,85,0,0,4,14,23
801051051,0,0,0,0,0,0,458,577,1033,465,595,1062,54,86,140,4,3,6,7,3,10,0,0,0,652,691,1342,707,783,1488,132,129,263,5,7,13,8,16,21,0,0,0,423,354,776,575,503,1081,114,109,222,5,8,12,18,28,45,0,0,0,229,161,397,373,304,678,62,51,114,5,15,18,23,17,42,5,0,5,94,76,171,190,155,347,55,44,95,4,10,11,17,23,39,0,4,4,57,58,112,131,128,265,38,33,72,11,13,19,16,19,35,0,3,3,53,28,82,116,93,214,54,39,97,5,3,15,20,18,43,0,4,4,39,28,67,120,101,223,38,41,79,10,7,13,24,16,36,0,0,6,18,19,36,84,82,169,32,30,57,3,8,7,22,17,40,0,0,5,19,8,27,69,64,134,29,30,59,0,8,6,9,14,31,5,10,14,17,8,19,58,70,126,25,10,32,0,0,3,3,13
801051053,0,0,0,0,0,0,544,644,1190,545,650,1196,40,61,96,0,0,0,0,0,6,0,0,0,418,379,797,461,439,897,72,76,153,4,5,7,3,8,9,0,0,0,231,156,383,312,243,554,58,64,124,10,3,11,15,10,23,0,0,0,112,70,184,191,150,337,39,30,70,8,6,4,6,9,16,0,0,0,60,44,98,105,85,192,55,38,89,3,5,12,12,15,28,0,0,0,30,14,44,101,72,170,53,45,104,10,4,14,16,16,31,0,0,0,22,15,35,97,75,175,46,43,94,9,0,9,13,15,29,0,0,3,6,12,18,69,80,153,40,35,73,3,0,4,12,11,30,0,4,4,5,5,8,63,56,122,40,28,64,0,0,4,7,0,7,0,8,5,10,3,14,56,40,98,28,31,58,0,0,0,11,11,18,5,3,12,0,0,0,40,45,92,19,9,30,0,0,0,0,5
801051054,0,0,0,0,0,0,214,282,496,218,290,503,26,41,70,0,6,6,0,3,0,0,0,0,222,227,453,250,278,535,67,76,136,5,5,4,3,3,3,0,0,0,133,122,252,203,200,403,82,78,163,0,0,5,12,15,25,0,0,0,61,48,112,164,143,307,41,42,89,3,8,19,9,9,11,0,0,0,28,35,64,84,94,182,41,41,78,0,4,3,9,12,21,0,0,0,22,41,61,80,94,175,36,50,82,0,10,6,15,11,27,0,0,3,25,29,53,75,97,169,35,24,56,8,4,8,5,12,22,3,3,8,21,21,43,76,63,136,22,31,60,0,3,3,8,15,28,0,5,0,14,10,26,58,58,117,24,10,33,0,0,6,8,7,18,0,5,5,4,9,10,33,30,65,11,12,25,0,0,0,4,5,12,0,5,5,10,3,16,26,32,61,12,6,23,0,0,0,6,3
801051055,0,0,0,0,0,0,150,209,358,159,217,372,34,46,82,0,3,3,0,0,0,0,0,0,141,147,288,179,201,376,71,85,159,5,5,11,5,7,10,0,0,0,106,90,195,193,178,371,119,118,236,0,12,13,3,12,16,0,0,0,79,56,134,207,193,402,114,116,232,4,12,14,14,15,26,0,0,0,50,54,103,183,192,375,84,70,159,7,12,15,10,8,17,0,0,0,48,37,82,146,131,276,63,69,126,3,9,12,11,26,32,0,3,4,29,34,62,104,141,245,63,43,107,3,5,10,15,12,20,0,7,7,28,21,44,107,86,195,44,32,80,9,10,16,9,17,27,4,3,3,26,26,51,95,93,186,38,52,88,5,0,3,6,14,26,4,3,9,11,14,28,65,90,157,35,26,67,3,9,5,13,10,19,3,18,25,8,11,15,62,74,134,25,25,49,0,0,0,4,10
801051056,0,0,0,0,0,0,65,85,147,65,90,152,6,13,16,0,0,0,0,0,0,0,0,0,71,73,146,72,83,157,35,39,72,0,6,6,0,0,0,0,0,0,54,40,100,93,83,177,48,84,131,5,4,10,0,4,7,0,0,0,29,35,67,85,122,206,102,82,185,0,3,4,4,9,10,0,0,0,42,31,69,142,125,271,70,81,150,3,4,10,3,7,13,0,0,0,30,36,67,114,129,240,78,84,159,3,4,12,14,11,26,0,5,5,43,36,80,137,137,278,59,64,122,4,3,4,14,15,24,0,3,3,18,33,54,95,117,209,43,44,87,9,4,10,3,12,12,3,5,6,20,25,43,80,83,164,33,41,70,10,5,10,3,11,17,0,8,8,13,12,23,55,74,132,37,23,62,4,4,3,6,10,22,0,14,19,9,9,13,54,56,111,17,24,43,0,0,0,8,9
801051057,0,0,0,0,0,0,252,321,575,260,330,591,49,60,110,0,5,5,0,0,3,0,0,0,293,335,623,345,402,743,88,108,199,10,9,9,9,10,10,0,0,0,224,179,405,326,300,628,111,110,222,0,8,11,7,16,28,0,0,0,121,99,224,243,237,486,82,81,166,4,10,13,16,14,30,0,6,6,65,66,129,164,172,340,79,73,154,6,6,8,24,27,49,0,0,0,44,45,87,148,152,302,77,71,145,9,9,18,19,34,51,0,3,3,50,43,92,152,152,304,55,58,105,6,5,10,24,24,50,3,3,5,39,46,85,124,140,261,52,66,117,6,6,17,26,33,58,0,16,16,31,25,55,111,144,253,69,70,140,0,5,9,12,32,46,0,10,16,16,12,38,110,133,243,62,59,117,3,4,8,17,16,40,5,14,16,15,10,27,104,104,208,60,32,93,4,0,5,7,23
801051058,0,0,0,0,0,0,333,370,706,338,378,720,25,39,67,0,0,0,0,0,3,0,0,0,235,228,469,268,270,535,52,62,115,5,3,7,5,6,10,0,0,0,135,128,263,194,197,393,90,113,205,4,0,3,0,10,13,0,0,0,56,57,115,151,181,334,108,120,219,8,3,8,9,16,28,0,0,0,50,58,103,171,190,365,137,127,268,11,7,14,13,14,31,0,5,5,54,54,110,212,210,427,130,139,264,11,7,19,11,23,33,0,3,3,53,52,106,207,227,436,99,85,183,3,0,7,21,37,55,0,11,11,47,43,85,167,176,342,95,90,182,7,5,8,27,32,55,0,8,8,41,28,67,160,163,328,82,62,147,0,4,4,20,27,47,6,14,14,35,19,54,140,124,266,63,60,123,0,4,7,9,31,33,13,19,32,12,7,21,100,119,217,32,17,52,0,4,4,11,24
801051060,0,0,0,0,0,0,291,431,723,295,437,731,38,39,72,0,3,3,4,4,6,0,0,0,376,381,758,415,422,836,80,100,170,0,0,4,3,8,12,0,0,0,199,189,388,281,299,579,87,83,173,0,3,3,10,13,24,0,0,0,105,85,192,204,185,392,59,58,116,3,3,4,7,10,21,0,0,4,56,59,121,130,131,260,46,40,86,4,7,9,12,13,25,0,0,0,36,37,73,95,102,195,55,59,117,3,0,5,12,18,31,0,0,0,30,33,63,103,114,218,45,50,96,3,3,8,14,18,34,0,3,6,20,11,28,84,89,168,51,43,96,3,4,4,16,14,33,0,0,0,15,9,24,89,77,168,41,33,76,0,0,5,18,11,37,0,6,4,15,7,23,77,66,143,32,38,70,0,8,5,3,28,27,4,13,16,6,6,14,46,82,132,30,20,49,0,0,0,4,12
801051061,0,0,0,0,0,0,201,227,427,207,236,447,59,81,141,0,5,5,3,6,5,0,0,0,229,208,442,293,294,586,134,174,308,3,6,6,3,11,17,0,0,0,166,190,359,311,376,688,205,201,406,8,13,16,16,19,41,0,0,4,99,115,218,324,351,677,163,165,325,7,12,19,19,25,43,0,0,3,78,100,183,265,302,572,133,141,273,9,13,20,21,18,39,0,0,0,47,58,104,203,236,436,114,103,213,18,14,32,22,35,66,0,0,4,54,58,111,206,210,415,79,67,147,0,8,11,21,37,57,0,8,4,44,52,97,145,171,318,72,60,132,3,8,13,30,33,62,0,11,13,33,35,70,135,156,288,59,38,99,7,5,11,15,18,37,0,9,14,21,19,35,97,95,197,46,45,96,4,3,6,19,21,39,0,6,11,12,0,19,82,83,165,23,31,58,0,0,0,5,13
801051123,0,0,0,0,0,0,0,0,0,0,0,0,0,0,0,0,0,0,0,0,0,0,0,0,0,0,0,0,0,0,0,0,0,0,0,0,0,0,0,0,0,0,0,0,0,0,0,0,0,0,0,0,0,0,0,0,0,0,0,0,0,0,0,0,0,0,0,0,0,0,0,0,0,0,0,0,0,0,0,0,0,0,0,0,0,0,0,0,0,0,0,0,0,0,0,0,0,0,0,0,0,0,0,0,0,0,0,0,0,0,0,0,0,0,0,0,0,0,0,0,0,0,0,0,0,0,0,0,0,0,0,0,0,0,0,0,0,0,0,0,0,0,0,0,0,0,0,0,0,0,0,0,0,0,0,0,0,0,0,0,0,0,0,0,0,0,0,0,0,0,0,0,0,0,0,0,0,0,0,0,0,0,0,0,0,0,0,0,0,0,0,0,0,0,0,0,0,0,0,0
801051124,0,0,0,0,0,0,263,223,479,261,224,488,16,35,56,0,0,3,0,0,0,0,0,0,207,168,378,231,208,432,55,59,114,0,0,5,7,4,14,0,0,0,135,91,226,190,165,355,63,69,134,0,0,9,8,10,12,0,0,0,60,51,105,136,128,261,80,98,179,3,3,10,3,6,10,0,0,0,59,35,86,143,140,283,89,106,197,9,11,14,6,16,19,0,0,0,40,26,67,145,154,305,98,108,206,13,10,15,21,22,43,0,3,6,30,22,59,160,164,330,117,95,206,13,3,15,16,22,30,0,4,7,31,19,51,168,138,305,86,105,196,3,0,9,8,6,23,0,9,9,11,17,34,115,146,263,97,67,164,0,0,5,11,18,30,3,3,5,16,14,28,122,103,224,64,60,121,4,0,3,5,9,18,3,17,18,14,8,14,86,90,175,51,27,78,0,0,0,9,16
801051125,0,0,0,0,0,0,665,259,932,669,270,939,14,15,27,0,0,0,0,0,0,0,0,0,98,38,135,114,53,168,25,30,54,0,0,0,0,5,5,0,0,0,37,16,53,64,46,110,28,17,42,0,0,5,0,0,5,0,0,0,10,7,16,44,24,66,18,16,35,0,0,0,5,0,5,0,0,0,6,0,8,19,21,44,8,9,16,0,0,3,0,0,0,5,0,5,4,0,5,18,6,20,4,3,11,3,0,3,3,0,3,0,0,0,0,0,0,10,5,18,10,7,12,0,0,0,0,0,0,0,0,0,0,0,0,14,7,16,0,0,3,0,0,0,0,0,0,0,0,0,0,0,0,0,0,5,0,0,0,0,0,0,0,0,0,0,0,0,0,0,0,0,0,0,0,0,0,0,0,0,0,0,0,0,0,0,0,0,0,0,0,0,0,0,0,0,0,0,0,0
801051126,0,0,0,0,0,0,0,0,0,0,0,0,0,0,0,0,0,0,0,0,0,0,0,0,0,0,0,0,0,0,0,0,0,0,0,0,0,0,0,0,0,0,0,0,0,0,0,0,0,0,0,0,0,0,0,0,0,0,0,0,0,0,0,0,0,0,0,0,0,0,0,0,0,0,0,0,0,0,0,0,0,0,0,0,0,0,0,0,0,0,0,0,0,0,0,0,0,0,0,0,0,0,0,0,0,0,0,0,0,0,0,0,0,0,0,0,0,0,0,0,0,0,0,0,0,0,0,0,0,0,0,0,0,0,0,0,0,0,0,0,0,0,0,0,0,0,0,0,0,0,0,0,0,0,0,0,0,0,0,0,0,0,0,0,0,0,0,0,0,0,0,0,0,0,0,0,0,0,0,0,0,0,0,0,0,0,0,0,0,0,0,0,0,0,0,0,0,0,0,0
801051127,0,0,0,0,0,0,92,90,177,89,98,185,7,11,24,0,0,0,0,0,0,0,0,0,83,53,139,98,67,157,30,21,51,4,0,4,3,0,0,0,0,0,55,37,93,86,57,149,18,25,41,0,0,4,0,3,6,0,0,0,22,12,35,45,42,88,24,17,39,0,0,0,3,5,10,0,0,0,26,10,37,56,38,91,20,16,39,0,5,5,0,3,3,0,0,0,18,7,22,36,35,73,13,25,40,0,0,4,8,6,17,0,0,0,27,9,41,60,40,100,27,38,63,0,3,6,10,6,22,0,3,3,21,20,32,62,66,126,40,25,64,3,0,5,3,4,7,0,0,0,20,9,27,64,38,99,26,35,66,0,7,10,5,8,20,0,0,4,6,6,16,48,60,107,27,24,52,0,5,5,7,3,11,0,5,5,9,0,9,41,35,73,23,11,40,0,4,4,6,3
801051128,0,0,0,0,0,0,0,0,0,0,0,0,0,0,0,0,0,0,0,0,0,0,0,0,0,0,0,0,0,0,0,0,0,0,0,0,0,0,0,0,0,0,0,0,0,0,0,0,0,0,0,0,0,0,0,0,0,0,0,0,0,0,0,0,0,0,0,0,0,0,0,0,0,0,0,0,0,0,0,0,0,0,0,0,0,0,0,0,0,0,0,0,0,0,0,0,0,0,0,0,0,0,0,0,0,0,0,0,0,0,0,0,0,0,0,0,0,0,0,0,0,0,0,0,0,0,0,0,0,0,0,0,0,0,0,0,0,0,0,0,0,0,0,0,0,0,0,0,0,0,0,0,0,0,0,0,0,0,0,0,0,0,0,0,0,0,0,0,0,0,0,0,0,0,0,0,0,0,0,0,0,0,0,0,0,0,0,0,0,0,0,0,0,0,0,0,0,0,0,0
801061062,0,0,0,0,0,0,86,79,163,86,80,164,12,3,19,0,0,0,0,5,5,0,0,0,57,51,103,65,59,123,25,37,64,0,0,0,3,0,3,0,0,0,35,29,61,56,70,127,49,63,114,0,3,4,7,8,11,0,0,0,18,19,35,69,95,170,76,94,164,3,0,3,4,8,12,0,0,0,12,19,29,95,119,212,73,80,150,9,0,8,6,10,17,0,0,0,14,17,33,100,110,213,86,90,175,0,6,5,9,13,22,0,0,0,11,16,27,110,125,234,73,64,135,7,0,10,5,9,17,0,0,0,8,12,13,93,85,181,82,61,143,0,0,0,16,12,25,0,0,7,11,9,19,106,90,194,54,68,120,3,0,3,8,13,23,0,6,9,3,3,12,76,91,166,68,85,153,0,0,0,4,10,14,4,17,18,4,7,11,83,113,198,60,45,99,0,3,3,8,3
801061063,0,0,0,0,0,0,51,39,95,55,39,95,6,17,19,0,0,0,0,5,5,0,0,0,63,73,139,74,87,160,13,18,30,0,0,0,0,4,4,0,0,0,46,37,81,63,57,116,21,31,54,5,3,4,0,3,0,0,0,0,14,22,34,40,58,99,23,29,51,5,0,5,6,6,5,0,0,0,10,18,25,39,51,92,41,44,92,0,5,7,5,3,8,0,0,0,3,9,11,59,65,123,55,51,106,0,13,9,11,12,18,0,0,0,3,12,21,77,81,159,63,47,115,4,0,7,0,14,14,0,0,0,9,6,14,76,69,146,41,57,98,0,0,0,4,8,12,0,0,0,8,3,6,53,70,127,44,47,86,0,0,5,4,8,7,0,6,0,5,8,10,56,65,114,46,48,89,0,4,6,6,5,15,0,7,8,3,6,6,61,61,119,36,34,71,0,0,0,3,4
801061064,0,0,0,0,0,0,158,151,303,156,163,318,42,52,97,3,0,6,3,5,5,0,0,0,246,252,499,293,304,599,81,87,169,6,0,7,5,14,20,0,0,0,150,151,304,241,252,497,95,98,192,7,5,8,8,14,23,0,0,0,83,72,152,189,192,380,92,104,191,9,7,15,12,13,27,0,0,0,42,51,90,157,171,325,107,104,214,9,10,25,14,18,31,0,5,5,49,42,92,182,178,360,121,105,227,10,10,18,25,25,43,0,0,0,39,33,69,183,176,355,107,118,231,14,10,22,27,31,52,0,0,0,31,21,47,174,178,351,93,74,170,10,6,11,20,30,49,6,7,10,22,25,50,147,141,285,68,66,136,7,0,6,20,30,45,5,7,11,14,8,25,117,115,228,74,77,143,0,0,4,14,16,37,5,17,20,11,10,17,106,112,217,67,49,115,0,0,0,3,11
801061066,0,0,0,0,0,0,0,0,0,0,0,0,0,0,0,0,0,0,0,0,0,0,0,0,0,0,0,0,0,0,0,0,0,0,0,0,0,0,0,0,0,0,0,0,0,0,0,0,0,0,0,0,0,0,0,0,0,0,0,0,0,0,0,0,0,0,0,0,0,0,0,0,0,0,0,0,0,0,0,0,0,0,0,0,0,0,0,0,0,0,0,0,0,0,0,0,0,0,0,0,0,0,0,0,0,0,0,0,0,0,0,0,0,0,0,0,0,0,0,0,0,0,0,0,0,0,0,0,0,0,0,0,0,0,0,0,0,0,0,0,0,0,0,0,0,0,0,0,0,0,0,0,0,0,0,0,0,0,0,0,0,0,0,0,0,0,0,0,0,0,0,0,0,0,0,0,0,0,0,0,0,0,0,0,0,0,0,0,0,0,0,0,0,0,0,0,0,0,0,0
801061067,0,0,0,0,0,0,170,160,331,176,166,344,27,49,72,3,3,6,0,0,3,0,0,0,174,149,321,206,200,407,80,100,178,0,0,0,7,6,11,0,0,0,112,90,208,203,198,402,140,147,290,4,5,10,15,14,27,0,0,0,77,70,142,235,243,473,129,150,277,3,13,15,13,23,33,0,0,0,59,73,135,208,253,458,123,142,264,14,7,22,15,19,41,0,11,11,46,58,100,194,239,433,136,132,266,13,17,25,16,28,45,0,4,9,62,40,104,228,224,454,119,95,211,5,8,19,29,51,78,0,4,9,38,56,96,195,219,414,97,112,206,3,6,11,20,47,69,7,7,7,38,39,72,168,208,373,93,70,164,0,5,9,20,40,58,12,16,24,34,31,54,157,157,319,83,67,149,8,4,12,17,40,59,4,17,19,21,16,37,135,141,279,50,53,109,6,0,6,10,16
801061068,0,0,0,0,0,0,0,0,0,0,0,0,0,0,0,0,0,0,0,0,0,0,0,0,0,0,0,0,0,0,0,0,0,0,0,0,0,0,0,0,0,0,0,0,0,0,0,0,0,0,0,0,0,0,0,0,0,0,0,0,0,0,0,0,0,0,0,0,0,0,0,0,0,0,0,0,0,0,0,0,0,0,0,0,0,0,0,0,0,0,0,0,0,0,0,0,0,0,0,0,0,0,0,0,0,0,0,0,0,0,0,0,0,0,0,0,0,0,0,0,0,0,0,0,0,0,0,0,0,0,0,0,0,0,0,0,0,0,0,0,0,0,0,0,0,0,0,0,0,0,0,0,0,0,0,0,0,0,0,0,0,0,0,0,0,0,0,0,0,0,0,0,0,0,0,0,0,0,0,0,0,0,0,0,0,0,0,0,0,0,0,0,0,0,0,0,0,0,0,0
801061069,0,0,0,0,0,0,112,61,175,114,65,178,14,15,26,0,0,0,0,0,0,0,0,0,66,53,124,78,72,149,14,27,36,0,0,0,0,0,3,0,0,0,23,21,48,43,50,85,44,64,109,3,0,3,4,0,5,0,0,0,19,8,30,73,78,148,73,90,169,0,5,4,3,3,13,0,0,0,14,10,25,97,113,207,89,87,175,0,5,4,9,10,23,0,0,0,9,18,26,111,123,229,92,93,182,3,4,14,7,12,15,0,0,0,16,6,19,118,118,236,86,87,172,5,0,4,7,10,23,0,5,5,12,10,25,112,114,228,75,73,148,0,0,3,5,11,15,0,10,6,7,3,14,87,92,189,66,61,126,0,5,8,3,9,13,0,0,3,3,6,13,74,81,157,62,59,122,0,0,0,3,9,10,8,8,15,4,0,7,72,78,157,39,25,57,0,0,0,4,4
801061070,0,0,0,0,0,0,71,75,145,71,75,145,0,8,5,0,0,0,0,0,0,0,0,0,39,38,78,43,47,89,15,28,41,0,0,6,0,3,3,0,0,0,36,36,69,53,69,121,46,52,95,0,0,0,4,4,7,0,0,0,20,19,44,75,72,148,62,79,142,0,8,13,9,4,12,0,0,0,21,12,33,92,110,197,82,69,147,0,7,4,3,5,6,0,0,0,20,13,30,104,84,192,79,97,178,4,8,15,11,15,18,0,0,0,9,10,15,102,125,224,82,83,165,4,0,6,6,22,25,4,0,0,12,10,21,103,109,222,80,86,169,3,0,4,19,24,42,0,3,4,8,14,22,115,127,244,73,83,153,3,0,3,9,15,24,4,14,16,5,9,19,92,122,220,123,116,237,3,0,3,14,20,34,8,18,29,3,10,15,147,164,316,79,52,133,0,3,3,7,12
801061129,0,0,0,0,0,0,45,76,122,45,79,128,9,11,13,0,0,0,0,0,0,0,0,0,126,134,256,131,143,272,31,29,59,6,0,6,0,0,5,0,0,0,97,83,180,130,119,248,26,32,57,0,3,3,3,7,9,0,0,0,50,52,103,81,90,172,21,28,47,0,3,0,6,10,12,0,0,0,20,30,55,54,67,125,38,40,75,0,0,0,11,6,13,0,0,0,12,32,48,62,79,142,40,28,65,3,6,4,11,15,24,0,3,3,22,12,30,67,55,129,26,30,58,3,0,9,11,8,23,0,0,0,22,4,25,62,49,108,47,33,81,0,4,8,9,17,21,0,4,4,11,13,22,61,62,131,39,43,83,4,0,4,4,13,17,0,6,6,6,3,8,59,66,119,47,36,84,0,0,0,7,11,14,0,9,9,0,4,8,56,61,114,25,17,46,0,0,0,5,4
801061130,0,0,0,0,0,0,0,0,0,0,0,4,0,0,0,0,0,0,0,0,0,0,0,0,5,0,3,6,0,4,0,0,0,0,0,0,0,0,0,0,0,0,4,0,3,3,8,10,5,0,5,0,0,0,0,0,0,0,0,0,4,0,4,8,0,11,0,0,0,0,0,0,0,0,0,0,0,0,0,0,0,5,0,5,0,0,0,0,0,0,0,0,0,0,0,0,4,3,7,0,3,3,0,0,0,0,0,0,3,0,3,0,0,0,0,0,0,3,0,3,0,0,0,0,0,0,0,0,0,0,0,0,4,0,4,4,3,3,0,0,0,0,0,0,0,0,0,0,0,0,0,0,0,0,0,0,0,0,0,0,0,0,0,0,0,0,0,0,0,0,0,0,0,0,0,0,0,0,0,0,4,0,4,0,0,0,0,0,0,4,0,5,0,0,0,0,0,0,0,0
801061131,0,0,0,0,0,0,195,264,457,199,262,462,42,60,96,0,5,6,4,4,7,0,0,0,405,488,891,448,558,1004,105,131,234,7,9,12,18,18,41,0,0,0,364,340,702,494,501,993,146,116,271,14,25,34,23,26,51,0,3,3,180,190,375,364,363,734,77,92,167,13,8,24,28,30,58,0,0,0,105,118,224,222,249,469,91,86,185,20,7,28,35,32,70,0,5,5,59,68,120,204,201,407,98,78,173,15,12,23,26,30,57,0,4,5,40,41,83,183,169,345,103,113,212,7,6,8,41,59,94,3,6,7,25,22,43,171,200,374,93,78,172,9,4,12,36,40,75,4,7,10,24,10,40,166,146,310,86,85,169,0,4,8,11,24,39,3,8,13,7,10,16,109,138,248,96,85,182,3,0,7,26,23,48,8,13,17,14,3,16,140,133,269,49,42,86,0,4,3,3,18
801071071,0,0,0,0,0,0,170,167,330,170,174,351,33,51,85,3,3,6,8,4,9,0,0,0,148,128,268,193,183,373,89,130,223,0,4,3,4,4,11,0,0,0,88,65,150,181,205,379,143,134,269,12,15,25,3,11,11,0,0,0,52,44,94,209,199,403,118,122,238,0,20,23,13,23,29,0,8,8,34,40,78,165,209,370,125,135,261,19,15,27,22,27,53,0,4,4,54,26,76,220,203,422,113,118,232,3,6,15,23,24,47,0,9,8,31,24,54,167,184,350,122,102,220,11,6,18,21,30,47,9,10,12,21,12,37,174,157,329,90,74,156,5,5,8,16,39,58,0,9,9,15,12,29,130,132,261,45,39,86,5,0,7,32,18,44,3,8,13,6,3,8,87,74,163,28,29,61,0,5,5,6,24,37,5,8,9,0,0,0,43,65,112,34,18,54,0,0,0,3,4
801071072,0,0,0,0,0,0,115,97,215,119,111,231,17,36,50,0,3,3,0,3,3,0,0,0,92,99,191,115,138,251,49,69,118,0,4,5,8,7,8,0,0,0,71,60,131,129,135,267,76,80,157,7,7,15,11,10,18,0,0,0,51,50,92,137,146,282,82,73,155,6,3,13,10,14,19,0,0,0,35,35,67,124,130,257,75,65,142,5,13,14,12,14,27,0,3,3,32,32,65,127,128,253,84,94,174,3,7,13,19,31,49,0,10,10,20,22,38,125,162,289,89,83,171,6,6,15,18,32,45,0,4,4,25,20,43,128,143,277,69,66,135,4,6,7,14,31,44,6,4,7,11,15,25,100,122,222,69,52,123,4,4,6,18,39,54,3,13,11,8,11,13,94,115,213,44,30,72,0,0,0,4,25,32,5,14,16,0,0,3,56,71,126,21,21,46,0,0,4,3,16
801071073,0,0,0,0,0,0,180,176,352,182,183,370,37,53,92,0,8,8,0,0,0,0,0,0,148,137,286,186,194,382,90,114,207,0,4,9,8,8,16,0,0,0,117,87,202,218,211,423,135,135,268,11,11,22,6,10,16,0,0,0,56,50,105,208,199,406,102,106,206,7,3,13,11,15,29,0,0,0,38,40,80,164,167,331,109,122,232,5,11,17,19,26,43,0,3,3,26,25,57,161,188,353,143,141,280,4,10,16,24,39,62,0,8,3,27,14,46,201,207,410,142,144,287,3,8,21,30,59,88,0,10,5,26,24,45,210,244,449,137,126,268,9,11,14,27,28,58,4,12,16,20,15,36,190,196,388,103,83,184,0,0,4,20,28,46,3,12,22,10,6,15,137,134,275,57,51,102,4,4,10,10,25,37,6,26,30,3,3,6,84,110,191,41,27,71,3,0,4,7,14
801071074,0,0,0,0,0,0,166,145,309,169,145,316,21,51,77,0,3,9,0,0,0,0,0,0,129,122,249,160,171,332,87,103,190,3,6,6,5,5,10,0,0,0,107,67,173,202,184,389,108,123,224,6,8,16,10,17,26,0,0,0,73,47,123,193,195,389,104,86,192,5,13,11,14,13,27,0,0,0,44,46,88,162,160,320,104,101,202,6,14,20,10,20,37,0,3,0,39,32,71,167,169,329,91,96,185,15,8,22,13,32,47,0,0,0,32,27,64,143,163,308,102,139,244,10,10,17,22,55,80,4,9,10,16,17,34,162,233,389,138,136,275,7,6,7,36,40,72,0,11,12,19,16,29,206,204,407,107,72,185,7,12,18,26,31,55,4,16,21,16,20,33,160,143,312,60,49,113,10,5,7,12,12,27,8,18,24,9,0,13,96,90,188,38,28,66,0,3,4,3,6
801071075,0,0,0,0,0,0,203,149,347,200,150,347,14,41,57,3,4,5,0,0,4,0,0,0,138,112,250,157,155,314,67,80,151,0,8,13,9,4,9,0,0,0,85,68,154,160,160,323,115,137,251,7,7,14,8,17,30,0,0,0,57,47,101,188,214,398,80,95,178,6,14,18,14,10,18,0,0,0,29,41,69,128,157,280,119,127,250,4,4,14,14,25,41,0,0,0,32,23,61,170,195,364,149,173,326,12,14,26,18,36,59,0,0,0,39,27,59,214,249,466,146,136,289,5,14,15,22,40,60,0,9,11,25,21,45,199,221,424,114,82,194,6,5,14,11,16,37,0,10,10,9,10,19,147,124,270,85,57,138,3,6,14,9,18,34,5,12,15,14,6,18,110,99,209,53,42,94,0,3,0,7,19,23,5,8,12,3,0,3,69,70,140,24,20,39,0,0,3,4,17
801071076,0,0,0,0,0,0,83,60,143,83,66,145,6,10,13,0,0,0,0,0,0,0,0,0,50,23,76,60,34,91,30,44,77,0,0,0,3,3,8,0,0,0,36,22,58,79,63,142,61,67,130,0,6,4,5,6,9,0,0,0,19,16,40,88,90,183,92,98,183,4,0,5,3,10,14,0,0,0,16,13,31,117,116,238,67,74,141,6,5,7,3,9,19,0,0,0,13,19,27,90,105,199,79,72,153,4,3,9,7,12,18,0,0,3,20,14,23,107,99,206,76,90,162,4,5,6,9,15,21,0,0,0,10,12,17,97,114,209,96,108,205,0,0,0,10,11,28,0,5,5,5,3,13,121,134,251,91,80,170,0,7,7,11,24,40,0,9,8,3,11,9,111,124,234,78,62,136,4,3,9,14,7,24,7,20,23,3,0,0,99,92,188,42,17,59,0,0,0,4,5
801071077,0,0,0,0,0,0,69,63,137,77,67,140,16,20,31,0,0,0,0,0,0,0,0,0,85,67,152,102,88,189,34,40,73,0,3,8,0,6,8,0,0,0,51,47,94,85,95,177,57,73,131,0,4,3,4,0,7,0,0,0,33,37,71,97,122,215,54,52,103,6,0,7,6,12,18,0,0,0,21,29,48,89,95,186,61,56,116,0,3,9,10,14,21,0,6,6,18,10,29,89,91,171,51,58,114,0,3,3,12,14,24,4,0,0,14,10,26,77,91,170,63,63,133,4,4,7,9,23,38,0,0,0,8,12,21,96,109,203,77,72,151,6,0,0,12,16,28,3,7,5,12,11,20,105,101,203,45,48,92,0,0,5,10,7,19,5,9,12,9,0,10,76,63,137,50,37,89,0,0,0,4,8,11,0,4,9,0,0,0,54,51,106,16,15,27,0,0,0,0,4
801071078,0,0,0,0,0,0,258,236,492,259,253,510,39,63,98,4,8,11,0,0,0,0,0,3,209,209,429,255,284,537,146,174,319,4,10,16,6,9,20,0,0,0,111,91,203,266,288,551,160,192,348,5,8,16,15,18,31,0,0,0,74,74,147,252,289,541,134,138,271,9,12,23,16,27,44,0,0,0,53,63,116,214,238,457,151,155,306,13,15,27,20,43,61,0,3,3,54,61,117,241,284,520,187,215,399,7,18,28,32,58,87,0,0,5,45,35,78,279,326,599,219,223,444,15,15,38,31,56,89,7,14,18,31,28,59,303,342,644,197,138,333,4,16,18,26,45,65,9,6,12,20,15,35,255,217,473,110,98,211,8,9,17,19,45,64,0,16,20,14,9,21,155,184,340,86,72,160,5,10,17,17,39,59,6,20,29,3,4,10,117,152,272,65,48,117,4,3,3,6,18
801071079,0,0,0,0,0,0,78,80,160,86,79,161,13,23,41,0,0,0,0,0,0,0,0,0,71,69,139,87,95,182,64,81,150,0,0,0,0,0,6,0,0,0,46,40,86,110,127,240,82,88,170,3,4,5,0,5,11,0,0,0,38,30,73,124,130,253,68,67,133,4,8,10,9,9,13,0,0,0,21,19,38,103,98,195,57,59,113,0,6,9,8,10,20,3,5,6,15,10,27,86,90,176,51,58,112,3,11,13,4,20,24,0,4,3,12,16,28,73,109,181,49,58,106,6,4,7,17,19,37,0,3,4,3,7,14,76,90,165,80,81,163,0,0,0,10,23,32,0,3,3,8,7,13,98,121,221,73,76,151,0,7,10,15,22,36,3,5,10,4,4,5,98,114,210,64,59,119,0,0,5,7,13,20,6,21,23,5,0,6,77,93,169,36,30,70,0,4,5,3,4
801071080,0,0,0,0,0,0,155,168,323,162,184,344,55,94,149,0,3,5,3,4,6,0,0,0,202,175,376,269,278,540,113,111,226,5,10,12,7,9,17,0,0,0,142,115,252,263,244,507,89,78,165,3,9,15,11,19,29,0,0,0,76,67,141,181,172,349,55,47,99,7,12,23,22,13,29,0,5,3,42,45,84,121,115,235,44,28,70,16,11,26,15,19,35,0,0,0,34,31,70,112,93,201,34,55,88,6,10,16,28,33,64,0,0,0,17,22,35,86,121,203,41,47,93,11,10,25,21,51,71,0,9,7,22,11,32,104,124,225,42,49,94,4,5,15,16,33,51,7,8,14,7,12,16,80,106,184,55,53,104,5,8,12,22,33,54,4,11,14,8,5,12,89,106,194,65,46,116,3,0,6,15,28,40,7,23,31,3,5,6,92,102,196,54,47,96,5,4,3,7,15
801071081,0,0,0,0,0,0,130,107,231,131,114,248,39,51,85,0,4,4,0,0,3,0,0,0,115,104,218,152,156,311,82,106,190,4,13,13,3,12,17,0,0,0,84,68,154,176,199,376,104,106,207,8,12,14,0,12,8,0,6,6,57,43,94,163,168,335,96,83,181,5,11,20,12,10,19,0,0,0,32,20,49,142,125,271,76,69,140,3,12,15,9,18,24,0,6,6,33,27,62,117,129,247,68,84,155,5,10,18,16,31,49,0,5,5,21,17,41,110,144,261,87,89,179,4,9,12,17,30,49,0,4,5,18,20,36,127,157,280,103,79,182,5,11,13,17,25,46,0,14,13,6,12,23,147,134,280,62,56,118,3,0,3,8,17,24,3,12,17,10,3,9,83,84,168,54,40,98,0,5,5,9,18,26,4,16,19,5,3,10,72,88,155,30,34,71,0,0,4,4,11
801071082,0,0,0,0,0,0,442,375,815,444,388,837,62,87,147,3,4,10,4,0,3,0,0,0,385,303,694,454,401,858,199,248,444,18,16,34,10,18,33,0,0,0,266,220,487,495,502,998,301,350,654,22,17,41,25,31,54,6,8,7,166,142,301,512,544,1059,303,321,626,17,20,35,41,44,85,3,3,4,160,154,314,526,542,1066,321,305,622,21,23,43,35,68,106,0,14,13,145,142,286,523,549,1075,301,304,604,11,22,40,67,86,153,4,6,14,110,99,209,500,524,1027,261,273,539,28,19,51,60,90,150,4,24,24,90,65,157,447,469,919,270,261,531,21,24,47,63,84,151,15,30,42,54,50,107,417,455,880,321,380,702,9,13,25,51,117,168,21,56,78,23,27,50,427,593,1022,386,301,688,7,16,26,64,96,164,10,68,86,19,29,46,486,514,1001,215,159,373,7,3,10,26,52
801071083,0,0,0,0,0,0,29,32,64,29,35,64,8,10,17,0,0,0,0,0,0,0,0,0,29,22,53,36,33,69,24,26,44,0,0,0,0,6,6,0,0,0,13,18,37,38,49,87,32,43,80,0,9,3,3,0,3,0,0,0,9,11,19,47,64,110,41,39,76,0,0,4,0,3,3,0,0,0,5,0,5,48,43,87,25,30,59,0,0,6,0,3,5,0,0,0,6,3,13,39,46,83,42,40,76,5,3,5,8,4,13,0,0,0,8,5,11,51,53,104,33,29,67,4,4,6,4,5,14,0,0,0,7,6,12,52,46,93,42,42,84,0,5,5,6,3,13,0,0,7,0,0,0,54,58,107,36,42,81,0,0,0,3,5,13,6,6,6,0,0,0,45,54,106,35,18,57,0,0,0,6,7,13,5,3,8,0,0,0,44,23,73,14,7,15,0,0,0,0,0
801071084,0,0,0,0,0,0,148,111,254,146,117,267,31,41,76,5,0,8,0,0,3,0,0,0,128,97,228,169,146,313,65,86,148,0,7,8,0,12,15,0,0,0,82,69,153,152,172,320,106,133,244,6,3,14,13,7,21,0,0,0,63,43,106,186,195,382,113,107,220,6,11,13,11,16,23,0,0,0,38,43,72,161,169,331,106,96,199,8,11,15,14,21,38,0,3,3,38,32,65,167,163,320,102,94,202,14,15,25,13,26,37,0,3,3,19,25,41,152,160,313,111,129,234,3,11,16,27,42,69,3,6,11,23,24,50,170,209,379,145,150,296,4,8,13,22,43,64,5,10,16,13,11,23,182,227,410,124,115,237,3,9,12,20,35,53,10,19,26,12,11,24,161,193,352,112,80,193,6,3,10,12,24,35,11,27,32,7,5,16,148,144,292,52,63,119,5,5,4,12,23
801071085,0,0,0,0,0,0,0,0,0,0,0,0,0,0,0,0,0,0,0,0,0,0,0,0,0,0,0,0,0,0,0,0,0,0,0,0,0,0,0,0,0,0,0,0,0,0,0,0,0,0,0,0,0,0,0,0,0,0,0,0,0,0,0,0,0,0,0,0,0,0,0,0,0,0,0,0,0,0,0,0,0,0,0,0,0,0,0,0,0,0,0,0,0,0,0,0,0,0,0,0,0,0,0,0,0,0,0,0,0,0,0,0,0,0,0,0,0,0,0,0,0,0,0,0,0,0,0,0,0,0,0,0,0,0,0,0,0,0,0,0,0,0,0,0,0,0,0,0,0,0,0,0,0,0,0,0,0,0,0,0,0,0,0,0,0,0,0,0,0,0,0,0,0,0,0,0,0,0,0,0,0,0,0,0,0,0,0,0,0,0,0,0,0,0,0,0,0,0,0,0
801071086,0,0,0,0,0,0,56,37,95,56,47,97,5,7,15,0,0,0,0,0,0,0,0,0,48,54,100,55,65,117,16,24,42,0,0,0,0,0,0,0,0,0,19,27,52,40,51,95,31,41,70,3,5,5,3,6,6,0,0,0,11,4,24,51,52,103,29,41,66,0,3,3,9,4,10,0,0,0,15,11,20,48,55,100,38,29,61,0,5,6,6,4,12,0,0,0,10,9,21,55,46,95,30,30,62,5,5,6,4,16,17,0,0,0,11,15,24,53,64,118,46,43,92,4,3,8,10,7,19,0,0,4,9,8,17,67,68,137,39,41,79,3,0,3,4,24,25,0,5,4,12,6,11,57,71,126,41,41,87,4,0,4,4,5,14,5,6,7,0,5,10,58,65,123,34,22,58,3,0,3,9,7,19,0,4,4,0,0,0,43,36,80,10,4,18,0,0,0,0,0
801071087,0,0,0,0,0,0,111,58,168,110,66,182,26,40,68,0,0,0,0,0,3,0,0,0,87,71,158,110,112,225,46,54,104,5,3,7,0,0,0,0,0,0,59,67,128,121,126,244,49,60,113,7,5,11,6,5,13,0,0,0,57,35,93,120,105,224,55,50,98,6,5,9,10,13,23,0,0,0,36,36,70,105,96,207,53,69,121,5,5,12,9,16,29,0,0,0,25,28,55,102,122,222,61,50,112,5,5,10,13,18,32,0,0,0,14,11,32,96,84,179,51,52,101,3,5,11,18,20,36,0,5,5,11,11,22,85,90,170,53,68,119,4,3,9,18,32,50,0,13,14,9,9,16,90,130,215,61,43,109,6,0,8,8,18,26,7,0,4,7,5,11,86,77,156,36,24,61,6,0,6,7,17,20,0,10,10,5,7,6,54,55,100,17,7,24,0,0,0,3,4
801071088,0,0,0,0,0,0,129,120,248,129,125,255,20,35,55,3,0,6,0,0,0,0,0,0,115,101,219,140,137,284,67,82,144,0,11,11,6,7,16,0,0,0,58,55,110,129,148,282,78,89,163,4,0,3,5,6,14,0,0,0,44,38,85,133,133,268,78,74,149,3,6,10,9,13,16,0,0,0,23,29,53,114,121,236,72,84,154,3,8,12,10,19,31,4,0,0,28,36,65,120,146,261,89,92,178,5,6,10,18,28,42,0,0,0,22,24,42,137,145,277,110,107,215,5,7,6,16,24,41,0,7,7,18,13,32,144,162,307,75,85,166,4,0,9,22,36,56,0,3,12,15,13,23,121,145,265,66,45,111,5,3,6,12,18,33,4,5,10,3,3,9,88,77,166,36,17,56,0,0,0,7,12,21,4,0,12,0,4,9,54,42,96,17,12,28,0,0,0,3,7
801071089,0,0,0,0,0,0,0,3,3,0,3,3,0,0,0,0,0,0,0,0,0,0,0,0,0,0,0,0,0,0,0,0,0,0,0,0,0,0,0,0,0,0,0,0,0,0,0,0,0,0,0,0,0,0,0,0,0,0,0,0,0,0,0,0,0,0,0,0,0,0,0,0,0,0,0,0,0,0,0,0,0,0,0,4,0,0,0,0,0,0,0,0,0,0,0,0,0,0,0,0,0,0,0,3,3,0,0,0,0,0,0,0,0,0,0,0,0,0,3,3,7,0,7,0,0,0,0,0,0,0,0,0,0,0,4,8,0,3,0,0,0,0,0,0,0,0,0,0,0,0,0,0,0,0,0,0,0,0,0,0,0,0,4,0,4,0,0,0,0,0,0,8,0,7,4,3,3,0,0,0,0,0,0,0,0,0,0,0,0,4,4,4,0,0,0,0,0,0,0,0
801071090,0,0,0,0,0,0,190,182,375,196,195,395,41,66,107,0,0,0,0,0,7,0,0,0,206,137,345,250,209,454,145,156,301,4,10,9,4,10,17,0,0,0,126,92,218,280,267,550,188,200,385,6,11,18,8,10,27,0,0,0,93,76,170,303,304,595,156,184,342,4,11,17,16,30,45,0,0,0,75,61,134,249,292,537,174,154,328,8,12,18,19,29,45,0,5,5,65,44,109,267,242,507,134,130,271,7,13,21,25,33,53,0,0,7,64,44,115,240,224,461,133,136,272,7,15,22,30,48,77,0,14,16,44,32,75,217,242,458,145,160,303,10,9,15,38,64,96,5,13,17,30,31,58,215,272,490,179,199,375,9,3,10,29,53,76,10,28,31,14,9,29,234,289,522,178,145,321,3,12,14,27,36,63,7,35,45,7,0,8,222,231,452,95,64,157,7,0,3,14,16
801071132,0,0,0,0,0,0,0,0,0,0,0,0,0,0,0,0,0,0,0,0,0,0,0,0,0,0,0,0,0,0,0,0,0,0,0,0,0,0,0,0,0,0,0,0,0,0,0,0,0,0,0,0,0,0,0,0,0,0,0,0,0,0,0,0,0,0,0,0,0,0,0,0,0,0,0,0,0,0,0,0,0,0,0,0,0,0,0,0,0,0,0,0,0,0,0,0,0,0,0,0,0,0,0,0,3,0,0,0,0,0,0,0,0,0,0,0,0,0,0,3,0,0,0,0,0,0,0,0,0,0,0,0,0,0,0,0,0,0,0,0,0,0,0,0,0,0,0,0,0,0,0,0,0,0,0,0,0,0,0,0,0,0,0,0,0,0,0,0,0,0,0,0,0,0,0,0,0,0,0,0,0,0,0,0,0,0,0,0,0,0,0,0,0,0,0,0,0,0,0,0
801081091,0,0,0,0,0,0,68,61,127,68,61,127,3,3,6,0,0,0,0,0,0,0,0,0,47,32,78,47,43,82,8,19,34,0,0,3,0,5,5,0,0,0,12,10,28,31,36,66,51,59,114,0,7,12,5,3,9,0,0,0,21,19,37,76,89,165,61,72,134,0,0,0,0,11,6,0,0,0,18,22,43,79,107,188,75,85,161,6,4,7,5,14,18,0,0,0,11,12,22,102,115,214,75,83,157,3,4,8,9,12,22,0,0,0,14,9,25,105,105,216,79,78,162,0,3,0,11,11,21,0,4,4,7,7,13,96,104,196,73,80,154,0,0,0,3,9,15,0,3,3,6,7,20,86,101,192,68,69,135,0,0,0,6,14,14,3,9,13,3,0,10,84,97,178,87,76,160,0,7,5,4,12,19,3,11,13,4,0,7,101,103,208,74,59,131,0,0,6,7,15
801081092,0,0,0,0,0,0,101,90,185,106,92,195,8,17,27,0,0,0,0,0,0,0,0,0,66,61,123,72,80,157,39,55,102,0,0,5,4,0,10,0,0,0,58,54,114,107,111,217,73,86,162,0,0,3,5,4,6,0,0,0,41,37,74,116,129,242,75,71,147,0,6,10,8,11,14,0,0,0,21,24,52,103,112,216,75,91,166,6,6,9,14,24,36,0,0,0,28,19,53,122,137,259,86,87,172,3,6,10,13,16,28,0,0,0,20,23,43,124,133,257,76,68,138,3,3,5,10,16,22,0,0,0,23,15,42,109,104,209,69,53,123,0,0,0,9,17,18,0,3,3,15,15,31,98,89,184,42,34,75,4,0,3,8,17,24,0,10,12,5,9,16,61,71,135,38,64,102,4,0,5,10,19,29,5,15,24,3,0,9,68,97,160,55,38,92,0,0,3,8,7
801081093,0,0,0,0,0,0,68,53,124,70,52,128,31,40,64,0,0,0,0,0,0,0,0,0,60,47,109,92,82,175,49,70,119,0,0,0,0,0,0,0,0,0,46,37,80,93,110,202,74,82,154,4,3,6,5,8,11,0,0,0,32,21,52,110,113,227,92,81,173,6,8,16,8,10,15,0,0,0,24,31,57,126,129,257,74,75,152,3,6,8,14,7,20,0,0,0,34,27,61,129,115,247,58,55,116,0,11,17,12,20,35,0,0,0,31,24,57,107,117,222,55,41,87,0,4,3,7,15,27,0,5,5,13,20,29,75,84,161,35,45,80,3,0,4,10,12,26,0,0,0,11,14,22,63,70,135,38,42,80,0,9,8,7,15,23,7,9,12,5,0,8,56,72,131,47,53,100,3,7,7,7,12,22,3,14,20,8,6,12,66,95,157,54,29,81,5,0,7,7,17
801081094,0,0,0,0,0,0,59,65,127,60,65,129,13,21,36,0,0,0,0,0,0,0,0,0,65,54,121,77,80,158,36,48,86,3,3,8,3,3,11,0,0,0,39,39,75,77,96,176,68,71,138,0,0,3,9,5,8,0,0,0,33,28,61,109,103,210,71,64,130,0,9,8,0,3,6,0,0,0,26,30,58,98,108,203,62,79,143,6,6,11,9,10,24,0,0,0,23,24,47,102,123,218,67,46,114,0,6,9,6,15,26,0,0,0,7,28,37,90,98,181,47,44,89,0,3,4,14,13,24,0,5,5,15,21,32,75,77,153,34,54,85,4,0,3,9,20,30,0,4,9,11,11,18,57,86,146,50,33,85,0,0,4,5,9,20,0,9,4,5,7,12,63,59,122,50,53,108,0,0,0,11,14,22,9,17,27,0,9,4,73,88,164,47,45,88,0,0,0,3,8
801081095,0,0,0,0,0,0,77,78,150,77,77,153,9,23,37,0,0,5,0,0,0,0,0,0,71,60,133,86,90,173,65,74,137,0,0,0,0,0,4,0,0,0,63,36,102,129,111,241,76,89,158,0,7,7,9,9,14,0,0,0,44,34,76,122,130,249,81,78,156,0,3,5,7,18,27,0,0,0,25,28,54,116,128,241,66,67,135,8,3,14,8,26,34,0,0,0,33,31,66,121,131,249,52,49,104,4,4,7,11,19,27,0,0,0,23,26,54,96,93,190,49,48,89,0,5,6,12,12,23,3,3,4,25,23,44,85,88,177,51,49,99,6,4,9,6,13,16,0,8,12,12,18,24,71,92,157,44,40,78,3,5,8,7,22,32,0,6,8,8,9,19,62,77,141,62,62,128,0,4,4,10,29,35,7,31,34,7,6,8,79,133,214,48,33,89,5,0,4,12,21
801081096,0,0,0,0,0,0,54,41,94,54,42,97,4,9,20,0,0,0,0,0,0,0,0,0,45,50,95,51,56,113,20,24,43,0,0,0,0,0,0,0,0,0,17,28,48,41,51,93,38,42,82,0,6,5,4,0,10,0,0,0,20,13,34,71,61,129,40,46,85,0,3,4,0,3,8,0,0,0,11,15,29,57,69,127,50,63,113,6,4,8,9,6,16,0,0,0,9,10,20,77,82,161,45,37,80,0,0,0,5,11,17,0,0,0,16,12,27,63,67,133,30,40,71,0,4,5,3,8,16,0,3,8,7,7,21,46,68,114,35,43,71,3,6,5,6,14,23,0,4,7,10,11,17,47,71,119,42,39,83,0,3,6,4,7,8,0,3,3,7,6,17,58,65,122,59,53,111,3,0,3,9,15,29,3,13,18,0,5,9,75,90,166,38,33,68,0,0,0,5,12
801081097,0,0,0,0,0,0,70,57,129,70,62,131,28,26,51,0,0,0,0,0,0,0,0,0,45,59,100,68,84,155,42,63,112,0,3,3,6,0,5,0,0,0,55,29,83,102,102,203,74,79,157,3,3,13,0,10,7,0,5,5,26,25,54,115,119,234,58,57,112,3,5,9,5,4,11,0,0,0,30,28,52,94,94,192,54,55,110,4,0,6,10,7,17,0,0,0,23,19,44,86,87,175,53,51,108,0,0,3,18,21,39,0,0,0,17,22,40,90,98,187,37,29,69,4,0,3,14,3,18,0,4,4,24,9,33,78,47,124,27,46,72,5,9,12,10,17,24,0,6,4,14,11,23,63,74,138,42,33,74,0,3,6,13,10,23,3,4,6,12,3,13,70,51,118,30,42,73,0,0,5,15,21,33,0,16,20,5,9,6,52,93,140,39,27,70,3,0,6,10,12
801081098,0,0,0,0,0,0,85,88,183,89,98,188,17,23,40,0,0,0,0,0,0,0,0,0,91,71,157,104,94,202,48,64,117,3,0,4,0,0,0,0,0,0,52,39,95,109,110,219,94,106,201,0,6,6,4,5,12,0,0,0,36,28,63,136,151,286,99,107,207,4,7,11,9,7,18,4,0,4,28,25,51,137,143,285,89,89,180,6,6,16,19,17,36,0,0,0,26,34,62,149,149,292,77,81,155,0,3,9,18,20,42,3,0,3,24,24,47,122,125,253,62,67,127,7,0,3,10,21,35,0,5,5,19,17,29,88,111,203,47,64,108,0,0,0,10,20,29,3,0,3,14,10,28,78,96,172,65,41,106,3,0,8,12,21,35,0,7,7,10,11,18,92,86,179,62,67,128,4,3,8,11,31,44,0,14,21,7,18,29,86,135,227,67,53,119,3,4,7,14,24
801081133,0,0,0,0,0,0,0,0,0,0,0,0,0,0,0,0,0,0,0,0,0,0,0,0,0,0,0,0,0,0,0,0,0,0,0,0,0,0,0,0,0,0,0,0,0,0,0,0,0,0,0,0,0,0,0,0,0,0,0,0,0,0,0,0,0,0,0,0,0,0,0,0,0,0,0,0,0,0,0,0,0,0,0,0,0,0,0,0,0,0,0,0,0,0,0,0,0,0,0,0,0,0,0,0,0,0,0,0,0,0,0,0,0,0,0,0,0,0,0,0,0,0,0,0,0,0,0,0,0,0,0,0,0,0,0,0,0,0,0,0,0,0,0,0,0,0,0,0,0,0,0,0,0,0,0,0,0,0,0,0,0,0,0,0,0,0,0,0,0,0,0,0,0,0,0,0,0,0,0,0,0,0,0,0,0,0,0,0,0,0,0,0,0,0,0,0,0,0,0,0
801091099,0,0,0,0,0,0,79,78,159,85,83,172,19,45,64,0,0,0,0,0,0,0,0,0,98,80,169,116,122,240,84,77,160,0,4,4,0,3,6,0,0,0,43,54,96,133,131,262,72,72,141,0,5,5,10,6,15,0,0,0,26,33,60,105,123,224,57,57,118,4,7,8,6,9,15,0,0,0,23,25,39,92,96,180,45,38,79,4,0,5,9,9,25,0,0,0,19,14,40,82,75,153,40,49,84,5,3,11,6,21,23,0,6,6,35,16,53,86,94,178,34,33,72,6,0,3,13,12,25,0,4,4,16,12,27,65,64,131,40,33,75,9,0,13,8,15,23,4,3,4,14,9,20,68,67,139,29,37,62,4,0,7,6,11,17,0,8,7,11,8,20,49,62,111,26,27,57,0,0,0,3,13,18,3,8,11,3,0,8,36,51,91,37,31,68,0,0,5,0,3
801091100,0,0,0,0,0,0,143,138,280,148,148,298,35,40,67,3,0,3,0,4,4,0,0,0,114,78,189,146,119,264,72,103,177,0,0,3,3,0,5,0,0,0,76,63,141,153,177,325,147,148,290,7,6,17,4,7,15,0,0,0,43,41,85,200,202,403,130,148,282,4,6,16,9,14,23,0,0,0,24,45,63,171,212,383,135,126,263,9,8,17,11,14,28,0,0,0,31,32,67,189,181,367,125,157,281,4,4,7,14,25,42,0,3,4,48,29,75,188,222,415,136,106,243,10,3,10,15,29,48,3,4,8,35,28,61,197,170,369,111,103,211,8,3,8,16,23,43,0,11,14,22,25,46,155,160,315,77,89,169,3,0,3,11,22,32,0,12,13,15,10,27,109,137,246,77,49,124,0,0,0,15,21,38,11,16,25,14,12,31,118,101,217,56,48,101,0,3,3,8,16
801091101,0,0,0,0,0,0,94,89,186,96,94,192,25,25,47,0,0,0,0,0,0,0,0,0,71,59,132,99,82,186,50,58,105,0,0,0,0,5,7,0,0,0,38,29,67,92,95,181,66,87,149,5,3,10,3,9,9,0,0,0,36,22,60,105,120,227,72,93,163,4,4,8,6,10,17,0,0,0,19,18,34,101,127,230,89,85,172,0,4,3,9,14,23,0,0,0,20,28,48,117,134,252,85,87,175,6,6,19,15,17,33,0,4,3,19,15,38,131,136,264,84,85,167,0,4,9,5,29,32,0,6,0,19,11,26,104,128,238,76,68,147,6,0,6,12,10,21,0,8,8,12,12,23,102,97,194,64,50,114,5,0,5,7,5,17,0,10,10,9,3,7,81,68,153,62,68,125,0,5,10,5,6,14,7,22,32,4,4,5,79,105,185,64,50,114,3,3,8,8,12
801091102,0,0,0,0,0,0,88,70,162,93,77,167,16,25,43,0,3,3,0,0,0,0,0,0,65,46,114,82,77,159,41,75,115,3,0,4,0,0,5,0,0,0,35,32,70,86,109,194,81,118,198,0,0,4,0,9,8,0,0,0,25,28,57,106,160,269,136,102,242,0,4,4,5,14,16,0,0,0,21,24,47,164,146,311,83,85,161,3,4,12,8,15,18,0,0,0,26,17,44,111,118,233,89,88,172,0,8,8,8,19,24,0,5,5,27,16,41,119,134,255,65,68,128,3,8,10,3,19,23,0,3,3,12,23,32,80,111,200,69,56,127,3,8,7,6,17,24,0,9,9,19,10,32,99,92,189,47,66,114,0,5,4,17,18,33,0,7,13,3,8,13,69,100,171,61,50,105,4,0,3,10,17,26,4,13,17,14,3,19,80,86,171,55,58,112,0,0,0,9,9
801091103,0,0,0,0,0,0,74,81,158,81,84,164,12,15,31,0,0,0,0,0,0,0,0,0,63,53,117,73,74,149,35,41,79,0,0,0,0,4,5,0,0,0,42,44,86,82,93,170,59,82,133,3,4,7,7,6,7,0,0,0,32,16,47,86,107,195,87,86,173,8,0,11,3,4,9,0,0,0,11,21,30,111,117,220,75,67,140,3,3,4,4,10,15,0,5,5,27,13,40,110,95,206,70,76,152,4,0,9,12,17,30,0,7,7,15,22,38,103,119,224,58,64,126,0,7,3,8,12,18,0,4,4,18,17,39,91,98,191,64,67,133,3,9,10,8,18,27,0,3,3,16,11,27,89,104,199,43,40,81,0,6,3,10,8,25,0,7,6,9,11,15,64,70,136,52,40,97,5,0,5,14,18,29,7,8,17,11,3,15,90,69,156,30,26,56,0,0,3,0,11
801091104,0,0,0,0,0,0,51,58,112,51,58,112,3,12,16,0,0,0,0,0,0,0,0,0,49,35,85,57,50,103,25,22,54,0,0,0,0,0,0,0,0,0,34,24,57,61,49,108,29,44,76,0,0,4,0,5,3,0,4,4,24,22,51,60,75,137,45,57,100,4,3,8,4,5,14,0,0,0,7,10,17,64,73,131,56,53,116,0,5,3,12,8,9,0,0,0,8,12,24,75,80,159,45,45,92,3,6,5,9,12,20,0,0,0,8,13,18,59,68,132,65,78,147,5,0,0,3,11,17,0,0,0,12,11,26,83,108,189,77,72,141,3,7,3,8,10,23,0,5,9,8,9,18,91,98,193,50,45,93,0,0,0,7,11,18,4,4,10,4,6,6,66,66,135,82,82,159,0,0,3,0,18,16,3,7,12,3,4,12,97,110,208,61,53,116,0,0,0,4,8
801091105,0,0,0,0,0,0,111,80,184,118,94,212,59,70,131,0,0,0,5,0,5,0,0,0,97,103,199,161,174,335,91,94,187,4,0,9,0,5,5,0,3,3,48,32,85,142,139,286,84,91,174,0,3,3,4,4,10,0,0,0,44,30,75,133,129,267,81,53,134,0,0,3,6,12,17,0,3,3,32,23,55,121,90,213,49,59,110,10,6,16,12,14,27,0,0,0,21,29,49,88,115,201,51,63,108,6,6,11,18,22,38,0,0,0,24,16,39,101,106,206,42,37,81,4,3,7,7,14,19,0,3,7,19,22,40,76,78,155,45,33,80,3,0,3,14,9,21,0,3,4,18,13,30,77,60,136,17,24,43,0,4,6,11,14,28,6,4,11,12,6,18,43,60,102,22,26,52,3,0,3,11,14,25,5,15,16,0,4,8,48,56,100,38,37,75,0,3,3,6,17
801091106,0,0,0,0,0,0,81,87,165,80,101,179,46,62,111,4,0,3,0,0,0,0,0,0,107,82,187,156,142,300,86,95,181,3,0,4,4,3,8,0,0,0,45,42,84,138,139,276,86,102,187,3,4,9,4,9,9,0,0,0,34,29,62,124,150,270,82,74,151,5,6,8,3,12,11,0,0,0,31,36,67,116,126,244,66,62,131,7,8,8,4,24,32,0,0,0,20,14,35,94,113,206,66,42,118,3,8,14,8,21,26,0,3,3,19,15,33,93,87,184,46,49,97,3,10,8,14,15,25,0,0,0,23,24,43,86,99,187,61,64,126,3,0,3,14,35,52,0,3,3,19,7,29,94,115,210,61,56,117,6,0,4,9,16,25,6,7,11,11,10,19,89,91,175,40,31,78,0,3,4,7,10,16,6,10,13,0,3,3,51,61,114,44,47,84,0,0,0,6,10
801091107,0,0,0,0,0,0,29,27,60,29,27,60,3,0,4,0,0,0,0,0,0,0,0,0,24,10,39,30,16,42,3,9,15,0,0,0,0,0,0,0,0,0,7,4,12,13,13,21,8,13,23,0,0,0,0,0,0,0,0,0,6,5,13,18,19,33,11,11,24,0,0,0,8,0,9,0,0,0,5,0,5,22,13,36,18,27,45,5,3,5,0,5,7,0,0,0,3,5,6,28,38,63,34,38,75,0,0,0,4,4,6,0,0,0,4,0,7,42,41,86,30,39,68,5,0,5,0,0,3,0,0,0,5,5,9,38,46,80,29,26,49,5,0,0,0,0,4,0,0,0,3,0,0,31,23,56,31,37,65,0,0,0,0,0,0,0,4,4,0,0,0,34,38,71,36,29,63,0,0,0,0,0,0,0,8,8,0,0,0,38,41,75,20,19,38,0,0,0,0,3
801091108,0,0,0,0,0,0,80,73,152,79,85,163,13,19,37,0,0,0,0,0,0,0,0,0,60,35,101,77,57,140,29,35,62,0,0,0,3,0,4,0,0,0,26,33,61,61,75,135,58,62,116,0,0,0,0,4,3,0,0,0,20,17,39,74,84,162,54,65,116,5,7,4,0,9,9,0,0,0,15,13,28,69,91,160,64,75,141,4,0,6,5,10,14,0,4,3,16,14,32,88,106,196,55,56,113,9,11,14,14,20,36,0,3,3,22,19,33,102,101,198,64,61,122,5,6,6,20,24,41,0,0,5,22,14,28,104,99,208,48,37,88,0,8,7,12,9,21,0,0,0,10,13,22,75,63,142,39,31,77,0,0,6,9,19,31,0,5,8,13,6,19,65,71,135,40,31,68,6,0,3,12,21,29,3,16,23,0,4,7,58,73,132,31,47,78,0,0,0,8,11
801091109,0,0,0,0,0,0,185,218,406,194,270,463,120,178,301,3,3,8,7,10,14,0,0,0,303,343,646,437,534,970,198,222,419,4,10,12,14,18,29,0,5,3,230,213,448,439,463,904,155,120,276,10,12,17,17,19,34,0,0,0,117,109,228,296,256,555,96,57,155,11,12,15,15,21,37,3,0,4,81,51,133,200,139,349,45,60,102,10,8,12,16,28,46,0,0,0,45,42,95,117,136,252,49,43,93,9,14,22,18,23,39,6,3,3,37,36,74,118,120,239,46,43,88,9,5,15,16,39,59,0,0,0,33,27,59,104,119,219,28,37,59,8,3,11,15,23,45,0,6,10,30,11,43,76,83,160,35,28,71,6,3,12,9,21,27,3,7,13,0,8,10,55,73,128,27,23,47,4,0,5,11,14,25,3,11,14,4,10,13,49,60,106,22,17,40,0,0,0,0,11
801091110,0,0,0,0,0,0,80,61,147,86,70,150,3,8,16,0,0,0,0,0,0,0,0,0,34,42,79,39,59,96,35,45,89,0,0,0,0,0,6,0,0,0,40,25,64,82,77,157,50,60,110,0,3,8,0,5,5,0,0,0,18,21,34,73,89,162,76,61,139,5,4,9,0,9,9,0,3,3,19,10,29,94,86,184,62,64,123,0,0,3,7,13,15,0,0,0,19,20,33,83,103,181,62,50,110,5,4,9,14,7,26,0,0,0,20,16,39,98,87,182,42,61,100,4,5,5,12,11,28,0,0,0,14,3,22,73,84,157,40,25,64,0,0,0,11,10,14,0,0,0,6,11,20,59,49,110,34,37,75,0,0,0,4,9,13,0,6,3,4,3,13,54,50,104,27,20,51,0,0,0,4,7,15,0,18,16,7,4,4,38,47,85,33,24,58,0,0,4,0,9
801101134,0,0,0,0,0,0,0,0,0,0,0,0,0,0,0,0,0,0,0,0,0,0,0,0,0,0,0,0,0,0,0,0,0,0,0,0,0,0,0,0,0,0,0,0,0,0,0,0,0,0,0,0,0,0,0,0,0,0,0,0,0,0,0,0,0,0,0,0,0,0,0,0,0,0,0,0,0,0,0,0,0,0,0,5,0,0,0,0,0,0,0,0,0,0,0,0,0,0,0,0,0,0,0,0,0,0,0,0,0,0,0,0,0,0,0,0,0,0,0,0,0,0,0,0,0,0,0,0,0,0,0,0,0,0,0,0,0,0,0,0,0,0,0,0,0,0,0,0,0,0,0,0,0,0,0,0,4,0,8,0,0,0,0,0,0,0,0,0,0,0,0,4,0,8,0,0,0,0,0,0,0,0,0,0,0,0,0,0,0,0,0,0,0,0,0,0,0,0,0,0
801101135,0,0,0,0,0,0,140,157,295,147,176,324,62,112,171,9,0,9,0,5,8,0,0,0,220,232,452,289,347,639,149,199,350,0,6,6,4,4,14,0,0,0,133,116,251,290,329,621,207,213,420,7,11,20,9,22,31,0,0,0,62,57,121,293,303,595,183,141,328,8,9,15,5,19,21,0,0,0,33,37,74,225,209,431,107,80,181,5,4,8,13,21,32,0,0,0,23,24,48,154,124,280,58,46,102,4,12,15,15,15,29,0,0,0,16,12,29,101,83,179,46,32,84,6,6,4,3,14,23,0,5,5,5,11,12,62,71,135,25,37,62,0,0,0,4,10,14,0,4,8,3,10,7,39,53,93,22,21,45,0,0,0,5,8,17,0,0,0,4,0,4,33,35,67,20,15,35,0,0,0,0,0,0,0,6,6,0,0,0,24,26,44,8,3,15,0,0,0,0,5
801101136,0,0,0,0,0,0,66,73,139,71,77,147,23,42,69,0,0,0,3,0,5,0,0,0,107,126,236,138,173,303,91,122,217,3,0,3,4,3,9,0,0,0,69,62,128,168,194,358,132,156,287,0,8,10,0,6,16,0,0,0,37,27,64,169,202,375,134,100,238,4,5,6,11,12,15,0,0,0,18,15,31,165,128,291,62,49,113,0,5,5,5,9,17,0,0,0,4,5,19,80,63,151,35,28,63,3,0,3,5,8,15,0,0,0,10,3,14,48,46,95,30,20,49,0,0,5,10,6,12,0,0,5,0,0,0,42,34,71,15,21,38,0,0,0,3,12,15,0,0,0,0,0,3,23,35,55,6,10,20,0,0,0,0,0,3,0,8,8,0,0,0,12,21,32,14,11,26,0,0,0,0,0,0,0,0,0,0,0,0,14,14,27,0,0,5,0,0,0,0,0
801101137,0,0,0,0,0,0,0,0,0,0,0,0,0,0,0,0,0,0,0,0,0,0,0,0,0,0,0,0,0,0,0,0,0,0,0,0,0,0,0,0,0,0,0,0,0,0,0,0,0,0,0,0,0,0,0,0,0,0,0,0,0,0,0,0,0,0,0,0,0,0,0,0,0,0,0,0,0,0,0,0,0,0,0,0,0,0,0,0,0,0,0,0,0,0,0,0,0,0,0,0,0,0,0,0,0,0,0,0,0,0,0,0,0,0,0,0,0,0,0,0,0,0,0,0,0,0,0,0,0,0,0,0,0,0,0,0,0,0,0,0,0,0,0,0,0,0,0,0,0,0,0,0,0,0,0,0,0,0,0,0,0,0,0,0,0,0,0,0,0,0,0,0,0,0,0,0,0,0,0,0,0,0,0,0,0,0,0,0,0,0,0,0,0,0,0,0,0,0,0,0
801101139,0,0,0,0,0,0,128,142,264,130,150,282,48,74,121,0,4,0,0,0,0,0,0,0,185,167,353,232,249,479,125,145,269,10,4,15,7,3,19,0,0,0,110,131,240,251,288,533,148,152,299,7,6,11,4,12,21,0,0,0,55,63,120,211,243,450,135,117,255,5,4,5,15,7,25,0,0,0,38,31,72,194,165,360,76,62,133,7,5,10,13,17,27,3,3,5,14,25,37,104,104,211,54,47,98,3,14,14,16,19,34,0,0,0,16,10,26,84,86,173,44,39,80,4,3,8,16,24,37,5,4,6,13,7,18,73,74,146,23,26,54,3,10,11,5,11,13,0,8,8,0,5,5,33,57,86,29,33,63,0,0,0,3,7,7,5,0,5,3,4,3,37,46,79,18,14,31,0,0,0,4,3,6,0,4,8,0,0,0,28,25,51,12,0,13,0,0,0,0,0
801101145,0,0,0,0,0,0,0,0,0,0,0,0,0,0,0,0,0,0,0,0,0,0,0,0,0,0,0,0,0,0,0,0,0,0,0,0,0,0,0,0,0,0,0,0,0,0,0,0,0,0,0,0,0,0,0,0,0,0,0,0,0,0,0,0,0,0,0,0,0,0,0,0,0,0,0,0,0,0,0,0,0,0,0,0,0,0,0,0,0,0,0,0,0,0,0,0,0,0,0,0,0,0,0,0,0,0,0,0,0,0,0,0,0,0,0,0,0,0,0,0,0,0,4,0,0,0,0,0,0,0,0,0,0,0,0,0,0,4,0,0,0,0,0,0,0,0,0,0,0,0,0,0,0,0,0,0,0,0,0,0,0,0,0,0,0,0,0,0,0,0,0,0,0,0,0,0,0,0,0,0,0,0,0,0,0,0,0,0,0,0,0,0,0,0,0,0,0,0,0,0
801101146,0,0,0,0,0,0,0,0,0,0,0,0,0,0,0,0,0,0,0,0,0,0,0,0,0,0,0,0,0,0,0,0,0,0,0,0,0,0,0,0,0,0,0,0,0,0,0,0,0,0,0,0,0,0,0,0,0,0,0,0,0,0,0,0,0,0,0,0,0,0,0,0,0,0,0,0,0,0,0,0,0,0,0,0,0,0,0,0,0,0,0,0,0,0,0,0,0,0,0,0,0,0,0,0,0,0,0,0,0,0,0,0,0,0,0,0,0,0,0,0,0,0,0,0,0,0,0,0,0,0,0,0,0,0,0,0,0,0,0,0,0,0,0,0,0,0,0,0,0,0,0,0,0,0,0,0,0,0,0,0,0,0,0,0,0,0,0,0,0,0,0,0,0,0,0,0,0,0,0,0,0,0,0,0,0,0,0,0,0,0,0,0,0,0,0,0,0,0,0,0
801111140,0,0,0,0,0,0,19,15,34,19,15,34,11,10,15,0,0,0,0,0,0,0,0,0,17,13,30,26,19,45,5,16,21,0,0,0,0,0,0,0,0,0,0,5,10,11,19,33,11,22,37,0,0,0,0,0,0,0,0,0,4,0,8,19,23,42,17,18,34,0,0,0,0,3,6,0,0,0,3,7,14,25,27,51,16,16,30,0,0,0,0,0,0,0,0,0,0,4,4,22,18,38,9,8,17,0,0,0,0,0,3,0,0,0,5,5,8,20,14,33,11,11,20,4,0,4,6,4,4,0,0,0,0,0,0,25,13,29,10,16,26,0,0,0,0,3,3,0,0,0,0,0,3,5,25,36,15,6,21,0,0,0,0,0,0,0,0,0,0,0,0,16,5,24,4,3,13,0,0,0,0,0,5,0,0,0,0,0,0,12,8,13,0,4,0,0,0,0,0,0
801111141,0,0,0,0,0,0,0,0,0,0,0,0,0,0,5,0,0,6,0,0,0,0,0,0,0,0,0,4,3,7,0,0,0,0,0,0,0,0,0,0,0,0,4,0,5,4,0,5,0,0,0,0,0,0,0,0,0,0,0,0,0,0,0,0,0,0,0,0,0,0,0,0,0,0,0,0,0,0,0,0,0,4,0,6,0,0,0,0,0,0,0,0,0,0,0,0,0,0,0,0,3,4,4,0,4,0,0,0,0,0,0,0,0,0,3,0,3,4,0,4,0,0,5,0,0,0,0,0,0,0,0,0,0,0,0,0,0,5,0,4,11,0,0,0,0,0,0,0,0,0,0,0,0,7,4,7,0,0,0,0,0,0,0,0,0,0,0,0,0,0,0,0,0,0,0,0,0,0,0,0,0,0,0,0,0,0,0,0,0,0,0,0,0,0,0,0,0,0,0,0
897979799,0,0,0,0,0,0,0,0,0,0,0,0,0,0,0,0,0,0,0,0,0,0,0,0,0,0,0,0,0,0,0,0,0,0,0,0,0,0,0,0,0,0,0,0,0,0,0,0,0,0,0,0,0,0,0,0,0,0,0,0,0,0,0,0,0,0,0,0,0,0,0,0,0,0,0,0,0,0,0,0,0,0,0,0,0,0,0,0,0,0,0,0,0,0,0,0,0,0,0,0,0,0,0,0,0,0,0,0,0,0,0,0,0,0,0,0,0,0,0,0,0,0,0,0,0,0,0,0,0,0,0,0,0,0,0,0,0,0,0,0,0,0,0,0,0,0,0,0,0,0,0,0,0,0,0,0,0,0,0,0,0,0,0,0,0,0,0,0,0,0,0,0,0,0,0,0,0,0,0,0,0,0,0,0,0,0,0,0,0,0,0,0,0,0,0,0,0,0,0,0
899999499,0,0,0,0,0,0,43,42,83,44,40,82,0,11,10,0,0,0,0,0,0,0,0,0,30,26,58,32,33,63,5,3,4,0,0,0,0,0,0,0,0,0,24,14,42,30,19,45,0,0,7,0,0,6,0,0,3,0,0,0,25,8,29,34,15,45,0,5,5,5,6,5,0,4,4,0,0,0,27,14,43,30,26,54,0,0,3,8,0,3,4,4,10,0,0,0,16,3,23,29,12,40,7,3,6,0,0,0,9,5,12,0,0,4,11,5,21,22,14,40,3,3,5,5,0,3,6,4,10,0,0,5,0,3,9,17,15,32,9,6,16,0,5,6,5,7,11,0,3,3,5,0,13,20,21,45,3,5,5,3,0,3,5,4,9,0,0,0,4,0,4,11,8,20,4,0,9,0,0,0,3,0,8,0,0,4,0,0,0,9,5,14,0,0,0,0,0,0,0,0
