LGA_CODE_2021,M_Iraq_0_4,M_Iraq_5_14,M_Iraq_15_24,M_Iraq_25_44,M_Iraq_45_54,M_Iraq_55_64,M_Iraq_65_74,M_Iraq_75_84,M_Iraq_85ov,M_Iraq_Tot,M_Ireland_0_4,M_Ireland_5_14,M_Ireland_15_24,M_Ireland_25_44,M_Ireland_45_54,M_Ireland_55_64,M_Ireland_65_74,M_Ireland_75_84,M_Ireland_85ov,M_Ireland_Tot,M_Italy_0_4,M_Italy_5_14,M_Italy_15_24,M_Italy_25_44,M_Italy_45_54,M_Italy_55_64,M_Italy_65_74,M_Italy_75_84,M_Italy_85ov,M_Italy_Tot,M_Japan_0_4,M_Japan_5_14,M_Japan_15_24,M_Japan_25_44,M_Japan_45_54,M_Japan_55_64,M_Japan_65_74,M_Japan_75_84,M_Japan_85ov,M_Japan_Tot,M_Korea_South_0_4,M_Korea_South_5_14,M_Korea_South_15_24,M_Korea_South_25_44,M_Korea_South_45_54,M_Korea_South_55_64,M_Korea_South_65_74,M_Korea_South_75_84,M_Korea_South_85ov,M_Korea_South_Tot,M_Lebanon_0_4,M_Lebanon_5_14,M_Lebanon_15_24,M_Lebanon_25_44,M_Lebanon_45_54,M_Lebanon_55_64,M_Lebanon_65_74,M_Lebanon_75_84,M_Lebanon_85ov,M_Lebanon_Tot,M_Malaysia_0_4,M_Malaysia_5_14,M_Malaysia_15_24,M_Malaysia_25_44,M_Malaysia_45_54,M_Malaysia_55_64,M_Malaysia_65_74,M_Malaysia_75_84,M_Malaysia_85ov,M_Malaysia_Tot,M_Malta_0_4,M_Malta_5_14,M_Malta_15_24,M_Malta_25_44,M_Malta_45_54,M_Malta_55_64,M_Malta_65_74,M_Malta_75_84,M_Malta_85ov,M_Malta_Tot,M_Mauritius_0_4,M_Mauritius_5_14,M_Mauritius_15_24,M_Mauritius_25_44,M_Mauritius_45_54,M_Mauritius_55_64,M_Mauritius_65_74,M_Mauritius_75_84,M_Mauritius_85ov,M_Mauritius_Tot,M_Myanmar_0_4,M_Myanmar_5_14,M_Myanmar_15_24,M_Myanmar_25_44,M_Myanmar_45_54,M_Myanmar_55_64,M_Myanmar_65_74,M_Myanmar_75_84,M_Myanmar_85ov,M_Myanmar_Tot,M_Nepal_0_4,M_Nepal_5_14,M_Nepal_15_24,M_Nepal_25_44,M_Nepal_45_54,M_Nepal_55_64,M_Nepal_65_74,M_Nepal_75_84,M_Nepal_85ov,M_Nepal_Tot,M_Netherlands_0_4,M_Netherlands_5_14,M_Netherlands_15_24,M_Netherlands_25_44,M_Netherlands_45_54,M_Netherlands_55_64,M_Netherlands_65_74,M_Netherlands_75_84,M_Netherlands_85ov,M_Netherlands_Tot,M_New_Zealand_0_4,M_New_Zealand_5_14,M_New_Zealand_15_24,M_New_Zealand_25_44,M_New_Zealand_45_54,M_New_Zealand_55_64,M_New_Zealand_65_74,M_New_Zealand_75_84,M_New_Zealand_85ov,M_New_Zealand_Tot,M_North_Macedonia_0_4,M_North_Macedonia_5_14,M_North_Macedonia_15_24,M_North_Macedonia_25_44,M_North_Macedonia_45_54,M_North_Macedonia_55_64,M_North_Macedonia_65_74,M_North_Macedonia_75_84,M_North_Macedonia_85ov,M_North_Macedonia_Tot,M_Pakistan_0_4,M_Pakistan_5_14,M_Pakistan_15_24,M_Pakistan_25_44,M_Pakistan_45_54,M_Pakistan_55_64,M_Pakistan_65_74,M_Pakistan_75_84,M_Pakistan_85ov,M_Pakistan_Tot,M_PNG_0_4,M_PNG_5_14,M_PNG_15_24,M_PNG_25_44,M_PNG_45_54,M_PNG_55_64,M_PNG_65_74,M_PNG_75_84,M_PNG_85ov,M_PNG_Tot,M_Philippines_0_4,M_Philippines_5_14,M_Philippines_15_24,M_Philippines_25_44,M_Philippines_45_54,M_Philippines_55_64,M_Philippines_65_74,M_Philippines_75_84,M_Philippines_85ov,M_Philippines_Tot,M_Poland_0_4,M_Poland_5_14,M_Poland_15_24,M_Poland_25_44,M_Poland_45_54,M_Poland_55_64,M_Poland_65_74,M_Poland_75_84,M_Poland_85ov,M_Poland_Tot,M_Samoa_0_4,M_Samoa_5_14,M_Samoa_15_24,M_Samoa_25_44,M_Samoa_45_54,M_Samoa_55_64,M_Samoa_65_74,M_Samoa_75_84,M_Samoa_85ov,M_Samoa_Tot,M_Scotland_0_4,M_Scotland_5_14,M_Scotland_15_24,M_Scotland_25_44,M_Scotland_45_54,M_Scotland_55_64,M_Scotland_65_74,M_Scotland_75_84,M_Scotland_85ov,M_Scotland_Tot
LGA50080,0,0,0,0,0,0,0,0,0,0,0,0,0,13,0,5,5,4,0,30,0,0,0,8,9,9,19,19,11,79,0,0,0,0,3,0,0,0,0,8,0,0,0,3,0,0,0,0,0,5,0,0,0,0,0,0,0,0,0,0,0,0,0,18,4,12,4,0,0,44,0,0,0,0,0,4,0,4,0,3,0,0,0,0,0,0,0,0,0,7,0,0,4,24,9,5,3,0,0,52,0,0,0,3,0,0,0,0,0,3,0,0,0,7,12,16,46,34,5,120,0,6,22,88,75,74,53,20,0,341,0,0,0,0,0,0,0,0,0,3,0,0,0,0,0,0,0,0,0,0,0,0,0,0,7,0,0,0,0,7,0,27,45,102,47,9,0,0,0,239,0,0,0,8,3,0,0,8,3,17,0,0,0,0,0,0,0,0,0,3,0,0,6,11,8,35,31,30,7,122
LGA50210,0,0,3,26,13,8,3,0,0,55,0,29,10,64,15,20,20,22,0,183,0,0,0,16,15,24,62,30,16,160,0,6,0,9,4,0,0,3,0,27,3,8,7,76,12,8,6,0,0,121,0,3,0,8,14,4,5,5,0,33,0,34,62,295,70,51,48,13,0,579,0,0,0,0,0,0,0,4,0,17,0,3,13,59,16,7,10,0,0,114,0,5,20,120,40,42,23,8,4,252,0,0,3,37,3,3,0,0,0,50,0,5,4,30,39,31,81,48,16,259,17,128,154,524,270,254,133,26,11,1522,0,0,0,0,0,0,0,0,0,3,6,22,19,112,20,9,4,5,0,186,0,8,13,9,9,0,0,0,0,44,4,139,196,339,185,51,8,0,0,928,0,0,0,20,8,7,7,3,0,46,0,4,3,6,6,0,8,4,0,36,0,8,18,71,57,82,68,51,14,368
LGA50250,0,0,0,0,0,0,0,0,0,0,0,0,0,31,8,4,0,0,0,39,0,0,0,4,0,0,0,0,0,12,0,0,0,0,0,0,0,0,0,0,0,0,0,0,0,0,0,0,0,5,0,0,0,0,0,0,0,0,0,4,0,0,0,3,0,0,0,0,0,4,0,0,0,0,0,0,0,0,0,0,0,0,0,0,0,0,0,0,0,0,0,0,0,0,0,0,0,0,0,0,0,0,0,0,0,0,0,0,0,0,0,0,0,4,0,0,0,0,0,7,0,7,13,95,52,48,9,0,0,234,0,0,0,0,0,0,0,0,0,4,0,0,0,6,0,0,0,0,0,6,0,0,0,0,4,0,0,0,0,5,0,3,12,26,13,4,0,0,0,49,0,0,0,0,0,0,0,0,0,3,0,0,0,0,0,0,0,0,0,0,0,0,4,9,5,4,3,0,0,23
LGA50280,0,0,0,0,0,0,0,0,0,0,0,0,3,20,9,4,7,3,3,47,0,0,0,36,0,0,3,3,4,55,0,0,3,3,0,0,0,0,0,8,0,0,0,8,0,0,0,0,0,7,0,0,0,0,0,0,0,0,0,0,0,0,0,0,5,3,0,0,0,5,0,0,0,0,0,0,3,0,0,4,0,0,0,0,0,0,0,0,0,0,0,0,0,0,0,0,0,0,0,5,0,0,0,0,0,0,0,0,0,0,0,0,0,6,0,4,12,0,0,34,0,14,4,104,52,44,35,8,0,251,0,0,0,0,0,0,0,0,0,0,0,0,0,0,0,0,0,0,0,4,0,0,0,0,4,0,0,0,0,6,0,3,10,9,9,3,0,0,0,35,0,0,0,4,0,3,0,0,0,10,0,0,0,0,0,0,0,0,0,0,0,0,0,16,11,11,15,0,0,61
LGA50350,0,0,0,4,0,0,0,0,0,3,0,0,0,49,8,3,3,6,0,75,0,4,3,15,5,3,22,20,8,73,0,0,0,9,0,0,0,0,0,14,0,0,3,8,0,0,0,0,0,8,0,0,0,0,0,0,0,0,0,0,0,0,0,14,11,7,10,9,0,51,0,0,0,0,0,0,3,6,0,15,0,0,0,7,0,5,5,0,0,16,0,0,0,0,3,15,7,5,0,32,0,0,0,8,5,0,0,0,0,14,0,0,0,0,5,4,3,8,4,30,0,4,12,71,40,55,29,6,3,230,0,0,0,3,0,0,4,5,0,10,0,0,0,7,5,0,0,0,0,16,0,0,3,5,3,0,0,0,0,5,0,10,7,29,13,5,0,0,0,66,0,0,0,9,0,3,7,0,0,21,0,0,0,0,0,0,0,0,0,0,0,0,0,17,12,16,10,4,0,59
LGA50420,0,3,6,26,12,7,3,0,0,75,0,3,11,230,32,25,22,20,11,351,0,7,8,87,36,64,188,182,75,648,3,5,6,14,9,3,5,0,0,39,0,3,0,69,9,0,4,0,0,92,0,0,0,13,3,0,4,0,0,22,0,15,19,207,78,57,73,53,12,517,0,0,0,0,4,0,12,11,4,36,0,0,6,63,15,26,16,12,0,143,0,5,5,23,25,33,47,18,5,164,0,6,27,112,5,0,0,0,0,157,0,0,3,18,17,16,29,25,15,117,3,27,55,307,122,146,110,28,4,793,0,0,0,10,20,16,14,13,3,75,0,4,59,118,4,3,3,0,0,197,0,0,0,8,9,5,0,0,0,18,0,37,60,137,75,30,11,0,0,353,0,3,0,30,23,20,37,15,6,137,0,0,0,0,0,0,0,0,0,5,0,5,7,69,46,56,49,30,7,276
LGA50490,0,3,9,13,13,6,7,0,0,47,0,4,10,125,17,17,17,8,4,198,0,3,5,48,10,14,28,53,21,170,4,4,5,10,4,0,0,0,0,24,0,3,4,105,23,0,7,0,0,143,0,0,0,14,8,0,4,3,0,35,0,15,33,199,44,32,39,13,3,387,0,0,0,0,0,0,5,0,0,13,0,0,15,60,14,10,5,4,4,105,0,0,4,30,24,39,21,11,6,131,0,0,28,121,5,3,0,0,0,165,0,0,4,7,7,4,6,19,3,49,7,38,53,280,130,145,84,16,3,756,0,0,0,4,0,4,4,0,0,13,8,41,57,184,24,6,3,4,0,326,0,3,4,7,5,0,0,0,0,25,4,43,85,202,92,24,5,4,0,461,0,0,0,10,4,11,12,5,6,51,0,0,0,7,4,4,0,0,0,14,0,0,3,16,21,43,23,28,6,144
LGA50560,0,0,0,0,0,0,0,0,0,0,0,0,0,4,0,0,0,0,0,0,0,0,0,0,0,0,0,0,0,3,0,0,0,0,0,0,0,0,0,0,0,0,0,0,0,0,0,0,0,0,0,0,0,0,0,0,0,0,0,0,0,0,0,0,0,0,0,0,0,5,0,0,0,0,0,0,0,0,0,0,0,0,0,0,0,0,0,0,0,0,0,0,0,0,0,0,0,0,0,0,0,0,0,0,0,0,0,0,0,0,0,0,0,0,0,0,0,5,4,5,0,0,0,0,7,9,4,5,0,23,0,0,0,0,0,0,0,0,0,0,0,0,0,0,0,0,0,0,0,0,0,0,0,0,0,0,0,0,0,0,0,0,3,4,0,0,0,0,0,9,0,0,0,0,0,0,0,0,0,0,0,0,0,0,0,0,0,0,0,0,0,0,0,0,0,0,0,0,0,0
LGA50630,0,0,0,0,0,0,0,0,0,0,0,0,0,0,0,0,0,0,0,3,0,0,0,0,0,0,0,0,0,0,0,0,0,0,0,0,0,0,0,0,0,0,0,0,0,0,0,0,0,0,0,0,0,0,0,0,0,0,0,0,0,0,0,0,0,0,0,0,0,0,0,0,0,0,0,0,0,0,0,0,0,0,0,0,0,0,0,0,0,0,0,0,0,0,0,0,0,0,0,0,0,0,0,0,0,0,0,0,0,0,0,0,0,0,0,0,0,0,0,6,0,6,0,14,5,6,0,0,0,30,0,0,0,0,0,0,0,0,0,0,0,0,0,0,0,0,0,0,0,0,0,0,0,0,0,0,0,0,0,0,0,0,0,0,0,0,0,0,0,0,0,0,0,0,0,0,0,0,0,0,0,0,0,0,0,0,0,0,0,0,0,0,0,0,0,0,3,0,0,5
LGA50770,0,0,0,0,0,0,0,0,0,0,0,0,0,0,0,0,0,0,0,0,0,0,0,0,0,0,0,0,0,0,0,0,0,0,0,0,0,0,0,0,0,0,0,0,0,0,0,0,0,0,0,0,0,0,0,0,0,0,0,0,0,0,0,0,0,0,0,0,0,0,0,0,0,0,0,0,0,0,0,0,0,0,0,0,0,0,0,0,0,0,0,0,0,0,0,0,0,0,0,0,0,0,0,0,0,0,0,0,0,0,0,0,0,0,0,0,0,0,0,4,0,0,0,5,3,10,8,0,0,27,0,0,0,0,0,0,0,0,0,0,0,0,0,0,0,0,0,0,0,0,0,0,0,0,0,0,0,0,0,0,0,0,0,0,0,0,0,0,0,0,0,0,0,0,0,0,0,0,0,0,0,0,0,0,0,0,0,0,0,0,0,0,0,0,0,0,0,0,0,0
LGA50840,0,0,0,0,0,0,0,0,0,0,0,0,0,4,0,0,3,0,0,7,0,0,0,0,0,0,3,5,0,7,0,0,0,0,0,0,0,0,0,0,0,0,0,0,0,0,0,0,0,0,0,0,0,0,0,0,0,0,0,0,0,0,0,0,0,0,0,0,0,0,0,0,0,0,0,0,0,0,0,0,0,0,0,0,0,0,0,0,0,0,0,0,0,0,0,0,0,0,0,0,0,0,0,0,0,0,0,0,0,0,0,0,0,0,0,0,9,0,4,11,0,0,4,15,14,27,14,3,3,78,0,0,0,0,0,0,0,0,0,0,0,0,0,0,0,0,0,0,0,0,0,0,0,0,0,0,0,0,0,0,0,0,0,0,0,3,0,0,0,8,0,0,0,0,0,0,0,0,0,0,0,0,0,0,0,0,0,0,0,0,0,0,0,0,4,5,0,5,0,22
LGA50910,0,0,0,0,0,0,0,0,0,0,0,0,0,0,0,0,0,0,0,0,0,0,0,0,0,0,0,0,0,0,0,0,0,0,0,0,0,0,0,0,0,0,0,0,0,0,0,0,0,0,0,0,0,0,0,0,0,0,0,0,0,0,0,0,0,0,0,0,0,0,0,0,0,0,0,0,0,0,0,0,0,0,0,0,0,0,0,0,0,0,0,0,0,0,0,0,0,0,0,0,0,0,0,0,0,0,0,0,0,0,0,0,0,0,0,0,0,0,0,0,0,0,0,3,3,3,4,0,0,13,0,0,0,0,0,0,0,0,0,0,0,0,0,0,0,0,0,0,0,0,0,0,0,0,0,0,0,0,0,0,0,0,0,0,0,0,0,0,0,0,0,0,0,0,0,0,0,0,0,0,0,0,0,0,0,0,0,0,0,0,0,0,0,0,0,0,0,0,0,0
LGA50980,0,0,0,0,0,0,0,0,0,0,0,0,0,13,3,0,6,4,0,23,0,0,0,22,0,0,0,4,0,26,0,0,0,0,0,0,0,0,0,3,0,0,0,0,0,0,0,0,0,0,0,0,0,0,0,0,0,0,0,0,0,0,0,3,0,0,0,0,0,9,0,0,0,0,0,0,0,0,0,0,0,0,0,3,0,0,0,0,0,7,0,0,0,0,0,0,0,0,0,0,0,0,0,3,0,0,0,0,0,3,0,0,0,5,0,3,4,0,0,15,0,7,7,52,34,26,22,5,0,154,0,0,0,0,0,0,0,0,0,0,0,0,0,0,0,0,0,0,0,3,0,0,0,0,3,0,0,0,0,5,0,9,21,37,19,11,0,0,0,97,0,0,0,0,0,0,0,0,0,0,0,0,0,0,0,0,0,0,0,0,0,0,0,11,7,10,3,0,3,28
LGA51080,0,0,0,0,0,0,0,0,0,0,0,0,0,0,0,0,0,0,0,0,0,0,0,0,0,0,0,0,0,0,0,0,0,0,0,0,0,0,0,0,0,0,0,0,0,0,0,0,0,0,0,0,0,0,0,0,0,0,0,0,0,0,0,0,0,0,0,0,0,0,0,0,0,0,0,0,0,0,0,0,0,0,0,0,0,0,0,0,0,0,0,0,0,0,0,0,0,0,0,0,0,0,0,0,0,0,0,0,0,0,0,0,0,0,0,0,0,0,0,0,0,0,0,0,0,5,5,0,0,4,0,0,0,0,0,0,0,0,0,0,0,0,0,0,0,0,0,0,0,0,0,0,0,0,0,0,0,0,0,0,0,0,0,0,0,0,0,0,0,0,0,0,0,0,0,0,0,0,0,0,0,0,0,0,0,0,0,0,0,0,0,0,0,0,0,0,0,0,0,0
LGA51120,0,0,0,0,0,0,0,0,0,0,0,0,0,0,0,0,0,0,0,0,0,0,0,0,0,0,0,0,0,0,0,0,0,0,0,0,0,0,0,0,0,0,0,0,0,0,0,0,0,0,0,0,0,0,0,0,0,0,0,0,0,0,0,0,0,0,0,0,0,0,0,0,0,0,0,0,0,0,0,0,0,0,0,0,0,0,0,0,0,0,0,0,0,0,0,0,0,0,0,0,0,0,0,0,0,0,0,0,0,0,0,0,0,0,0,0,0,0,0,0,0,0,0,0,3,0,0,0,0,5,0,0,0,0,0,0,0,0,0,0,0,0,0,0,0,0,0,0,0,0,0,0,0,0,0,0,0,0,0,0,0,0,0,0,0,0,0,0,0,6,0,0,0,0,0,0,0,0,0,0,0,0,0,0,0,0,0,0,0,0,0,0,0,0,0,0,0,0,0,4
LGA51190,0,0,0,4,5,0,0,0,0,13,0,3,4,31,14,9,10,9,0,79,0,0,0,9,8,7,28,32,31,114,0,5,0,5,5,0,0,0,0,19,0,0,9,21,0,0,0,0,0,26,0,0,0,3,0,5,4,0,0,13,0,3,0,18,3,3,7,3,0,47,0,0,0,0,0,4,0,0,0,3,0,0,0,6,0,0,0,3,0,11,0,0,0,3,3,0,0,0,0,13,0,0,0,17,0,0,0,0,0,20,0,4,0,3,5,10,21,11,0,56,3,22,41,122,80,96,70,17,0,448,0,0,0,0,0,0,0,0,0,0,0,6,0,12,0,0,0,0,0,18,0,0,0,3,5,0,0,0,0,14,3,30,32,76,44,6,0,0,0,187,0,0,0,0,3,6,10,0,4,18,0,0,0,0,0,0,0,0,0,0,0,0,7,21,12,27,20,10,3,107
LGA51260,0,0,0,0,0,0,0,0,0,0,0,0,0,19,14,6,17,9,0,76,0,3,0,23,3,5,15,4,7,60,0,3,5,3,0,0,0,0,0,10,0,5,0,15,4,0,0,0,0,22,0,0,0,0,0,0,0,0,0,0,0,0,0,9,4,3,3,4,0,29,0,0,0,0,0,3,0,0,0,0,0,0,0,0,5,0,0,0,0,8,0,0,0,0,0,0,0,0,0,7,0,0,0,10,0,0,0,0,0,9,0,0,3,12,5,8,28,14,4,73,0,30,20,120,100,99,86,34,5,499,0,0,0,0,0,0,0,0,0,0,0,5,0,6,9,0,0,0,0,14,0,0,0,0,4,3,0,0,0,10,0,4,15,22,7,0,0,0,0,47,0,0,0,4,4,3,0,0,0,11,0,0,0,0,0,0,0,0,0,0,0,3,0,19,15,32,42,23,4,136
LGA51310,0,0,0,0,0,0,0,0,0,3,0,6,4,82,24,31,17,9,3,190,0,8,4,22,17,4,25,27,21,122,5,15,4,12,7,0,0,0,0,42,0,9,5,7,4,0,0,0,0,30,0,0,0,0,3,0,0,0,0,7,0,3,22,62,41,24,29,13,8,206,0,0,0,0,0,0,0,0,0,0,0,0,0,6,8,0,0,0,0,17,0,0,0,0,3,4,0,3,0,7,0,0,3,16,0,0,0,0,0,24,0,5,9,11,18,12,12,3,6,75,0,4,12,56,57,52,34,14,0,230,0,0,0,0,0,0,5,0,0,5,0,0,0,9,0,0,0,0,0,5,0,0,0,0,0,0,0,0,0,5,0,0,5,19,3,0,0,0,0,35,0,0,0,12,3,7,5,0,0,27,0,0,0,0,0,0,0,0,0,0,0,9,9,24,45,35,13,18,7,166
LGA51330,0,18,20,36,33,18,3,5,0,134,0,24,17,71,20,13,26,23,9,199,0,5,3,32,15,26,89,86,24,282,0,7,8,24,10,5,3,0,0,64,4,38,44,274,98,52,13,6,0,527,0,9,6,12,14,6,8,6,0,58,3,135,492,977,366,334,333,164,20,2815,0,0,0,0,0,0,0,4,0,11,0,6,16,107,18,18,7,4,0,179,0,4,16,58,41,49,61,18,9,261,0,7,69,259,28,6,0,0,0,380,0,0,0,20,7,12,34,44,9,118,4,102,114,240,156,169,90,37,11,934,0,0,0,3,3,0,0,0,0,9,13,46,187,467,49,16,11,0,0,787,0,0,5,3,6,0,3,0,0,20,4,60,167,262,150,68,12,5,0,721,0,4,3,16,14,17,18,7,7,86,0,0,0,4,3,0,4,0,0,12,0,0,13,43,48,77,64,35,14,292
LGA51400,0,0,0,0,0,0,0,0,0,0,0,4,0,11,4,4,9,0,0,30,0,0,0,0,0,0,7,0,0,7,0,0,0,0,0,0,0,0,0,0,0,0,0,4,0,0,0,0,0,3,0,0,0,4,0,3,3,0,0,7,0,0,0,3,0,0,3,0,0,9,0,0,0,0,0,6,0,0,0,7,0,0,0,0,0,7,0,0,0,9,0,0,0,0,0,0,0,0,0,0,0,0,0,0,0,0,0,0,0,0,0,0,3,3,7,7,0,4,5,28,0,17,25,76,52,57,25,4,0,254,0,0,0,0,0,0,0,0,0,0,0,8,0,12,0,0,0,0,0,19,0,0,0,0,0,0,0,0,0,5,0,18,30,49,28,7,0,0,0,133,0,0,0,0,4,0,0,0,0,11,0,0,0,0,0,0,0,0,0,0,0,0,0,12,9,22,3,8,0,57
LGA51470,0,0,0,0,0,0,0,0,0,0,0,0,0,0,0,0,0,0,0,3,0,0,0,0,0,0,0,0,0,0,0,0,0,0,0,0,0,0,0,0,0,0,0,0,0,0,0,0,0,0,0,0,0,0,0,0,0,0,0,0,0,0,0,0,0,0,0,0,0,0,0,0,0,0,0,0,0,0,0,0,0,0,0,0,0,0,0,0,0,0,0,0,0,0,0,0,0,0,0,0,0,0,0,0,0,0,0,0,0,0,0,0,0,0,0,0,0,0,0,0,0,0,0,0,0,0,5,0,0,7,0,0,0,0,0,0,0,0,0,0,0,0,0,0,0,0,0,0,0,0,0,0,0,0,0,0,0,0,0,0,0,0,0,0,0,0,0,0,0,0,0,0,0,0,0,0,0,0,0,0,0,0,0,0,0,0,0,0,0,0,0,0,0,0,0,0,0,0,0,0
LGA51540,0,0,0,0,0,0,0,0,0,0,0,0,0,6,0,0,0,0,0,9,0,0,0,3,0,0,0,3,0,13,0,0,0,4,0,0,0,0,0,4,0,0,0,0,0,0,0,0,0,0,0,0,0,0,0,0,0,0,0,0,0,0,0,19,4,0,0,0,0,29,0,0,0,0,0,0,0,0,0,0,0,0,0,0,0,0,0,0,0,0,0,0,0,0,0,0,0,0,0,0,0,0,0,0,0,0,0,0,0,0,0,0,0,0,0,4,0,0,0,7,0,0,6,5,18,10,6,0,0,49,0,0,0,0,0,0,0,0,0,0,0,0,0,0,0,0,0,0,0,4,0,0,0,0,0,0,0,0,0,0,0,4,6,4,0,0,0,0,0,16,0,0,0,0,0,0,0,0,0,0,0,0,0,0,0,0,0,0,0,0,0,0,0,0,3,6,0,0,0,7
LGA51610,0,0,0,0,0,0,0,0,0,0,0,0,0,0,0,0,0,0,0,0,0,0,0,0,0,0,0,0,0,0,0,0,0,0,0,0,0,0,0,0,0,0,0,0,0,0,0,0,0,0,0,0,0,0,0,0,0,0,0,0,0,0,0,0,0,0,0,0,0,0,0,0,0,0,0,0,0,0,0,0,0,0,0,0,0,0,0,0,0,0,0,0,0,0,0,0,0,0,0,0,0,0,0,0,0,0,0,0,0,0,0,0,0,0,0,0,0,0,0,0,0,4,0,4,0,4,5,3,0,19,0,0,0,0,0,0,0,0,0,0,0,0,0,0,0,0,0,0,0,0,0,0,0,0,0,0,0,0,0,0,0,0,0,0,0,0,0,0,0,0,0,0,0,0,0,0,0,0,0,0,0,0,0,0,0,0,0,0,0,0,0,0,0,0,0,0,0,0,0,0
LGA51680,0,0,0,0,0,0,0,0,0,3,0,0,0,0,0,0,0,5,0,8,0,0,0,0,0,0,3,0,0,4,0,0,0,0,0,0,0,0,0,0,0,0,0,0,0,0,0,0,0,0,0,0,0,0,0,0,0,0,0,0,0,0,0,0,0,0,0,0,0,4,0,0,0,0,0,0,0,0,0,0,0,0,0,0,0,0,0,0,0,0,0,0,0,0,0,0,0,0,0,0,0,0,0,0,0,0,0,0,0,0,0,0,0,0,4,7,0,3,0,21,0,0,8,21,26,29,13,10,0,107,0,0,0,0,0,0,0,0,0,0,0,0,0,0,0,0,0,0,0,0,0,0,0,0,0,0,0,0,0,0,0,0,0,5,0,0,0,0,0,5,0,0,0,0,0,0,0,0,0,3,0,0,0,5,0,0,0,0,0,3,0,0,0,0,0,10,4,0,0,26
LGA51710,0,0,0,13,4,0,0,0,0,12,0,0,0,0,0,0,0,0,0,5,0,0,0,0,0,0,0,0,0,0,0,0,0,0,0,0,0,0,0,0,0,0,0,0,0,0,0,0,0,4,0,0,0,3,0,0,0,0,0,8,4,9,4,27,27,18,62,14,4,163,0,0,0,0,0,0,0,0,0,0,0,0,0,0,0,0,0,0,0,0,0,0,0,3,5,0,0,0,0,9,0,0,0,0,0,0,0,0,0,0,0,0,0,0,0,0,0,0,0,0,0,0,4,7,3,3,0,0,0,21,0,0,0,0,0,0,0,0,0,0,0,0,0,8,0,0,0,0,0,12,0,0,0,3,0,0,0,0,0,4,0,5,0,0,3,3,0,0,0,13,0,0,0,0,0,0,0,0,0,0,0,0,0,0,0,0,0,0,0,0,0,0,0,0,0,0,0,0,0,0
LGA51750,0,0,0,0,0,0,0,0,0,3,0,0,0,20,5,8,3,4,0,40,0,0,0,5,7,0,6,5,0,24,7,6,7,12,6,0,0,0,0,32,0,0,0,5,0,0,0,0,0,5,0,0,0,0,0,0,0,0,0,0,0,0,0,6,5,9,3,3,5,37,0,0,0,0,0,0,5,0,0,6,0,0,0,5,0,0,0,0,0,3,0,0,0,0,0,5,0,0,0,7,0,0,0,0,0,0,0,0,0,0,0,0,4,0,7,4,9,0,0,29,0,5,8,21,17,22,13,5,4,86,0,0,0,0,0,0,0,0,0,4,0,0,0,0,0,0,0,0,0,4,0,0,0,0,0,0,0,0,0,3,0,0,0,0,0,0,0,0,0,0,0,0,0,4,0,0,4,0,0,9,0,0,0,0,0,0,0,0,0,0,0,0,5,12,10,11,11,11,4,63
LGA51820,0,4,0,16,8,0,0,0,0,32,0,26,17,227,47,34,25,9,9,393,0,5,10,126,57,114,232,197,106,855,4,0,11,24,9,0,4,0,0,51,0,9,21,117,27,18,7,0,0,197,0,0,4,6,6,5,4,0,0,35,0,34,83,289,88,96,88,34,6,720,0,0,0,4,0,5,7,4,5,19,0,3,9,49,7,15,5,3,0,100,0,0,0,17,9,10,15,8,3,58,0,6,4,52,11,0,0,0,0,76,0,4,8,28,19,15,38,28,16,154,16,100,151,697,346,250,133,26,6,1718,0,0,0,3,0,4,0,3,0,11,3,12,11,87,9,6,4,0,0,137,0,0,0,5,10,4,0,0,0,19,11,133,260,439,310,100,7,3,0,1267,0,3,6,41,18,29,39,8,3,145,0,0,0,3,5,5,3,0,0,17,0,31,43,171,111,129,103,67,19,671
LGA51860,0,0,0,0,0,0,0,0,0,0,0,0,0,0,0,0,0,0,0,0,0,0,0,0,0,0,0,0,0,0,0,0,0,0,0,0,0,0,0,0,0,0,0,0,0,0,0,0,0,0,0,0,0,0,0,0,0,0,0,0,0,0,0,8,6,0,0,0,0,16,0,0,0,0,0,0,0,0,0,0,0,0,0,0,0,0,0,0,0,0,0,0,0,0,0,0,0,0,0,0,0,0,0,0,0,0,0,0,0,0,0,0,0,0,0,0,0,0,0,0,0,0,0,0,0,0,0,0,0,7,0,0,0,0,0,0,0,0,0,0,0,0,0,0,0,0,0,0,0,0,0,0,0,0,0,0,0,0,0,0,0,0,0,0,0,0,0,0,0,0,0,0,0,0,0,0,0,0,0,0,0,0,0,0,0,0,0,0,0,0,0,0,0,0,0,0,0,0,0,0
LGA51890,0,0,0,0,0,0,0,0,0,0,0,0,0,0,0,0,0,0,0,6,0,0,0,0,0,0,4,7,10,23,0,0,0,0,0,0,0,0,0,0,0,0,0,0,0,0,0,0,0,0,0,0,0,0,0,0,0,0,0,0,0,0,0,0,0,0,0,0,0,0,0,0,0,0,0,0,0,0,0,0,0,0,0,0,0,0,0,0,0,0,0,0,0,0,0,0,0,0,0,0,0,0,0,0,0,0,0,0,0,0,0,0,0,0,0,5,3,0,0,18,0,0,8,18,16,26,22,3,0,102,0,0,0,0,0,0,0,0,0,0,0,0,0,3,0,0,0,0,0,3,0,0,0,0,0,0,0,0,0,3,0,0,0,8,0,0,0,0,0,14,0,0,0,0,0,0,4,0,0,6,0,0,0,0,0,0,0,0,0,0,0,0,0,0,0,4,4,3,0,14
LGA51960,0,0,0,0,0,0,0,0,0,0,0,0,0,0,0,0,5,0,0,5,0,0,0,0,0,0,0,0,0,0,0,0,0,0,0,0,0,0,0,0,0,0,0,0,0,0,0,0,0,0,0,0,0,0,0,0,0,0,0,0,0,0,0,0,0,0,0,0,0,0,0,0,0,0,0,0,0,0,0,0,0,0,0,0,0,0,0,0,0,0,0,0,0,0,0,0,0,0,0,0,0,0,0,3,0,0,0,0,0,5,0,0,0,0,0,0,0,0,0,0,4,13,15,44,23,24,20,0,0,146,0,0,0,0,0,0,0,0,0,3,0,0,0,0,0,0,0,0,0,0,0,0,0,0,0,0,0,0,0,5,0,0,3,5,3,0,0,0,0,12,0,0,0,0,0,0,0,0,0,3,0,0,0,0,0,0,0,0,0,0,0,0,0,5,0,0,0,0,0,4
LGA52030,0,0,0,0,0,0,0,0,0,0,0,0,0,0,0,0,0,0,0,0,0,0,0,0,0,0,0,0,0,0,0,0,0,0,0,0,0,0,0,0,0,0,0,0,0,0,0,0,0,0,0,0,0,0,0,0,0,0,0,0,0,0,0,0,0,0,0,0,0,0,0,0,0,0,0,0,0,0,0,0,0,0,0,0,0,0,0,0,0,0,0,0,0,0,0,0,0,0,0,0,0,0,0,0,0,0,0,0,0,0,0,0,0,0,0,0,0,0,0,0,0,0,0,3,4,4,5,5,0,15,0,0,0,0,0,0,0,0,0,0,0,0,0,0,0,0,0,0,0,0,0,0,0,0,0,0,0,0,0,0,0,0,0,0,0,0,0,0,0,0,0,0,0,0,0,0,0,0,0,0,0,0,0,0,0,0,0,0,0,0,0,0,0,0,0,0,0,0,0,4
LGA52100,0,0,0,0,0,0,0,0,0,0,0,0,0,0,0,0,0,0,0,0,0,0,0,0,0,0,0,0,0,0,0,0,0,0,0,0,0,0,0,0,0,0,0,0,0,0,0,0,0,0,0,0,0,0,0,0,0,0,0,0,0,0,0,0,0,0,0,0,0,0,0,0,0,0,0,0,0,0,0,0,0,0,0,0,0,0,0,0,0,0,0,0,0,0,0,0,0,0,0,0,0,0,0,0,0,0,0,0,0,0,0,0,0,0,0,0,0,0,0,0,0,0,0,3,4,6,3,0,0,14,0,0,0,0,0,0,0,0,0,0,0,0,0,0,0,0,0,0,0,0,0,0,0,0,0,0,0,0,0,0,0,0,0,0,0,0,0,0,0,0,0,0,0,0,0,0,0,0,0,0,0,0,0,0,0,0,0,0,0,0,0,0,0,0,0,0,0,0,0,0
LGA52170,0,0,0,0,0,0,0,0,0,0,0,5,0,18,4,9,3,0,0,44,0,0,0,12,11,0,0,4,0,28,0,0,0,0,0,0,0,0,0,0,0,0,0,0,0,0,0,0,0,0,0,0,0,0,0,0,0,0,0,0,0,0,0,6,0,0,0,0,0,11,0,0,0,0,0,0,0,0,0,0,0,0,0,0,0,0,0,0,0,6,0,0,0,0,0,0,0,0,0,3,0,0,0,0,0,0,0,0,0,0,0,6,0,3,0,3,6,0,0,15,0,0,3,24,4,13,8,4,0,60,0,0,0,0,0,0,0,0,0,0,0,0,0,0,0,0,0,0,0,0,0,0,0,0,0,0,0,0,0,0,0,0,0,0,0,0,0,0,0,0,0,0,0,0,0,0,0,0,0,8,0,0,0,0,0,0,0,0,0,0,0,5,0,4,3,9,7,0,0,29
LGA52240,0,0,0,0,0,0,0,0,0,0,0,0,0,0,0,0,0,0,0,0,0,0,0,0,0,0,0,0,0,0,0,0,0,0,0,0,0,0,0,0,0,0,0,0,0,0,0,0,0,0,0,0,0,0,0,0,0,0,0,0,0,0,0,0,0,0,0,0,0,0,0,0,0,0,0,0,0,0,0,0,0,0,0,0,0,0,0,0,0,0,0,0,0,0,0,0,0,0,0,0,0,0,0,0,0,0,0,0,0,0,0,0,0,0,0,0,0,0,0,0,0,0,0,0,4,3,7,0,0,15,0,0,0,0,0,0,0,0,0,0,0,0,0,0,0,0,0,0,0,0,0,0,0,0,0,0,0,0,0,0,0,0,0,6,0,0,0,0,0,6,0,0,0,0,0,0,0,0,0,3,0,0,0,0,0,0,0,0,0,0,0,0,0,0,0,0,0,0,0,0
LGA52310,0,0,0,0,0,0,0,0,0,0,0,0,0,0,0,0,0,0,0,0,0,0,0,0,0,0,0,0,0,0,0,0,0,0,0,0,0,0,0,0,0,0,0,0,0,0,0,0,0,0,0,0,0,0,0,0,0,0,0,0,0,0,0,0,0,0,0,0,0,0,0,0,0,0,0,0,0,0,0,0,0,0,0,0,0,0,0,0,0,0,0,0,0,0,0,0,0,0,0,0,0,0,0,0,0,0,0,0,0,0,0,0,0,0,0,0,4,5,0,6,0,0,0,0,0,3,3,0,0,6,0,0,0,0,0,0,0,0,0,0,0,0,0,0,0,0,0,0,0,0,0,0,0,0,0,0,0,0,0,0,0,0,0,0,0,0,0,0,0,0,0,0,0,0,0,0,0,0,0,0,0,0,0,0,0,0,0,0,0,0,0,0,0,0,0,0,0,0,0,0
LGA52380,0,0,0,0,0,0,0,0,0,0,0,0,0,0,0,0,0,0,0,0,0,0,0,0,0,0,0,0,0,0,0,0,0,0,0,0,0,0,0,0,0,0,0,0,0,0,0,0,0,0,0,0,0,0,0,0,0,0,0,0,0,0,0,0,0,0,0,0,0,0,0,0,0,0,0,0,0,0,0,0,0,0,0,0,0,0,0,0,0,0,0,0,0,0,0,0,0,0,0,0,0,0,0,0,0,0,0,0,0,0,0,0,0,0,0,0,0,0,0,0,0,0,4,0,0,0,0,0,0,3,0,0,0,0,0,0,0,0,0,0,0,0,0,0,0,0,0,0,0,0,0,0,0,0,0,0,0,0,0,0,0,0,0,0,0,0,0,0,0,0,0,0,0,0,0,0,0,0,0,0,0,0,0,0,0,0,0,0,0,0,0,0,0,0,0,0,0,0,0,0
LGA52450,0,0,0,0,0,0,0,0,0,0,0,0,0,0,0,0,0,0,0,0,0,0,0,0,0,0,0,0,0,0,0,0,0,0,0,0,0,0,0,0,0,0,0,0,0,0,0,0,0,0,0,0,0,0,0,0,0,0,0,0,0,0,0,0,0,0,0,0,0,0,0,0,0,0,0,0,0,0,0,0,0,0,0,0,0,0,0,0,0,0,0,0,0,0,0,0,0,0,0,0,0,0,0,0,0,0,0,0,0,0,0,0,0,0,0,0,0,0,0,0,0,0,0,0,0,5,0,0,0,8,0,0,0,0,0,0,0,0,0,0,0,0,0,0,0,0,0,0,0,0,0,0,0,0,0,0,0,0,0,0,0,4,6,7,4,0,0,0,0,23,0,0,0,0,0,0,0,0,0,0,0,0,0,0,0,0,0,0,0,0,0,0,0,0,0,0,0,0,0,3
LGA52520,0,0,0,0,0,0,0,0,0,0,0,0,0,0,0,0,0,0,0,0,0,0,0,0,0,0,0,0,0,0,0,0,0,0,0,0,0,0,0,0,0,0,0,0,0,0,0,0,0,0,0,0,0,0,0,0,0,0,0,0,0,0,0,0,0,0,0,0,0,0,0,0,0,0,0,0,0,0,0,0,0,0,0,0,0,0,0,0,0,0,0,0,0,0,0,0,0,0,0,0,0,0,0,0,0,0,0,0,0,0,0,0,0,0,0,0,0,0,0,0,0,0,0,10,0,4,4,0,0,18,0,0,0,0,0,0,0,0,0,0,0,0,0,0,0,0,0,0,0,0,0,0,0,0,0,0,0,0,0,0,0,11,14,28,12,0,0,0,0,64,0,0,0,0,0,0,0,0,0,0,0,0,0,0,0,0,0,0,0,0,0,0,0,0,0,0,0,0,0,0
LGA52590,0,0,0,0,0,0,0,0,0,0,0,0,0,0,0,0,0,0,0,0,0,0,0,3,0,0,0,0,0,0,0,0,0,0,0,0,0,0,0,0,0,0,0,0,0,0,0,0,0,0,0,0,0,0,0,0,0,0,0,0,0,0,0,0,0,0,0,0,0,0,0,0,0,0,0,0,0,0,0,0,0,0,0,0,0,0,0,0,0,0,0,0,0,0,0,0,0,0,0,0,0,0,0,7,0,0,0,0,0,7,0,0,0,0,0,0,0,4,0,6,0,0,0,4,10,15,9,0,0,39,0,0,0,0,0,0,0,0,0,0,0,0,0,0,0,0,0,0,0,0,0,0,0,0,0,0,0,0,0,0,0,0,0,0,0,0,0,0,0,4,0,0,0,0,0,0,0,0,0,0,0,0,0,0,0,0,0,0,0,0,0,0,0,3,0,6,5,3,0,18
LGA52660,0,0,0,8,0,0,0,0,0,3,0,0,3,15,5,0,4,0,0,33,0,0,0,0,0,0,3,8,3,17,0,0,0,3,0,0,0,0,0,3,0,0,0,8,0,0,0,0,0,12,0,0,0,0,0,0,0,0,0,0,0,0,0,6,0,0,0,0,0,9,0,0,0,0,0,0,5,0,0,4,0,0,0,5,0,0,0,0,0,7,0,0,0,4,0,0,0,0,0,4,0,0,5,4,0,0,0,0,0,3,0,0,3,0,7,6,10,10,0,32,5,12,14,74,41,50,24,3,0,221,0,0,0,0,0,0,0,0,0,0,0,3,0,3,0,0,0,0,0,6,0,0,0,0,0,0,0,0,0,3,0,5,11,11,10,0,0,0,0,36,0,0,0,3,0,0,0,3,0,9,0,0,0,0,0,0,0,0,0,0,0,0,0,3,11,7,11,5,0,40
LGA52730,0,0,0,0,0,0,0,0,0,0,0,0,0,4,0,3,4,0,0,14,0,0,0,0,0,0,0,0,0,4,0,0,0,0,0,0,0,0,0,0,0,0,0,0,0,0,0,0,0,0,0,0,0,0,0,0,0,0,0,0,0,0,0,0,0,7,4,0,0,8,0,0,0,0,0,0,0,0,0,0,0,0,0,0,0,0,0,0,0,0,0,0,0,0,0,0,0,0,0,0,0,0,0,0,0,0,0,0,0,0,0,0,0,0,0,5,10,10,0,25,0,0,4,8,17,21,17,7,0,63,0,0,0,0,0,0,0,0,0,0,0,0,0,0,0,0,0,0,0,0,0,0,0,0,0,0,0,0,0,0,0,0,0,0,0,0,0,0,0,0,0,0,0,0,0,0,0,0,0,3,0,0,0,0,0,0,0,0,0,0,0,0,0,0,3,8,11,4,3,29
LGA52800,0,0,0,0,0,0,0,0,0,0,0,0,0,0,0,0,0,0,0,4,0,0,0,0,0,0,0,0,0,0,0,0,0,0,0,0,0,0,0,0,0,0,0,0,0,0,0,0,0,8,0,0,0,0,0,0,0,0,0,0,0,0,0,5,0,0,0,0,0,5,0,0,0,0,0,0,0,0,0,0,0,0,0,4,0,0,0,0,0,4,0,0,0,0,0,0,0,0,0,0,0,0,0,0,0,0,0,0,0,0,0,0,0,0,0,0,0,0,0,0,0,4,5,20,9,18,11,4,0,64,0,0,0,0,0,0,0,0,0,0,0,0,0,0,0,0,0,0,0,0,0,0,0,0,0,0,0,0,0,4,0,3,0,15,0,0,0,0,0,18,0,0,0,0,0,0,0,0,0,0,0,0,0,0,0,0,0,0,0,0,0,0,0,3,0,5,0,0,0,8
LGA52870,0,0,0,0,0,0,0,0,0,0,0,0,0,0,0,0,0,0,0,10,0,0,0,0,0,4,9,6,8,21,0,0,0,0,0,0,0,0,0,0,0,0,0,0,0,0,0,0,0,3,0,0,0,0,0,0,0,0,0,0,0,0,0,4,0,5,0,0,0,8,0,0,0,0,0,0,0,0,0,0,0,0,0,0,0,0,0,0,0,0,0,0,0,0,0,0,0,0,0,0,0,0,0,0,0,0,0,0,0,0,0,0,0,3,0,4,3,0,0,17,0,0,3,9,15,13,18,3,0,68,0,0,0,0,0,0,0,0,0,0,0,0,0,0,0,0,0,0,0,4,0,0,0,0,0,0,0,0,0,3,0,0,0,4,0,0,0,0,0,6,0,0,0,0,0,0,5,0,0,6,0,0,0,0,0,0,0,0,0,0,0,0,0,0,0,5,6,5,0,20
LGA52940,0,0,0,0,0,0,0,0,0,0,0,0,0,0,0,0,0,0,0,0,0,0,0,0,0,0,0,0,0,0,0,0,0,0,0,0,0,0,0,0,0,0,0,0,0,0,0,0,0,0,0,0,0,0,0,0,0,0,0,0,0,0,0,0,0,0,0,0,0,0,0,0,0,0,0,0,0,0,0,0,0,0,0,0,0,0,0,0,0,0,0,0,0,0,0,0,0,0,0,0,0,0,0,0,0,0,0,0,0,0,0,0,0,0,0,0,0,0,0,0,0,0,0,0,0,0,0,0,0,8,0,0,0,0,0,0,0,0,0,0,0,0,0,0,0,0,0,0,0,0,0,0,0,0,0,0,0,0,0,0,0,0,0,0,0,0,0,0,0,0,0,0,0,0,0,0,0,0,0,0,0,0,0,0,0,0,0,0,0,0,0,0,0,0,0,0,0,0,0,3
LGA53010,0,0,0,0,0,0,0,0,0,0,0,0,0,0,0,0,0,0,0,0,0,0,0,0,0,0,0,0,0,0,0,0,0,0,0,0,0,0,0,0,0,0,0,0,0,0,0,0,0,0,0,0,0,0,0,0,0,0,0,0,0,0,0,0,0,0,0,0,0,0,0,0,0,0,0,0,0,0,0,0,0,0,0,0,0,0,0,0,0,0,0,0,0,0,0,0,0,0,0,0,0,0,0,0,0,0,0,0,0,0,0,0,0,0,0,0,0,0,0,0,0,0,0,4,0,6,4,0,0,9,0,0,0,0,0,0,0,0,0,0,0,0,0,0,0,0,0,0,0,0,0,0,0,0,0,0,0,0,0,0,0,0,0,0,0,0,0,0,0,0,0,0,0,0,0,0,0,0,0,0,0,0,0,0,0,0,0,0,0,0,0,0,0,0,0,0,0,0,0,0
LGA53080,0,0,0,0,0,0,0,0,0,0,0,0,0,0,0,0,0,0,0,0,0,0,0,0,0,0,0,0,0,0,0,0,0,0,0,0,0,0,0,0,0,0,0,0,0,0,0,0,0,0,0,0,0,0,0,0,0,0,0,0,0,0,0,0,0,0,0,0,0,0,0,0,0,0,0,0,0,0,0,0,0,0,0,0,0,0,0,0,0,0,0,0,0,0,0,0,0,0,0,0,0,0,0,0,0,0,0,0,0,0,0,0,0,0,0,0,0,0,0,3,0,0,0,7,5,7,0,0,0,18,0,0,0,0,0,0,0,0,0,0,0,0,0,0,0,0,0,0,0,0,0,0,0,0,0,0,0,0,0,0,0,0,0,0,0,0,0,0,0,0,0,0,0,0,0,0,0,0,0,0,0,0,0,0,0,0,0,0,0,0,0,0,0,0,0,0,0,0,0,0
LGA53150,0,0,0,0,0,0,0,0,0,0,0,3,0,14,8,7,4,0,0,33,0,0,5,7,0,6,4,20,12,49,0,0,0,0,0,0,0,0,0,6,0,0,0,0,0,0,0,0,0,3,0,0,0,0,0,0,0,0,0,0,0,0,0,0,3,3,0,0,0,11,0,0,0,0,0,0,0,0,0,0,0,0,0,0,0,0,0,0,0,0,0,0,0,0,0,0,0,0,0,5,0,0,0,0,0,0,0,0,0,0,0,0,0,3,0,0,3,6,0,16,0,4,0,15,18,21,20,3,0,84,0,0,0,0,0,0,0,0,0,0,0,0,0,0,0,0,0,0,0,0,0,0,0,0,0,0,0,0,0,3,0,0,0,3,0,0,0,0,0,3,0,0,0,0,0,0,0,0,0,0,0,0,0,0,0,0,0,0,0,0,0,0,3,15,0,13,14,5,0,46
LGA53220,0,0,0,4,0,0,0,0,0,4,0,0,0,32,0,4,0,0,0,36,0,0,0,3,0,0,0,0,0,7,0,0,0,0,0,0,0,0,0,0,0,0,3,0,0,0,0,0,0,3,0,0,0,0,0,0,0,0,0,3,0,0,5,12,0,0,0,0,0,15,0,0,0,0,0,0,0,0,0,0,0,0,0,3,6,0,0,0,0,12,0,0,0,0,6,0,0,0,0,4,0,0,0,0,0,0,0,0,0,10,0,0,0,5,0,0,0,0,0,9,8,13,16,159,88,73,10,0,0,363,0,0,0,0,0,3,0,0,0,8,0,0,4,10,0,0,0,0,0,9,0,0,0,0,9,4,0,0,0,17,0,4,12,74,39,11,0,0,0,142,0,0,0,0,0,0,0,0,0,0,0,0,0,3,0,0,0,0,0,9,0,0,0,8,7,12,0,0,0,21
LGA53290,0,0,0,0,0,0,0,0,0,0,0,0,0,6,5,0,0,3,0,16,0,0,0,0,4,0,0,5,0,7,0,0,0,0,0,0,0,0,0,0,0,0,0,0,0,0,0,0,0,0,0,0,0,0,0,0,0,0,0,0,0,0,0,0,0,0,0,0,0,7,0,0,0,0,0,0,0,0,0,0,0,0,0,0,0,0,0,0,0,0,0,0,0,0,0,0,0,0,0,0,0,0,0,0,0,0,0,0,0,0,0,0,0,0,0,7,13,0,0,19,0,5,5,58,26,55,22,9,0,183,0,0,0,0,0,0,0,0,0,0,0,0,0,0,0,0,0,0,0,0,0,0,0,0,0,0,0,0,0,5,0,5,0,11,5,0,0,0,0,26,0,0,0,0,0,0,0,0,0,8,0,0,0,0,0,0,0,0,0,0,0,0,0,4,7,11,5,9,0,41
LGA53360,0,0,0,0,0,0,0,0,0,0,0,0,0,4,0,0,0,0,0,4,0,0,0,6,0,0,0,0,0,8,0,0,0,0,0,0,0,0,0,5,0,0,0,0,0,0,0,0,0,0,0,0,0,0,0,0,0,0,0,0,0,0,0,0,0,0,3,0,0,3,0,0,0,0,0,0,0,0,0,0,0,0,0,0,0,0,0,0,0,0,0,0,0,0,0,0,0,0,0,0,0,0,0,0,0,0,0,0,0,0,0,0,0,0,0,0,8,0,0,8,0,0,0,14,4,8,12,0,0,37,0,0,0,0,0,0,0,0,0,0,0,0,0,0,0,0,0,0,0,0,0,0,0,0,0,0,0,0,0,0,0,0,3,7,3,0,0,0,0,13,0,0,0,0,0,0,0,0,0,3,0,0,0,0,0,0,0,0,0,0,0,0,0,4,0,0,3,0,0,9
LGA53430,0,0,0,0,3,6,0,0,0,10,4,3,8,88,30,17,12,14,4,180,0,5,7,43,27,25,63,87,92,346,0,5,0,6,3,3,3,0,0,21,0,0,0,5,0,6,0,0,0,11,0,0,0,0,0,0,5,0,0,3,0,3,5,10,17,10,12,5,0,56,0,0,0,0,0,0,0,0,0,0,0,0,0,0,4,3,5,4,0,13,0,0,0,0,0,3,0,3,0,11,0,0,6,0,0,0,0,0,0,9,0,3,0,18,13,6,17,0,4,67,0,12,10,125,67,75,52,17,0,368,0,0,0,0,0,0,0,0,0,3,0,0,0,0,0,0,0,0,0,5,0,0,0,0,6,3,0,0,0,13,0,9,12,12,8,0,0,0,0,45,0,0,0,13,8,3,11,3,0,37,0,0,0,7,0,0,0,0,0,7,0,10,4,43,26,48,39,18,9,197
LGA53570,0,0,0,0,0,0,0,0,0,5,0,0,5,9,0,0,3,0,0,20,0,0,0,5,0,5,10,7,0,24,0,0,0,0,0,0,0,0,0,0,0,0,0,0,0,0,0,0,0,0,0,0,0,0,0,0,0,0,0,0,0,0,4,4,3,0,0,0,0,10,0,0,0,0,0,0,4,3,0,6,0,0,0,0,0,0,0,0,0,0,0,0,0,0,0,0,0,0,0,5,0,0,0,0,0,0,0,0,0,0,0,0,0,0,0,5,0,7,0,12,0,3,0,15,18,24,20,3,0,85,0,0,0,0,0,4,0,0,0,5,0,0,0,0,0,0,0,0,0,0,0,0,0,0,0,0,0,0,0,0,0,7,6,14,3,0,0,0,0,32,0,0,0,0,0,0,0,0,0,0,0,0,0,5,0,0,0,0,0,8,0,0,0,3,0,4,3,5,0,20
LGA53640,0,0,0,0,0,0,0,0,0,0,0,0,0,0,0,0,0,0,0,0,0,0,0,0,0,0,0,0,0,0,0,0,0,0,0,0,0,0,0,0,0,0,0,0,0,0,0,0,0,0,0,0,0,0,0,0,0,0,0,0,0,0,0,0,0,0,0,0,0,0,0,0,0,0,0,0,0,0,0,0,0,0,0,0,0,0,0,0,0,0,0,0,0,0,0,0,0,0,0,0,0,0,0,0,0,0,0,0,0,0,0,0,0,0,0,0,0,0,0,0,0,0,0,9,0,4,0,0,0,17,0,0,0,0,0,0,0,0,0,0,0,0,0,0,0,0,0,0,0,0,0,0,0,0,0,0,0,0,0,0,0,5,4,15,4,0,0,0,0,32,0,0,0,0,0,0,0,0,0,0,0,0,0,0,0,0,0,0,0,0,0,0,0,0,0,0,0,0,0,4
LGA53710,0,0,0,0,0,0,0,0,0,0,0,0,0,0,0,0,0,0,0,0,0,0,0,0,0,0,0,0,0,0,0,0,0,0,0,0,0,0,0,0,0,0,0,0,0,0,0,0,0,0,0,0,0,0,0,0,0,0,0,0,0,0,0,0,0,0,0,0,0,0,0,0,0,0,0,0,0,0,0,0,0,0,0,0,0,0,0,0,0,0,0,0,0,0,0,0,0,0,0,0,0,0,0,0,0,0,0,0,0,0,0,0,0,0,0,0,4,0,0,3,0,0,0,0,0,0,0,0,0,7,0,0,0,0,0,0,0,0,0,0,0,0,0,0,0,0,0,0,0,0,0,0,0,0,0,0,0,0,0,0,0,0,0,0,0,0,0,0,0,0,0,0,0,0,0,0,0,0,0,0,0,0,0,0,0,0,0,0,0,0,0,0,0,0,0,0,0,0,0,0
LGA53780,0,8,25,100,48,40,9,3,4,236,0,20,6,73,27,21,39,31,4,232,0,0,3,30,17,30,80,54,37,256,0,9,0,14,7,0,0,0,0,30,0,10,13,150,33,19,6,4,0,238,0,9,11,18,31,13,16,3,0,93,15,91,198,663,240,245,257,62,14,1783,0,0,0,0,0,5,8,5,0,17,0,12,30,124,38,19,21,8,0,253,3,17,71,328,157,116,101,44,13,849,0,4,11,103,13,0,0,0,0,135,0,0,5,4,9,16,65,64,17,176,10,138,210,568,336,329,156,52,13,1813,0,0,0,0,0,0,0,0,0,0,17,123,122,438,93,32,23,5,0,854,0,6,17,16,25,9,3,0,0,80,8,194,368,587,361,136,37,5,0,1703,0,0,4,28,14,17,21,5,0,95,0,0,3,13,10,0,3,0,0,41,0,9,18,61,65,101,99,80,19,447
LGA53800,0,0,0,0,0,0,0,0,0,3,0,0,0,16,10,0,3,0,0,37,0,0,0,3,5,4,18,19,4,55,0,0,0,0,0,0,0,0,0,0,0,0,0,3,0,0,0,0,0,5,0,0,0,0,0,0,0,0,0,0,0,0,3,19,9,8,0,0,0,39,0,0,0,0,0,0,0,6,0,13,0,0,0,0,0,0,0,0,0,4,0,0,0,0,0,5,3,0,0,7,0,6,0,11,0,0,0,0,0,10,0,0,0,8,5,5,15,14,3,47,0,19,16,85,59,92,68,16,4,365,0,0,0,0,0,0,0,0,0,5,0,0,0,17,0,4,0,0,0,21,0,0,0,0,0,0,0,0,0,5,3,24,28,76,39,15,0,0,0,179,0,0,0,0,0,0,4,3,0,8,0,0,0,0,0,0,0,0,0,0,0,0,0,10,14,26,17,17,0,87
LGA53920,0,0,0,0,0,0,0,0,0,0,0,0,0,6,0,0,0,0,0,7,0,0,0,0,0,0,0,0,0,0,0,0,0,0,0,0,0,0,0,0,0,0,0,0,0,0,0,0,0,0,0,0,0,0,0,0,0,0,0,0,0,0,0,0,0,0,0,0,0,0,0,0,0,0,0,0,0,0,0,0,0,0,0,0,0,0,0,0,0,0,0,0,0,0,0,0,0,0,0,0,0,0,0,0,0,0,0,0,0,0,0,0,0,0,0,0,0,0,0,0,0,0,0,7,4,3,3,0,0,17,0,0,0,0,0,0,0,0,0,0,0,0,0,0,0,0,0,0,0,0,0,0,0,0,0,0,0,0,0,0,0,0,0,0,3,0,0,0,0,3,0,0,0,0,0,0,0,0,0,0,0,0,0,0,0,0,0,0,0,0,0,0,0,0,0,0,0,0,0,3
LGA53990,0,0,0,0,0,0,0,0,0,4,0,4,5,15,5,9,4,4,0,51,0,0,3,4,0,7,31,21,14,85,0,0,0,0,0,0,0,0,0,0,0,0,0,20,4,0,0,0,0,21,0,0,0,0,0,0,0,0,0,0,0,6,0,19,0,5,0,0,0,33,0,0,0,0,0,0,0,0,0,0,0,0,0,0,0,0,0,0,0,4,0,0,3,3,4,0,3,0,0,7,0,0,0,0,0,0,0,0,0,0,0,0,0,8,5,6,29,10,4,54,0,26,51,124,93,90,70,19,3,481,0,0,0,0,0,0,0,0,0,0,0,3,6,3,0,0,0,0,0,8,0,0,0,10,0,0,0,0,0,10,3,43,19,132,31,7,0,0,0,243,0,0,0,6,0,0,0,0,0,6,0,0,0,0,0,0,0,0,0,3,0,0,0,4,12,20,19,7,0,68
LGA54060,0,0,0,0,0,0,0,0,0,0,0,0,0,0,5,0,0,0,0,6,0,0,0,0,0,0,4,0,0,4,0,0,0,0,0,0,0,0,0,0,0,0,0,0,0,0,0,0,0,0,0,0,0,0,0,0,0,0,0,0,0,0,0,0,0,0,0,0,0,0,0,0,0,0,0,0,0,0,0,0,0,0,0,0,0,0,0,0,0,0,0,0,0,0,0,0,0,0,0,0,0,0,0,0,0,0,0,0,0,0,0,0,0,0,0,0,0,3,0,10,0,0,0,6,13,15,8,4,0,48,0,0,0,0,0,0,0,0,0,0,0,0,0,0,0,0,0,0,0,0,0,0,0,0,0,0,0,0,0,0,0,0,0,0,0,0,0,0,0,0,0,0,0,0,0,0,0,0,0,0,0,0,0,0,0,0,0,0,0,0,0,0,0,0,3,8,0,3,0,13
LGA54130,0,0,0,0,0,0,0,0,0,0,0,0,0,0,0,0,0,0,0,3,0,0,0,5,0,0,0,0,0,5,0,0,0,0,0,0,0,0,0,0,0,0,0,0,0,0,0,0,0,0,0,0,0,0,0,0,0,0,0,0,0,0,0,0,0,0,0,0,0,0,0,0,0,0,0,0,0,0,0,0,0,0,0,0,0,0,0,0,0,0,0,0,0,0,0,0,0,0,0,0,0,0,0,0,0,0,0,0,0,0,0,0,0,0,0,0,0,0,0,0,0,0,0,8,5,6,0,0,0,19,0,0,0,0,0,0,0,0,0,0,0,0,0,0,0,0,0,0,0,0,0,0,0,0,0,0,0,0,0,0,0,0,0,0,0,0,0,0,0,0,0,0,0,0,0,0,0,0,0,0,0,0,0,0,0,0,0,0,0,0,0,0,0,0,0,0,0,3,0,3
LGA54170,0,3,3,8,11,9,0,0,0,33,4,93,95,610,172,142,145,59,20,1343,0,13,15,74,44,68,135,88,37,469,4,15,16,17,15,7,3,9,5,79,0,7,16,26,8,7,0,0,0,64,0,0,0,4,8,3,8,5,0,23,0,17,31,104,54,68,105,39,9,427,0,0,0,4,0,3,11,5,0,22,0,0,5,25,9,24,22,12,8,101,0,0,0,11,13,32,24,17,5,106,0,0,7,17,0,0,0,0,0,21,0,10,12,42,34,36,96,68,16,325,11,85,136,672,445,378,295,78,9,2108,0,0,0,17,15,21,27,3,0,78,0,5,9,47,0,0,4,0,0,73,0,0,3,11,23,7,8,0,0,43,0,23,34,77,29,28,18,7,0,209,0,9,9,46,36,50,85,16,5,240,0,0,0,0,0,0,0,0,0,9,0,82,144,280,289,346,272,141,28,1587
LGA54200,0,0,0,0,7,3,0,0,0,3,0,9,8,73,34,28,29,25,4,216,0,0,0,7,4,34,74,54,31,216,0,0,0,7,0,0,3,0,0,9,0,0,0,10,0,4,0,0,0,14,0,0,0,8,0,0,8,3,0,17,0,6,12,71,20,13,21,11,3,160,0,0,0,0,0,3,3,3,0,9,0,0,6,17,6,4,8,0,4,51,0,0,0,10,10,17,15,9,4,57,0,0,0,14,0,0,0,0,0,12,0,0,4,11,8,16,35,35,12,130,0,60,84,304,194,225,126,31,4,1021,0,0,0,0,0,0,0,0,0,0,0,12,10,21,3,3,6,0,0,51,0,4,0,9,11,0,0,0,0,32,0,32,64,119,72,19,10,0,0,312,0,0,0,14,5,7,9,4,0,37,0,0,0,0,0,0,0,0,0,6,0,4,10,34,35,53,54,43,12,248
LGA54280,0,5,0,4,0,0,0,0,0,4,0,3,0,40,8,4,0,0,0,56,0,0,0,11,0,4,4,3,0,19,0,0,0,0,0,0,0,0,0,4,0,4,0,13,0,0,0,0,0,18,0,0,0,0,0,0,0,0,0,0,0,0,0,8,4,0,3,0,0,15,0,0,0,0,0,0,0,0,0,5,0,0,0,5,0,0,0,0,0,6,0,0,0,3,0,0,0,0,0,3,0,0,0,14,0,0,0,0,0,12,0,0,0,0,0,6,8,0,0,15,7,80,124,365,214,218,86,14,0,1105,0,0,0,0,0,0,0,0,0,0,0,3,5,24,0,3,0,0,0,34,3,8,15,29,20,4,0,0,0,85,0,38,53,149,65,30,3,0,0,333,0,0,0,0,4,0,0,0,0,8,0,0,0,9,5,5,0,0,0,12,0,0,0,19,9,19,10,4,0,63
LGA54310,0,0,0,0,0,0,0,0,0,0,0,0,0,46,0,4,0,0,0,57,0,0,0,9,0,0,3,0,0,8,0,0,0,0,0,0,0,0,0,0,0,0,0,4,0,0,0,0,0,4,0,0,0,0,0,0,0,0,0,0,0,0,6,9,7,3,0,0,0,24,0,0,0,0,0,0,0,0,0,5,0,0,0,5,0,0,0,0,0,11,0,0,0,10,0,0,0,0,0,11,0,0,0,17,0,0,0,0,0,20,0,0,0,4,5,3,0,3,0,11,3,17,26,214,109,97,34,3,0,499,0,0,0,0,0,3,0,0,0,6,0,0,0,19,0,0,0,0,0,26,0,0,0,6,5,0,0,0,0,15,0,19,28,83,65,29,3,0,0,224,0,0,0,4,0,0,0,0,0,11,0,0,0,0,0,0,0,0,0,3,0,0,5,22,14,16,5,0,0,62
LGA54340,0,0,0,0,0,0,0,0,0,0,0,0,0,0,0,0,0,0,0,4,0,0,0,0,0,0,3,4,3,14,0,0,0,0,0,0,0,0,0,0,0,0,0,0,0,0,0,0,0,0,0,0,0,0,0,0,0,0,0,0,0,0,0,9,4,6,0,0,0,24,0,0,0,0,0,0,0,0,0,0,0,0,0,0,0,0,0,0,0,0,0,0,4,28,22,7,0,0,3,64,0,0,0,0,0,0,0,0,0,0,0,0,0,4,0,0,4,3,0,10,4,0,6,22,12,8,5,5,0,65,0,0,0,0,0,0,0,0,0,0,0,0,0,0,0,0,0,0,0,7,0,0,0,0,0,0,0,0,0,3,0,3,5,0,6,0,0,0,0,12,0,0,0,0,0,0,0,0,0,0,0,0,0,0,0,0,0,0,0,0,0,0,0,0,0,0,0,0,0,9
LGA54410,0,0,0,0,0,0,0,0,0,0,0,0,0,0,0,0,0,0,0,0,0,0,0,0,0,0,0,0,0,3,0,0,0,0,0,0,0,0,0,0,0,0,0,0,0,0,0,0,0,0,0,0,0,0,0,0,0,0,0,0,0,0,0,0,0,0,0,0,0,0,0,0,0,0,0,0,0,0,0,0,0,0,0,0,0,0,0,0,0,0,0,0,0,0,0,0,0,0,0,0,0,0,0,0,0,0,0,0,0,0,0,0,0,0,0,0,0,0,0,3,0,0,0,0,4,3,6,6,0,8,0,0,0,0,0,0,0,0,0,0,0,0,0,0,0,0,0,0,0,0,0,0,0,0,0,0,0,0,0,0,0,0,0,0,0,0,0,0,0,0,0,0,0,0,0,0,0,0,0,0,0,0,0,0,0,0,0,0,0,0,0,0,0,0,0,0,0,0,0,0
LGA54480,0,0,0,0,0,0,0,0,0,0,0,0,0,0,0,0,0,0,0,0,0,0,0,0,0,0,0,0,0,0,0,0,0,0,0,0,0,0,0,0,0,0,0,0,0,0,0,0,0,0,0,0,0,0,0,0,0,0,0,0,0,0,0,0,0,0,0,0,0,0,0,0,0,0,0,0,0,0,0,0,0,0,0,0,0,0,0,0,0,0,0,0,0,0,0,0,0,0,0,0,0,0,0,0,0,0,0,0,0,0,0,0,0,0,0,0,0,0,0,0,0,0,0,3,0,0,0,0,0,0,0,0,0,0,0,0,0,0,0,0,0,0,0,0,0,0,0,0,0,0,0,0,0,0,0,0,0,0,0,0,0,0,0,0,0,0,0,0,0,0,0,0,0,0,0,0,0,0,0,0,0,0,0,0,0,0,0,0,0,0,0,0,0,0,0,0,0,0,0,0
LGA54550,0,0,0,0,0,0,0,0,0,0,0,0,0,3,0,0,0,0,0,3,0,0,0,0,0,0,3,0,0,5,0,0,0,0,0,0,0,0,0,0,0,0,0,0,0,0,0,0,0,0,0,0,0,0,0,0,0,0,0,0,0,0,0,0,0,0,0,0,0,0,0,0,0,0,0,0,0,0,0,0,0,0,0,0,0,0,0,0,0,0,0,0,0,0,0,0,0,0,0,0,0,0,0,0,0,0,0,0,0,0,0,0,0,0,0,0,0,0,0,0,0,0,3,14,4,16,3,4,0,41,0,0,0,0,0,0,0,0,0,0,0,0,0,0,0,0,0,0,0,0,0,0,0,0,0,0,0,0,0,0,0,9,7,13,3,0,0,0,0,29,0,0,0,0,0,0,0,0,0,0,0,0,0,0,0,0,0,0,0,0,0,0,0,3,0,0,0,0,0,5
LGA54620,0,0,0,0,0,0,0,0,0,0,0,0,0,0,0,0,0,0,0,0,0,0,0,0,0,0,0,0,0,0,0,0,0,0,0,0,0,0,0,0,0,0,0,0,0,0,0,0,0,0,0,0,0,0,0,0,0,0,0,0,0,0,0,0,0,0,0,0,0,0,0,0,0,0,0,0,0,0,0,0,0,0,0,0,0,0,0,0,0,0,0,0,0,0,0,0,0,0,0,0,0,0,0,0,0,0,0,0,0,0,0,0,0,0,0,0,0,0,0,0,0,0,0,6,5,0,0,0,0,19,0,0,0,0,0,0,0,0,0,0,0,0,0,0,0,0,0,0,0,0,0,0,0,0,0,0,0,0,0,0,0,0,0,0,0,0,0,0,0,0,0,0,0,0,0,0,0,0,0,0,0,0,0,0,0,0,0,0,0,0,0,0,0,0,0,0,0,0,0,0
LGA54690,0,0,0,0,0,0,0,0,0,0,0,0,0,0,0,0,0,0,0,0,0,0,0,0,0,0,0,0,0,0,0,0,0,0,0,0,0,0,0,0,0,0,0,0,0,0,0,0,0,0,0,0,0,0,0,0,0,0,0,0,0,0,0,0,0,0,0,0,0,0,0,0,0,0,0,0,0,0,0,0,0,0,0,0,0,0,0,0,0,0,0,0,0,0,0,0,0,0,0,0,0,0,0,0,0,0,0,0,0,0,0,0,0,0,0,0,0,0,0,0,0,0,0,4,0,0,0,0,0,5,0,0,0,0,0,0,0,0,0,0,0,0,0,0,0,0,0,0,0,0,0,0,0,0,0,0,0,0,0,0,0,0,0,0,0,0,0,0,0,0,0,0,0,0,0,0,0,0,0,0,0,0,0,0,0,0,0,0,0,0,0,0,0,0,0,0,0,0,0,0
LGA54760,0,0,0,0,0,0,0,0,0,0,0,0,0,0,0,0,0,0,0,0,0,0,0,0,0,0,0,0,0,0,0,0,0,0,0,0,0,0,0,0,0,0,0,0,0,0,0,0,0,0,0,0,0,0,0,0,0,0,0,0,0,0,0,0,0,0,0,0,0,0,0,0,0,0,0,0,0,0,0,0,0,0,0,0,0,0,0,0,0,0,0,0,0,0,0,0,0,0,0,0,0,0,0,0,0,0,0,0,0,0,0,0,0,0,0,0,0,0,0,0,0,0,0,0,3,0,0,0,0,3,0,0,0,0,0,0,0,0,0,0,0,0,0,0,0,0,0,0,0,0,0,0,0,0,0,0,0,0,0,0,0,0,0,0,0,0,0,0,0,0,0,0,0,0,0,0,0,0,0,0,0,0,0,0,0,0,0,0,0,0,0,0,0,0,0,0,0,0,0,0
LGA54830,0,0,6,11,5,0,0,0,0,17,0,5,3,53,12,11,14,5,6,97,0,0,0,10,3,15,18,11,0,65,0,3,0,9,9,0,0,0,0,11,0,5,0,43,10,12,0,4,0,72,0,0,3,0,0,6,0,0,0,8,0,7,21,68,25,10,12,4,0,137,0,0,0,3,0,0,5,5,0,8,0,0,9,17,8,0,0,0,0,39,0,0,0,4,4,0,3,4,0,24,0,0,4,21,0,0,0,0,0,26,0,0,0,0,5,10,14,11,3,54,10,97,130,422,185,133,73,20,0,1074,0,0,0,5,0,0,0,0,0,10,0,5,5,42,3,4,0,0,0,63,0,0,0,5,5,0,0,0,0,17,0,191,282,412,297,62,13,3,0,1263,0,0,0,3,0,4,0,0,0,24,0,0,0,9,0,3,0,0,0,15,0,4,8,44,31,39,28,25,9,188
LGA54900,0,0,0,0,0,0,0,0,0,0,0,0,0,3,0,0,0,0,0,4,0,0,0,0,0,0,0,0,0,0,0,0,0,0,0,0,0,0,0,0,0,0,0,0,0,0,0,0,0,0,0,0,0,0,0,0,0,0,0,0,0,0,0,0,0,0,0,0,0,0,0,0,0,0,0,0,0,0,0,0,0,0,0,0,0,0,0,0,0,0,0,0,0,0,0,0,0,0,0,0,0,0,0,0,0,0,0,0,0,0,0,0,0,0,0,0,0,0,0,0,0,4,0,9,12,4,3,0,0,23,0,0,0,0,0,0,0,0,0,0,0,0,0,0,0,0,0,0,0,0,0,0,0,0,0,0,0,0,0,0,0,0,0,3,0,0,0,0,0,8,0,0,0,0,0,0,0,0,0,0,0,0,0,0,0,0,0,0,0,0,0,0,0,0,0,0,0,0,0,5
LGA54970,0,0,0,0,0,0,0,0,0,0,0,0,0,0,0,0,0,0,0,0,0,0,0,0,0,0,0,0,0,0,0,0,0,0,0,0,0,0,0,0,0,0,0,0,0,0,0,0,0,0,0,0,0,0,0,0,0,0,0,0,0,0,0,0,0,0,0,0,0,0,0,0,0,0,0,0,0,0,0,0,0,0,0,0,0,0,0,0,0,5,0,0,0,0,0,0,0,0,0,0,0,0,0,0,0,0,0,0,0,0,0,0,0,0,0,0,0,0,0,0,0,3,0,17,18,8,3,0,0,54,0,0,0,0,0,0,0,0,0,0,0,0,0,0,0,0,0,0,0,0,0,0,0,0,0,0,0,0,0,0,0,0,0,4,0,0,0,0,0,3,0,0,0,0,0,0,0,0,0,0,0,0,0,0,0,0,4,0,0,4,0,0,0,0,0,0,0,0,0,0
LGA55040,0,0,0,0,0,0,0,0,0,0,0,0,0,0,0,3,0,0,0,3,0,0,0,0,0,0,0,0,0,0,0,0,0,0,0,0,0,0,0,0,0,0,0,0,0,0,0,0,0,0,0,0,0,0,0,0,0,0,0,0,0,0,0,0,0,0,0,0,0,0,0,0,0,0,0,0,0,0,0,0,0,0,0,0,0,0,0,0,0,0,0,0,0,0,0,0,0,0,0,0,0,0,0,0,0,0,0,0,0,0,0,0,0,4,0,0,0,0,0,3,0,4,6,25,14,9,3,0,0,54,0,0,0,0,0,0,0,0,0,0,0,0,0,0,0,0,0,0,0,0,0,0,0,3,0,0,0,0,0,3,0,0,0,5,3,0,0,0,0,10,0,0,0,0,0,0,0,0,0,0,0,0,0,0,0,0,0,0,0,0,0,0,0,0,0,0,0,0,0,5
LGA55110,0,0,3,0,0,4,0,0,0,8,0,20,30,80,17,24,40,19,0,236,0,0,3,9,9,14,50,38,9,137,0,3,0,0,0,0,0,0,0,7,0,3,4,21,0,0,0,0,0,29,0,0,0,0,0,0,0,0,0,0,0,9,10,14,19,18,12,3,4,90,0,0,0,0,0,5,8,4,0,18,0,0,4,12,7,0,8,5,0,35,0,0,0,0,3,12,5,0,3,21,0,0,4,21,0,0,0,0,0,26,0,3,3,12,11,15,76,59,18,206,7,109,154,424,270,302,261,85,17,1617,0,0,0,0,0,0,0,5,0,3,0,4,0,12,0,0,0,0,4,30,0,0,10,3,14,3,0,0,0,31,4,66,96,136,67,22,3,0,0,397,0,0,0,3,7,3,8,4,0,35,0,0,0,4,0,0,0,4,0,11,4,29,39,72,78,109,114,87,22,544
LGA55180,0,0,0,0,0,0,0,0,0,0,0,0,0,6,0,0,0,0,0,14,0,0,0,7,4,0,18,8,5,33,0,0,0,0,0,0,0,0,0,0,0,0,0,0,0,0,0,0,0,0,0,0,0,0,0,0,0,0,0,0,0,0,0,4,0,0,0,0,0,3,0,0,0,0,0,0,0,0,0,3,0,0,0,0,0,0,0,0,0,0,0,0,0,0,0,0,0,0,0,7,0,0,0,0,0,0,0,0,0,0,0,0,0,3,0,7,3,3,0,17,0,0,0,9,16,23,14,3,0,66,0,0,0,0,0,0,0,4,3,11,0,4,0,0,0,0,0,0,0,7,0,0,0,0,0,3,0,0,0,7,0,0,0,6,9,0,0,0,0,13,0,0,0,0,0,0,0,0,0,0,0,0,0,0,0,0,0,0,0,0,0,0,0,4,4,6,5,3,0,18
LGA55250,0,0,0,0,0,0,0,0,0,0,0,0,0,0,0,0,0,0,0,3,0,0,0,3,0,0,0,0,0,3,0,0,0,0,0,0,0,0,0,0,0,0,0,0,0,0,0,0,0,0,0,0,0,0,0,0,0,0,0,0,0,0,0,0,0,0,0,0,0,0,0,0,0,0,0,0,0,0,0,0,0,0,0,0,0,0,0,0,0,0,0,0,0,0,0,0,0,0,0,0,0,0,0,0,0,0,0,0,0,0,0,0,0,0,0,0,0,0,0,0,0,0,6,14,0,4,3,0,0,27,0,0,0,0,0,0,0,0,0,0,0,0,0,0,0,0,0,0,0,0,0,0,0,0,0,0,0,0,0,0,0,0,0,8,0,0,0,0,0,12,0,0,0,0,0,0,0,0,0,0,0,0,0,0,0,0,0,0,0,0,0,0,0,0,0,0,0,0,0,0
LGA55320,0,5,5,11,13,0,0,0,0,46,0,22,12,91,36,48,49,19,10,300,0,10,3,66,29,55,119,95,46,435,3,5,13,15,5,12,5,4,0,61,3,21,28,120,42,24,17,7,0,268,0,0,0,0,8,5,4,4,0,29,3,67,143,479,239,175,282,161,40,1590,0,0,0,3,4,0,11,3,0,13,0,0,3,28,13,13,5,5,0,68,0,0,0,11,10,16,12,10,0,57,0,0,7,28,4,0,0,0,0,41,0,6,3,23,18,18,45,32,22,158,3,25,58,229,156,223,114,55,9,876,0,0,0,0,0,0,5,0,0,6,0,17,13,55,15,0,8,6,0,106,0,0,6,11,0,5,3,0,0,22,0,32,41,79,27,20,9,4,0,218,0,0,0,21,12,13,32,6,7,86,0,0,0,0,0,0,0,0,0,9,0,21,47,82,103,146,124,73,24,607
LGA55390,0,0,0,0,0,0,0,0,0,0,0,0,0,0,0,0,0,0,0,0,0,0,0,0,0,0,0,0,0,0,0,0,0,0,0,0,0,0,0,0,0,0,0,0,0,0,0,0,0,0,0,0,0,0,0,0,0,0,0,0,0,0,0,0,0,0,0,0,0,0,0,0,0,0,0,0,0,0,0,0,0,0,0,0,0,0,0,0,0,0,0,0,0,0,0,0,0,0,0,0,0,0,0,0,0,0,0,0,0,0,0,0,0,0,0,0,0,0,0,0,0,0,4,16,4,3,3,0,0,28,0,0,0,0,0,0,0,0,0,0,0,0,0,0,0,0,0,0,0,0,0,0,0,0,0,0,0,0,0,0,0,0,0,9,5,0,0,0,0,14,0,0,0,0,0,0,0,0,0,0,0,0,0,0,0,0,0,0,0,0,0,0,0,0,0,0,0,0,0,0
LGA55460,0,0,0,0,0,0,0,0,0,0,0,0,0,0,0,0,0,0,0,3,0,0,0,0,0,4,5,0,0,12,0,0,0,0,0,0,0,0,0,0,0,0,0,0,0,0,0,0,0,0,0,0,0,0,0,0,0,0,0,0,0,0,0,0,0,0,0,0,0,0,0,0,0,0,0,0,0,0,0,0,0,0,0,0,0,0,0,0,0,0,0,0,0,0,0,0,0,0,0,0,0,0,0,0,0,0,0,0,0,0,0,0,0,0,0,0,3,0,0,3,0,0,0,12,8,11,17,0,0,40,0,0,0,0,0,0,0,0,0,0,0,0,0,0,0,0,0,0,0,0,0,0,0,0,0,0,0,0,0,0,0,0,0,3,0,0,0,0,0,3,0,0,0,0,0,0,0,0,0,0,0,0,0,0,0,0,0,0,0,0,0,0,0,0,0,4,0,3,0,9
LGA55530,0,0,0,0,0,0,0,0,0,0,0,0,0,0,0,0,0,0,0,0,0,0,0,0,0,0,0,0,0,0,0,0,0,0,0,0,0,0,0,0,0,0,0,0,0,0,0,0,0,0,0,0,0,0,0,0,0,0,0,0,0,0,0,0,0,0,0,0,0,0,0,0,0,0,0,0,0,0,0,0,0,0,0,0,0,0,0,0,0,0,0,0,0,0,0,0,0,0,0,0,0,0,0,0,0,0,0,0,0,0,0,0,0,0,0,0,0,0,0,0,0,0,0,0,0,0,0,0,0,0,0,0,0,0,0,0,0,0,0,0,0,0,0,0,0,0,0,0,0,0,0,0,0,0,0,0,0,0,0,0,0,0,0,0,0,0,0,0,0,0,0,0,0,0,0,0,0,0,0,0,0,0,0,0,0,0,0,0,0,0,0,0,0,0,0,0,0,0,0,0
LGA55600,0,0,0,0,0,0,0,0,0,0,0,0,0,0,0,0,0,0,0,5,0,0,0,0,0,0,0,0,0,3,0,0,0,0,0,0,0,0,0,0,0,0,0,0,0,0,0,0,0,0,0,0,0,0,0,0,0,0,0,0,0,0,0,0,0,0,0,0,0,0,0,0,0,0,0,0,0,0,0,0,0,0,0,0,0,0,0,0,0,0,0,0,0,0,0,0,0,0,0,0,0,0,0,0,0,0,0,0,0,0,0,0,0,3,0,0,0,0,3,11,0,0,0,6,4,4,0,0,0,24,0,0,0,0,0,0,0,0,0,0,0,0,0,0,0,0,0,0,0,0,0,0,0,0,0,0,0,0,0,0,0,0,0,4,0,3,0,0,0,8,0,0,0,0,0,0,0,0,0,0,0,0,0,0,0,0,0,0,0,0,0,0,0,0,0,0,0,4,0,4
LGA55670,0,0,0,0,0,0,0,0,0,0,0,0,0,0,0,0,0,0,0,0,0,0,0,0,0,0,0,0,0,0,0,0,0,0,0,0,0,0,0,0,0,0,0,0,0,0,0,0,0,0,0,0,0,0,0,0,0,0,0,0,0,0,0,0,0,0,0,0,0,0,0,0,0,0,0,0,0,0,0,0,0,0,0,0,0,0,0,0,0,0,0,0,0,0,0,0,0,0,0,0,0,0,0,0,0,0,0,0,0,0,0,0,0,0,0,0,0,0,0,0,0,0,0,5,0,3,0,0,0,10,0,0,0,0,0,0,0,0,0,0,0,0,0,0,0,0,0,0,0,0,0,0,0,0,0,0,0,0,0,0,0,0,0,0,0,0,0,0,0,0,0,0,0,0,0,0,0,0,0,0,0,0,0,0,0,0,0,0,0,0,0,0,0,0,0,0,0,0,0,0
LGA55740,0,0,0,3,0,0,0,0,0,12,0,3,0,21,0,7,4,5,0,39,0,0,4,6,5,0,6,0,0,35,0,0,0,7,3,0,0,0,0,11,0,0,0,4,0,0,0,0,0,0,0,0,0,3,0,0,0,0,0,4,5,0,7,6,7,5,3,0,0,38,0,0,0,0,0,0,0,0,0,0,0,0,0,3,0,0,0,0,0,6,0,0,0,0,0,0,0,0,0,0,0,0,0,0,0,0,0,0,0,3,0,5,0,6,4,0,4,6,0,17,0,7,3,26,10,19,13,4,0,83,0,0,0,0,0,0,0,0,0,0,0,0,0,0,0,0,0,0,0,5,0,0,0,0,0,0,0,0,0,3,0,4,0,7,3,0,0,0,0,17,0,0,0,0,6,3,5,0,0,15,0,0,0,0,0,0,0,0,0,0,0,0,0,4,14,13,0,4,0,39
LGA55810,0,0,0,0,0,0,0,0,0,0,0,0,0,0,0,0,0,0,0,0,0,0,0,0,0,0,0,0,0,0,0,0,0,0,0,0,0,0,0,0,0,0,0,0,0,0,0,0,0,0,0,0,0,0,0,0,0,0,0,0,0,0,0,0,0,0,0,0,0,0,0,0,0,0,0,0,0,0,0,0,0,0,0,0,0,0,0,0,0,0,0,0,0,0,0,0,0,0,0,0,0,0,0,0,0,0,0,0,0,0,0,0,0,0,0,0,0,0,0,0,0,0,0,0,0,5,0,0,0,3,0,0,0,0,0,0,0,0,0,0,0,0,0,0,0,0,0,0,0,0,0,0,0,0,6,0,0,0,0,6,0,0,0,5,0,0,0,0,0,6,0,0,0,0,0,0,0,0,0,0,0,0,0,0,0,0,0,0,0,0,0,0,0,0,0,0,0,0,0,0
LGA55880,0,0,0,0,0,0,0,0,0,0,0,0,0,0,0,0,0,0,0,0,0,0,0,0,0,0,0,0,0,0,0,0,0,0,0,0,0,0,0,0,0,0,0,0,0,0,0,0,0,0,0,0,0,0,0,0,0,0,0,0,0,0,0,0,0,0,0,0,0,0,0,0,0,0,0,0,0,0,0,0,0,0,0,0,0,0,0,0,0,0,0,0,0,0,0,0,0,0,0,0,0,0,0,0,0,0,0,0,0,0,0,0,0,0,0,0,0,0,0,0,0,0,0,0,0,0,0,0,0,3,0,0,0,0,0,0,0,0,0,0,0,0,0,0,0,0,0,0,0,0,0,0,0,0,0,0,0,0,0,0,0,0,0,0,0,0,0,0,0,0,0,0,0,0,0,0,0,0,0,0,0,0,0,0,0,0,0,0,0,0,0,0,0,0,0,0,0,0,0,0
LGA55950,0,0,0,0,0,0,0,0,0,0,0,0,0,0,0,0,0,0,0,0,0,0,0,0,0,0,0,0,0,0,0,0,0,0,0,0,0,0,0,0,0,0,0,0,0,0,0,0,0,0,0,0,0,0,0,0,0,0,0,0,0,0,0,0,0,0,0,0,0,0,0,0,0,0,0,0,0,0,0,0,0,0,0,0,0,0,0,0,0,0,0,0,0,0,0,0,0,0,0,0,0,0,0,0,0,0,0,0,0,0,0,0,0,0,0,0,0,0,0,0,0,0,0,0,4,0,0,0,0,5,0,0,0,0,0,0,0,0,0,0,0,0,0,0,0,0,0,0,0,0,0,0,0,0,0,0,0,0,0,0,0,0,0,0,0,0,0,0,0,0,0,0,0,0,0,0,0,0,0,0,0,0,0,0,0,0,0,0,0,0,0,0,0,0,0,0,0,0,0,0
LGA56090,0,0,0,0,0,0,0,0,0,0,0,3,5,31,23,15,10,9,4,107,0,0,0,6,4,18,51,32,14,120,0,0,0,0,3,0,0,0,0,7,0,0,0,0,0,0,0,0,0,3,0,0,0,0,4,0,0,0,0,8,0,0,7,17,13,23,0,9,0,52,0,0,0,0,0,0,3,0,0,5,0,0,0,6,3,5,5,0,0,10,0,0,0,0,0,3,4,5,0,10,0,0,0,5,0,0,0,0,0,5,0,5,0,9,13,19,39,32,3,117,3,12,30,147,138,133,89,18,4,573,0,0,0,0,0,0,0,0,0,11,0,0,0,0,0,0,0,0,0,0,0,0,0,4,5,0,0,0,0,13,0,3,20,28,22,5,0,0,0,83,0,0,0,11,0,4,7,0,3,30,0,0,0,0,0,0,0,0,0,0,0,4,4,22,28,33,43,25,7,155
LGA56160,0,0,0,0,0,0,0,0,0,0,0,0,0,0,0,0,0,0,0,0,0,0,0,0,0,0,0,0,0,0,0,0,0,0,0,0,0,0,0,0,0,0,0,0,0,0,0,0,0,0,0,0,0,0,0,0,0,0,0,0,0,0,0,0,0,0,0,0,0,0,0,0,0,0,0,0,0,0,0,0,0,0,0,0,0,0,0,0,0,0,0,0,0,0,0,0,0,0,0,0,0,0,0,0,0,0,0,0,0,0,0,0,0,0,0,0,0,0,0,0,0,0,0,0,0,0,0,0,0,0,0,0,0,0,0,0,0,0,0,0,0,0,0,0,0,0,0,0,0,0,0,0,0,0,0,0,0,0,0,0,0,0,0,0,0,0,0,0,0,0,0,0,0,0,0,0,0,0,0,0,0,0,0,0,0,0,0,0,0,0,0,0,0,0,0,0,0,0,0,0
LGA56230,0,0,0,0,0,0,0,0,0,0,0,0,0,8,0,0,3,3,4,22,0,0,0,0,0,0,13,4,4,23,0,0,0,0,0,0,0,0,0,0,0,0,6,0,0,0,0,0,0,6,0,0,0,0,0,0,0,0,0,0,0,0,0,9,0,0,5,0,0,16,0,0,0,0,0,0,0,0,0,0,0,0,0,3,0,0,5,0,0,11,0,0,0,0,0,0,3,0,0,0,0,0,0,0,0,0,0,0,0,0,0,0,0,0,3,8,15,15,4,48,0,10,3,63,59,55,47,23,0,257,0,0,0,0,0,0,0,0,0,0,0,0,0,0,0,0,0,0,0,0,0,0,0,0,0,0,0,0,0,0,0,0,6,13,10,4,0,0,0,39,0,0,0,0,0,0,0,0,0,0,0,0,0,0,0,0,0,0,0,0,0,0,0,3,15,18,15,9,7,72
LGA56300,0,0,0,0,0,0,0,0,0,0,0,0,0,4,0,3,0,0,0,4,0,0,0,0,0,0,3,4,0,9,0,0,0,0,0,0,0,0,0,0,0,0,0,0,0,0,0,0,0,0,0,0,0,0,0,0,0,0,0,0,0,0,0,0,0,0,0,0,0,0,0,0,0,0,0,0,0,0,0,0,0,0,0,0,0,0,0,0,0,0,0,0,0,0,0,0,0,0,0,0,0,0,0,0,0,0,0,0,0,0,0,0,0,0,0,0,0,3,0,3,0,0,0,8,4,6,10,0,0,30,0,0,0,0,0,0,0,0,0,0,0,0,0,0,0,0,0,0,0,0,0,0,0,0,0,0,0,0,0,0,0,0,0,0,0,0,0,0,0,0,0,0,0,0,0,0,0,0,0,0,0,0,0,0,0,0,0,0,0,0,0,0,0,0,0,3,3,0,0,12
LGA56370,0,0,0,0,0,0,0,0,0,0,0,0,0,0,0,0,0,0,0,0,0,0,0,0,0,0,0,0,0,0,0,0,0,0,0,0,0,0,0,0,0,0,0,0,0,0,0,0,0,0,0,0,0,0,0,0,0,0,0,0,0,0,0,0,0,0,0,0,0,0,0,0,0,0,0,0,0,0,0,0,0,0,0,0,0,0,0,0,0,0,0,0,0,0,0,0,0,0,0,0,0,0,0,0,0,0,0,0,0,0,0,0,0,0,0,0,0,0,0,0,0,0,4,0,0,5,0,0,0,9,0,0,0,0,0,0,0,0,0,0,0,0,0,0,0,0,0,0,0,0,0,0,0,0,0,0,0,0,0,0,0,0,0,0,0,0,0,0,0,0,0,0,0,0,0,0,0,0,0,0,0,0,0,0,0,0,0,0,0,0,0,0,0,0,0,0,0,0,0,3
LGA56460,0,0,0,0,0,0,0,0,0,0,0,0,0,3,0,0,0,5,0,9,0,0,0,0,0,0,3,3,0,11,0,0,0,0,0,0,0,0,0,0,0,0,0,3,0,0,0,0,0,3,0,0,0,0,0,0,0,0,0,0,0,0,0,3,0,0,0,0,0,9,0,0,0,0,0,0,0,0,0,0,0,0,0,0,0,0,0,0,0,0,0,0,0,0,0,0,0,0,0,0,0,0,0,0,0,0,0,0,0,0,0,0,0,0,0,0,0,0,4,5,0,3,3,12,5,5,15,5,0,54,0,0,0,0,0,0,0,0,0,0,0,0,0,0,0,0,0,0,0,3,0,0,0,0,0,0,0,0,0,0,0,5,8,30,8,0,0,0,0,52,0,0,0,0,0,0,0,0,0,0,0,0,0,0,0,0,0,0,0,0,0,0,0,0,0,0,0,0,0,6
LGA56580,0,0,0,0,0,4,0,0,0,3,0,5,0,27,9,8,13,3,3,67,0,0,3,9,4,5,12,12,6,51,0,0,9,4,3,5,3,0,0,28,0,3,0,0,3,0,0,0,0,11,0,0,0,0,0,0,0,0,0,3,0,14,20,57,53,43,56,35,15,287,0,0,0,0,0,0,0,0,0,3,0,0,3,5,0,0,0,0,0,10,0,0,0,0,0,9,5,0,0,15,0,0,0,0,0,0,0,0,0,4,0,5,4,6,10,8,15,7,0,56,0,7,14,37,22,34,29,11,3,153,0,0,0,0,0,0,0,0,0,3,0,0,0,3,0,4,0,0,0,13,0,0,0,0,4,3,0,0,0,7,0,3,5,5,0,0,0,0,0,12,0,0,0,6,0,9,4,0,0,21,0,0,0,0,0,0,0,0,0,0,0,9,14,18,21,24,21,10,4,123
LGA56620,0,0,0,0,0,0,0,0,0,0,0,0,0,0,0,0,0,0,0,0,0,0,0,0,0,0,0,0,0,0,0,0,0,0,0,0,0,0,0,0,0,0,0,0,0,0,0,0,0,0,0,0,0,0,0,0,0,0,0,0,0,0,0,0,0,0,0,0,0,0,0,0,0,0,0,0,0,0,0,0,0,0,0,0,0,0,0,0,0,0,0,0,0,0,0,0,0,0,0,0,0,0,0,0,0,0,0,0,0,0,0,0,0,0,0,0,0,0,0,0,0,0,0,3,0,4,0,0,0,8,0,0,0,0,0,0,0,0,0,0,0,0,0,0,0,0,0,0,0,0,0,0,0,0,0,0,0,0,0,0,0,0,0,0,0,0,0,0,0,0,0,0,0,0,0,0,0,0,0,0,0,0,0,0,0,0,0,0,0,0,0,0,0,0,0,0,0,0,0,0
LGA56730,0,0,0,9,0,0,0,0,0,15,0,0,0,4,0,0,0,0,0,13,0,0,0,0,0,0,0,0,0,9,0,0,0,0,0,0,0,0,0,0,0,0,0,0,0,0,0,0,0,0,0,0,0,0,0,0,0,0,0,8,0,0,8,3,0,0,0,0,0,13,0,0,0,0,0,0,0,0,0,3,0,0,0,0,0,0,0,0,0,0,0,0,0,3,0,0,0,0,0,4,0,0,0,4,0,0,0,0,0,7,0,0,0,0,0,0,10,9,0,29,0,0,14,34,32,41,23,9,0,158,0,0,0,0,0,0,0,0,0,4,0,0,0,7,0,0,0,0,0,13,0,0,0,0,0,0,0,0,0,0,0,11,16,23,19,4,0,0,0,71,0,0,0,0,0,0,0,3,0,13,0,0,0,6,0,0,0,0,0,4,0,0,0,3,6,0,3,4,0,16
LGA56790,0,0,0,0,0,0,0,0,0,0,0,0,0,0,0,0,0,0,0,0,0,0,0,0,0,0,0,0,0,0,0,0,0,0,0,0,0,0,0,0,0,0,0,0,0,0,0,0,0,0,0,0,0,0,0,0,0,0,0,0,0,0,0,0,0,0,0,0,0,0,0,0,0,0,0,0,0,0,0,0,0,0,0,0,0,0,0,0,0,0,0,0,0,0,0,0,0,0,0,0,0,0,0,0,0,0,0,0,0,0,0,0,0,0,0,0,4,0,0,6,0,0,0,0,8,9,10,7,0,35,0,0,0,0,0,0,0,0,0,0,0,0,0,0,0,0,0,0,0,0,0,0,0,0,0,0,0,0,0,0,0,0,0,0,0,0,0,0,0,0,0,0,0,0,0,0,0,0,0,0,0,0,0,0,0,0,0,0,0,0,0,0,0,0,3,0,6,0,0,7
LGA56860,0,0,0,0,0,0,0,0,0,0,0,0,0,0,0,0,0,0,0,0,0,0,0,0,0,0,0,0,0,0,0,0,0,0,0,0,0,0,0,0,0,0,0,0,0,0,0,0,0,0,0,0,0,0,0,0,0,0,0,0,0,0,0,0,0,0,0,0,0,0,0,0,0,0,0,0,0,0,0,0,0,0,0,0,0,0,0,0,0,0,0,0,0,0,0,0,0,0,0,0,0,0,0,0,0,0,0,0,0,0,0,0,0,0,0,0,0,0,0,0,0,0,0,0,0,0,0,0,0,0,0,0,0,0,0,0,0,0,0,0,0,0,0,0,0,0,0,0,0,0,0,0,0,0,0,0,0,0,0,0,0,0,0,0,0,0,0,0,0,0,0,0,0,0,0,0,0,0,0,0,0,0,0,0,0,0,0,0,0,0,0,0,0,0,0,0,0,0,0,0
LGA56930,0,0,0,0,0,0,0,0,0,0,0,0,0,5,0,0,0,0,0,7,0,0,0,0,0,0,3,0,0,0,0,0,0,0,0,0,0,0,0,0,0,0,0,0,0,0,0,0,0,0,0,0,0,0,0,0,0,0,0,0,0,3,0,5,0,0,0,0,0,6,0,0,0,0,0,0,0,0,0,0,0,0,0,0,0,0,0,0,0,0,0,0,0,0,0,0,0,0,0,0,0,0,0,0,0,0,0,0,0,0,0,0,0,0,0,0,0,0,0,0,0,0,0,6,0,0,0,4,0,9,0,0,0,0,0,0,0,0,0,0,0,0,0,0,0,0,0,0,0,0,0,0,0,0,0,0,0,0,0,0,0,0,0,0,0,0,0,0,0,0,0,0,0,0,0,0,0,0,0,0,0,0,0,0,0,0,0,0,0,0,0,0,0,0,0,0,0,3,0,6
LGA57000,0,0,0,0,0,0,0,0,0,0,0,0,0,0,0,0,0,0,0,0,0,0,0,0,0,0,0,0,0,0,0,0,0,0,0,0,0,0,0,0,0,0,0,0,0,0,0,0,0,0,0,0,0,0,0,0,0,0,0,0,0,0,0,0,0,0,0,0,0,0,0,0,0,0,0,0,0,0,0,0,0,0,0,0,0,0,0,0,0,0,0,0,0,0,0,0,0,0,0,0,0,0,0,0,0,0,0,0,0,0,0,0,0,0,0,0,0,0,0,0,0,0,0,4,3,0,0,0,0,14,0,0,0,0,0,0,0,0,0,0,0,0,0,0,0,0,0,0,0,0,0,0,0,0,0,0,0,0,0,0,0,0,0,0,0,0,0,0,0,0,0,0,0,0,0,0,0,0,0,0,0,0,0,0,0,0,0,0,0,0,0,0,0,0,0,0,0,0,0,5
LGA57080,0,0,0,7,0,9,0,0,0,19,0,0,16,115,16,7,17,6,5,171,0,0,19,92,5,7,22,9,3,157,15,10,11,109,21,12,8,0,0,183,0,3,18,136,4,5,0,5,0,171,0,0,0,9,0,0,5,0,0,19,0,5,68,183,27,19,34,16,6,356,0,0,0,0,0,0,0,0,0,3,0,0,10,20,3,4,0,0,0,41,0,0,0,11,3,4,8,4,4,30,0,0,13,68,0,0,0,0,0,79,0,0,9,14,4,0,7,7,0,35,0,0,27,135,60,68,20,13,5,336,0,0,0,6,0,4,0,0,0,15,6,4,10,71,9,4,0,0,0,102,0,0,0,9,6,0,0,0,0,13,0,3,24,107,15,12,0,0,0,165,0,0,0,21,7,4,12,6,0,50,0,0,0,0,0,0,0,0,0,5,0,5,9,49,24,25,17,9,0,131
LGA57140,0,0,0,0,0,0,0,0,0,0,0,0,0,0,0,0,0,0,0,0,0,0,0,0,0,0,0,0,6,4,0,0,0,0,0,0,0,0,0,0,0,0,0,0,0,0,0,0,0,0,0,0,0,0,0,0,0,0,0,0,0,0,0,0,0,0,0,0,0,0,0,0,0,0,0,0,0,0,0,0,0,0,0,0,0,0,0,0,0,0,0,0,0,0,0,0,0,0,0,0,0,0,0,0,0,0,0,0,0,0,0,0,0,0,0,0,0,0,0,3,0,0,0,3,0,8,4,0,0,19,0,0,0,0,0,0,0,0,0,0,0,0,0,0,0,0,0,0,0,0,0,0,0,0,0,0,0,0,0,0,0,0,0,0,0,0,0,0,0,0,0,0,0,0,0,0,0,0,0,0,0,0,0,0,0,0,0,0,0,0,0,0,0,0,0,0,0,0,0,0
LGA57210,0,0,0,0,0,0,0,0,0,0,0,0,0,0,0,0,0,0,0,9,0,0,0,0,0,0,0,0,0,0,0,0,0,0,0,0,0,0,0,0,0,0,0,0,0,0,0,0,0,0,0,0,0,0,0,0,0,0,0,0,0,0,0,0,0,0,0,0,0,5,0,0,0,0,0,0,0,0,0,0,0,0,0,0,0,0,0,0,0,0,0,0,0,0,0,0,0,0,0,0,0,0,0,0,0,0,0,0,0,0,0,0,0,0,0,0,4,6,0,5,0,0,0,5,21,16,8,4,0,62,0,0,0,0,0,0,0,0,0,0,0,0,0,0,0,0,0,0,0,0,0,0,0,0,0,0,0,0,0,0,3,3,5,9,8,0,0,0,0,25,0,0,0,0,0,0,0,0,0,0,0,0,0,0,0,0,0,0,0,0,0,0,0,0,0,0,3,0,3,9
LGA57280,0,0,0,0,0,0,0,0,0,0,0,0,0,21,3,0,0,0,0,23,0,0,0,6,0,0,0,0,0,4,0,0,0,0,0,0,0,0,0,0,0,0,0,3,0,0,0,0,0,3,0,0,0,5,0,0,0,0,0,8,0,0,0,9,0,0,3,0,0,21,0,0,0,0,0,0,0,0,0,0,0,0,0,9,0,0,0,0,0,10,0,0,0,0,5,0,0,0,0,5,0,0,0,0,0,0,0,0,0,0,0,0,0,0,0,0,0,0,0,3,5,28,39,169,90,125,13,0,0,476,0,0,0,4,0,3,5,0,0,7,0,0,0,10,3,0,0,0,0,12,0,0,4,7,3,0,0,0,0,12,0,28,29,85,35,19,6,0,0,200,0,0,0,0,0,0,0,0,0,0,0,0,0,0,0,0,0,0,0,0,0,0,3,3,8,13,0,0,0,33
LGA57350,0,0,0,0,0,0,0,0,0,0,0,0,0,0,0,0,0,0,0,0,0,0,0,0,0,0,0,0,0,0,0,0,0,0,0,0,0,0,0,0,0,0,0,0,0,0,0,0,0,0,0,0,0,0,0,0,0,0,0,0,0,0,0,0,0,0,0,0,0,0,0,0,0,0,0,0,0,0,0,0,0,0,0,0,0,0,0,0,0,0,0,0,0,0,0,0,0,0,0,0,0,0,0,0,0,0,0,0,0,0,0,0,0,0,0,0,0,0,0,0,0,0,0,6,0,0,4,0,0,8,0,0,0,0,0,0,0,0,0,0,0,0,0,0,0,0,0,0,0,0,0,0,0,0,0,0,0,0,0,0,0,0,0,0,0,0,0,0,0,4,0,0,0,0,0,0,0,0,0,0,0,0,0,0,0,0,0,0,0,0,0,0,0,0,0,0,0,0,0,0
LGA57420,0,0,0,0,0,0,0,0,0,0,0,0,0,0,0,0,0,0,0,0,0,0,0,0,0,3,0,0,0,3,0,0,0,0,0,0,0,0,0,0,0,0,0,0,0,0,0,0,0,0,0,0,0,0,0,0,0,0,0,0,0,0,0,0,0,0,0,0,0,0,0,0,0,0,0,0,0,0,0,0,0,0,0,0,0,0,0,0,0,0,0,0,0,0,0,0,0,0,0,0,0,0,0,0,0,0,0,0,0,0,0,0,0,0,0,0,0,0,0,4,0,0,0,18,10,8,6,0,0,37,0,0,0,0,0,0,0,0,0,0,0,0,0,0,0,0,0,0,0,0,0,0,0,0,0,0,0,0,0,0,0,0,0,3,0,0,0,0,0,5,0,0,0,0,0,0,0,0,0,0,0,0,0,0,0,0,0,0,0,0,0,0,0,3,0,0,0,0,0,4
LGA57490,0,0,0,3,4,0,0,0,0,12,0,33,43,137,62,33,32,26,6,369,0,0,3,17,13,17,43,36,19,152,3,4,0,8,5,4,6,0,0,23,0,3,4,16,10,0,0,0,0,37,0,0,0,0,4,6,0,0,0,10,6,9,9,43,18,19,17,9,3,128,0,0,0,0,0,0,12,4,0,20,0,0,4,27,6,15,13,6,0,60,0,0,0,11,11,7,9,6,0,45,0,0,4,16,5,0,0,0,0,27,0,9,10,25,33,31,92,39,20,247,38,326,412,1149,551,521,250,82,3,3339,0,0,0,3,0,5,4,0,0,13,0,6,7,26,5,4,0,0,0,50,0,0,7,15,14,4,0,0,0,49,4,82,113,166,111,25,8,0,0,513,0,3,0,22,9,7,18,5,0,61,0,4,6,19,4,6,0,0,0,39,0,63,97,188,195,226,179,113,21,1081
LGA57630,0,0,0,0,0,0,0,0,0,0,0,0,0,0,0,0,0,0,0,0,0,0,0,0,0,0,0,0,0,0,0,0,0,0,0,0,0,0,0,0,0,0,0,0,0,0,0,0,0,0,0,0,0,0,0,0,0,0,0,0,0,0,0,0,0,0,0,0,0,0,0,0,0,0,0,0,0,0,0,0,0,0,0,0,0,0,0,0,0,0,0,0,0,0,0,0,0,0,0,0,0,0,0,0,0,0,0,0,0,0,0,0,0,0,0,0,0,0,0,0,0,0,0,0,0,0,0,0,0,0,0,0,0,0,0,0,0,0,0,0,0,0,0,0,0,0,0,0,0,0,0,0,0,0,0,0,0,0,0,0,0,0,0,0,0,0,0,0,0,0,0,0,0,0,0,0,0,0,0,0,0,0,0,0,0,0,0,0,0,0,0,0,0,0,0,0,0,0,0,0
LGA57700,0,0,0,0,0,0,0,0,0,8,0,3,0,20,14,7,11,6,0,62,0,0,0,0,7,5,21,10,4,49,0,0,0,0,0,0,0,0,0,4,0,0,3,0,0,0,0,0,0,8,0,0,0,0,0,0,0,0,0,6,0,4,0,12,14,11,5,0,0,48,0,0,0,0,0,0,0,4,0,7,0,3,6,22,5,0,0,0,0,42,0,0,0,5,4,0,6,0,0,20,0,0,0,0,0,0,0,0,0,0,0,0,0,8,12,15,25,19,3,86,11,39,55,215,112,96,41,10,0,572,0,0,0,0,0,0,0,0,0,0,0,8,4,15,3,0,0,0,0,35,0,0,6,4,3,0,0,0,0,23,0,12,29,46,26,8,4,0,0,123,0,0,0,4,0,0,0,0,0,13,0,0,0,7,0,0,4,0,0,10,0,0,8,31,26,21,18,15,0,126
LGA57770,0,0,0,0,0,0,0,0,0,0,0,0,0,0,0,0,0,0,0,0,0,0,0,4,0,0,0,0,0,9,0,0,0,0,0,0,0,0,0,0,0,0,0,0,0,0,0,0,0,0,0,0,0,0,0,0,0,0,0,0,0,0,0,0,0,0,0,0,0,0,0,0,0,0,0,0,0,0,0,0,0,0,0,0,0,0,0,0,0,0,0,0,0,0,0,0,0,0,0,0,0,0,0,0,0,0,0,0,0,0,0,0,0,0,0,0,0,0,0,3,0,0,0,3,3,4,0,0,0,13,0,0,0,0,0,0,0,0,0,0,0,0,0,0,0,0,0,0,0,0,0,0,0,0,0,0,0,0,0,0,0,0,0,0,0,0,0,0,0,6,0,0,0,0,0,0,0,0,0,0,0,0,0,0,0,0,0,0,0,0,0,0,0,0,0,0,0,0,0,0
LGA57840,0,4,3,8,10,6,0,3,0,34,0,4,0,88,21,14,14,5,5,169,0,4,8,31,16,13,48,22,9,153,4,11,10,19,11,5,3,0,0,52,0,4,9,43,10,8,3,4,0,81,0,0,0,3,3,5,8,0,0,22,0,16,49,182,78,59,70,49,10,513,0,0,0,0,0,0,3,0,0,7,0,0,7,23,0,13,5,0,0,50,0,0,4,12,10,11,7,9,4,53,0,0,18,49,0,0,0,0,0,71,0,0,0,12,7,8,19,15,0,64,0,6,23,124,77,89,61,26,0,413,0,0,0,0,0,0,3,0,0,7,0,0,38,56,4,0,3,0,0,102,0,0,4,9,5,9,0,0,0,21,3,13,15,32,8,7,3,0,0,84,0,3,0,15,3,11,16,0,5,55,0,0,0,0,0,0,0,0,0,0,0,0,12,46,42,36,52,30,6,223
LGA57910,4,32,48,164,84,62,18,11,0,425,3,30,43,858,113,92,75,49,18,1269,0,26,38,366,127,194,473,484,278,1984,3,22,22,61,54,16,12,0,3,196,0,15,17,126,22,12,5,0,5,196,0,5,3,23,11,19,8,0,0,73,5,72,107,448,173,151,187,103,19,1262,0,0,0,5,0,0,10,19,7,41,0,3,25,105,21,41,32,22,6,256,0,10,46,246,117,84,87,37,13,651,0,13,42,222,18,5,7,0,0,300,3,5,16,38,39,22,71,66,32,290,20,96,150,987,405,380,264,76,19,2400,0,13,11,120,94,126,203,85,42,693,9,36,144,427,32,17,7,3,4,670,0,0,5,7,14,6,4,0,0,52,6,85,124,257,143,60,11,8,0,685,0,4,10,98,39,63,103,31,26,372,0,0,0,12,8,0,0,0,0,21,4,14,48,239,138,172,139,93,25,865
LGA57980,0,0,0,0,0,0,0,0,0,0,0,3,0,42,9,18,9,3,5,92,0,0,3,18,3,7,13,10,3,55,8,18,3,30,10,3,0,0,0,72,0,3,3,14,4,0,0,0,0,31,0,0,0,0,0,0,0,0,0,3,7,11,0,45,18,9,19,13,3,123,0,0,0,0,0,0,0,0,0,0,0,0,0,4,0,0,0,0,0,5,0,0,0,0,0,0,0,0,0,9,0,0,0,3,0,0,0,0,0,3,0,3,3,6,8,3,8,0,3,40,0,9,11,37,25,23,26,12,6,142,0,0,0,0,0,0,0,0,0,0,0,0,3,9,0,0,0,0,0,9,0,0,0,0,0,6,0,0,0,6,0,0,4,13,10,0,0,0,0,34,0,0,0,11,0,0,0,0,6,22,0,0,0,0,0,0,0,0,0,0,0,4,9,31,18,28,19,11,3,113
LGA58050,0,16,30,149,70,49,11,4,0,333,0,17,11,219,47,44,37,26,3,409,0,6,7,47,34,74,133,71,48,409,0,5,12,4,3,3,5,0,0,33,0,3,5,45,6,0,0,0,0,51,0,0,3,15,5,3,3,3,0,38,0,37,41,151,73,82,78,31,8,496,0,0,0,3,0,9,20,11,6,46,0,8,37,129,58,47,26,6,0,324,0,5,30,214,97,79,64,32,5,521,0,4,7,70,11,0,4,0,0,92,0,5,4,21,12,19,47,47,13,168,24,200,303,1009,490,495,255,59,8,2847,0,0,6,45,24,20,20,4,0,124,0,22,25,140,26,12,8,0,0,229,0,3,8,7,17,8,0,0,0,44,4,217,380,633,367,127,36,5,0,1769,0,0,5,31,22,29,36,11,6,144,0,0,0,14,4,5,4,0,0,27,0,6,34,114,100,162,128,65,19,633
LGA58190,0,0,0,0,0,0,0,0,0,0,0,0,0,0,0,0,0,0,0,0,0,0,0,0,0,0,0,0,0,0,0,0,0,0,0,0,0,0,0,0,0,0,0,0,0,0,0,0,0,0,0,0,0,0,0,0,0,0,0,0,0,0,0,0,0,0,0,0,0,0,0,0,0,0,0,0,0,0,0,0,0,0,0,0,0,0,0,0,0,0,0,0,0,0,0,0,0,0,0,0,0,0,0,0,0,0,0,0,0,0,0,0,0,0,0,0,0,0,0,0,0,0,0,3,0,0,0,0,0,6,0,0,0,0,0,0,0,0,0,0,0,0,0,0,0,0,0,0,0,0,0,0,0,0,0,0,0,0,0,0,0,0,0,0,0,0,0,0,0,0,0,0,0,0,0,0,0,0,0,0,0,0,0,0,0,0,0,0,0,0,0,0,0,0,0,0,0,0,0,0
LGA58260,0,0,0,0,0,0,0,0,0,0,0,0,0,0,0,0,0,0,0,0,0,0,0,0,0,0,0,0,0,0,0,0,0,0,0,0,0,0,0,0,0,0,0,0,0,0,0,0,0,0,0,0,0,0,0,0,0,0,0,0,0,0,0,0,0,0,0,0,0,0,0,0,0,0,0,0,0,0,0,0,0,0,0,0,0,0,0,0,0,3,0,0,0,0,0,0,0,0,0,0,0,0,0,0,0,0,0,0,0,0,0,0,0,0,0,0,5,0,0,3,0,0,0,0,0,0,0,0,0,7,0,0,0,0,0,0,0,0,0,0,0,0,0,0,0,0,0,0,0,0,0,0,0,0,0,0,0,0,0,0,0,0,0,0,0,0,0,0,0,0,0,0,0,0,0,0,0,0,0,0,0,0,0,0,0,0,0,0,0,0,0,0,0,0,0,0,0,0,0,0
LGA58330,0,0,0,0,0,0,0,0,0,0,0,0,0,0,3,3,0,0,0,5,0,0,0,0,0,0,7,0,0,5,0,0,0,0,0,0,0,0,0,3,0,0,0,0,0,0,0,0,0,0,0,0,0,0,0,0,0,0,0,0,0,0,0,0,3,0,0,0,0,6,0,0,0,0,0,0,0,4,0,5,0,0,0,0,0,0,0,0,0,0,0,0,0,0,0,0,3,0,0,3,0,0,0,0,0,0,0,0,0,0,0,0,0,0,0,3,5,0,3,13,0,0,3,16,17,32,16,3,0,91,0,0,0,0,0,0,0,0,0,0,0,0,0,0,0,0,0,0,0,0,0,0,0,0,0,0,0,0,0,0,0,0,0,0,0,0,0,0,0,0,0,0,0,0,0,0,6,0,0,5,0,0,0,0,0,0,0,0,0,0,0,0,0,0,5,6,9,4,0,21
LGA58400,0,0,0,0,0,0,0,0,0,0,0,0,0,0,0,0,0,0,0,0,0,0,0,0,0,0,0,0,0,0,0,0,0,0,0,0,0,0,0,0,0,0,0,0,0,0,0,0,0,0,0,0,0,0,0,0,0,0,0,0,0,0,0,0,0,0,0,0,0,0,0,0,0,0,0,0,0,0,0,0,0,0,0,0,0,0,0,0,0,0,0,0,0,0,0,0,0,0,0,0,0,0,0,0,0,0,0,0,0,0,0,0,0,0,0,0,0,0,0,0,0,0,0,0,0,0,3,0,0,4,0,0,0,0,0,0,0,0,0,0,0,0,0,0,0,0,0,0,0,0,0,0,0,0,0,0,0,0,0,0,0,0,0,0,0,0,0,0,0,0,0,0,0,0,0,0,0,0,0,0,0,0,0,0,0,0,0,0,0,0,0,0,0,0,0,0,0,0,0,0
LGA58470,0,0,0,0,0,0,0,0,0,0,0,0,0,0,0,0,0,0,0,0,0,0,0,0,0,0,0,0,0,0,0,0,0,0,0,0,0,0,0,0,0,0,0,0,0,0,0,0,0,0,0,0,0,0,0,0,0,0,0,0,0,0,0,0,0,0,0,0,0,0,0,0,0,0,0,0,0,0,0,0,0,0,0,0,0,0,0,0,0,0,0,0,0,0,0,0,0,0,0,0,0,0,0,0,0,0,0,0,0,0,0,0,0,0,0,0,0,0,0,0,0,0,0,0,0,0,0,0,0,0,0,0,0,0,0,0,0,0,0,0,0,0,0,0,0,0,0,0,0,0,0,0,0,0,0,0,0,0,0,0,0,0,0,0,0,0,0,0,0,0,0,0,0,0,0,0,0,0,0,0,0,0,0,0,0,0,0,0,0,0,0,0,0,0,0,0,0,0,0,0
LGA58510,0,0,0,16,0,7,5,0,0,31,0,4,0,106,17,18,20,6,0,182,0,0,9,46,14,14,31,37,37,187,0,0,5,18,6,0,0,0,0,32,0,0,4,81,16,11,6,4,0,119,0,0,0,0,3,0,4,0,0,12,7,9,37,153,40,40,32,11,4,327,0,0,0,3,0,0,0,0,0,6,0,0,4,26,7,5,0,6,0,50,0,0,3,17,4,21,13,3,4,70,0,7,72,220,5,3,0,0,0,305,0,0,0,14,7,4,17,16,3,61,4,12,36,206,82,97,58,13,6,511,0,0,0,0,0,0,0,0,0,0,0,0,23,78,0,0,3,3,0,112,0,0,3,7,11,0,0,0,0,15,0,12,43,65,16,6,3,0,0,148,0,0,0,6,5,4,4,6,0,32,0,0,0,0,0,0,0,0,0,5,0,0,0,46,28,27,28,21,3,154
LGA58540,0,0,0,0,0,0,0,0,0,0,0,0,0,5,0,0,0,0,0,3,0,0,0,0,0,0,0,0,0,0,0,0,0,0,0,0,0,0,0,0,0,0,0,0,0,0,0,0,0,0,0,0,0,0,0,0,0,0,0,0,0,0,0,0,0,0,0,0,0,0,0,0,0,0,0,0,0,0,0,0,0,0,0,0,0,0,0,0,0,0,0,0,0,0,0,0,0,0,0,0,0,0,0,0,0,0,0,0,0,0,0,0,0,0,0,0,0,0,0,0,0,0,0,7,5,3,0,0,0,22,0,0,0,0,0,0,0,0,0,0,0,0,0,0,0,0,0,0,0,0,0,0,0,0,0,0,0,0,0,0,0,0,0,0,5,0,0,0,0,4,0,0,0,0,0,0,0,0,0,0,0,0,0,0,0,0,0,0,0,0,0,0,0,0,0,0,0,0,0,0
LGA58570,0,0,0,10,3,0,0,0,0,18,0,3,0,188,24,20,12,3,0,259,0,0,9,78,12,36,63,69,62,326,4,9,4,24,9,9,5,0,0,55,0,8,4,59,6,0,4,0,0,80,0,0,0,0,5,0,0,0,0,4,0,3,23,109,24,12,16,5,5,204,0,0,0,0,0,0,0,0,0,5,0,0,0,20,4,5,4,0,5,37,0,0,0,10,7,17,3,0,0,38,0,0,15,55,0,0,0,0,0,71,0,0,0,9,4,3,4,4,0,36,0,7,14,166,80,74,39,7,0,394,0,0,0,5,7,7,11,16,7,48,0,0,13,27,0,0,0,3,5,45,0,0,0,3,6,3,0,0,0,13,0,0,12,32,17,6,0,0,0,66,0,3,0,28,9,8,9,4,0,54,0,0,0,0,0,0,0,0,0,0,0,4,7,88,49,46,24,12,0,232
LGA58610,0,0,0,0,0,0,0,0,0,0,0,0,0,0,0,0,0,0,0,0,0,0,0,0,0,0,0,0,0,0,0,0,0,0,0,0,0,0,0,0,0,0,0,0,0,0,0,0,0,0,0,0,0,0,0,0,0,0,0,0,0,0,0,0,0,0,0,0,0,0,0,0,0,0,0,0,0,0,0,0,0,0,0,0,0,0,0,0,0,0,0,0,0,0,0,0,0,0,0,0,0,0,0,0,0,0,0,0,0,0,0,0,0,0,3,0,0,0,0,4,0,0,0,10,6,8,3,8,0,33,0,0,0,0,0,0,0,0,0,0,0,0,0,0,0,0,0,0,0,0,0,0,0,0,0,0,0,0,0,0,0,0,0,15,0,0,0,0,0,16,0,0,0,0,0,0,0,0,0,0,0,0,0,0,0,0,0,0,0,0,0,0,0,0,0,0,0,0,0,0
LGA58680,0,0,0,0,0,0,0,0,0,0,0,0,0,0,0,0,0,0,0,0,0,0,0,0,0,0,0,0,0,0,0,0,0,0,0,0,0,0,0,0,0,0,0,0,0,0,0,0,0,0,0,0,0,0,0,0,0,0,0,0,0,0,0,0,0,0,0,0,0,0,0,0,0,0,0,0,0,0,0,0,0,0,0,0,0,0,0,0,0,0,0,0,0,0,0,0,0,0,0,0,0,0,0,0,0,0,0,0,0,0,0,0,0,0,0,0,0,0,0,0,0,0,0,4,0,0,0,0,0,3,0,0,0,0,0,0,0,0,0,0,0,0,0,0,0,0,0,0,0,0,0,0,0,0,0,0,0,0,0,0,0,0,0,0,0,0,0,0,0,0,0,0,0,0,0,0,0,0,0,0,0,0,0,0,0,0,0,0,0,0,0,0,0,0,0,0,0,0,0,4
LGA58760,0,19,27,105,64,36,10,0,0,272,0,76,104,487,131,87,71,41,6,1013,0,13,13,57,45,96,152,93,42,504,0,9,8,12,4,0,3,0,0,31,0,0,11,43,17,6,3,0,0,86,0,0,8,15,4,9,10,5,0,54,7,46,71,257,110,90,77,22,4,683,0,0,0,5,3,9,20,11,4,47,0,10,21,109,30,59,50,13,4,293,0,16,57,212,127,115,68,34,12,648,0,3,14,39,9,0,0,0,0,62,0,5,15,28,28,28,65,58,14,238,21,282,380,1347,658,531,324,86,8,3633,0,6,8,138,101,94,92,28,8,475,5,22,41,97,29,13,12,4,0,227,0,0,4,9,21,7,4,0,0,47,4,105,273,410,273,71,28,9,0,1173,0,6,13,70,33,43,68,15,0,246,0,0,0,3,7,7,0,0,0,15,7,94,220,425,332,299,185,112,29,1701
LGA58820,0,0,0,0,0,0,0,0,0,0,0,0,0,0,0,3,0,0,0,8,0,0,0,0,0,6,10,17,8,33,0,0,0,0,0,0,0,0,0,0,0,0,0,0,0,0,0,0,0,0,0,0,0,0,0,0,0,0,0,0,0,0,0,0,0,0,0,0,0,0,0,0,0,0,0,0,0,0,0,0,0,0,0,0,0,0,0,0,0,0,0,0,0,0,0,0,0,0,0,0,0,0,0,0,0,0,0,0,0,0,0,0,0,0,0,0,5,0,0,6,0,3,3,13,13,13,8,3,0,53,0,0,0,0,0,0,0,0,0,0,0,0,0,0,0,0,0,0,0,0,0,0,0,0,0,0,0,0,0,0,0,0,6,8,3,4,0,0,0,21,0,0,0,0,0,0,0,0,0,0,0,0,0,0,0,0,0,0,0,0,0,0,0,0,4,0,5,5,0,16
LGA58890,0,0,0,0,0,0,0,0,0,0,0,0,0,0,0,0,0,0,0,0,0,0,0,0,0,0,0,0,0,0,0,0,0,0,0,0,0,0,0,0,0,0,0,0,0,0,0,0,0,0,0,0,0,0,0,0,0,0,0,0,0,0,0,0,0,0,0,0,0,0,0,0,0,0,0,0,0,0,0,0,0,0,0,0,0,0,0,0,0,0,0,0,0,0,0,0,0,0,0,0,0,0,0,0,0,0,0,0,0,0,0,0,0,0,0,0,0,0,0,0,0,0,0,5,5,3,0,0,0,6,0,0,0,0,0,0,0,0,0,0,0,0,0,0,0,0,0,0,0,0,0,0,0,0,0,0,0,0,0,0,0,0,0,0,0,0,0,0,0,0,0,0,0,0,0,0,0,0,0,0,0,0,0,0,0,0,0,0,0,0,0,0,0,0,0,0,0,0,0,0
LGA59030,0,0,0,0,0,0,0,0,0,0,0,0,0,0,0,0,0,0,0,0,0,0,0,0,0,0,0,0,0,0,0,0,0,0,0,0,0,0,0,0,0,0,0,0,0,0,0,0,0,0,0,0,0,0,0,0,0,0,0,0,0,0,0,0,0,0,0,0,0,0,0,0,0,0,0,0,0,0,0,0,0,0,0,0,0,0,0,0,0,0,0,0,0,0,0,0,0,0,0,0,0,0,0,0,0,0,0,0,0,0,0,0,0,0,0,0,0,0,0,0,0,0,0,0,3,0,0,0,0,7,0,0,0,0,0,0,0,0,0,0,0,0,0,0,0,0,0,0,0,0,0,0,0,0,0,0,0,0,0,0,0,0,0,0,0,0,0,0,0,0,0,0,0,0,0,0,0,0,0,0,0,0,0,0,0,0,0,0,0,0,0,0,0,0,0,0,0,0,0,0
LGA59100,0,0,0,0,0,0,0,0,0,0,0,0,0,0,0,0,0,0,0,0,0,0,0,0,0,0,0,0,0,0,0,0,0,0,0,0,0,0,0,0,0,0,0,0,0,0,0,0,0,0,0,0,0,0,0,0,0,0,0,0,0,0,0,0,0,0,0,0,0,0,0,0,0,0,0,0,0,0,0,0,0,0,0,0,0,0,0,0,0,0,0,0,0,0,0,0,0,0,0,0,0,0,0,0,0,0,0,0,0,0,0,0,0,0,0,0,0,0,0,0,0,0,0,4,0,0,0,0,0,4,0,0,0,0,0,0,0,0,0,0,0,0,0,0,0,0,0,0,0,0,0,0,0,0,0,0,0,0,0,0,0,0,0,0,0,0,0,0,0,0,0,0,0,0,0,0,0,0,0,0,0,0,0,0,0,0,0,0,0,0,0,0,0,0,0,0,0,0,0,0
LGA59170,0,0,0,0,0,0,0,0,0,0,0,0,0,0,0,0,0,0,0,0,0,0,0,0,0,0,0,0,0,4,0,0,0,0,0,0,0,0,0,0,0,0,0,0,0,0,0,0,0,0,0,0,0,0,0,0,0,0,0,0,0,0,0,0,0,0,0,0,0,0,0,0,0,0,0,0,0,0,0,0,0,0,0,0,0,0,0,0,0,0,0,0,0,0,0,0,0,0,0,0,0,0,0,0,0,0,0,0,0,0,0,0,0,0,0,0,0,0,0,0,0,0,0,0,7,4,0,0,0,15,0,0,0,0,0,0,0,0,0,0,0,0,0,0,0,0,0,0,0,0,0,0,0,0,0,0,0,0,0,0,0,0,0,0,0,0,0,0,0,0,0,0,0,0,0,0,0,0,0,0,0,0,0,0,0,0,0,0,0,0,0,0,0,0,0,0,0,0,0,0
LGA59250,0,0,0,0,0,0,0,0,0,0,0,0,0,0,0,0,0,0,0,0,0,0,0,0,0,0,0,0,0,0,0,0,0,0,0,0,0,0,0,0,0,0,0,0,0,0,0,0,0,0,0,0,0,0,0,0,0,0,0,0,0,0,0,3,0,0,0,0,0,3,0,0,0,0,0,0,0,0,0,0,0,0,0,0,0,0,0,0,0,0,0,0,0,0,0,0,0,0,0,0,0,0,0,0,0,0,0,0,0,0,0,0,0,0,0,0,0,0,0,0,0,0,0,5,6,0,0,0,0,14,0,0,0,0,0,0,0,0,0,0,0,0,0,0,0,0,0,0,0,0,0,0,0,0,0,0,0,0,0,0,0,0,0,0,0,4,0,0,0,4,0,0,0,0,0,0,0,0,0,0,0,0,0,0,0,0,0,0,0,0,0,0,0,0,0,0,0,0,0,0
LGA59310,0,0,0,0,0,0,0,0,0,0,0,0,0,6,0,0,0,0,0,6,0,0,0,0,0,0,0,0,0,0,0,0,0,0,0,0,0,0,0,0,0,0,0,0,0,0,0,0,0,0,0,0,0,0,0,0,0,0,0,0,0,0,0,0,0,0,0,0,0,0,0,0,0,0,0,0,0,0,0,0,0,0,0,0,0,0,0,0,0,0,0,0,0,0,0,0,0,0,0,0,0,0,0,0,0,0,0,0,0,0,0,0,0,0,0,0,0,0,0,0,0,0,0,5,9,8,7,4,0,30,0,0,0,0,0,0,0,0,0,0,0,0,0,0,0,0,0,0,0,0,0,0,0,0,0,0,0,0,0,0,0,0,0,4,0,0,0,0,0,9,0,0,0,0,0,0,0,0,0,0,0,0,0,0,0,0,0,0,0,0,0,0,0,0,0,0,4,0,0,0
LGA59320,0,0,0,0,0,0,0,0,0,0,0,0,0,0,0,0,0,0,0,0,0,0,0,0,0,0,0,0,0,0,0,0,0,0,0,0,0,0,0,0,0,0,0,0,0,0,0,0,0,0,0,0,0,0,0,0,0,0,0,0,0,0,0,0,0,0,0,0,0,0,0,0,0,0,0,0,0,0,0,0,0,0,0,0,0,0,0,0,0,0,0,0,0,0,0,0,0,0,0,0,0,0,0,0,0,0,0,0,0,0,0,0,0,0,0,0,0,0,0,0,0,0,0,0,0,3,0,0,0,4,0,0,0,0,0,0,0,0,0,0,0,0,0,0,0,0,0,0,0,0,0,0,0,0,0,0,0,0,0,0,0,0,0,0,0,0,0,0,0,0,0,0,0,0,0,0,0,0,0,0,0,0,0,0,0,0,0,0,0,0,0,0,0,0,0,0,0,0,0,0
LGA59330,0,0,0,0,0,0,0,0,0,0,0,0,0,0,0,0,0,0,0,0,0,0,0,0,0,0,0,0,0,0,0,0,0,0,0,0,0,0,0,0,0,0,0,0,0,0,0,0,0,0,0,0,0,0,0,0,0,0,0,0,0,0,0,0,0,0,0,0,0,0,0,0,0,0,0,0,0,0,0,0,0,0,0,0,0,0,0,0,0,0,0,0,0,0,0,0,0,0,0,0,0,0,0,0,0,0,0,0,0,0,0,0,0,0,0,0,0,0,0,0,0,0,0,0,0,0,0,0,0,3,0,0,0,0,0,0,0,0,0,0,0,0,0,0,0,0,0,0,0,0,0,0,0,0,0,0,0,0,0,0,0,0,0,0,0,0,0,0,0,0,0,0,0,0,0,0,0,0,0,0,0,0,0,0,0,0,0,0,0,0,0,0,0,0,0,0,0,0,0,0
LGA59340,0,0,0,0,0,0,0,0,0,0,0,0,0,7,5,3,0,0,0,12,0,0,0,3,0,0,0,0,0,8,0,0,0,0,0,0,0,0,0,0,0,0,0,0,0,0,0,0,0,0,0,0,0,0,0,0,0,0,0,0,0,0,0,0,0,0,0,0,0,3,0,0,0,0,0,0,0,0,0,0,0,0,0,0,0,0,0,0,0,0,0,0,0,0,0,0,0,0,0,0,0,0,0,7,0,0,0,0,0,3,0,0,0,4,0,0,3,0,0,9,0,0,0,20,10,16,7,0,0,51,0,0,0,0,0,0,0,0,0,0,0,0,0,0,0,0,0,0,0,0,0,0,0,4,3,0,0,0,0,6,0,0,3,10,5,0,0,0,0,11,0,0,0,0,0,0,0,0,0,0,0,0,0,4,0,0,0,0,0,4,0,0,0,3,3,3,0,0,0,12
LGA59350,0,0,0,0,0,0,0,0,0,0,0,0,0,0,0,0,0,0,0,0,0,0,0,0,0,0,0,0,0,0,0,0,0,0,0,0,0,0,0,0,0,0,0,0,0,0,0,0,0,0,0,0,0,0,0,0,0,0,0,0,0,0,0,0,0,0,0,0,0,0,0,0,0,0,0,0,0,0,0,0,0,0,0,0,0,0,0,0,0,0,0,0,0,0,0,0,0,0,0,0,0,0,0,0,0,0,0,0,0,0,0,0,0,0,0,0,0,0,0,0,0,0,0,9,0,0,0,0,0,9,0,0,0,0,0,0,0,0,0,0,0,0,0,0,0,0,0,0,0,0,0,0,0,0,0,0,0,0,0,0,0,0,0,4,0,0,0,0,0,4,0,0,0,0,0,0,0,0,0,0,0,0,0,0,0,0,0,0,0,0,0,0,0,0,0,0,0,0,0,0
LGA59360,0,0,0,0,0,0,0,0,0,0,0,0,0,0,0,0,0,0,0,3,0,0,0,0,0,0,0,0,0,3,0,0,0,0,0,0,0,0,0,0,0,0,0,0,0,0,0,0,0,0,0,0,0,0,0,0,0,0,0,0,0,0,0,0,0,0,0,0,0,3,0,0,0,0,0,0,0,0,0,0,0,0,0,0,0,0,0,0,0,0,0,0,0,0,0,0,0,0,0,0,0,0,0,0,0,0,0,0,0,0,0,0,0,0,0,0,0,0,0,0,0,0,0,13,6,13,3,0,0,37,0,0,0,0,0,0,0,0,0,0,0,0,0,0,0,0,0,0,0,0,0,0,0,0,0,0,0,0,0,0,0,0,0,10,5,0,0,0,0,20,0,0,0,0,0,0,0,0,0,0,0,0,0,0,0,0,0,0,0,0,0,0,0,0,0,0,0,0,0,0
LGA59370,0,0,0,0,0,0,0,0,0,0,0,0,0,3,0,0,0,0,0,8,0,0,0,0,0,0,3,0,0,3,0,0,0,0,0,0,0,0,0,0,0,0,0,0,0,0,0,0,0,0,0,0,0,0,0,0,0,0,0,0,0,0,0,0,0,0,0,0,0,0,0,0,0,0,0,0,0,0,0,0,0,0,0,0,0,0,0,0,0,0,0,0,0,0,0,0,0,0,0,0,0,0,0,0,0,0,0,0,0,0,0,0,0,0,5,0,4,4,0,13,0,0,0,6,11,20,13,3,0,50,0,0,0,0,0,0,0,0,0,0,0,0,0,0,0,0,0,0,0,0,0,0,0,0,0,0,0,0,0,0,0,0,0,0,0,0,0,0,0,0,0,0,0,0,0,0,0,0,0,0,0,0,0,0,0,0,0,0,0,4,0,0,0,0,0,3,8,3,0,15
LGA59499,0,0,0,0,0,0,0,0,0,6,0,0,0,7,0,0,0,7,0,16,0,0,3,11,4,0,0,0,0,23,0,0,0,0,0,0,0,0,0,0,0,0,0,0,0,0,0,0,0,0,0,0,0,0,0,0,0,0,0,0,0,0,0,3,3,3,0,0,0,12,0,0,0,0,0,0,0,0,0,4,0,0,0,0,0,0,0,0,0,0,0,0,0,3,0,5,0,0,0,8,0,0,0,6,0,0,0,0,0,4,0,0,0,6,0,0,5,0,0,12,5,5,10,50,27,32,16,9,0,145,0,0,0,0,0,0,0,0,0,0,0,0,0,0,0,0,0,0,0,3,0,0,0,0,0,0,0,0,0,3,0,0,3,4,3,0,0,0,0,12,0,0,0,0,0,0,0,0,0,3,0,0,0,0,0,0,0,0,0,0,0,0,0,8,0,9,4,0,0,16
LGA59799,0,0,0,0,0,0,0,0,0,0,0,0,0,4,0,0,0,0,0,4,0,0,0,0,0,0,0,0,0,0,0,0,0,0,0,0,0,0,0,0,0,0,0,0,0,0,0,0,0,0,0,0,0,0,0,0,0,0,0,0,0,0,0,0,0,0,0,0,0,0,0,0,0,0,0,0,0,0,0,0,0,0,0,0,0,0,0,0,0,0,0,0,0,0,0,0,0,0,0,0,0,0,0,0,0,0,0,0,0,0,0,0,0,0,0,0,0,0,0,3,0,0,0,14,5,6,0,0,0,25,0,0,0,0,0,0,0,0,0,0,0,0,0,0,0,0,0,0,0,0,0,0,0,0,0,0,0,0,0,0,0,0,5,8,14,0,0,0,0,25,0,0,0,0,0,0,0,0,0,3,0,0,0,0,0,0,0,0,0,0,0,0,0,7,3,0,0,0,0,13
