LGA_CODE_2021,M_AgriForestFish_PD,M_AgriForestFish_GD_GC,M_AgriForestFish_BD,M_AgriForestFish_AdD_D,M_AgriForestFish_Cert,M_AgriForestFish_ID_NS,M_AgriForestFish_ToT,M_Min_PD,M_Min_GD_GC,M_Min_BD,M_Min_AdD_D,M_Min_Cert,M_Min_ID_NS,M_Min_ToT,M_Mnfg_PD,M_Mnfg_GD_GC,M_Mnfg_BD,M_Mnfg_AdD_D,M_Mnfg_Cert,M_Mnfg_ID_NS,M_Mnfg_ToT,M_EGW_WS_PD,M_EGW_WS_GD_GC,M_EGW_WS_BD,M_EGW_WS_AdD_D,M_EGW_WS_Cert,M_EGW_WS_ID_NS,M_EGW_WS_ToT,M_Cnstn_PD,M_Cnstn_GD_GC,M_Cnstn_BD,M_Cnstn_AdD_D,M_Cnstn_Cert,M_Cnstn_ID_NS,M_Cnstn_ToT,M_WTrade_PD,M_WTrade_GD_GC,M_WTrade_BD,M_WTrade_AdD_D,M_WTrade_Cert,M_WTrade_ID_NS,M_WTrade_ToT,M_RTrade_PD,M_RTrade_GD_GC,M_RTrade_BD,M_RTrade_AdD_D,M_RTrade_Cert,M_RTrade_ID_NS,M_RTrade_ToT,M_AccomFoodS_PD,M_AccomFoodS_GD_GC,M_AccomFoodS_BD,M_AccomFoodS_AdD_D,M_AccomFoodS_Cert,M_AccomFoodS_ID_NS,M_AccomFoodS_ToT,M_TransPostWhse_PD,M_TransPostWhse_GD_GC,M_TransPostWhse_BD,M_TransPostWhse_AdD_D,M_TransPostWhse_Cert,M_TransPostWhse_ID_NS,M_TransPostWhse_ToT,M_InfoMedTelecom_PD,M_InfoMedTelecom_GD_GC,M_InfoMedTelecom_BD,M_InfoMedTelecom_AdD_D,M_InfoMedTelecom_Cert,M_InfoMedTelecom_ID_NS,M_InfoMedTelecom_ToT,M_FinInsurS_PD,M_FinInsurS_GD_GC,M_FinInsurS_BD,M_FinInsurS_AdD_D,M_FinInsurS_Cert,M_FinInsurS_ID_NS,M_FinInsurS_ToT,M_RentHirREserv_PD,M_RentHirREserv_GD_GC,M_RentHirREserv_BD,M_RentHirREserv_AdD_D,M_RentHirREserv_Cert,M_RentHirREserv_ID_NS,M_RentHirREserv_ToT,M_ProScieTechServ_PD,M_ProScieTechServ_GD_GC,M_ProScieTechServ_BD,M_ProScieTechServ_AdD_D,M_ProScieTechServ_Cert,M_ProScieTechServ_ID_NS,M_ProScieTechServ_ToT,M_AdminSupServ_PD,M_AdminSupServ_GD_GC,M_AdminSupServ_BD,M_AdminSupServ_AdD_D,M_AdminSupServ_Cert,M_AdminSupServ_ID_NS,M_AdminSupServ_ToT,M_PubAdmiSafety_PD,M_PubAdmiSafety_GD_GC,M_PubAdmiSafety_BD,M_PubAdmiSafety_AdD_D,M_PubAdmiSafety_Cert,M_PubAdmiSafety_ID_NS,M_PubAdmiSafety_ToT,M_EducTrain_PD,M_EducTrain_GD_GC,M_EducTrain_BD,M_EducTrain_AdD_D,M_EducTrain_Cert,M_EducTrain_ID_NS,M_EducTrain_ToT,M_HealthCareSocA_PD,M_HealthCareSocA_GD_GC,M_HealthCareSocA_BD,M_HealthCareSocA_AdD_D,M_HealthCareSocA_Cert,M_HealthCareSocA_ID_NS,M_HealthCareSocA_ToT,M_ArtRecServ_PD,M_ArtRecServ_GD_GC,M_ArtRecServ_BD,M_ArtRecServ_AdD_D,M_ArtRecServ_Cert,M_ArtRecServ_ID_NS,M_ArtRecServ_ToT,M_OthServ_PD,M_OthServ_GD_GC,M_OthServ_BD,M_OthServ_AdD_D,M_OthServ_Cert,M_OthServ_ID_NS,M_OthServ_ToT,M_ID_NS_PD,M_ID_NS_GD_GC,M_ID_NS_BD,M_ID_NS_AdD_D,M_ID_NS_Cert,M_ID_NS_ID_NS,M_ID_NS_ToT,M_ToT_PD,M_ToT_GD_GC,M_ToT_BD,M_ToT_AdD_D,M_ToT_Cert,M_ToT_ID_NS,M_ToT_ToT,F_AgriForestFish_PD,F_AgriForestFish_GD_GC,F_AgriForestFish_BD,F_AgriForestFish_AdD_D,F_AgriForestFish_Cert,F_AgriForestFish_ID_NS,F_AgriForestFish_ToT,F_Min_PD,F_Min_GD_GC,F_Min_BD,F_Min_AdD_D,F_Min_Cert,F_Min_ID_NS,F_Min_ToT,F_Mnfg_PD,F_Mnfg_GD_GC,F_Mnfg_BD,F_Mnfg_AdD_D,F_Mnfg_Cert,F_Mnfg_ID_NS,F_Mnfg_ToT,F_EGW_WS_PD,F_EGW_WS_GD_GC,F_EGW_WS_BD,F_EGW_WS_AdD_D,F_EGW_WS_Cert,F_EGW_WS_ID_NS,F_EGW_WS_ToT,F_Cnstn_PD,F_Cnstn_GD_GC,F_Cnstn_BD,F_Cnstn_AdD_D,F_Cnstn_Cert,F_Cnstn_ID_NS,F_Cnstn_ToT,F_WTrade_PD,F_WTrade_GD_GC,F_WTrade_BD,F_WTrade_AdD_D,F_WTrade_Cert,F_WTrade_ID_NS,F_WTrade_ToT,F_RTrade_PD,F_RTrade_GD_GC,F_RTrade_BD,F_RTrade_AdD_D,F_RTrade_Cert,F_RTrade_ID_NS,F_RTrade_ToT,F_AccomFoodS_PD,F_AccomFoodS_GD_GC,F_AccomFoodS_BD,F_AccomFoodS_AdD_D
LGA50080,20,0,66,52,252,18,413,5,6,26,31,211,5,275,4,4,37,38,293,18,400,0,0,4,19,93,0,122,4,5,37,88,787,20,926,0,0,18,26,127,0,171,0,3,32,38,302,16,392,3,0,23,48,153,9,239,3,4,28,41,179,12,270,3,0,18,3,17,0,43,0,3,24,19,22,4,72,0,0,11,20,41,0,72,31,9,119,55,43,6,265,0,0,12,18,84,0,119,21,20,84,113,242,20,502,43,61,155,57,83,8,399,66,18,184,82,147,15,503,0,0,7,10,36,5,56,5,10,19,23,223,8,289,0,0,18,17,120,29,186,230,144,907,794,3458,184,5714,7,7,47,40,73,17,191,6,0,0,4,12,0,20,3,8,18,36,67,10,132,0,0,9,7,10,0,25,3,0,19,34,77,5,137,0,3,3,10,27,0,44,9,5,69,73,324,24,498,7,4,77,61
LGA50210,4,6,30,24,50,4,123,122,16,293,202,879,45,1551,75,16,246,241,871,42,1487,25,5,66,44,159,7,301,60,14,242,254,1616,57,2245,45,4,104,93,399,12,658,66,8,208,134,457,35,909,31,0,83,124,261,15,521,107,16,242,309,508,59,1246,19,0,58,40,38,7,166,41,7,97,52,40,7,251,10,5,42,34,93,11,189,199,47,493,182,225,28,1171,20,3,72,73,200,9,378,99,45,211,220,403,18,995,112,73,292,62,104,13,657,148,53,380,169,250,38,1041,15,4,41,24,70,4,166,27,9,73,77,551,23,759,43,10,165,155,468,121,964,1279,358,3447,2513,7649,557,15789,3,3,20,11,27,7,72,35,19,103,60,129,12,365,29,9,113,99,165,16,436,3,0,34,13,19,3,77,27,10,84,89,173,13,398,24,3,60,60,87,14,247,65,16,291,219,516,56,1159,37,7,132,123
LGA50250,0,0,0,5,7,0,10,23,8,91,86,794,31,1034,0,0,0,4,4,0,10,0,0,0,0,5,0,5,4,0,13,17,142,6,187,0,0,0,0,30,0,34,0,0,0,0,5,4,15,0,0,16,18,42,0,69,3,0,6,3,26,0,35,0,0,0,0,0,0,8,0,0,0,0,0,0,0,0,0,4,3,7,0,13,0,0,8,0,8,0,13,0,0,0,5,20,0,29,5,0,10,12,15,0,45,3,4,13,0,5,0,26,0,0,12,0,5,0,11,0,0,0,0,3,0,3,0,0,0,0,15,0,24,0,0,6,0,37,8,56,49,25,180,163,1157,50,1625,3,0,3,0,6,0,18,9,6,47,46,115,10,230,0,0,0,0,0,0,4,0,0,0,0,0,0,0,0,0,0,8,4,5,18,0,0,3,0,4,0,11,0,0,4,7,16,0,27,4,0,23,12
LGA50280,9,4,55,41,97,12,213,10,3,61,44,228,9,359,15,13,106,46,139,9,323,0,0,4,6,29,6,42,9,5,51,36,415,18,533,3,4,3,5,31,0,46,6,0,36,17,63,6,129,5,0,41,59,115,10,237,0,0,13,23,43,5,79,3,0,4,4,4,0,18,0,7,8,4,0,0,20,0,0,10,4,10,0,34,25,5,65,28,15,6,149,5,0,30,11,59,0,99,8,3,26,26,40,0,107,16,28,73,9,24,0,159,29,5,52,14,16,0,120,0,3,10,9,16,0,43,4,0,10,7,77,0,90,3,5,31,16,61,11,115,145,87,690,415,1486,94,2918,4,5,32,24,34,9,116,0,0,11,3,15,0,37,12,10,93,38,54,3,207,0,0,5,0,0,0,7,0,4,13,15,16,4,61,0,3,7,11,8,0,32,8,5,76,57,117,19,291,9,6,96,51
LGA50350,5,0,5,0,4,0,17,31,8,81,45,132,4,298,8,0,34,25,110,9,188,0,0,16,5,13,0,39,9,9,51,58,300,11,430,4,0,13,14,57,4,94,9,5,28,25,71,4,139,3,0,15,18,54,0,94,7,8,32,26,70,5,143,10,0,17,8,3,0,40,10,0,33,17,6,4,74,4,0,13,11,16,0,42,51,20,162,40,40,9,307,0,0,13,9,26,6,59,35,15,88,43,72,0,254,40,33,66,27,25,4,196,31,17,66,28,51,3,198,0,4,23,19,14,3,64,8,0,17,11,67,0,98,9,6,29,14,83,10,146,280,118,795,427,1210,77,2908,0,0,3,0,0,0,3,14,7,37,16,18,0,93,5,0,25,16,25,5,76,4,6,11,0,5,0,22,4,0,19,23,17,3,74,0,0,10,3,18,5,41,11,3,51,29,80,8,176,7,0,28,15
LGA50420,3,0,15,8,13,5,46,160,40,423,129,471,20,1242,48,14,181,110,412,26,784,27,9,90,20,61,4,203,63,18,277,256,1028,49,1692,28,4,103,55,157,3,358,67,13,226,134,274,29,748,35,10,173,211,221,20,673,58,24,218,162,281,38,784,16,10,80,46,44,8,196,47,21,187,63,51,10,369,15,7,66,37,55,0,175,312,78,936,204,168,34,1726,33,11,122,78,130,10,385,132,62,387,203,231,28,1040,194,98,374,66,85,14,826,145,58,390,127,185,23,928,30,10,95,50,64,13,255,30,5,89,63,328,16,533,65,10,223,92,233,72,705,1508,492,4652,2099,4496,424,13664,3,0,20,8,13,0,39,83,36,205,43,80,14,469,26,12,95,61,62,14,272,17,12,33,19,28,0,107,32,13,118,80,83,5,322,18,5,68,39,50,6,189,81,17,299,150,243,31,812,37,6,208,143
LGA50490,0,0,9,7,15,0,30,110,23,256,104,435,34,958,35,11,110,85,257,21,517,10,0,24,12,47,0,94,51,5,169,132,599,24,988,22,3,67,44,141,14,288,45,4,158,68,172,14,467,36,7,142,167,186,23,559,76,19,173,167,232,22,692,16,0,34,26,22,3,98,28,4,70,28,25,3,152,9,8,34,21,53,5,123,162,26,434,125,110,14,863,32,4,84,30,86,9,250,64,24,141,95,151,14,492,97,34,141,34,60,10,370,75,28,204,85,71,12,483,7,4,55,36,97,3,201,16,5,56,57,183,10,330,34,5,92,60,157,86,434,929,214,2446,1382,3088,332,8388,0,0,9,0,6,0,20,29,11,124,52,99,14,336,19,11,69,33,38,7,174,3,4,11,14,14,0,47,25,10,92,47,52,10,232,15,11,39,20,32,6,107,40,15,163,93,170,17,506,26,9,161,133
LGA50560,0,0,16,4,29,5,58,0,0,0,5,10,0,16,0,0,0,0,6,0,11,0,0,0,0,3,0,3,0,0,0,0,13,0,20,0,0,3,6,0,0,8,0,0,0,0,0,0,5,0,0,0,0,3,0,5,0,0,0,5,6,0,7,0,0,0,0,0,0,0,0,0,0,0,0,0,0,0,0,0,0,0,0,0,0,0,0,0,0,0,5,0,0,0,0,0,0,0,0,0,0,6,6,0,12,0,0,0,0,0,0,5,0,0,0,0,4,0,6,0,0,0,4,0,0,7,0,0,0,0,8,0,9,0,0,0,0,5,0,10,4,0,32,27,102,14,175,0,0,15,8,11,0,32,0,0,0,0,0,0,3,0,0,0,0,0,0,0,0,0,0,0,0,0,0,0,0,0,0,0,0,3,0,0,0,0,0,0,0,0,0,4,4,4,0,17,0,0,0,0
LGA50630,0,0,4,0,8,0,13,5,0,7,5,83,6,108,3,0,0,0,21,0,26,0,0,0,0,3,0,3,0,0,0,0,16,0,15,0,0,0,0,4,0,4,0,0,0,0,3,0,3,0,0,0,0,0,0,0,0,0,0,0,3,0,8,0,0,0,0,0,0,0,0,0,0,0,0,0,0,0,0,0,0,0,0,0,0,0,0,0,0,0,0,0,0,0,0,3,0,4,0,0,0,5,10,0,13,0,0,9,0,5,0,13,0,0,0,0,0,0,7,0,0,0,0,0,0,0,0,0,0,0,14,0,8,0,0,0,0,3,0,3,6,0,28,14,179,11,243,0,0,9,4,3,0,8,0,0,10,8,20,0,34,0,0,0,4,11,0,15,0,0,0,0,0,0,0,0,0,0,0,7,0,4,0,0,0,0,0,0,0,0,0,0,0,5,0,5,0,0,5,0
LGA50770,0,0,18,16,73,4,108,0,0,7,0,20,0,28,0,0,0,0,12,0,12,0,0,0,0,0,0,5,0,0,0,0,12,0,15,0,0,0,0,7,0,7,0,0,0,0,0,0,6,0,0,0,0,0,0,5,0,0,0,0,5,0,5,0,0,0,0,0,0,0,0,0,0,0,0,0,0,0,0,0,0,0,0,0,0,0,3,0,5,0,3,0,0,0,0,0,0,0,0,0,6,0,0,0,7,0,3,5,0,0,0,11,0,0,3,0,0,0,8,0,0,0,0,0,0,0,0,0,0,0,14,0,15,0,0,0,0,4,0,3,0,6,39,30,145,9,228,5,0,22,23,18,3,69,0,0,0,0,3,0,5,0,0,0,0,0,0,0,0,0,0,0,0,0,0,0,0,0,3,0,0,0,0,0,0,0,3,0,3,0,0,0,3,13,0,17,0,0,0,0
LGA50840,0,0,14,18,40,9,81,8,6,31,20,152,11,214,3,0,6,5,26,3,35,0,0,0,0,26,6,30,0,0,7,8,77,0,94,0,0,5,4,6,0,13,0,0,4,3,21,0,34,0,0,0,0,17,0,17,0,0,0,0,9,0,11,0,0,0,0,0,0,3,0,0,0,0,5,0,6,0,0,0,0,0,0,3,7,4,8,5,4,5,24,0,0,0,0,16,0,10,0,7,6,8,16,0,43,4,0,14,5,6,0,23,3,0,15,3,13,3,41,0,0,0,0,0,0,7,0,0,0,3,25,0,30,3,0,0,3,14,6,19,29,11,116,85,469,36,749,0,8,10,6,14,0,45,5,0,18,3,24,0,50,0,0,0,0,4,0,17,0,0,0,0,0,0,0,0,0,0,3,6,3,15,0,0,0,0,3,0,9,0,0,13,13,32,4,62,0,4,5,9
LGA50910,0,0,3,5,19,7,38,0,0,0,0,8,0,8,0,0,0,0,6,0,6,0,0,0,0,0,0,0,0,0,0,0,7,0,7,0,0,3,0,5,0,10,0,0,0,0,3,0,5,0,0,0,0,0,0,0,0,0,0,0,4,0,4,0,0,0,0,0,0,0,0,0,0,0,0,0,0,0,0,0,0,0,0,0,0,0,0,0,0,0,4,0,0,0,0,0,0,0,0,0,0,0,5,0,4,0,0,3,0,0,0,0,0,0,6,0,0,0,3,0,0,0,0,0,0,0,0,0,0,0,0,0,0,0,0,0,0,0,0,0,3,0,16,10,61,3,96,0,0,11,3,7,0,25,0,0,0,0,0,0,0,0,0,0,0,0,0,0,0,0,0,0,0,0,0,0,0,0,0,0,0,0,0,0,0,0,0,0,0,0,0,3,3,9,0,10,0,0,0,0
LGA50980,5,0,24,21,57,3,106,7,0,6,13,100,6,124,3,0,6,4,42,0,57,3,0,6,6,45,4,68,3,3,15,32,308,10,368,0,0,0,4,26,0,34,9,0,25,21,79,8,144,19,0,55,47,82,15,215,5,8,46,50,120,10,240,0,0,8,9,10,0,27,0,0,7,0,4,0,11,0,0,6,7,11,0,26,10,5,42,14,20,0,88,0,0,12,15,60,0,89,16,17,75,59,94,13,265,16,21,88,15,54,7,206,33,11,86,41,89,17,275,5,0,9,6,11,0,35,6,3,13,13,94,0,129,5,0,22,15,78,32,143,135,84,548,380,1374,131,2648,4,0,22,8,18,0,51,0,0,11,4,4,0,18,0,0,10,10,9,0,24,0,0,8,0,3,0,10,0,0,10,10,28,7,60,0,0,3,6,9,0,11,10,0,38,40,68,13,171,13,3,107,52
LGA51080,0,0,14,10,47,11,81,0,0,0,0,3,0,3,0,0,0,0,0,0,0,0,0,0,0,0,0,0,0,0,0,0,9,0,8,0,0,0,0,5,0,5,0,0,0,0,0,0,3,0,0,0,0,0,0,0,0,0,0,0,4,0,4,0,0,0,0,0,0,0,0,0,0,0,0,0,0,0,0,0,0,0,0,0,0,0,0,0,0,0,0,0,0,0,0,0,0,0,0,0,3,0,0,0,4,0,0,0,0,0,0,5,0,0,0,0,3,0,6,0,0,0,0,0,0,0,0,0,0,0,4,0,4,0,0,0,3,0,0,3,0,0,22,16,71,7,122,0,0,12,6,9,0,31,0,0,0,0,0,0,0,0,0,0,0,0,0,4,0,0,0,0,0,0,0,0,0,0,0,0,0,0,0,0,0,0,0,0,5,0,0,7,0,4,0,6,0,0,0,0
LGA51120,0,0,9,5,29,5,49,0,0,0,0,5,0,5,0,0,0,0,0,0,4,0,0,0,0,0,0,0,0,0,0,0,17,0,17,0,0,5,0,0,0,4,0,0,0,0,0,0,4,0,0,0,0,0,0,0,0,0,0,0,5,0,5,0,0,0,0,3,0,3,0,0,0,0,0,0,3,0,0,0,0,0,0,0,0,0,0,0,0,0,0,0,0,0,0,0,0,0,0,0,0,0,7,0,9,0,0,0,0,0,0,3,0,0,3,0,0,0,5,0,0,0,0,0,0,0,0,0,0,0,3,0,3,0,0,0,0,0,0,3,0,3,19,12,84,3,118,0,0,8,6,11,0,26,0,0,0,0,0,0,0,0,0,0,0,0,0,7,0,0,0,0,0,0,0,0,0,0,0,0,0,4,0,0,0,0,3,0,3,0,0,0,4,3,0,4,0,0,0,0
LGA51190,7,0,10,9,32,6,64,18,6,57,67,365,15,529,29,7,82,63,402,22,601,3,0,13,20,107,4,148,12,7,51,94,697,26,881,4,0,11,13,70,4,99,3,0,37,28,187,10,269,8,0,26,24,103,12,181,7,6,32,32,153,12,248,0,0,13,10,20,0,43,3,3,12,32,19,0,66,0,0,13,17,31,0,58,21,10,99,40,58,10,239,3,0,14,12,66,4,102,23,9,63,35,91,9,227,23,44,112,18,58,5,259,71,21,161,35,104,8,402,0,0,6,0,23,0,35,8,5,7,12,163,3,199,5,0,24,23,121,31,207,257,126,845,603,2861,178,4866,0,0,11,9,12,3,38,4,3,17,14,57,5,103,7,7,43,20,72,8,154,4,0,7,7,16,5,38,7,0,21,24,80,6,140,0,0,9,10,24,0,42,7,5,61,61,279,16,437,8,7,62,50
LGA51260,4,9,52,52,145,13,280,16,8,87,80,607,25,830,12,13,109,69,274,15,488,0,0,13,16,69,3,101,4,0,67,150,1028,38,1286,6,0,8,13,64,0,93,4,3,54,56,256,13,390,18,4,87,75,270,14,470,6,7,17,31,139,7,203,0,0,12,3,11,0,30,14,3,41,29,8,4,99,3,0,20,33,32,6,96,34,15,147,54,64,7,324,0,0,26,26,125,10,186,16,11,69,54,127,5,292,27,48,128,29,44,5,280,56,20,134,57,99,10,371,0,0,13,11,38,4,68,8,4,14,13,182,8,221,8,0,32,33,130,26,231,239,146,1134,880,3713,224,6333,8,3,35,23,50,14,134,7,7,23,19,46,7,108,7,11,70,49,86,10,233,0,4,10,3,14,0,25,4,7,51,49,85,10,210,0,3,19,13,31,3,67,17,4,98,114,295,33,560,14,11,151,155
LGA51310,5,0,18,3,4,0,29,232,37,395,43,80,6,800,34,5,78,27,58,12,208,15,0,37,0,5,0,72,55,5,170,86,214,10,544,32,5,52,26,25,3,144,20,8,117,23,39,6,209,14,9,60,32,58,6,175,19,4,63,24,29,6,141,7,3,48,17,7,4,80,55,35,182,47,18,3,345,18,4,86,32,19,7,156,333,61,746,91,45,17,1290,18,3,44,22,23,3,108,70,22,130,38,33,8,290,157,45,149,20,17,12,400,272,44,422,40,27,26,826,16,7,45,17,20,0,106,22,0,29,19,48,3,124,50,13,130,30,33,16,271,1439,309,3004,633,784,141,6312,0,0,8,0,0,0,16,83,16,164,24,7,3,301,20,6,43,8,13,4,95,16,6,26,10,0,0,51,20,8,72,26,17,5,152,10,5,48,11,9,5,84,28,3,124,45,57,17,276,13,8,78,32
LGA51330,17,0,30,13,25,7,79,288,47,586,158,438,27,1540,122,18,383,162,541,26,1251,52,14,137,30,76,3,319,144,18,420,208,1020,71,1886,97,10,197,93,240,22,663,175,26,421,183,326,42,1166,87,9,346,357,336,53,1190,239,31,502,351,346,55,1528,26,5,96,29,41,4,202,82,25,203,61,47,11,419,33,6,77,48,53,4,220,554,66,1159,195,160,50,2182,78,9,198,110,183,24,606,248,61,422,189,255,33,1216,392,114,427,83,108,14,1140,283,76,660,195,204,40,1465,27,6,105,52,86,5,278,52,10,152,120,314,18,672,176,17,320,135,342,125,1118,3176,564,6840,2765,5137,649,19130,10,0,29,4,3,4,57,86,18,186,46,59,12,410,65,16,163,69,88,15,413,23,5,56,7,18,0,116,52,7,162,83,79,16,399,37,7,119,34,56,6,266,154,35,488,205,304,49,1241,121,17,378,243
LGA51400,3,0,11,15,62,5,98,12,4,55,63,304,4,432,11,3,50,42,245,10,368,8,0,3,15,74,0,107,4,5,34,48,451,15,554,3,0,11,12,45,0,67,6,0,28,17,83,0,140,0,0,13,9,38,0,58,3,0,22,19,91,5,151,0,0,0,8,11,0,25,0,3,8,3,8,0,22,0,0,3,3,12,0,20,10,4,51,23,34,4,126,0,0,7,4,41,0,62,9,13,39,35,90,0,188,25,21,68,13,27,3,159,41,8,97,21,45,12,224,0,0,5,9,15,0,24,12,3,16,16,108,0,162,3,0,19,13,84,23,129,147,62,543,399,1859,99,3110,0,6,14,10,30,4,60,0,0,22,8,37,6,76,0,5,24,21,33,0,85,0,0,7,0,5,0,17,0,0,7,21,51,4,92,0,0,4,4,14,0,29,0,0,31,34,162,8,244,0,0,21,15
LGA51470,0,0,5,4,18,4,28,0,0,0,0,5,0,5,0,0,0,0,0,0,0,0,0,0,0,0,0,0,0,0,0,0,4,0,4,0,0,0,0,5,0,10,0,0,0,0,3,0,6,0,0,0,0,0,0,0,0,0,0,0,0,0,0,0,0,0,0,0,0,0,0,0,0,0,0,0,0,0,0,0,0,0,0,0,0,0,3,0,0,0,0,0,0,0,0,0,0,0,0,0,0,3,0,0,9,0,0,0,0,0,0,0,0,0,0,0,0,0,0,0,0,0,0,0,0,0,0,0,0,0,7,0,7,0,0,0,0,3,0,3,0,0,12,9,59,5,80,0,0,0,0,3,0,8,0,0,0,0,0,0,0,0,0,0,0,0,0,0,0,0,0,0,0,0,0,0,0,0,0,0,0,5,0,0,0,0,0,0,3,0,0,0,0,6,0,0,0,0,0,0
LGA51540,0,0,11,11,59,3,94,0,0,0,3,54,5,67,0,0,0,3,15,0,17,0,0,3,4,18,0,30,0,0,5,0,67,4,77,0,0,0,0,4,0,4,0,0,6,3,22,5,33,3,0,4,4,32,0,40,0,0,4,4,34,0,48,0,0,0,0,0,0,0,0,0,0,0,0,0,3,0,0,5,3,0,0,9,0,0,4,0,5,0,7,0,0,4,4,20,0,33,6,5,18,19,23,0,66,4,3,12,3,10,0,33,4,0,19,3,15,3,45,0,0,0,0,0,0,0,0,0,5,0,30,0,37,0,0,3,3,17,13,34,24,15,96,74,430,37,674,0,0,8,3,21,10,41,0,0,4,0,3,0,4,0,0,0,0,4,0,9,0,0,0,3,3,0,4,0,0,3,6,12,0,17,0,0,0,0,0,0,0,0,0,11,6,25,6,51,3,0,17,3
LGA51610,0,0,4,0,29,6,37,0,0,0,6,24,4,35,0,0,0,0,5,0,10,0,0,0,0,0,0,3,0,0,0,4,30,0,40,0,0,3,0,8,0,14,0,0,0,0,10,0,7,0,0,0,0,4,0,4,0,0,0,0,16,0,13,0,0,0,0,0,0,4,0,0,0,0,0,0,0,0,0,0,4,0,0,0,0,0,8,0,3,0,9,0,0,0,0,7,0,3,0,0,0,6,8,0,19,0,0,4,0,0,0,6,0,0,5,4,5,0,10,0,0,0,0,0,0,5,0,0,0,0,13,0,13,0,0,0,0,6,0,4,6,0,22,24,165,17,239,3,0,9,9,0,0,25,0,0,0,0,0,0,9,0,0,0,0,5,0,3,0,0,0,0,0,0,3,0,0,3,0,0,0,6,0,0,0,0,0,0,0,0,0,4,3,7,0,16,0,0,0,0
LGA51680,3,0,15,11,35,9,75,3,0,14,26,133,5,183,0,0,0,3,62,0,70,0,0,5,0,8,0,12,0,0,11,18,144,10,174,0,0,7,4,24,0,37,0,0,0,3,23,3,32,0,0,0,0,10,0,11,0,0,0,3,30,0,43,0,0,0,0,0,0,3,0,0,3,0,4,0,8,0,0,0,0,8,0,6,0,0,11,17,17,5,46,0,0,4,5,20,3,30,3,0,8,20,32,0,66,0,6,12,3,13,0,31,0,0,7,0,8,0,20,0,0,0,0,3,0,6,0,0,0,0,40,3,47,0,0,5,6,43,10,67,15,5,107,129,659,50,964,0,0,16,8,28,5,54,0,0,0,12,20,5,39,0,0,5,9,13,0,23,0,0,0,4,3,0,9,0,0,5,8,18,4,34,0,0,3,4,10,0,20,0,0,6,13,24,7,49,0,0,3,7
LGA51710,0,0,0,0,0,0,3,0,0,4,5,29,0,41,0,0,0,0,0,0,0,0,0,0,0,10,0,16,0,0,3,0,24,7,37,0,0,0,0,6,0,5,0,0,0,0,3,0,0,0,0,0,0,3,0,6,0,0,0,4,14,3,22,0,0,0,0,0,0,0,0,0,0,0,0,0,0,0,0,0,0,0,0,0,0,0,0,3,0,0,9,0,0,0,5,6,0,10,0,3,20,12,44,5,87,0,0,5,0,0,0,5,6,0,0,0,0,0,5,0,0,0,0,5,0,7,0,0,0,0,13,0,12,0,0,0,0,10,6,19,10,11,37,38,170,24,279,0,0,0,0,0,0,0,0,0,3,5,5,0,16,0,0,0,0,3,0,3,0,0,0,0,4,0,3,0,0,0,4,4,0,8,0,0,0,0,0,0,4,0,0,0,0,4,0,5,0,0,4,0
LGA51750,3,0,11,5,0,0,17,75,15,131,15,18,5,254,10,5,43,4,12,3,76,8,0,13,4,0,0,25,25,0,57,20,47,3,160,9,0,15,3,6,0,38,8,3,48,12,26,3,98,4,0,39,10,19,0,70,7,4,22,14,9,4,54,4,0,13,5,3,0,24,25,4,75,15,0,8,133,7,4,41,12,9,0,73,121,32,298,24,8,10,479,4,7,22,0,10,0,41,29,6,34,13,13,4,98,48,13,55,13,13,4,151,81,10,136,9,9,6,248,13,0,19,3,3,0,43,12,5,22,0,13,0,49,24,0,36,5,12,7,85,515,108,1128,193,228,42,2215,0,0,5,4,0,0,11,30,9,59,5,5,0,107,7,3,18,10,0,0,32,0,0,7,0,0,0,11,3,4,30,3,3,0,49,0,3,17,9,5,0,29,15,3,64,23,16,7,130,0,0,32,13
LGA51820,12,3,29,20,63,6,141,199,39,509,292,1156,66,2258,113,28,399,284,1368,70,2266,51,14,85,56,171,10,387,103,29,386,405,2488,122,3530,46,8,159,104,397,26,742,83,15,245,206,541,32,1127,42,9,175,178,348,33,777,77,30,241,223,693,55,1307,19,4,75,42,52,4,199,54,17,207,103,65,13,462,13,0,69,60,120,6,269,358,69,969,346,340,63,2140,18,11,137,95,248,25,536,153,80,431,305,527,41,1545,270,138,498,108,195,24,1229,234,69,642,159,275,46,1428,20,5,98,47,115,13,299,40,18,108,83,674,12,934,78,18,263,157,617,138,1273,1969,602,5733,3274,10468,793,22842,8,6,20,12,18,9,78,70,28,224,85,176,18,599,53,29,245,150,184,33,687,8,5,51,21,49,11,145,44,13,190,129,209,33,619,26,15,85,70,120,16,328,75,25,412,319,653,62,1540,29,5,241,179
LGA51860,0,0,0,0,5,0,5,0,0,0,0,0,0,0,0,0,0,0,0,0,0,0,0,0,0,6,0,7,0,0,0,0,9,0,12,0,0,0,0,0,0,5,0,0,0,0,4,0,6,0,0,0,0,0,0,0,0,0,0,0,0,0,3,0,0,0,0,0,0,0,0,0,0,0,0,0,0,0,0,0,0,0,0,0,0,0,0,0,0,0,0,0,0,0,0,3,0,0,0,0,0,0,11,0,15,0,0,3,0,0,0,5,0,0,0,0,0,0,0,0,0,0,0,0,0,0,0,0,0,0,0,0,0,0,0,0,0,5,4,7,0,0,6,3,47,14,71,0,0,0,0,0,0,0,0,0,0,0,0,0,0,0,0,0,0,0,0,0,0,0,0,0,0,0,5,0,0,0,0,0,0,0,0,0,0,0,0,0,0,0,0,0,0,3,0,5,0,0,3,0
LGA51890,0,0,0,3,10,0,15,0,4,8,25,277,5,311,0,0,3,10,119,0,139,0,0,8,9,118,0,134,0,0,3,3,118,6,126,0,0,0,6,8,0,10,0,0,0,0,27,0,30,0,0,3,0,18,5,26,0,0,0,0,34,3,38,0,0,0,0,0,0,0,0,0,0,0,0,0,0,0,0,0,0,7,0,5,0,0,3,3,13,0,26,0,0,0,0,14,0,16,0,0,5,6,33,0,52,5,3,12,0,6,0,27,3,0,11,3,14,0,31,0,0,0,0,3,0,3,0,0,0,4,49,0,55,0,0,4,0,31,0,38,17,7,62,76,910,29,1101,0,0,0,0,3,0,8,0,0,3,9,28,5,46,0,0,0,6,21,0,34,0,0,0,7,24,0,29,0,0,0,4,13,0,18,0,0,0,0,3,0,3,0,0,7,3,58,5,82,0,0,3,11
LGA51960,0,0,0,0,0,0,0,6,0,27,18,201,14,267,0,0,0,0,18,0,20,0,0,0,0,0,0,0,0,0,0,0,17,4,27,0,0,0,0,0,0,0,0,0,0,4,9,0,11,0,0,0,0,4,0,5,0,0,0,4,8,6,17,0,0,0,0,0,0,0,0,0,0,0,0,0,0,0,0,0,0,0,0,0,0,0,0,0,6,0,8,0,0,0,0,3,0,8,0,0,4,4,15,0,25,0,0,6,0,7,0,11,0,0,0,0,0,0,7,0,0,0,0,0,0,0,0,0,0,0,17,0,17,0,0,0,0,7,6,15,12,8,43,33,315,30,432,0,0,0,0,0,0,0,4,0,9,11,23,5,52,0,0,0,0,15,0,13,0,0,0,0,0,0,0,0,0,0,4,3,0,8,0,0,0,3,3,0,8,0,0,3,0,7,0,11,0,0,0,4
LGA52030,0,0,6,11,26,0,40,0,0,0,0,13,0,13,0,0,0,0,5,0,5,0,0,0,0,3,0,3,0,0,0,0,9,0,16,0,0,0,0,3,0,0,0,0,0,0,0,0,0,0,0,0,0,4,0,7,0,0,0,0,3,0,3,0,0,0,0,0,0,0,0,0,0,0,0,0,0,0,0,0,0,0,0,0,0,0,0,0,0,0,4,0,0,0,0,6,0,6,0,0,0,0,4,0,9,0,0,0,0,0,0,0,0,0,0,0,0,0,0,0,0,0,0,0,0,0,0,0,0,0,4,0,4,0,0,0,0,0,0,5,0,0,9,11,88,4,118,0,0,11,9,9,4,26,0,0,0,0,4,0,3,0,0,0,0,0,0,0,0,0,0,0,0,0,0,0,0,0,0,5,0,3,0,0,0,0,0,0,7,0,0,5,0,3,0,12,0,0,0,0
LGA52100,0,0,7,7,31,0,42,0,0,0,0,5,0,5,0,0,0,0,4,0,4,0,0,0,0,0,0,0,0,0,0,0,8,0,13,0,0,0,0,14,0,18,0,0,0,0,4,0,7,0,0,0,0,0,0,0,0,0,0,0,7,0,14,0,0,0,0,0,0,0,0,0,0,0,0,0,0,0,0,0,0,0,0,0,0,0,0,0,0,0,6,0,0,0,0,0,0,0,0,0,0,6,6,0,9,0,0,0,0,0,0,0,0,0,4,0,0,0,4,0,0,0,0,0,0,0,0,0,0,0,13,0,14,0,0,0,4,3,0,7,4,0,14,16,99,0,136,0,0,8,11,10,0,33,0,0,0,0,0,0,0,0,0,0,0,0,0,0,0,0,0,0,0,0,0,0,0,0,0,0,0,3,0,0,0,0,5,0,4,0,0,4,0,3,0,8,0,0,4,3
LGA52170,5,0,14,4,3,3,29,53,10,106,5,21,3,197,5,0,27,10,15,6,58,6,4,11,0,0,0,21,10,0,51,18,46,4,127,5,3,17,0,7,0,26,11,0,36,4,7,0,55,5,0,24,6,17,0,49,8,0,14,13,4,4,42,9,0,6,0,0,0,12,28,9,83,18,3,3,146,8,4,52,12,10,0,88,97,8,195,16,7,4,334,3,0,10,0,5,0,25,28,5,28,11,4,4,76,26,5,33,4,0,3,74,88,0,139,11,4,8,252,8,0,11,0,4,0,19,6,0,9,0,4,5,19,35,3,36,9,5,13,99,421,54,905,149,168,50,1746,0,3,9,4,0,0,18,7,0,52,0,3,0,64,0,0,20,8,6,0,36,0,0,10,0,0,0,6,5,5,16,5,10,0,43,0,0,8,0,0,0,8,6,6,44,14,9,0,86,0,0,23,4
LGA52240,0,0,19,12,51,7,91,0,0,0,0,3,0,5,0,0,0,3,3,0,9,0,0,0,0,0,0,0,0,0,0,0,6,0,6,0,0,0,0,0,0,0,0,0,0,0,0,0,3,0,0,0,0,3,0,3,0,0,0,0,3,5,4,0,0,0,0,0,0,0,0,0,0,0,0,0,0,0,0,0,0,0,0,0,0,0,0,0,0,0,0,0,0,0,0,0,0,0,0,0,0,0,3,0,7,0,0,0,0,0,0,0,0,0,0,0,0,0,4,0,0,0,0,0,0,0,0,0,0,0,4,0,4,0,0,0,0,0,0,3,0,0,24,19,80,9,137,0,0,10,11,15,4,47,0,0,0,0,0,0,0,0,0,4,4,3,0,12,0,0,0,0,0,0,0,0,0,0,5,0,0,3,0,0,0,0,0,0,0,0,0,0,0,0,0,3,0,0,0,0
LGA52310,0,0,9,12,27,3,48,0,0,0,0,5,0,5,0,0,0,0,0,0,0,0,0,0,0,0,0,0,0,0,0,4,7,0,9,0,0,0,0,0,0,3,0,0,3,3,4,0,8,0,0,0,0,0,0,0,0,0,0,0,0,0,6,0,0,0,0,0,0,0,0,0,0,0,0,0,0,0,0,0,0,0,0,0,0,0,0,0,0,0,0,0,0,0,0,0,0,0,0,0,0,0,7,0,3,0,0,0,0,0,0,0,0,0,0,0,0,0,8,0,0,0,0,0,0,0,0,0,0,0,10,0,10,0,0,0,0,5,0,3,0,0,16,17,66,9,107,0,0,3,0,7,0,16,0,0,0,0,0,0,0,0,0,0,0,0,0,0,0,0,0,0,0,0,0,0,0,0,0,0,0,0,0,0,0,0,0,0,0,0,0,0,4,3,0,8,0,0,0,0
LGA52380,0,0,0,0,0,0,0,0,0,0,0,24,4,28,0,0,0,0,0,0,0,0,0,0,0,0,0,0,0,0,0,0,0,0,0,0,0,0,0,0,0,0,0,0,0,0,0,0,0,0,0,0,3,0,0,0,0,0,0,0,0,0,0,0,0,0,0,0,0,0,0,0,0,0,0,0,0,0,0,0,0,0,0,0,0,0,0,0,0,0,0,0,0,0,0,4,0,4,0,0,0,0,0,0,6,0,0,0,0,0,0,0,0,0,0,0,0,0,0,0,0,0,0,0,0,0,0,0,0,0,0,0,0,0,0,0,0,0,0,0,0,0,3,0,31,5,45,0,0,0,0,0,0,0,0,0,0,0,0,0,0,0,0,0,0,0,0,0,0,0,0,0,0,0,0,0,0,0,0,0,0,0,0,0,0,0,0,0,0,0,0,0,0,0,0,0,0,0,0,0
LGA52450,0,0,6,5,29,4,51,0,0,0,0,6,0,14,0,0,0,0,17,0,21,0,0,0,0,8,0,8,0,0,0,0,12,0,15,0,0,0,0,6,0,11,0,0,0,0,6,0,6,0,0,0,0,0,0,0,0,0,0,0,4,0,5,0,0,0,0,0,0,0,0,0,0,0,0,0,0,0,0,0,0,0,0,0,0,0,0,0,0,0,0,0,0,0,0,0,0,0,0,0,0,0,7,0,4,0,0,4,0,12,0,16,0,0,0,0,0,0,0,0,0,0,0,0,0,0,0,0,0,0,7,0,7,0,0,0,0,8,0,12,3,3,17,11,126,8,178,0,0,9,7,3,0,18,0,0,0,0,0,0,0,0,0,0,0,4,0,6,0,0,0,0,0,0,0,0,0,0,0,0,0,4,0,0,0,0,0,0,4,0,0,0,0,5,0,4,0,0,0,0
LGA52520,0,0,17,6,38,0,66,0,0,0,0,8,0,7,0,0,6,3,18,5,33,0,0,0,0,0,0,0,0,0,0,0,5,0,5,0,0,0,0,5,0,8,0,0,4,0,0,0,4,0,0,0,0,0,0,0,0,0,0,0,0,0,0,0,0,0,0,0,0,0,0,0,0,0,0,0,0,0,0,0,0,0,0,0,0,0,0,4,0,0,6,0,0,0,0,0,0,0,0,0,0,0,0,0,3,0,0,0,0,0,0,4,0,0,0,0,0,0,0,0,0,0,0,0,0,0,0,0,0,0,7,0,13,0,0,0,3,4,3,12,5,0,30,19,102,10,165,0,0,15,7,15,0,31,0,0,3,0,0,0,3,4,0,0,0,0,3,8,0,0,0,0,0,0,0,0,0,0,0,0,0,0,0,0,0,0,8,0,7,0,0,0,5,7,0,10,0,0,4,0
LGA52590,5,0,15,22,65,5,111,0,0,6,13,53,0,72,0,0,0,0,16,0,19,0,0,0,0,14,0,15,0,0,0,11,61,0,68,0,0,0,0,4,0,3,0,0,5,3,13,0,24,0,0,6,8,16,7,29,0,0,0,0,11,0,10,0,0,0,0,0,0,0,0,0,0,0,3,0,3,0,0,0,4,0,0,11,0,0,5,0,4,0,11,0,0,0,0,3,3,3,0,0,12,8,17,0,38,0,6,3,0,3,0,13,0,0,6,0,0,0,10,0,0,0,5,0,0,6,0,0,0,0,22,0,20,0,0,0,0,18,4,23,10,5,54,72,316,28,486,0,6,21,12,19,6,63,0,0,6,7,7,0,16,0,0,0,3,0,0,6,0,0,0,0,0,0,4,0,0,6,3,4,0,12,0,0,0,0,3,0,10,0,0,5,3,16,0,30,0,0,9,17
LGA52660,0,0,14,9,41,3,67,0,5,26,44,281,4,353,8,0,33,34,288,5,376,0,0,11,12,76,3,107,4,4,19,36,365,12,433,0,0,4,7,38,4,58,0,0,5,11,75,3,93,0,0,10,11,31,5,53,4,0,9,12,89,10,128,0,0,0,7,3,0,12,0,0,3,6,5,0,14,0,0,6,6,19,0,25,3,4,39,23,35,7,107,0,0,5,3,21,0,35,3,4,18,16,52,5,101,3,11,31,10,14,0,74,8,5,39,20,26,0,96,0,0,0,0,0,0,8,4,6,9,5,95,0,121,0,0,10,14,60,10,97,49,33,295,285,1618,79,2361,0,3,12,4,21,5,44,0,0,12,14,23,0,56,0,0,16,17,67,5,102,0,0,3,0,11,0,23,0,0,17,11,46,5,80,0,0,3,6,9,0,13,8,0,30,28,137,7,212,0,0,13,17
LGA52730,8,0,24,11,34,6,76,3,0,8,3,49,6,75,3,0,19,5,35,3,66,0,0,0,0,4,0,9,0,0,10,17,138,0,165,0,0,4,3,4,0,11,0,0,8,8,12,0,38,6,4,6,10,26,0,48,0,0,4,3,19,0,35,0,0,0,0,8,0,8,0,0,8,0,3,0,13,0,0,0,3,5,0,7,8,5,36,9,9,5,61,3,0,7,5,9,0,31,3,4,19,16,23,3,65,10,12,34,7,19,0,79,8,8,24,10,16,3,58,6,0,4,0,10,0,15,3,0,3,0,15,3,30,5,0,5,5,11,0,26,60,31,216,116,450,34,910,0,0,14,11,14,3,51,3,5,8,3,0,0,11,4,0,23,9,11,4,42,0,0,0,0,0,0,0,0,0,3,0,3,0,13,0,0,0,0,3,0,6,0,0,15,13,18,5,57,4,6,22,16
LGA52800,0,0,0,5,14,5,28,0,0,0,0,20,0,25,0,0,0,0,7,0,5,0,0,0,0,7,3,12,0,0,9,5,59,3,68,0,0,0,0,3,0,6,0,0,0,9,18,5,28,0,0,0,9,18,0,26,0,3,4,4,16,0,40,0,0,0,0,0,0,0,0,0,0,0,0,0,0,0,0,0,0,0,0,4,0,0,0,0,3,0,7,0,0,0,0,11,0,12,3,0,12,16,57,3,93,6,14,35,8,29,0,86,8,4,20,6,26,0,71,0,0,9,3,12,3,22,0,0,0,5,27,3,40,0,0,4,0,7,7,17,27,16,95,65,354,35,589,0,0,5,5,12,0,26,0,0,0,0,0,0,5,0,0,0,0,0,0,0,0,0,4,0,0,0,4,0,0,0,3,4,0,13,0,0,0,0,3,0,3,6,0,9,6,11,0,31,4,0,7,4
LGA52870,3,0,18,14,55,4,96,4,3,12,23,128,4,178,0,0,10,14,49,5,70,0,0,4,14,13,0,30,0,0,7,16,103,0,127,0,0,0,3,11,0,17,0,0,9,4,18,3,32,0,0,4,6,12,3,29,0,0,0,3,30,3,39,0,0,0,4,3,0,9,0,0,0,0,0,0,6,0,0,0,0,7,0,8,4,0,14,4,10,0,26,0,0,6,3,22,0,33,0,3,17,16,23,0,57,7,7,15,5,9,0,35,3,0,12,4,12,0,27,0,0,0,0,3,0,4,0,0,3,0,32,0,34,0,0,4,4,23,8,41,28,19,122,133,565,28,890,0,3,27,12,32,7,85,4,0,8,8,15,0,29,0,0,8,4,5,0,18,0,0,3,0,3,0,4,0,0,0,3,17,3,25,0,0,7,3,4,0,13,0,0,13,9,38,0,58,0,0,6,11
LGA52940,0,0,4,8,28,3,44,0,0,0,0,6,0,6,0,0,0,0,0,0,0,0,0,0,0,0,0,0,0,0,0,0,5,0,3,0,0,0,0,0,0,0,0,0,0,0,0,0,0,0,0,0,0,0,0,0,0,0,0,0,0,0,5,0,0,0,0,0,0,0,0,0,0,0,0,0,0,0,0,0,0,0,0,0,0,0,0,0,0,0,0,0,0,0,0,0,0,0,0,0,0,0,4,0,10,0,0,3,0,0,0,3,0,0,0,0,0,0,0,0,0,0,0,0,0,0,0,0,0,0,4,0,4,0,0,0,0,0,0,3,0,3,5,15,57,3,86,0,0,4,4,0,0,18,0,0,0,0,0,0,0,0,0,0,0,0,0,3,0,0,0,0,0,0,0,0,0,0,0,0,0,0,0,0,0,0,4,0,0,0,0,0,0,0,0,0,0,0,0,0
LGA53010,0,0,18,4,26,4,55,0,0,0,0,0,0,0,0,0,0,0,0,0,0,0,0,0,0,0,0,0,0,0,0,0,5,0,3,0,0,0,0,0,0,4,0,0,0,0,0,0,0,0,0,0,0,0,0,0,0,0,0,0,0,0,0,0,0,0,0,0,0,0,0,0,0,0,0,0,0,0,0,0,0,0,0,0,0,0,3,0,0,0,3,0,0,0,0,0,0,0,0,0,0,4,3,0,5,0,0,0,0,0,0,0,0,0,0,0,0,0,0,0,0,0,0,0,0,0,0,0,0,0,6,0,6,0,0,0,0,0,0,0,0,0,17,14,37,6,74,0,0,15,0,9,3,25,0,0,0,0,0,0,0,0,0,0,0,0,0,0,0,0,0,0,0,0,0,0,0,0,0,0,0,0,0,0,0,0,4,0,4,0,0,4,0,0,0,4,0,0,0,0
LGA53080,0,0,0,0,0,0,3,0,0,0,4,8,0,9,0,0,0,0,0,0,0,0,0,0,0,0,0,0,0,0,0,0,5,0,11,0,0,0,0,0,0,0,0,0,0,0,4,0,6,0,0,0,0,5,0,12,0,0,0,0,0,0,0,0,0,0,0,0,0,0,0,0,0,0,0,0,0,0,0,0,0,0,0,0,0,0,0,0,0,0,0,0,0,0,0,0,0,0,0,0,3,3,0,0,10,0,0,4,0,0,0,7,0,0,5,0,0,0,5,0,0,0,0,0,0,0,0,0,0,0,0,0,0,0,0,0,0,0,0,3,0,4,12,12,30,7,71,0,0,0,0,0,0,0,0,0,6,0,0,0,3,0,0,0,0,0,0,0,0,0,0,0,0,0,0,0,0,0,0,0,0,0,0,0,0,0,0,0,0,0,0,0,0,3,0,9,0,3,4,0
LGA53150,3,0,7,0,3,0,10,29,9,84,18,32,4,170,0,4,26,13,33,0,71,3,0,8,0,3,0,17,12,8,42,26,68,5,161,0,4,17,3,10,0,34,6,4,32,3,19,4,64,0,0,9,21,29,0,57,3,3,7,18,21,5,58,0,4,10,6,4,0,14,3,7,31,9,3,4,63,0,0,13,6,16,0,42,52,16,143,24,12,4,249,0,0,9,5,8,0,23,23,6,37,11,22,0,102,47,18,48,4,7,0,121,55,17,71,12,4,0,159,0,0,15,7,9,0,26,3,4,15,8,21,0,52,8,0,13,8,15,10,50,257,93,630,189,336,32,1540,0,0,6,0,0,0,4,7,4,32,7,6,5,58,3,0,9,4,6,6,32,0,0,6,0,3,0,9,6,0,16,8,10,0,39,4,0,13,0,0,0,14,4,3,28,19,17,3,82,0,4,22,4
LGA53220,0,0,4,0,20,5,33,31,16,143,123,910,36,1255,0,0,5,0,16,0,23,0,0,0,3,20,0,23,13,0,24,26,198,11,266,0,0,7,3,59,0,71,0,0,5,3,17,5,35,0,0,15,13,35,0,67,0,0,4,5,24,0,33,0,0,0,0,0,0,0,0,0,0,0,0,0,0,0,0,4,5,17,0,23,3,0,15,11,27,0,53,0,0,7,6,29,0,42,11,5,6,7,16,5,49,6,3,16,6,8,0,48,6,6,10,0,7,0,22,0,0,0,0,5,0,5,0,0,5,5,50,0,65,0,0,8,0,31,4,43,73,26,278,231,1492,68,2177,0,0,4,4,11,0,14,24,5,61,53,155,8,305,0,0,0,5,3,0,6,0,0,0,0,4,0,8,6,0,8,6,16,0,25,0,0,0,0,3,0,5,4,0,16,11,23,0,50,5,0,16,10
LGA53290,0,3,66,58,236,23,385,0,4,6,12,96,6,122,5,0,8,3,59,0,68,3,0,4,6,31,0,49,0,0,3,18,210,20,247,3,0,10,16,92,7,125,0,0,7,11,45,3,68,0,0,6,6,45,4,58,3,0,13,29,191,12,247,0,0,0,0,5,0,5,0,4,9,4,3,0,21,0,0,0,0,12,0,11,6,0,20,11,16,0,57,0,0,3,0,22,0,24,3,6,26,21,47,6,110,10,15,49,16,24,3,109,14,0,27,11,28,3,74,0,0,0,0,3,0,6,0,0,5,10,127,5,140,0,0,9,5,49,13,82,46,29,260,230,1322,108,2007,6,12,70,35,84,15,225,0,0,0,5,17,0,21,0,0,13,7,12,0,32,0,0,5,0,3,0,5,0,0,4,10,20,3,35,0,0,3,9,22,0,34,3,0,20,25,93,8,151,4,0,15,21
LGA53360,0,0,3,3,11,4,23,0,0,3,3,36,0,42,0,0,3,0,10,0,17,0,0,0,0,7,0,7,4,0,7,10,78,5,99,0,0,0,0,4,0,9,0,0,3,0,17,3,26,3,0,14,5,28,4,58,6,0,11,17,31,3,61,0,0,0,0,3,0,3,0,0,0,0,0,0,0,0,0,4,0,4,0,3,0,0,9,16,60,4,95,0,0,4,0,14,0,25,3,3,11,13,31,0,62,0,0,11,0,3,0,19,0,0,3,0,0,0,10,0,0,7,0,8,0,10,0,0,0,0,15,0,22,3,0,8,4,31,5,46,20,4,106,83,391,31,638,0,0,0,5,0,0,7,0,0,0,0,3,0,3,0,0,0,3,3,0,4,0,0,0,0,0,0,0,0,0,0,0,6,0,11,0,0,0,0,0,0,0,3,0,16,16,21,9,51,11,0,33,12
LGA53430,8,3,23,13,21,0,71,106,17,200,53,159,10,561,45,11,99,68,182,6,413,15,4,31,20,31,0,99,29,14,147,123,414,12,743,9,4,37,19,45,3,117,12,4,78,32,88,10,219,17,3,74,53,110,17,267,20,7,62,75,112,17,286,8,4,47,13,14,0,83,26,5,73,17,14,0,139,5,0,40,17,16,4,93,239,32,494,89,74,18,955,8,4,56,17,54,4,140,76,40,149,78,80,8,435,204,76,188,31,47,10,561,152,30,282,42,49,17,575,27,12,66,32,31,6,170,20,8,31,24,75,6,166,39,13,96,41,89,35,317,1078,284,2282,866,1703,189,6402,0,0,22,8,10,0,40,49,22,100,23,28,4,218,16,7,51,26,37,0,143,12,4,24,11,0,0,45,7,7,55,25,26,3,122,11,0,33,14,16,4,75,17,12,122,58,84,16,311,16,8,139,55
LGA53570,7,0,38,39,93,30,207,6,0,15,12,114,4,146,4,0,0,3,39,0,44,0,0,0,0,8,0,10,3,0,0,8,115,3,132,0,0,0,0,11,0,15,0,0,0,0,15,0,18,0,0,5,0,6,0,12,0,0,0,4,16,3,20,0,0,0,0,6,0,3,0,0,0,4,0,0,4,0,0,0,0,0,0,3,0,0,3,4,6,0,17,0,0,0,0,17,0,15,4,0,4,10,11,0,33,0,0,0,0,5,0,11,0,0,4,3,0,3,15,0,0,0,0,0,0,0,0,0,0,4,23,0,28,3,0,0,0,21,6,30,24,3,90,97,504,55,769,9,10,50,24,34,10,129,0,0,8,6,10,0,24,0,0,3,4,17,4,26,0,0,0,0,0,0,3,0,0,3,7,13,0,20,0,0,0,0,4,0,5,0,0,3,6,19,5,38,0,6,4,8
LGA53640,0,0,24,14,40,4,77,0,0,0,0,0,0,0,0,0,0,0,0,0,0,0,0,0,0,0,0,0,0,0,0,0,14,0,19,0,0,3,0,19,0,27,0,0,0,0,3,0,3,0,0,0,0,0,0,0,0,0,0,0,6,0,8,0,0,0,0,0,0,0,0,0,0,0,0,0,0,0,0,0,0,0,0,0,0,0,0,0,0,0,0,0,0,0,0,5,0,5,0,0,0,0,0,0,4,0,0,3,0,0,0,5,0,0,0,0,0,0,3,0,0,0,0,0,0,0,0,0,0,0,13,0,12,0,0,0,0,4,0,4,3,4,31,21,100,8,164,0,0,20,4,15,3,48,0,0,0,0,0,0,0,0,0,0,0,0,0,0,0,0,0,0,0,0,0,0,0,0,0,0,0,4,0,0,0,0,0,0,0,0,0,0,0,4,0,8,0,0,0,0
LGA53710,0,0,5,3,23,3,39,0,0,0,0,7,0,12,0,0,3,0,0,0,3,0,0,0,0,0,0,0,0,0,0,0,11,0,12,0,0,0,0,5,0,9,0,0,0,0,5,0,0,0,0,0,0,0,0,0,0,0,0,0,5,0,5,0,0,0,0,0,0,0,0,0,0,0,0,0,0,0,0,0,0,0,0,0,0,0,4,0,0,0,4,0,0,0,0,0,0,0,0,0,0,0,5,0,6,0,0,3,0,0,0,3,0,0,0,0,0,0,0,0,0,0,0,0,0,0,0,0,0,0,5,0,8,0,0,0,0,0,0,0,0,0,17,5,64,5,101,0,0,3,5,10,0,24,0,0,0,0,0,0,0,0,0,0,0,0,0,0,0,0,0,0,0,0,0,0,0,0,0,7,0,7,0,0,0,0,0,0,0,0,0,0,0,4,0,3,0,0,0,0
LGA53780,7,0,23,23,49,0,109,184,28,397,229,898,59,1794,136,16,356,281,1043,67,1886,38,5,79,41,146,6,321,114,16,333,272,1831,85,2648,54,10,153,128,410,13,769,101,17,331,205,553,50,1247,50,3,179,263,391,35,926,165,28,448,460,707,83,1883,28,4,78,54,59,8,233,65,15,129,67,47,17,343,21,5,54,33,116,7,237,284,41,724,267,246,47,1610,46,7,135,112,237,25,571,156,57,348,254,412,38,1265,197,85,310,89,156,20,864,215,53,521,210,296,51,1345,22,3,70,58,106,14,262,45,14,148,149,709,35,1091,112,15,242,171,562,170,1273,2049,421,5051,3361,8974,823,20676,5,0,13,11,26,0,57,35,15,149,48,116,8,375,51,12,190,85,193,23,556,13,3,30,12,24,7,89,40,12,114,71,198,21,458,19,6,87,56,124,7,296,131,25,422,268,597,66,1508,66,17,241,200
LGA53800,3,0,37,47,210,22,317,10,8,33,64,555,27,701,0,0,17,14,180,10,220,0,0,3,15,80,0,104,4,5,23,82,778,17,905,3,0,24,21,155,5,208,6,0,30,32,230,15,314,8,3,25,31,132,17,206,13,0,38,83,363,18,515,0,0,6,7,19,0,34,6,3,7,23,11,0,56,0,0,6,12,32,0,41,21,12,97,59,99,5,290,0,0,6,19,101,4,136,25,23,81,105,209,19,457,47,30,138,38,79,8,345,59,12,144,51,94,12,371,0,0,10,0,18,0,35,7,0,19,18,281,5,337,4,0,16,21,147,32,216,219,104,758,729,3766,216,5798,0,0,33,22,42,5,101,4,0,15,23,60,0,102,3,0,7,9,47,0,69,3,0,0,0,10,0,15,0,0,17,29,88,4,144,0,3,12,5,38,0,55,13,9,63,69,298,23,472,7,3,47,45
LGA53920,0,0,0,0,6,0,13,3,0,0,0,11,0,18,0,0,0,0,0,0,0,0,0,0,0,0,0,0,0,0,3,0,18,4,21,0,0,0,0,0,0,0,0,0,4,0,5,0,8,0,0,0,3,9,0,16,0,0,0,5,0,0,6,0,0,0,0,0,0,0,0,0,0,0,0,0,0,0,0,0,0,0,0,7,0,0,0,0,4,0,4,0,0,6,0,9,0,13,4,5,0,5,15,0,29,5,4,17,0,16,0,47,0,0,3,3,14,4,27,0,0,0,0,0,0,0,0,0,0,0,7,0,13,0,0,0,0,12,4,19,19,11,36,20,147,15,241,0,0,0,3,4,0,9,0,0,0,0,0,0,3,0,0,0,0,0,0,0,0,0,0,0,0,0,0,0,0,0,0,0,0,0,0,0,0,0,0,0,3,0,0,0,0,3,0,9,0,0,9,6
LGA53990,3,3,23,32,90,18,170,17,8,63,77,597,18,782,21,14,139,103,603,38,913,0,3,7,24,130,6,169,13,3,43,57,641,27,785,0,0,7,8,85,0,103,0,0,18,20,120,10,166,0,4,11,8,67,0,85,6,0,9,27,126,8,170,0,0,0,0,8,0,17,3,0,4,13,7,0,33,0,0,0,4,28,0,36,10,3,57,32,63,9,170,0,0,0,4,45,0,54,10,5,36,60,111,8,236,17,25,83,25,34,3,181,14,5,50,21,57,6,149,0,0,7,0,20,0,28,3,0,4,5,150,0,162,0,3,14,11,129,20,182,119,79,577,543,3099,181,4587,3,4,31,17,61,7,125,3,4,28,22,75,5,138,10,0,86,40,127,12,285,0,0,9,0,21,0,32,3,4,16,34,75,4,135,0,0,6,3,27,0,35,6,3,52,57,211,18,345,0,0,17,19
LGA54060,0,0,11,10,32,7,58,0,0,3,3,80,3,93,0,0,0,0,29,0,37,0,0,0,0,14,0,14,0,0,0,10,51,3,71,0,0,0,3,0,0,10,0,0,0,0,13,0,18,0,0,0,0,12,0,18,0,0,0,4,26,0,34,0,0,0,0,0,0,0,0,0,0,0,0,0,0,0,0,0,0,0,0,3,0,0,8,0,4,0,17,0,0,0,0,3,0,3,3,0,4,0,5,0,20,0,0,4,5,8,0,11,0,0,3,0,0,0,9,0,0,0,0,0,0,4,0,0,0,0,8,0,9,0,0,0,4,21,0,30,13,3,49,53,302,26,443,0,0,10,11,8,7,28,0,0,3,0,6,0,14,0,0,0,6,0,0,4,0,0,0,0,0,0,0,0,0,0,4,0,0,13,0,0,0,0,0,0,3,0,0,0,5,27,4,41,0,0,0,11
LGA54130,4,0,20,8,51,6,87,0,0,0,0,5,4,5,0,0,0,0,0,0,0,0,0,0,0,4,0,6,0,0,5,0,14,4,19,0,0,0,0,0,0,3,0,0,0,0,0,0,0,0,0,0,0,13,0,8,0,0,0,0,7,0,7,0,0,0,0,0,0,0,0,0,0,0,0,0,0,0,0,0,0,0,0,0,0,0,0,0,0,0,0,0,0,0,0,0,0,5,0,0,0,4,4,0,11,0,0,0,0,0,0,0,0,0,0,0,0,0,0,0,0,0,0,0,0,0,0,0,0,0,5,0,5,0,0,0,0,0,0,3,3,5,30,17,103,12,160,0,3,23,8,19,5,52,0,0,0,0,0,0,0,0,0,0,0,0,0,3,0,0,0,0,0,0,0,0,0,0,0,0,0,0,0,0,0,0,0,0,0,0,0,0,3,5,0,9,0,0,0,3
LGA54170,7,3,30,23,63,9,131,336,109,953,434,1499,74,3393,111,22,276,250,1036,36,1729,66,12,165,91,243,15,588,136,48,671,740,4260,142,6000,52,9,230,136,444,21,894,75,24,367,234,673,47,1413,38,10,163,151,430,36,829,85,26,268,254,574,46,1256,22,12,109,84,149,8,382,113,60,431,279,141,29,1057,23,13,125,110,141,17,428,606,149,1762,565,508,85,3681,35,12,176,124,345,28,726,217,138,698,528,694,72,2343,440,267,806,185,264,28,1998,282,95,717,251,361,47,1752,26,11,174,65,158,17,450,53,13,144,136,802,19,1167,92,24,300,176,663,126,1378,2811,1062,8566,4806,13434,910,31588,6,4,26,24,27,3,89,93,53,303,136,163,19,757,44,20,184,138,162,21,574,32,19,84,40,42,5,219,34,24,283,234,378,42,996,16,16,119,58,106,17,337,66,28,468,362,752,94,1769,20,5,224,188
LGA54200,7,3,21,9,42,0,92,86,31,248,160,776,36,1336,33,17,101,126,550,19,843,11,0,26,21,102,4,158,28,10,119,160,1119,40,1473,26,10,56,68,283,14,454,17,6,84,69,269,18,460,6,0,51,43,139,7,242,33,13,115,144,434,29,771,5,0,25,25,41,0,97,13,3,56,40,36,3,149,4,0,20,26,64,8,122,110,39,354,140,158,26,830,6,4,33,40,128,4,222,59,36,145,135,228,23,621,94,52,233,60,79,6,523,75,23,202,74,121,5,492,8,3,31,20,58,7,125,15,12,35,43,432,11,543,20,9,86,71,301,52,532,645,273,2046,1474,5338,317,10103,0,0,10,18,19,3,49,19,11,104,58,119,10,321,18,9,75,60,96,16,278,0,4,12,18,19,3,53,10,6,69,73,109,14,286,5,9,44,34,83,8,188,18,12,140,119,317,39,637,13,3,74,61
LGA54280,0,0,0,5,9,0,14,133,26,319,164,1433,52,2125,10,0,41,39,228,7,327,4,0,5,6,68,3,86,3,0,36,32,488,15,569,0,0,9,18,168,3,198,7,0,17,14,101,10,144,3,0,29,21,69,4,130,6,0,29,32,168,16,256,0,0,5,0,6,0,16,0,0,3,10,6,0,22,0,0,9,8,71,3,88,20,3,58,20,67,9,173,0,0,3,9,33,6,57,19,12,45,57,111,5,249,36,17,73,13,33,0,168,41,11,69,24,34,11,180,0,0,0,0,9,0,11,3,3,12,20,283,3,324,9,0,15,15,143,33,214,298,82,769,503,3532,180,5371,0,0,3,4,4,0,7,49,11,145,79,219,25,535,5,3,19,21,49,8,102,0,0,0,5,9,0,21,4,0,13,19,53,7,100,0,3,13,10,49,0,69,9,9,34,38,151,22,262,8,0,50,32
LGA54310,0,0,0,0,9,0,8,48,20,190,171,1293,38,1775,14,0,37,19,113,4,193,11,0,17,15,62,5,102,6,3,38,53,550,14,661,0,0,5,7,61,3,82,8,0,19,8,73,8,111,3,0,23,19,80,3,133,6,9,42,45,149,13,258,0,0,4,5,5,0,19,0,0,3,4,0,0,10,0,0,9,8,38,5,62,5,3,23,22,48,4,102,3,4,6,20,75,6,113,14,11,51,68,96,7,247,19,22,50,11,17,3,124,17,10,26,4,19,0,77,0,0,9,5,11,0,19,3,0,10,11,112,9,145,16,4,30,29,165,22,258,180,80,592,527,2974,143,4494,0,0,0,0,4,0,5,17,12,119,69,206,17,437,3,3,10,6,20,0,43,6,3,15,6,25,0,57,3,0,17,26,57,10,114,0,0,5,4,23,0,32,10,0,55,29,96,14,207,3,0,61,38
LGA54340,0,0,8,9,62,9,86,0,0,0,0,7,0,7,0,0,3,3,43,16,73,0,0,0,0,13,0,13,0,0,0,6,37,0,42,0,0,3,4,21,0,28,0,0,3,3,22,0,33,0,0,4,0,6,0,11,0,0,0,3,15,0,18,0,0,0,0,0,0,3,0,0,0,0,5,0,3,0,0,0,0,3,0,4,0,0,5,0,7,0,11,0,0,0,0,4,0,9,0,0,4,6,15,0,34,5,7,6,0,3,0,22,0,0,6,10,15,0,30,0,0,0,0,6,0,6,0,0,4,4,26,0,36,0,0,0,0,12,4,23,9,11,58,49,324,36,488,0,0,3,12,12,4,31,0,0,0,0,0,0,0,0,0,0,0,9,8,17,0,0,0,0,0,0,0,0,0,0,0,0,0,0,0,0,5,0,9,4,15,0,0,0,0,20,5,31,0,0,7,0
LGA54410,0,0,4,6,26,5,39,0,0,0,0,11,0,7,0,0,0,0,11,0,10,0,0,0,0,8,0,8,0,0,0,0,12,0,13,0,0,0,0,0,0,4,0,0,0,0,0,0,4,0,0,0,0,0,0,0,0,0,0,0,7,0,4,0,0,0,0,0,0,0,0,0,0,0,0,0,0,0,0,0,0,0,0,0,0,0,0,0,0,0,3,0,0,0,0,0,0,0,0,0,0,0,5,0,9,0,0,0,0,0,0,0,0,0,0,0,4,0,5,0,0,0,0,0,0,0,0,0,0,0,0,0,0,0,0,0,0,0,0,5,3,4,10,19,79,7,123,0,0,7,3,7,0,17,0,0,0,0,0,0,0,0,0,0,0,0,0,3,0,0,0,0,0,0,0,0,0,0,0,0,0,0,0,0,0,0,0,0,0,0,0,0,0,0,0,0,0,0,0,0
LGA54480,0,0,13,11,27,6,59,0,0,0,0,3,0,3,0,0,0,0,0,0,0,0,0,0,0,0,0,0,0,0,0,0,0,0,0,0,0,0,0,0,0,0,0,0,0,0,0,0,0,0,0,0,0,0,0,4,0,0,0,0,0,0,0,0,0,0,0,0,0,0,0,0,0,0,0,0,0,0,0,0,0,0,0,0,0,0,0,0,0,0,0,0,0,0,0,0,0,0,0,0,0,0,3,0,4,0,0,0,0,0,0,0,0,0,0,0,0,0,0,0,0,0,0,0,0,0,0,0,0,0,0,0,0,0,0,0,0,0,3,3,4,0,17,11,37,7,74,0,4,13,3,3,0,31,0,0,0,0,0,0,0,0,0,0,0,0,0,0,0,0,0,0,0,0,0,0,0,0,0,0,0,0,0,0,0,0,0,0,0,0,0,0,0,0,0,0,0,0,0,0
LGA54550,0,0,38,20,67,12,144,0,0,0,0,4,0,3,0,0,0,0,8,0,12,0,0,0,0,0,0,0,0,0,0,0,12,0,17,0,0,0,3,3,0,7,0,0,3,0,0,0,8,0,0,0,4,0,0,10,0,0,3,0,6,0,6,0,0,0,0,0,0,0,0,0,0,0,0,0,0,0,0,0,0,0,0,0,0,0,8,0,0,0,5,0,0,0,0,3,0,3,0,0,3,0,8,0,11,0,0,4,0,0,0,3,0,0,4,0,0,0,4,0,0,0,0,0,0,0,0,0,0,0,7,0,6,0,0,6,0,8,10,20,3,3,57,34,135,29,260,0,0,38,16,20,4,89,0,0,0,0,0,0,0,0,0,0,0,3,0,3,0,0,0,0,4,0,4,0,0,0,4,0,0,8,0,0,0,0,5,0,3,0,0,0,4,7,0,11,0,0,0,0
LGA54620,0,0,7,3,27,6,42,0,0,0,0,3,0,6,0,0,0,0,9,0,3,0,0,0,0,4,0,4,0,0,0,0,12,0,9,0,0,0,0,0,0,0,0,0,0,0,0,0,0,0,0,0,0,3,0,3,0,0,0,0,0,0,0,0,0,0,0,0,0,0,0,0,0,0,0,0,0,0,0,0,0,0,0,0,0,0,0,0,0,0,0,0,0,0,0,0,0,0,0,0,0,5,5,0,5,0,0,0,0,0,0,0,0,0,0,0,0,0,0,0,0,0,0,0,0,0,0,0,0,0,3,0,3,0,0,0,0,5,0,3,0,0,13,12,68,3,99,0,0,11,7,7,0,33,0,0,3,0,0,0,3,0,0,0,0,0,0,0,0,0,0,0,0,0,0,0,0,0,0,0,0,0,0,0,0,0,0,0,0,0,0,3,4,0,0,10,0,0,0,0
LGA54690,0,0,0,0,7,0,11,0,0,0,0,4,0,4,0,0,0,0,0,0,0,0,0,0,0,0,0,0,0,0,0,0,0,0,0,0,0,0,0,5,0,3,0,0,0,0,0,0,3,0,0,0,0,0,0,0,0,0,0,0,3,0,3,0,0,0,0,0,0,0,0,0,0,0,0,0,0,0,0,0,0,0,0,0,0,0,0,0,0,0,0,0,0,0,0,0,0,0,0,0,0,0,3,0,8,0,0,0,0,0,0,0,0,0,0,0,0,0,0,0,0,0,0,0,0,0,0,0,0,0,0,0,0,0,0,0,0,0,0,4,0,0,3,4,22,5,37,0,0,9,3,4,0,16,0,0,0,0,0,0,0,0,0,0,0,0,0,0,0,0,0,0,0,0,0,0,0,0,0,0,0,0,0,0,0,0,0,0,0,0,0,0,0,0,0,0,0,0,0,0
LGA54760,0,0,12,9,30,0,62,0,0,0,0,0,0,0,0,0,0,0,0,0,0,0,0,0,0,0,0,3,0,0,0,0,7,0,3,0,0,0,0,6,0,6,0,0,0,0,0,0,0,0,0,0,0,0,0,0,0,0,0,0,0,0,0,0,0,0,0,0,0,0,0,0,0,0,0,0,0,0,0,0,0,0,0,0,0,0,0,0,0,0,0,0,0,0,0,3,0,3,0,0,0,0,4,0,4,0,0,0,0,0,0,5,0,0,0,0,0,0,0,0,0,0,0,0,0,0,0,0,0,0,6,0,4,0,0,0,0,0,0,0,0,0,14,18,62,5,102,0,8,14,6,9,0,34,0,0,0,0,0,0,0,0,0,0,0,0,0,0,0,0,0,0,0,0,0,0,0,0,0,0,0,0,0,0,0,0,0,0,5,0,0,3,0,0,0,9,0,0,0,0
LGA54830,0,0,8,4,32,0,52,47,6,120,90,487,25,778,30,9,172,101,536,34,882,5,0,33,17,73,0,133,23,4,115,96,804,37,1078,11,3,44,37,158,8,259,27,4,85,70,211,10,403,16,0,54,59,147,20,290,27,4,98,128,243,26,532,0,0,25,6,27,3,69,18,3,46,18,20,3,110,3,0,11,14,43,0,79,72,15,202,81,113,9,494,7,0,36,23,89,9,167,45,17,128,111,253,23,573,40,27,92,25,50,10,242,37,21,158,73,114,12,414,8,0,15,12,44,6,85,7,3,22,39,267,5,343,29,3,60,46,256,49,437,457,124,1517,1052,3985,290,7413,5,0,15,4,14,0,46,10,4,62,33,66,5,180,15,8,74,49,101,11,254,0,0,13,3,16,4,40,11,11,49,39,98,3,215,3,0,14,22,34,4,89,30,12,108,100,298,23,563,19,0,71,59
LGA54900,0,0,12,14,55,12,100,0,0,0,0,0,0,0,0,0,0,0,0,0,3,0,0,0,0,0,0,0,0,0,0,0,14,0,16,0,0,3,0,9,0,14,0,0,0,0,5,0,11,0,0,0,0,0,0,3,0,0,0,0,9,0,9,0,0,0,0,0,0,0,0,0,0,0,0,0,0,0,0,0,0,0,0,0,0,0,0,0,0,0,0,0,0,0,0,0,0,0,0,0,4,0,7,0,9,0,0,4,0,0,0,4,0,0,4,0,0,0,3,0,0,0,0,0,0,0,0,0,0,0,8,0,8,0,0,0,3,3,0,4,3,0,26,22,125,14,197,0,0,20,10,11,3,58,0,0,0,0,0,0,0,0,0,0,0,0,0,0,0,0,0,0,0,0,0,0,0,0,0,0,0,0,0,0,4,0,0,0,7,0,0,4,6,3,0,9,0,0,3,7
LGA54970,0,0,0,0,4,0,4,5,4,27,29,88,4,159,0,0,0,0,0,0,4,0,0,0,0,0,0,0,0,0,0,0,6,0,7,0,0,0,0,0,0,0,0,0,0,0,0,0,0,0,0,3,0,7,0,13,0,0,0,0,7,0,7,0,0,0,0,0,0,0,0,0,0,0,0,0,0,0,0,0,0,0,0,0,0,0,0,0,0,0,3,0,0,0,0,0,0,0,0,0,4,3,5,0,7,0,0,0,0,3,0,4,0,0,5,0,0,0,4,0,0,0,0,0,0,0,0,0,0,0,4,0,6,0,0,0,0,3,4,3,5,4,35,33,123,12,215,0,0,0,0,0,0,0,0,0,7,9,14,0,34,0,0,0,0,0,0,0,0,0,0,0,0,0,0,0,0,0,0,0,0,0,0,0,0,0,0,0,0,0,0,0,0,0,0,0,0,0,0,0
LGA55040,0,0,0,0,3,0,6,6,0,14,19,90,6,133,0,0,4,0,12,0,17,0,0,0,0,4,0,4,0,0,0,5,14,0,13,0,0,0,0,0,0,0,0,0,0,0,3,0,3,0,0,0,0,5,0,10,0,0,0,5,5,0,9,0,0,0,0,0,0,0,0,0,0,0,0,0,0,0,0,0,0,0,0,0,0,0,0,0,0,0,0,0,0,0,0,13,4,13,0,0,3,4,7,0,12,0,0,4,0,0,0,3,0,0,4,0,0,0,4,0,0,0,0,0,0,0,0,0,0,0,11,0,11,0,0,0,0,0,3,4,7,0,34,36,171,11,258,0,0,0,0,4,0,4,0,0,5,4,8,0,18,0,0,4,6,10,0,19,0,0,0,0,0,0,0,0,0,0,6,0,0,3,0,0,0,0,0,0,0,0,0,0,0,0,0,7,0,0,0,5
LGA55110,0,3,14,14,62,4,98,40,21,183,305,1624,73,2248,55,10,140,156,1020,36,1414,3,3,17,38,173,8,245,13,8,87,212,1560,64,1948,14,0,22,29,154,8,222,25,3,76,92,403,23,621,13,3,61,71,289,27,462,17,0,58,84,310,20,492,9,4,9,6,31,0,56,6,6,27,47,31,0,114,3,5,23,42,79,3,153,53,17,170,126,164,18,535,9,0,40,41,180,11,285,48,28,125,163,280,25,670,76,57,242,54,109,10,546,73,19,205,90,163,17,558,4,0,17,23,43,11,100,6,0,31,45,370,12,469,17,8,58,67,363,69,583,470,206,1592,1706,7400,433,11821,3,0,12,6,22,9,47,24,10,71,94,186,19,406,6,12,93,77,170,20,385,3,0,16,6,27,3,60,6,14,44,68,140,17,286,8,0,20,27,26,7,83,22,3,148,206,612,75,1058,13,10,99,109
LGA55180,7,6,34,32,179,13,278,0,0,4,3,53,4,64,0,0,9,10,56,5,83,0,0,0,0,8,0,12,0,0,5,4,140,7,158,0,0,3,3,19,3,26,0,0,7,4,47,0,58,0,0,7,12,39,4,67,0,0,4,8,47,0,53,0,0,0,0,0,0,4,0,0,0,0,0,0,0,0,0,0,0,3,3,10,5,0,13,9,11,0,33,0,0,6,5,15,0,29,5,7,14,35,53,0,108,0,0,31,3,3,0,49,3,0,20,3,23,0,47,0,0,0,3,5,0,14,0,0,4,0,58,3,67,0,0,3,0,28,13,51,31,25,171,140,785,58,1209,4,0,54,27,66,12,161,0,0,0,0,6,0,8,0,0,0,4,10,0,19,0,0,0,3,0,0,4,0,0,3,4,11,0,18,0,0,0,0,11,0,16,0,3,15,12,60,16,104,5,6,20,22
LGA55250,0,0,0,0,8,0,7,11,0,9,3,62,6,85,0,0,0,0,0,0,0,0,0,0,0,0,0,0,0,0,0,0,7,0,10,0,0,0,0,0,0,0,0,0,6,4,4,0,9,0,0,3,3,12,0,22,0,0,0,0,3,0,3,0,0,0,0,0,0,0,0,0,0,0,0,0,0,0,0,0,0,0,0,0,0,0,0,0,0,0,5,0,0,0,0,0,0,0,0,0,0,5,5,0,11,0,0,4,0,7,0,14,0,0,0,0,4,0,4,0,0,0,0,0,0,0,0,0,0,0,4,0,3,0,0,0,0,0,0,5,10,0,22,25,108,8,175,0,0,0,0,0,0,5,0,0,0,0,0,0,5,0,0,0,0,0,0,0,0,0,0,0,0,0,0,0,0,0,0,0,0,0,0,0,0,0,0,0,0,0,0,4,0,0,0,11,0,0,6,6
LGA55320,18,4,32,11,25,3,97,407,97,811,195,526,33,2073,152,33,373,158,538,24,1269,39,20,118,54,79,4,311,135,32,558,311,1288,66,2389,75,17,204,84,205,20,600,81,17,383,141,326,35,984,45,8,224,127,210,36,647,91,31,306,182,285,36,937,25,10,95,38,31,5,198,109,49,308,138,63,18,690,52,8,170,93,101,8,433,593,137,1607,290,210,46,2871,53,20,126,57,141,13,418,190,119,493,217,238,31,1290,442,178,577,93,123,15,1432,411,110,821,127,164,42,1676,29,9,117,43,77,15,288,46,16,135,56,299,10,563,119,23,348,116,298,96,997,3114,933,7818,2529,5235,545,20176,3,0,34,9,13,0,69,129,44,340,62,69,9,652,68,20,221,83,97,14,508,36,20,73,21,12,0,165,42,21,212,95,99,16,480,32,9,110,42,63,8,264,81,31,494,224,319,52,1202,48,14,281,126
LGA55390,0,0,0,0,0,0,0,0,0,13,10,52,0,82,0,0,0,0,0,0,0,0,0,0,0,0,0,0,0,0,4,0,7,0,11,0,0,0,0,0,0,0,0,0,0,0,0,0,0,0,0,0,0,0,0,5,0,0,0,0,0,0,0,0,0,0,0,0,0,0,0,0,0,0,0,0,0,0,0,0,0,0,0,0,0,0,0,0,0,0,0,0,0,0,0,3,0,4,0,0,0,0,3,0,3,0,0,0,0,0,0,0,0,0,0,0,0,0,0,0,0,0,0,0,0,0,0,0,0,0,4,0,4,0,0,0,0,0,0,0,4,0,18,16,87,4,129,0,0,0,0,0,0,0,0,0,6,0,4,0,7,0,0,0,0,0,0,0,0,0,0,0,0,0,0,0,0,0,0,0,0,0,0,0,0,0,0,0,0,0,0,0,0,0,0,0,0,0,0,0
LGA55460,3,0,10,5,41,0,58,0,0,3,0,17,0,20,0,0,0,0,20,0,24,0,0,4,0,28,0,36,3,0,0,0,31,4,44,0,0,3,0,23,0,29,0,0,0,4,8,0,14,0,0,5,0,5,0,10,0,0,0,5,32,3,40,0,0,0,0,7,0,7,0,0,0,0,0,0,3,0,0,0,0,0,0,0,0,0,0,0,3,0,6,0,0,0,0,13,0,14,6,0,5,8,11,0,35,0,6,17,0,3,0,21,5,0,12,0,4,4,22,0,0,0,0,0,0,0,3,0,0,0,30,0,30,0,0,0,0,5,0,14,27,7,57,39,281,18,424,3,0,10,4,11,3,39,0,0,0,0,0,0,0,0,0,0,0,0,4,4,0,0,0,0,4,0,4,0,0,0,0,0,0,0,0,0,0,4,9,0,13,0,0,4,0,21,6,25,0,0,0,3
LGA55530,0,0,8,0,16,0,20,0,0,0,0,0,0,0,0,0,0,0,4,0,4,0,0,0,0,0,0,0,0,0,0,0,0,0,0,0,0,0,0,3,0,0,0,0,0,0,0,0,0,0,0,0,0,0,0,0,0,0,0,0,3,0,3,0,0,0,0,0,0,0,0,0,0,0,0,0,0,0,0,0,0,0,0,0,0,0,0,0,0,0,0,0,0,0,0,0,0,0,4,0,3,0,0,0,4,0,0,0,0,0,0,0,0,0,0,0,0,0,0,0,0,0,0,0,0,0,0,0,0,0,0,0,0,0,0,0,0,0,0,0,4,0,10,3,29,0,44,0,3,11,6,5,0,20,0,0,0,0,0,0,0,0,0,0,0,0,0,0,0,0,0,0,0,0,0,0,0,0,0,0,0,0,0,0,0,0,0,0,0,0,0,0,0,0,0,5,0,0,0,0
LGA55600,0,0,26,14,55,4,101,0,0,0,0,13,0,13,0,0,0,0,4,0,4,0,0,0,0,7,0,10,0,0,0,0,30,0,29,0,0,0,4,15,0,24,0,0,0,0,11,3,11,0,0,0,0,0,0,0,0,0,0,0,8,0,10,0,0,0,0,0,0,0,0,0,0,0,0,0,0,0,0,0,0,0,0,0,0,0,0,0,4,0,7,0,0,0,0,7,0,7,0,0,0,3,9,0,13,0,3,4,0,7,0,17,0,0,4,0,0,0,10,0,0,0,0,0,0,0,0,0,5,0,20,0,27,0,0,0,0,0,0,4,6,3,43,27,189,14,283,4,0,21,8,14,0,44,0,0,0,0,0,0,0,0,0,0,0,0,0,5,0,0,0,0,0,0,4,0,0,0,0,0,0,3,0,0,0,3,4,0,7,0,0,0,4,11,4,17,0,0,0,0
LGA55670,0,0,7,4,15,0,29,0,0,0,0,0,0,0,0,0,0,0,0,0,0,0,0,0,0,0,0,0,0,0,0,0,3,0,3,0,0,0,0,3,0,3,0,0,0,0,0,0,7,0,0,0,0,0,0,0,0,0,0,0,0,0,0,0,0,0,0,0,0,0,0,0,0,0,0,0,0,0,0,0,0,0,0,0,0,0,0,0,0,0,0,0,0,4,0,0,0,4,0,0,0,0,8,0,5,0,3,0,0,8,0,10,0,0,0,0,0,0,0,0,0,0,0,0,0,0,0,0,0,0,0,0,0,0,0,0,0,3,0,3,0,3,8,9,40,4,69,0,0,0,6,0,0,15,0,0,0,0,0,0,0,0,0,0,0,0,0,0,0,0,0,0,0,0,0,0,0,0,0,0,0,0,0,0,0,0,3,0,3,0,0,0,0,6,0,4,0,0,0,0
LGA55740,4,0,9,3,4,0,30,60,6,105,8,23,5,207,15,4,25,10,19,0,78,6,0,13,0,3,0,26,18,4,38,19,55,5,143,7,3,25,8,7,3,47,11,6,35,22,22,3,97,4,4,22,20,14,0,64,9,3,28,6,12,0,64,0,0,11,0,3,0,18,17,8,45,16,7,3,85,7,3,32,11,8,5,66,110,21,157,16,10,6,320,0,0,19,0,8,0,29,17,12,47,4,17,0,98,38,12,34,3,5,3,101,67,7,113,13,4,5,210,4,0,13,3,6,0,24,0,0,17,6,15,0,45,28,3,42,9,14,7,95,416,92,840,193,258,44,1842,0,0,3,0,0,0,6,22,7,35,0,6,0,69,9,0,19,8,5,0,35,3,3,8,0,0,0,13,11,0,14,8,0,5,40,0,0,15,0,0,0,24,13,0,56,10,22,0,98,0,0,36,13
LGA55810,0,0,0,0,3,0,3,0,0,3,3,19,0,27,0,0,0,0,0,0,0,0,0,0,0,0,0,0,0,0,0,0,5,0,10,0,0,0,0,0,0,0,0,0,0,0,6,0,6,0,0,0,0,0,0,0,0,0,0,0,3,0,3,0,0,0,0,0,0,0,0,0,0,0,0,0,0,0,0,0,0,0,0,0,0,0,0,0,0,0,0,0,0,0,0,0,0,0,0,0,0,0,4,0,11,0,0,0,0,0,0,0,0,0,3,0,0,0,5,0,0,0,0,0,0,0,0,0,0,0,0,0,0,0,0,0,0,0,0,0,0,0,12,5,39,3,64,0,0,0,0,0,0,3,0,0,0,0,0,0,4,0,0,0,0,0,0,0,0,0,0,0,0,0,0,0,0,0,0,0,0,0,0,0,0,0,0,0,0,0,0,0,0,0,0,4,0,0,5,0
LGA55880,0,0,7,8,24,5,35,0,0,0,0,0,0,0,0,0,0,0,0,0,0,0,0,0,0,0,0,0,0,0,0,0,3,0,7,0,0,0,0,6,0,6,0,0,0,0,0,0,0,0,0,0,0,0,0,0,0,0,0,0,0,0,0,0,0,0,0,0,0,0,0,0,0,0,0,0,0,0,0,0,0,0,0,0,0,0,0,0,0,0,0,0,0,0,0,0,0,0,0,0,0,0,3,0,6,0,0,0,0,0,0,0,0,0,0,0,0,0,0,0,0,0,0,0,0,0,0,0,0,0,0,0,0,0,0,0,0,0,0,0,6,0,7,5,38,3,55,0,0,3,0,6,0,14,0,0,0,0,0,0,0,0,0,0,0,0,0,0,0,0,0,0,0,0,0,0,0,0,0,0,0,0,0,0,0,0,0,0,0,0,0,0,0,4,0,7,0,0,0,0
LGA55950,0,0,4,0,21,0,29,0,0,0,0,4,0,9,0,0,0,0,0,0,0,0,0,0,0,0,0,0,0,0,0,0,6,0,7,0,0,0,0,8,0,8,0,0,0,0,0,0,5,0,0,0,0,0,0,0,0,0,0,0,0,0,4,0,0,0,0,0,0,0,0,0,0,0,0,0,0,0,0,0,0,0,0,0,0,0,0,0,0,0,0,0,0,0,0,0,0,0,0,0,0,0,3,0,7,0,0,4,0,0,0,5,0,0,0,0,0,0,0,0,0,0,0,0,0,0,0,0,0,0,8,0,11,0,0,0,0,0,0,0,4,4,10,8,53,6,79,0,0,0,0,4,0,9,0,0,0,0,0,0,3,0,0,0,0,0,0,0,0,0,0,0,0,0,0,0,0,0,0,0,0,0,0,0,0,0,0,0,0,0,0,0,0,0,0,4,0,0,0,0
LGA56090,5,4,14,5,34,4,63,52,31,190,120,584,22,1000,14,9,51,55,346,6,488,6,0,23,11,54,0,92,10,7,52,122,711,24,927,7,0,34,33,185,9,261,5,0,43,44,167,8,264,3,0,15,16,89,9,128,8,8,47,77,231,13,379,6,0,13,10,26,0,57,14,9,39,31,19,0,107,5,4,13,19,45,4,84,75,25,230,83,106,19,540,5,0,27,18,96,3,150,40,51,103,119,210,14,542,78,62,151,34,59,3,389,31,23,107,36,76,7,273,4,0,19,10,43,5,82,13,0,26,33,267,3,339,13,3,50,46,190,35,340,389,220,1247,934,3531,192,6503,4,0,8,8,17,0,42,23,18,64,43,72,10,226,15,8,40,36,59,13,153,9,3,6,8,14,3,45,3,0,22,47,74,6,153,3,0,24,27,56,4,118,6,6,92,72,201,18,405,4,6,29,38
LGA56160,0,0,0,0,0,0,5,0,0,0,0,0,0,0,0,0,0,0,0,0,0,0,0,0,0,0,0,0,0,0,0,0,0,0,0,0,0,0,0,0,0,0,0,0,0,0,0,0,0,0,0,0,0,0,0,4,0,0,0,0,0,0,0,0,0,0,0,0,0,0,0,0,0,0,0,0,0,0,0,0,0,0,0,0,0,0,0,0,0,0,0,0,0,0,0,0,0,0,0,0,0,0,3,0,4,0,0,0,0,0,0,0,0,0,0,0,0,0,0,0,0,0,0,0,0,0,0,0,0,0,0,0,0,0,0,0,0,0,0,0,0,0,3,5,8,0,14,0,0,0,0,0,0,6,0,0,0,0,0,0,0,0,0,0,0,0,0,0,0,0,0,0,0,0,0,0,0,0,0,0,0,0,0,0,0,0,0,0,0,0,0,0,0,0,0,0,0,0,0,0
LGA56230,0,0,18,11,44,9,83,4,3,26,53,404,12,504,15,0,10,40,297,15,374,0,0,4,6,37,4,47,0,0,13,19,289,11,331,0,0,0,5,30,0,33,0,0,7,9,69,0,85,0,0,6,9,38,0,56,0,0,4,7,55,7,67,0,0,4,3,10,0,12,0,0,4,3,3,0,10,0,0,4,4,16,5,25,10,3,15,18,34,3,83,0,0,3,7,44,0,52,0,0,12,27,75,3,122,8,8,30,8,19,0,67,7,0,13,19,32,0,67,0,0,5,4,17,0,25,4,0,3,3,92,5,114,0,0,4,12,66,17,103,46,24,180,266,1658,91,2271,0,0,17,8,18,8,51,3,0,12,19,56,5,105,4,7,20,23,54,5,104,0,0,0,0,7,0,7,0,0,4,14,40,0,67,0,0,3,5,13,0,19,0,0,19,29,126,14,190,0,5,16,22
LGA56300,0,0,9,5,20,3,35,0,0,6,3,11,0,19,0,0,5,5,13,3,27,0,0,0,0,0,0,0,0,0,5,4,15,5,22,0,0,0,0,0,0,0,0,0,0,0,0,0,4,0,0,0,0,5,0,13,0,0,0,0,0,0,5,0,0,0,0,0,0,0,0,0,0,0,0,0,0,0,0,0,0,0,0,0,0,0,0,0,0,0,5,0,0,0,0,0,0,0,0,0,5,3,8,0,18,4,4,0,0,0,0,6,0,0,3,4,0,0,11,0,0,0,0,0,0,0,0,0,0,0,3,0,9,0,0,0,0,4,0,4,4,4,33,34,103,12,187,0,5,6,6,6,0,24,0,0,0,0,0,0,3,0,0,0,0,4,0,5,0,0,0,0,0,0,3,0,0,0,0,4,0,4,0,0,0,0,0,0,0,0,0,0,0,8,0,8,0,0,5,9
LGA56370,0,0,4,0,25,0,33,0,0,0,0,0,0,5,0,0,0,0,5,0,5,0,0,0,0,0,0,0,0,0,0,0,10,0,10,0,0,0,0,0,0,0,0,0,0,0,0,0,0,0,0,0,3,0,0,6,0,0,0,0,0,0,0,0,0,0,0,0,0,0,0,0,0,0,0,0,0,0,0,0,0,0,0,0,0,0,0,0,0,0,0,0,0,0,0,0,0,0,0,0,0,0,5,0,4,0,0,4,0,0,0,4,0,0,0,0,0,0,0,0,0,0,0,0,0,0,0,0,0,0,4,0,6,0,0,0,0,4,0,5,0,0,9,4,47,10,75,0,0,6,6,3,0,29,0,0,0,0,0,0,0,0,0,0,0,0,0,0,0,0,0,0,0,0,0,0,0,0,0,0,0,4,0,0,4,0,0,0,4,0,0,0,0,0,0,0,0,0,0,0
LGA56460,4,0,31,12,66,12,116,0,0,4,0,21,0,25,0,0,0,3,24,8,42,0,0,0,0,20,0,20,0,0,4,8,58,4,73,0,0,0,6,22,0,27,0,0,3,3,15,4,27,0,0,3,0,7,4,9,0,0,0,6,21,0,27,0,0,0,3,0,0,7,0,0,6,3,3,0,13,0,0,0,0,6,0,11,0,0,10,4,0,0,10,0,0,0,0,5,0,8,3,3,9,17,26,0,52,9,3,17,3,15,0,43,4,0,28,3,19,6,57,0,0,0,0,0,0,0,0,0,4,5,37,0,43,0,0,0,0,11,8,22,19,16,126,70,377,38,643,0,3,13,7,15,3,40,0,0,0,0,0,0,0,0,0,0,0,9,0,13,0,0,0,0,0,0,0,0,0,0,4,3,0,6,0,0,8,0,6,0,16,0,0,5,9,23,4,43,0,0,6,4
LGA56580,10,3,8,8,3,0,35,184,30,277,24,31,8,553,32,6,72,15,23,4,148,16,6,23,4,6,0,56,43,9,124,42,86,5,305,15,0,36,10,16,0,75,19,0,92,11,22,4,147,10,3,60,14,35,4,125,13,6,43,6,9,4,81,7,9,21,7,4,0,47,39,24,148,24,3,5,251,18,7,81,26,21,5,166,248,53,543,57,27,12,942,13,7,33,9,5,0,67,61,6,87,41,63,4,267,157,15,100,8,10,0,303,315,42,414,26,10,20,825,7,0,27,5,6,3,53,17,0,20,5,23,3,70,67,0,96,13,19,15,212,1287,227,2315,364,427,97,4717,0,0,8,8,0,0,17,58,15,103,12,4,0,194,11,3,30,12,6,5,63,9,4,23,0,0,0,46,14,5,40,7,3,6,66,12,3,27,10,5,3,57,18,10,98,27,25,3,185,12,0,52,20
LGA56620,0,0,0,0,0,0,0,0,0,0,0,0,0,3,0,0,0,0,0,0,0,0,0,0,0,0,0,0,0,0,0,0,0,0,0,0,0,0,0,0,0,0,0,0,0,0,9,0,5,0,0,0,0,0,0,0,0,0,0,0,0,0,0,0,0,0,0,0,0,0,0,0,0,0,0,0,0,0,0,0,0,0,0,0,0,0,0,0,0,0,0,0,0,0,0,0,0,0,0,0,4,3,7,0,15,0,0,6,0,0,0,14,0,0,7,0,0,0,7,0,0,0,0,0,0,0,0,0,0,0,0,0,0,0,0,0,0,0,0,0,0,0,22,0,17,0,50,0,0,0,0,0,0,0,0,0,0,0,0,0,0,0,0,0,0,0,0,0,0,0,0,0,0,0,0,0,0,0,0,0,0,0,0,0,0,0,0,0,0,0,0,0,0,3,0,3,0,0,0,0
LGA56730,7,0,12,5,40,14,77,0,0,3,11,99,4,122,0,0,9,0,85,0,96,0,0,0,0,46,0,56,5,0,0,11,161,8,185,0,0,6,5,33,0,51,0,0,5,4,41,7,59,0,0,4,8,26,0,38,0,4,4,5,76,0,88,0,0,0,0,8,0,8,0,0,3,0,0,0,8,0,0,0,3,7,0,12,6,3,22,4,14,0,52,0,0,0,0,14,0,20,10,6,18,24,77,13,139,8,12,30,8,14,0,66,10,3,25,14,23,0,79,0,0,4,0,6,0,5,0,0,0,4,72,0,83,5,0,3,0,42,9,54,50,34,152,129,885,55,1300,0,0,15,4,5,0,29,0,0,4,4,9,3,19,0,0,7,10,10,3,33,0,0,5,5,0,0,17,0,0,0,8,16,0,33,0,0,7,5,11,0,16,0,4,9,14,82,7,112,0,0,9,6
LGA56790,4,0,15,4,59,7,86,0,0,5,0,31,4,43,0,0,0,3,0,0,8,0,0,0,0,0,0,0,0,0,0,5,47,4,61,0,0,0,0,7,0,6,0,0,0,0,6,0,8,0,0,7,4,28,0,42,0,0,0,3,14,0,20,0,0,0,0,0,0,0,0,0,0,0,0,0,0,0,0,0,0,0,0,0,0,0,0,0,0,0,0,0,0,3,0,8,0,10,0,0,4,6,8,0,19,0,3,6,6,3,0,15,0,0,3,0,7,0,15,0,0,0,0,3,0,3,0,0,0,0,7,0,10,0,0,0,0,19,3,23,4,5,52,37,247,28,375,0,5,15,8,11,5,40,0,0,0,0,5,0,5,0,0,0,0,0,0,0,0,0,0,0,0,0,0,0,0,0,0,4,0,3,0,0,0,3,0,0,4,0,0,4,5,10,8,18,0,0,7,11
LGA56860,0,0,0,0,6,0,10,0,0,0,0,0,0,4,0,0,0,0,0,0,0,0,0,0,0,0,0,0,0,0,0,0,0,0,0,0,0,0,0,0,0,0,0,0,0,0,0,0,0,0,0,0,0,0,0,0,0,0,0,0,0,0,0,0,0,0,0,0,0,0,0,0,0,0,0,0,0,0,0,0,0,0,0,0,0,0,0,0,0,0,0,0,0,0,0,0,0,0,0,0,0,0,7,0,3,0,0,0,0,0,0,0,0,0,0,0,0,0,0,0,0,0,0,0,0,0,0,0,0,0,0,0,0,0,0,0,0,0,0,0,0,0,0,3,13,3,25,0,0,0,0,0,0,4,0,0,0,0,0,0,0,0,0,0,0,0,0,0,0,0,0,0,0,0,0,0,0,0,0,0,0,0,0,0,0,0,0,0,0,0,0,0,0,0,0,0,0,0,0,0
LGA56930,4,0,3,0,0,0,5,5,0,17,0,4,0,27,0,0,0,3,0,0,7,0,0,5,0,0,0,3,9,0,8,4,4,0,16,0,0,8,0,0,0,8,5,0,9,0,3,0,18,0,0,4,0,4,0,9,0,0,0,0,0,0,0,0,0,0,0,0,0,0,6,0,22,5,0,5,35,0,0,4,0,0,5,13,9,0,42,9,0,0,62,0,0,0,6,0,0,5,4,0,3,0,0,0,11,4,0,9,0,0,0,8,25,0,21,0,0,3,52,0,0,0,0,0,0,0,0,0,3,0,0,0,10,6,0,7,3,5,0,14,65,6,169,35,24,15,312,0,0,0,0,0,0,0,5,0,0,4,0,0,9,0,0,0,0,0,0,10,0,0,0,0,0,0,4,5,0,5,0,0,0,4,0,0,0,0,0,0,5,0,0,9,3,0,0,12,0,0,4,0
LGA57000,0,0,3,4,11,0,27,9,0,11,4,23,0,41,0,0,0,0,0,0,0,0,0,0,0,0,0,0,0,0,0,0,7,0,7,0,0,0,0,0,0,0,0,0,0,0,0,0,0,0,0,0,0,4,0,3,0,0,0,0,3,0,3,0,0,0,0,0,0,0,0,0,0,0,0,0,0,0,0,0,0,0,0,0,0,0,0,0,0,0,0,0,0,0,0,5,0,4,0,0,0,0,0,0,0,0,0,0,0,0,0,0,0,0,0,0,0,0,0,0,0,0,0,0,0,0,0,0,0,0,0,0,0,0,0,0,0,0,0,0,9,0,16,10,56,4,92,0,0,0,7,0,0,13,0,0,0,4,0,0,8,0,0,0,0,0,0,0,0,0,0,0,0,0,0,0,0,0,0,0,0,0,0,0,0,0,0,0,0,0,0,0,0,0,0,0,0,0,0,0
LGA57080,3,0,8,4,4,3,26,257,26,410,84,197,18,988,41,5,86,29,58,4,229,27,3,42,5,17,3,97,57,0,166,62,189,20,495,22,3,64,16,37,5,146,59,10,135,34,73,9,321,60,5,262,179,152,22,686,48,12,106,56,57,9,283,13,0,44,13,13,5,87,50,13,132,39,20,4,255,13,3,50,17,26,0,113,397,56,720,90,65,28,1347,32,11,89,33,31,10,205,72,28,146,52,59,9,372,211,29,149,25,27,4,452,182,32,316,37,39,21,623,15,3,53,26,19,3,118,26,3,44,26,64,5,168,82,6,132,37,44,33,336,1675,251,3167,869,1197,199,7351,4,0,8,3,0,0,19,92,18,188,35,33,4,369,18,5,48,31,18,7,123,12,0,24,3,6,0,49,23,6,69,17,18,7,136,9,3,25,10,9,4,64,46,15,163,53,75,18,369,63,12,344,194
LGA57140,0,0,0,4,27,3,32,0,0,0,0,9,0,6,0,0,0,0,4,0,3,0,0,0,0,0,0,0,0,0,0,0,6,0,6,0,0,0,3,0,0,11,0,0,0,0,0,0,0,0,0,0,0,0,0,0,0,0,0,0,5,0,5,0,0,0,0,0,0,0,0,0,0,0,0,0,0,0,0,0,0,0,0,0,0,0,4,0,0,0,6,0,0,0,0,0,0,0,0,0,0,4,6,0,8,0,0,3,0,0,0,6,0,0,0,0,0,0,4,0,0,0,0,0,0,0,0,0,0,0,9,0,7,0,0,0,0,5,0,7,0,0,11,10,73,9,104,0,0,4,10,12,0,23,0,0,0,0,0,0,0,0,0,0,0,0,0,0,0,0,0,0,0,0,0,0,0,0,0,0,0,0,0,0,0,0,4,0,4,0,0,0,0,6,0,9,0,0,0,0
LGA57210,3,0,33,20,117,13,182,0,0,0,8,33,4,47,0,4,14,4,42,7,64,0,0,0,0,4,0,9,0,0,5,8,48,4,67,0,0,5,0,7,0,21,0,0,3,9,26,0,33,0,0,4,4,5,0,18,0,0,3,5,26,3,36,0,0,0,0,0,0,0,0,0,0,0,0,0,0,0,0,0,0,3,0,4,3,0,10,4,5,0,24,0,0,0,0,13,0,11,3,0,10,11,39,0,53,5,0,17,0,9,0,30,6,0,10,4,6,0,29,0,0,0,0,0,0,6,0,0,0,0,23,4,33,0,0,3,3,19,8,25,27,6,115,86,427,30,690,3,3,38,21,34,6,101,0,0,0,0,0,0,0,0,0,10,6,10,3,27,0,0,0,0,0,0,0,0,0,3,4,11,0,16,0,0,0,0,8,0,14,0,0,5,9,35,5,58,0,0,4,6
LGA57280,0,0,0,0,4,0,10,19,10,65,111,909,19,1137,3,0,13,12,164,4,200,0,0,0,7,44,0,55,3,0,11,25,216,14,273,0,0,0,11,75,5,97,4,0,7,8,44,6,74,4,0,10,15,35,6,63,11,5,50,64,223,8,362,0,0,5,0,3,0,6,0,0,0,0,0,0,0,0,0,6,7,33,0,45,7,0,31,14,19,0,68,3,0,9,7,37,0,53,10,4,31,36,60,4,138,17,13,38,6,28,0,106,18,3,22,18,19,4,79,0,0,0,0,3,0,6,0,0,12,8,74,7,108,0,0,9,7,82,25,123,99,50,313,360,2072,109,2999,0,0,0,0,4,0,0,14,8,60,66,179,10,341,0,0,9,3,17,3,33,0,0,5,6,9,0,20,0,0,8,13,23,0,51,0,0,8,3,22,0,30,3,0,26,22,62,8,123,4,0,23,22
LGA57350,0,0,6,0,23,0,37,0,0,0,0,0,0,0,0,0,0,0,0,0,0,0,0,0,0,0,0,0,0,0,0,0,5,0,10,0,0,0,0,0,0,0,0,0,0,0,0,0,0,0,0,0,0,6,0,6,0,0,0,0,0,0,0,0,0,0,0,0,0,0,0,0,0,0,0,0,0,0,0,0,0,0,0,0,0,0,0,0,0,0,0,0,0,0,0,0,0,0,0,0,0,0,5,0,5,0,0,0,0,0,0,0,0,0,0,0,0,0,9,0,0,0,0,0,0,0,0,0,0,0,7,0,7,0,0,0,0,0,0,0,0,0,8,8,55,0,76,3,4,9,0,3,0,15,0,0,0,0,0,0,0,0,0,0,0,0,0,0,0,0,0,0,0,0,0,0,0,0,0,0,0,0,0,0,0,0,0,0,0,0,0,0,4,0,0,0,0,0,0,0
LGA57420,0,0,15,11,37,7,63,8,3,24,13,93,0,147,0,0,0,0,0,0,3,0,0,0,0,3,0,3,0,0,0,0,17,0,23,0,0,0,0,9,0,9,0,0,3,0,0,0,4,0,0,4,0,8,0,12,0,0,0,0,6,0,12,0,0,0,0,0,0,0,0,0,0,0,0,0,0,0,0,0,0,0,0,0,0,0,7,0,0,0,3,0,0,0,0,3,0,5,0,0,0,5,4,4,11,0,0,0,0,0,0,8,0,0,0,0,0,0,3,0,0,0,0,0,0,0,0,0,0,0,5,0,7,0,0,0,5,7,5,20,10,8,48,36,201,17,326,0,4,18,7,8,0,37,3,0,12,7,17,0,36,0,0,0,0,0,0,0,0,0,0,0,0,0,0,0,0,3,0,8,0,10,0,0,0,0,0,0,0,0,0,5,6,3,0,19,0,0,0,3
LGA57490,3,4,11,11,73,4,110,64,37,242,352,2214,73,2984,51,21,199,335,1866,64,2539,8,0,46,66,290,6,421,32,8,174,344,2938,109,3607,15,4,65,89,420,12,606,19,3,109,152,608,40,927,9,5,66,78,443,24,621,36,9,110,199,638,54,1045,3,4,34,36,71,3,148,12,3,48,73,51,6,199,9,0,27,40,118,5,196,105,38,348,267,384,36,1179,5,9,43,70,317,21,465,115,72,371,691,1288,84,2622,103,84,347,111,216,26,887,94,44,259,161,279,15,860,4,8,32,35,104,12,193,16,9,58,61,637,24,808,31,6,110,127,751,128,1153,746,370,2693,3307,13708,747,21571,4,0,12,10,46,3,81,21,14,108,120,271,18,552,24,25,127,135,307,18,637,9,4,27,21,59,0,119,10,3,87,138,275,34,535,7,5,38,49,100,6,200,25,12,236,306,992,86,1660,9,8,117,169
LGA57630,0,0,0,0,4,0,5,0,0,3,0,0,0,6,0,0,0,0,0,0,0,0,0,0,0,0,0,0,0,0,0,0,6,0,6,0,0,0,0,0,0,0,0,0,0,0,0,0,0,0,0,0,0,0,0,0,0,0,0,0,0,0,0,0,0,0,0,0,0,0,0,0,0,0,0,0,0,0,0,0,0,0,0,0,0,0,0,0,0,0,0,0,0,0,0,0,0,0,0,0,0,0,0,0,3,0,0,0,0,0,0,0,0,0,0,0,0,0,0,0,0,0,0,0,0,0,0,0,0,0,0,0,0,0,0,0,0,0,0,0,0,0,3,0,10,0,18,0,0,0,0,0,0,5,0,0,0,0,0,0,0,0,0,0,0,0,0,0,0,0,0,0,0,0,0,0,0,0,0,0,0,0,0,0,0,0,0,0,0,0,0,0,0,0,0,0,0,0,0,0
LGA57700,4,3,21,11,48,9,92,24,9,60,66,543,23,728,16,6,50,71,451,14,602,4,0,14,10,64,3,102,12,4,38,87,817,36,985,12,4,12,24,167,8,222,9,0,40,38,153,18,260,0,0,9,9,84,3,120,8,7,51,85,226,15,389,0,0,5,3,11,0,22,3,0,14,22,13,0,52,0,0,10,13,40,0,64,24,6,103,50,82,7,273,5,4,7,18,103,3,140,11,16,50,89,150,8,336,18,13,79,26,37,0,178,24,15,74,28,51,6,197,0,0,10,3,25,0,46,8,3,22,20,285,11,340,3,0,34,22,192,40,301,181,93,695,707,3546,198,5424,0,3,14,21,31,7,77,5,0,24,32,66,3,140,7,0,36,42,86,10,179,0,0,12,13,11,0,40,4,5,23,37,102,0,172,5,0,18,21,40,3,90,14,10,41,80,230,22,395,3,3,18,28
LGA57770,0,0,0,0,5,0,5,0,0,3,5,29,0,36,0,0,0,0,4,0,3,0,0,0,0,7,0,7,0,0,0,3,17,0,24,0,0,0,0,0,0,0,4,0,0,0,7,0,10,5,0,11,7,12,0,31,4,0,0,3,3,0,9,0,0,0,0,0,0,0,0,0,0,0,0,0,0,0,0,0,3,0,0,3,0,0,0,0,0,0,0,0,0,0,0,0,0,9,0,0,3,4,8,0,17,0,0,0,0,0,0,3,0,0,0,0,0,0,0,0,0,0,4,3,0,9,0,0,0,0,4,0,4,0,0,0,0,3,9,9,12,0,33,24,101,10,177,0,0,0,0,0,0,0,0,0,0,3,7,0,4,0,0,0,0,0,0,0,0,0,0,0,0,0,0,0,0,0,0,0,0,0,0,0,0,0,0,0,0,0,0,0,6,3,0,13,0,0,16,10
LGA57840,9,0,16,13,12,0,51,193,46,483,81,187,17,1009,62,14,138,55,124,4,412,31,5,56,11,18,4,130,56,21,267,123,395,20,877,23,3,85,42,57,9,225,47,12,186,56,129,10,445,31,3,123,82,119,11,368,61,6,137,82,102,13,407,18,0,51,17,25,4,115,71,28,196,74,31,8,399,19,8,87,58,38,4,221,368,94,879,133,97,34,1599,21,9,84,39,44,7,196,110,42,227,58,75,11,523,251,70,275,41,34,11,687,221,44,408,40,43,14,771,17,7,61,23,40,0,150,29,5,61,32,105,9,244,77,14,154,50,85,56,436,1729,435,3975,1093,1790,239,9268,7,5,11,0,3,0,28,80,27,193,41,52,8,401,25,3,82,25,17,3,166,13,0,28,7,5,0,64,24,15,97,39,28,3,216,17,5,41,16,17,6,106,45,14,214,70,113,15,476,17,5,175,64
LGA57910,38,8,75,35,36,8,202,668,135,1604,425,1314,87,4228,207,49,595,316,902,71,2139,128,27,239,88,177,13,676,261,66,1151,882,3543,200,6102,125,27,385,150,365,39,1088,310,46,908,408,813,83,2571,159,25,590,519,649,72,2010,270,53,746,501,615,90,2272,78,22,244,102,133,15,605,190,109,777,334,136,32,1578,50,15,309,167,173,23,744,1198,268,3279,700,473,135,6056,190,42,435,234,400,61,1359,396,202,1004,475,580,67,2716,630,352,1108,189,254,40,2570,744,188,1593,417,470,89,3511,79,35,308,154,199,27,804,98,35,320,211,882,49,1594,261,37,661,338,692,223,2212,6069,1748,16332,6650,12813,1426,45037,15,6,48,25,18,10,118,264,97,756,189,287,31,1625,105,23,316,176,179,35,828,63,12,152,45,67,0,342,89,57,491,246,306,56,1242,52,21,248,104,114,23,570,281,73,1029,567,800,112,2855,174,35,747,484
LGA57980,4,0,11,0,4,0,23,145,24,202,20,36,3,433,23,5,43,22,27,0,124,15,5,21,0,5,0,48,24,3,89,32,70,5,221,18,6,28,10,17,11,85,22,4,54,12,35,8,133,5,0,53,16,34,4,117,14,0,40,13,25,4,92,9,4,22,3,13,4,47,30,24,89,19,6,4,177,16,0,35,14,14,0,80,291,52,463,40,32,11,897,3,4,27,9,12,0,54,46,13,95,21,21,3,194,136,28,87,6,12,7,276,180,22,264,28,23,16,530,19,6,24,12,14,0,68,14,0,19,5,13,0,56,44,5,70,17,11,12,161,1067,206,1735,316,421,78,3822,5,0,6,0,0,0,17,55,28,101,15,14,0,210,10,4,24,8,9,0,64,9,3,19,3,0,0,39,8,3,44,20,13,0,88,8,3,27,4,6,0,40,28,6,104,19,39,10,205,12,0,51,24
LGA58050,12,3,48,37,115,11,224,146,45,447,360,1968,72,3031,74,24,310,300,1521,60,2294,23,7,68,63,197,14,365,80,22,335,406,2722,110,3669,53,15,157,133,705,26,1083,64,14,356,275,799,55,1562,45,9,179,204,495,43,976,128,28,383,459,986,97,2076,25,4,57,65,106,10,275,52,9,138,105,79,13,407,8,0,69,71,153,15,316,200,61,675,286,346,58,1625,19,12,109,93,330,36,597,136,80,414,391,677,50,1744,119,119,352,114,224,18,955,165,54,496,282,427,43,1477,12,5,61,43,166,11,299,36,14,113,119,1072,37,1400,70,0,212,197,811,173,1458,1460,541,4986,4023,13887,947,25836,5,3,43,34,47,5,139,39,23,166,119,268,22,647,34,16,145,129,278,34,639,10,5,28,26,68,4,140,28,26,158,148,297,31,675,15,13,108,101,203,22,457,122,30,392,390,983,109,2028,43,18,222,210
LGA58190,0,0,6,10,17,0,34,0,0,0,0,0,0,0,0,0,0,0,0,0,0,0,0,0,0,0,0,0,0,0,0,0,0,0,0,0,0,0,0,0,0,0,0,0,0,0,0,0,0,0,0,0,0,0,0,0,0,0,0,0,0,0,0,0,0,0,0,0,0,0,0,0,0,0,0,0,0,0,0,0,0,0,0,0,0,0,0,0,0,0,0,0,0,0,0,0,0,0,0,0,0,0,0,0,0,0,0,0,0,0,0,0,0,0,0,0,5,0,5,0,0,0,0,0,0,0,0,0,0,0,0,0,0,0,0,0,0,0,0,0,0,0,6,10,25,0,46,0,0,7,0,0,0,15,0,0,0,0,0,0,0,0,0,0,0,0,0,0,0,0,0,0,0,0,0,0,0,0,0,0,0,0,0,0,0,0,0,0,0,0,0,0,0,0,0,0,0,0,0,0
LGA58260,0,0,9,3,18,0,30,0,0,0,0,0,0,4,0,0,0,0,0,0,0,0,0,0,0,7,0,8,0,0,0,0,4,0,4,0,0,0,0,0,0,5,0,0,0,0,0,0,3,0,0,0,0,0,0,0,0,0,0,0,3,0,4,0,0,0,0,0,0,0,0,0,0,0,0,0,0,0,0,0,0,0,0,0,0,0,0,0,0,0,0,0,0,0,0,0,0,0,0,0,0,5,0,0,6,0,0,0,0,0,0,0,0,0,0,0,0,0,0,0,0,0,0,0,0,0,0,0,0,0,0,0,3,0,0,0,0,0,0,4,0,0,12,18,41,8,71,0,0,7,0,8,0,17,0,0,0,0,0,0,6,0,0,0,0,0,0,0,0,0,0,0,0,0,0,0,0,0,0,0,0,0,0,0,0,0,0,0,0,0,0,0,0,0,0,0,0,0,0,0
LGA58330,4,0,3,5,27,0,42,0,0,4,6,96,4,108,0,0,0,0,37,0,36,0,0,0,0,6,0,6,0,0,9,14,75,5,96,0,0,0,6,14,0,19,0,0,0,4,13,0,18,0,0,0,0,4,3,12,0,0,0,0,20,0,25,0,0,0,0,0,0,5,0,0,0,0,4,0,0,0,0,0,0,0,0,4,5,0,4,12,6,0,26,0,0,3,0,6,0,15,6,4,7,11,24,5,55,0,5,10,3,10,0,31,0,0,4,9,9,0,25,0,0,3,0,0,0,3,0,4,3,5,30,0,36,0,0,3,3,23,8,35,18,14,59,72,403,35,607,0,0,7,10,9,0,28,0,0,4,3,16,0,23,0,0,0,6,8,0,13,0,0,0,0,0,0,0,0,0,4,0,6,0,14,0,0,0,4,10,0,12,0,0,4,5,18,0,27,0,0,4,10
LGA58400,0,0,4,3,10,0,19,0,0,0,0,4,0,4,0,0,0,0,0,0,0,0,0,0,0,0,0,0,0,0,0,0,3,0,3,0,0,0,0,0,0,0,0,0,0,0,0,0,0,0,0,0,0,0,0,0,0,0,0,0,0,0,0,0,0,0,0,0,0,0,0,0,0,0,0,0,0,0,0,0,0,0,0,0,0,0,0,0,0,0,0,0,0,0,0,0,0,0,0,0,0,0,0,0,0,0,0,0,0,0,0,0,0,0,0,0,0,0,0,0,0,0,0,0,0,0,0,0,0,0,0,0,0,0,0,0,0,0,0,0,0,0,6,9,17,0,31,0,0,0,0,4,0,8,0,0,0,0,0,0,0,0,0,0,0,0,0,0,0,0,0,0,0,0,0,0,0,0,0,0,0,0,0,0,0,0,0,0,3,0,0,0,0,0,0,0,0,0,0,0
LGA58470,0,0,0,0,6,0,6,0,0,0,0,0,0,5,0,0,0,0,0,0,0,0,0,0,0,0,0,0,0,0,0,0,0,0,0,0,0,0,0,0,0,0,0,0,0,0,0,0,0,0,0,0,0,0,0,0,0,0,0,0,0,0,0,0,0,0,0,0,0,0,0,0,0,0,0,0,0,0,0,0,0,0,0,0,0,0,0,0,0,0,0,0,0,0,0,0,0,0,0,0,0,0,0,0,3,0,0,0,0,0,0,0,0,0,0,0,0,0,0,0,0,0,0,0,0,0,0,0,0,0,0,0,0,0,0,0,0,0,0,0,0,0,3,0,15,0,17,0,0,0,0,5,0,7,0,0,0,0,0,0,0,0,0,0,0,0,0,0,0,0,0,0,0,0,0,0,0,0,0,0,0,0,0,0,0,0,0,0,0,0,0,0,0,0,0,0,0,0,0,0
LGA58510,4,0,8,6,5,0,19,155,32,356,84,265,18,900,40,15,111,51,166,9,389,19,3,41,16,23,0,104,65,16,189,103,504,17,891,23,5,75,21,71,5,204,48,7,140,62,125,20,398,20,3,151,140,147,17,480,50,14,136,83,132,30,445,16,5,40,24,22,6,102,41,6,116,44,21,4,224,12,7,46,28,34,3,129,255,47,632,131,102,26,1187,34,4,97,41,48,10,232,92,49,230,80,99,11,563,170,56,198,37,46,13,519,120,36,236,69,88,27,575,19,0,71,31,48,3,173,22,8,61,23,107,5,234,58,6,129,48,99,45,387,1258,337,3050,1112,2137,264,8151,6,0,5,5,0,0,16,70,22,181,41,65,5,382,19,4,65,21,44,0,158,14,8,34,10,11,4,70,30,7,95,25,44,6,197,5,4,45,18,20,0,94,42,6,168,80,137,6,448,43,8,181,121
LGA58540,0,0,6,8,36,0,53,0,0,0,0,7,0,7,0,0,0,0,6,0,6,0,0,0,0,0,0,0,0,0,0,0,4,0,4,0,0,0,0,0,0,4,0,0,0,0,0,0,0,0,0,0,0,0,0,0,0,0,0,0,0,0,0,0,0,0,0,0,0,0,0,0,0,0,0,0,0,0,0,0,0,0,0,0,0,0,0,0,0,0,0,0,0,0,0,0,0,0,0,0,0,0,0,0,5,0,0,0,0,0,0,3,0,0,0,0,0,0,0,0,0,0,0,0,0,0,0,0,0,0,4,0,4,0,0,0,0,3,0,3,3,0,12,13,66,4,90,0,0,10,10,13,0,35,0,0,0,0,0,0,0,0,0,0,0,0,0,0,0,0,0,0,0,0,0,0,0,0,0,0,0,0,0,0,0,3,6,0,8,0,0,0,0,0,0,0,0,0,0,0
LGA58570,0,0,14,10,8,0,33,184,45,429,78,183,20,927,29,15,117,44,92,5,301,32,9,53,13,24,3,130,70,26,234,127,355,14,827,24,6,76,27,60,0,199,41,11,171,52,107,20,404,28,12,165,132,164,22,513,35,12,98,54,71,16,283,9,6,72,17,16,0,129,39,33,180,67,35,3,355,13,3,69,37,34,6,160,377,98,997,152,109,28,1765,23,6,81,39,63,4,209,112,61,253,72,91,14,603,192,85,231,37,51,7,604,207,51,389,48,69,15,789,27,8,95,47,30,3,212,26,10,65,25,106,8,235,39,13,145,47,76,40,356,1515,501,3933,1113,1736,232,9033,3,5,15,3,3,0,28,107,28,274,31,35,5,469,18,8,53,26,22,3,134,25,9,58,13,11,0,111,20,10,90,34,28,6,197,7,8,48,15,25,0,100,31,12,181,103,107,16,444,37,10,218,145
LGA58610,0,0,9,11,40,0,58,0,0,0,4,7,0,4,0,0,10,0,4,0,16,0,0,0,0,0,0,0,0,0,0,3,14,0,20,0,0,0,0,4,0,5,0,0,0,0,8,0,7,0,0,0,0,0,0,3,0,0,0,0,7,0,10,0,0,0,0,0,0,0,0,0,0,0,0,0,0,0,0,0,0,0,0,6,0,0,0,0,0,0,7,0,0,0,0,0,0,0,0,0,0,0,8,0,13,0,0,0,0,0,0,3,0,0,5,0,5,0,7,0,0,0,0,3,0,3,0,0,0,0,14,0,18,0,0,0,0,3,0,3,4,4,34,24,123,4,185,0,4,9,3,9,0,22,0,0,0,0,0,0,0,0,0,4,0,4,0,4,0,0,0,0,0,0,0,0,0,0,0,0,0,3,0,0,0,0,4,0,7,0,0,0,0,3,0,10,0,0,6,0
LGA58680,0,0,0,3,17,0,22,0,0,3,0,16,0,15,0,0,6,3,4,0,13,0,0,0,0,0,0,0,0,0,0,0,5,0,5,0,0,0,0,0,0,0,0,0,0,0,0,0,0,0,0,0,0,0,0,0,0,0,0,0,0,0,0,0,0,0,0,0,0,0,0,0,0,0,0,0,0,0,0,0,0,0,0,0,0,0,0,0,0,0,0,0,0,0,0,0,0,0,0,0,0,0,0,0,0,0,0,0,0,0,0,3,0,0,0,0,0,0,0,0,0,0,0,0,0,0,0,0,0,0,0,0,0,0,0,0,0,5,0,5,0,0,6,9,47,0,66,0,0,7,3,6,0,12,0,0,0,4,0,0,4,0,0,0,3,0,0,6,0,0,0,0,0,0,0,0,0,0,0,0,0,0,0,0,0,0,0,0,0,0,0,0,0,0,0,0,0,0,0,0
LGA58760,5,4,51,43,156,26,284,195,47,574,503,2572,120,4014,75,20,326,322,1517,75,2347,36,13,102,78,339,16,582,90,25,491,740,5307,180,6828,48,11,193,154,615,24,1039,97,38,448,310,1068,83,2049,38,8,231,244,698,60,1280,95,33,358,372,887,85,1828,29,5,100,74,171,10,392,80,33,275,228,135,21,768,17,5,70,80,142,10,324,344,98,1100,544,504,80,2669,48,17,147,170,543,35,955,163,93,587,593,848,79,2365,252,143,609,173,310,36,1522,200,73,667,367,547,64,1912,23,10,103,72,192,21,410,51,13,151,177,1317,51,1767,90,24,249,217,1047,229,1855,1984,715,6828,5458,18905,1300,35182,12,5,51,26,81,20,201,57,17,234,166,274,29,777,28,15,193,172,267,35,707,18,10,58,40,75,4,213,30,16,213,278,437,41,1019,21,11,115,92,184,26,459,124,40,580,559,1370,139,2807,58,26,319,317
LGA58820,0,0,5,3,18,3,35,0,0,6,17,100,10,131,0,0,10,3,87,4,108,0,0,0,0,11,0,13,0,0,0,6,95,9,111,0,0,0,0,7,0,7,0,0,7,3,9,0,14,0,0,0,0,6,0,8,0,0,0,5,10,0,15,0,0,0,0,0,0,0,0,0,0,3,0,0,0,0,0,0,0,4,0,4,0,0,3,0,5,0,10,0,0,0,3,9,0,14,0,0,0,9,13,0,24,4,5,6,0,5,0,15,0,0,4,0,4,0,5,0,0,0,0,0,0,0,0,0,0,0,19,0,18,0,0,6,5,12,6,25,10,4,40,59,400,38,551,4,0,0,7,13,0,24,0,0,0,0,24,0,27,0,0,13,3,18,6,32,0,0,0,0,0,0,0,0,0,9,5,7,0,24,0,0,0,0,3,0,3,0,0,3,6,21,3,39,0,0,0,0
LGA58890,0,0,16,3,35,0,58,0,0,0,0,11,0,8,0,0,0,0,5,0,5,0,0,0,0,0,0,0,0,0,0,0,3,0,3,0,0,0,0,0,0,0,0,0,0,0,4,0,4,0,0,0,0,0,0,0,0,0,0,0,0,0,0,0,0,0,0,0,0,0,0,0,0,0,0,0,0,0,0,0,0,0,0,0,0,0,0,0,0,0,7,0,0,0,0,0,0,0,0,0,0,0,0,0,3,0,0,0,0,0,0,0,0,0,0,0,0,0,0,0,0,0,0,0,0,0,0,0,0,0,4,0,4,0,0,0,0,0,0,0,0,0,17,11,64,0,100,0,4,14,10,12,3,39,0,0,0,0,0,0,0,0,0,0,0,0,0,0,0,0,0,0,0,0,0,0,0,0,0,0,0,0,0,0,0,0,0,0,4,0,0,0,0,0,0,0,0,0,0,0
LGA59030,0,0,3,0,3,0,10,0,0,0,4,5,0,10,0,0,0,0,0,0,0,0,0,0,0,0,0,0,0,0,0,0,6,0,6,0,0,0,0,0,0,0,0,0,0,0,0,0,0,0,0,0,0,0,0,0,0,0,0,0,0,0,0,0,0,0,0,0,0,0,0,0,0,0,0,0,0,0,0,0,0,0,0,0,0,0,0,0,0,0,0,0,0,0,0,0,0,0,0,0,0,0,0,0,0,0,0,0,0,0,0,0,0,0,0,0,0,0,0,0,0,0,0,0,0,0,0,0,0,0,0,0,0,0,0,0,0,0,0,0,0,0,3,8,23,0,31,0,0,6,3,3,0,12,0,0,0,0,0,0,0,0,0,0,0,0,0,0,0,0,0,0,0,0,0,0,0,0,0,0,0,0,0,0,0,0,0,0,0,0,0,0,0,4,0,4,0,0,0,0
LGA59100,0,0,9,7,20,0,37,0,0,0,0,5,0,5,0,0,0,0,0,0,4,0,0,0,0,0,0,0,0,0,0,0,0,0,0,0,0,0,0,0,0,0,0,0,0,0,0,0,3,0,0,0,0,0,0,0,0,0,0,0,0,0,0,0,0,0,0,0,0,0,0,0,0,0,0,0,0,0,0,0,0,0,0,0,0,0,0,0,0,0,0,0,0,0,0,0,0,0,0,0,0,0,5,0,5,0,0,0,0,0,0,0,0,0,0,0,0,0,0,0,0,0,0,0,0,0,0,0,0,0,0,0,0,0,0,0,0,0,0,0,0,0,12,5,39,4,61,0,0,6,12,0,0,17,0,0,0,0,0,0,0,0,0,0,0,0,0,0,0,0,0,0,0,0,0,0,0,0,0,0,0,0,0,0,0,0,6,0,5,0,0,0,0,0,0,5,0,0,0,0
LGA59170,0,0,21,20,36,4,86,0,0,0,0,8,0,8,0,0,0,0,10,3,9,0,0,0,0,0,0,0,0,0,0,0,10,0,6,0,0,0,0,0,0,4,0,0,0,0,6,5,6,0,0,0,0,7,0,8,0,0,0,0,3,0,7,0,0,0,0,0,0,0,0,0,0,0,0,0,0,0,0,0,0,0,0,0,0,0,0,0,0,0,0,0,0,0,0,0,0,0,0,0,0,0,5,0,3,0,0,3,0,0,0,5,0,0,0,0,0,0,0,0,0,0,0,0,0,0,0,0,0,0,0,0,4,0,0,0,0,0,3,6,0,0,27,21,85,17,152,3,0,11,12,10,4,38,0,0,5,4,4,0,5,0,0,0,0,0,0,0,0,0,0,0,0,0,0,0,0,0,0,0,0,0,0,0,3,0,3,0,6,0,0,0,0,0,0,3,0,0,5,6
LGA59250,0,0,0,0,4,0,7,0,0,10,5,31,3,45,0,0,0,0,0,0,0,0,0,0,0,0,0,0,0,0,0,5,4,0,7,0,0,0,0,0,0,0,0,0,0,0,3,0,3,0,0,0,0,0,0,0,0,0,0,0,0,0,0,0,0,0,0,0,0,0,0,0,0,0,0,0,0,0,0,0,0,0,0,0,0,0,0,0,0,0,0,0,0,0,0,0,0,3,0,0,0,5,3,0,8,0,0,0,0,0,0,3,0,0,0,0,0,0,5,0,0,0,0,0,0,0,0,0,0,0,0,0,0,0,0,0,0,0,3,4,4,0,15,12,57,3,89,0,0,3,0,4,0,9,0,0,0,0,0,4,6,0,0,0,0,0,0,0,0,0,0,0,0,0,0,0,0,0,0,0,0,0,0,0,0,0,0,0,0,0,0,0,0,0,0,0,0,0,3,0
LGA59310,0,3,11,8,30,0,57,0,0,0,0,8,0,9,0,0,0,0,0,0,4,0,0,0,0,3,0,3,0,0,0,0,4,0,4,0,0,3,0,22,0,25,0,0,0,0,4,0,7,0,0,0,0,4,0,4,0,0,0,0,13,0,14,0,0,0,0,0,0,3,0,0,0,0,0,0,0,0,0,0,0,0,0,3,0,0,0,0,0,0,4,0,0,0,0,3,0,0,0,0,0,0,4,4,9,0,0,3,0,0,0,0,0,0,0,0,3,0,10,0,0,0,0,0,0,0,0,0,0,0,15,0,13,0,0,0,0,6,0,6,5,5,22,14,121,8,175,0,4,5,9,5,0,16,0,3,0,0,0,0,6,0,0,0,0,0,0,0,0,0,0,0,0,0,0,0,0,0,0,0,0,0,0,0,0,0,7,0,9,0,0,0,0,0,0,3,0,0,0,0
LGA59320,0,0,6,3,11,7,35,0,0,0,0,6,0,4,0,0,0,0,6,0,3,0,0,0,0,0,0,0,0,0,0,0,4,0,4,0,0,0,0,4,0,4,0,0,0,0,0,0,4,0,0,0,0,0,0,0,0,0,0,0,6,0,6,0,0,0,0,0,0,0,0,0,0,0,0,0,0,0,0,0,0,0,0,0,0,0,0,0,0,0,0,0,0,0,0,0,0,0,0,0,0,0,0,0,0,0,0,0,0,0,0,0,0,0,0,0,0,0,0,0,0,0,0,0,0,0,0,0,0,0,0,0,0,0,0,0,0,0,0,0,0,0,12,5,33,7,55,0,0,4,8,7,0,22,0,0,0,0,0,0,0,0,0,0,0,0,0,0,0,0,0,0,0,0,0,0,0,0,0,0,0,0,0,0,0,0,3,0,3,0,0,0,0,3,0,3,0,0,0,0
LGA59330,0,0,5,0,12,0,14,0,0,0,0,0,0,0,0,0,0,0,0,0,0,0,0,0,0,0,0,0,0,0,0,0,0,0,0,0,0,0,0,0,0,0,0,0,0,0,0,0,0,0,0,0,0,0,0,0,0,0,0,0,3,0,3,0,0,0,0,0,0,0,0,0,0,0,0,0,0,0,0,0,0,0,0,0,0,0,0,0,0,0,0,0,0,0,0,0,0,0,0,0,0,0,0,3,0,0,0,0,0,0,0,4,0,0,0,0,0,0,4,0,0,0,0,0,0,0,0,0,0,0,4,0,3,0,0,0,0,5,0,5,0,0,8,0,26,3,41,0,0,5,0,9,0,11,0,0,0,0,0,0,0,0,0,0,0,0,0,0,0,0,0,0,0,0,0,0,0,0,0,0,0,0,0,0,0,0,0,0,0,0,0,0,0,0,0,4,0,0,0,0
LGA59340,8,6,29,16,61,8,117,0,0,7,3,45,3,63,0,0,0,5,12,0,18,3,0,4,0,27,0,34,0,0,0,9,96,6,115,0,0,0,0,14,0,15,4,0,7,4,37,6,55,0,0,9,9,33,4,61,0,0,19,19,37,0,81,0,0,0,0,3,0,5,6,0,0,0,0,0,6,0,0,0,4,5,0,7,11,0,7,0,3,0,28,3,0,11,6,22,0,41,7,6,24,33,52,4,122,11,11,27,6,26,0,72,10,7,38,9,31,5,87,0,0,3,0,12,0,16,3,0,4,5,47,3,57,3,0,4,0,34,17,64,57,29,200,121,593,68,1063,9,3,23,7,24,0,67,0,0,0,5,0,0,6,0,0,0,0,6,0,10,0,0,0,0,0,0,5,0,6,7,4,7,0,24,0,0,0,3,0,0,3,3,0,15,4,21,6,53,3,0,18,18
LGA59350,0,0,0,0,0,0,0,0,0,3,0,28,3,36,0,0,0,0,0,0,0,0,0,0,0,0,0,0,0,0,0,0,6,0,4,0,0,0,0,0,0,0,0,0,0,0,0,0,0,0,0,0,0,3,0,3,0,0,0,0,0,0,0,0,0,0,0,0,0,0,0,0,0,0,0,0,0,0,0,0,0,0,0,0,0,0,0,0,0,0,0,0,0,0,0,0,0,0,0,0,0,0,0,0,6,0,0,0,0,0,0,0,0,0,0,0,0,0,0,0,0,0,0,0,0,0,0,0,0,0,0,0,0,0,0,0,0,0,0,0,0,0,9,5,38,4,52,0,0,0,0,0,0,5,0,0,0,0,0,0,0,0,0,0,0,0,0,0,0,0,0,0,0,0,0,0,0,0,0,0,0,3,0,0,0,0,0,0,0,0,0,0,0,0,0,0,0,0,0,0
LGA59360,0,0,9,0,17,0,28,0,4,11,9,67,3,95,0,0,0,0,0,0,0,0,0,0,0,0,0,0,0,0,5,0,5,0,10,0,0,0,0,0,0,0,0,0,0,0,0,0,4,0,0,3,0,0,0,9,0,0,0,0,4,0,6,0,0,0,0,0,0,0,0,0,0,0,0,0,0,0,0,0,0,0,0,0,0,0,0,0,0,0,0,0,0,0,0,4,0,8,0,0,3,3,3,0,15,0,0,0,0,0,0,0,0,0,0,0,0,0,5,0,0,0,0,0,0,0,0,0,0,0,5,0,6,0,0,0,0,7,5,13,3,0,32,24,128,11,203,0,0,6,5,0,4,14,0,0,0,6,11,0,20,0,0,0,0,0,0,0,0,0,0,0,0,0,0,0,0,0,0,4,0,5,0,0,0,0,0,0,0,0,0,0,0,4,0,7,0,0,0,0
LGA59370,3,0,11,7,36,4,65,0,0,0,7,29,3,45,0,0,0,3,8,0,12,0,0,0,0,13,0,9,0,0,3,3,38,0,42,0,0,6,0,20,0,20,0,0,0,0,13,0,11,0,0,0,0,4,0,9,0,0,0,0,22,0,24,0,0,0,0,0,0,0,0,0,0,0,0,0,3,0,0,0,0,0,0,3,3,0,10,6,0,0,22,0,0,0,0,4,0,6,0,0,4,6,14,0,27,5,5,14,4,4,0,28,0,0,3,8,5,4,12,0,0,0,0,0,0,5,0,0,0,0,20,0,21,0,0,0,6,15,7,25,16,7,66,47,241,27,406,4,0,12,11,9,4,33,0,0,5,0,0,0,0,0,0,6,0,3,0,7,0,0,0,0,0,0,5,0,0,0,0,4,0,5,0,0,0,4,3,0,9,0,0,4,0,11,5,18,0,0,4,8
LGA59499,0,0,7,7,15,0,35,3,0,13,9,68,8,104,0,0,3,6,17,0,27,0,0,0,0,3,0,3,0,0,8,3,70,0,80,0,0,0,0,0,0,6,4,0,6,4,11,0,23,4,0,15,15,26,0,62,0,0,3,8,20,0,37,0,0,0,0,0,0,3,0,0,0,0,3,0,9,0,0,0,0,0,0,0,3,3,25,5,8,0,40,0,0,5,0,14,0,23,5,0,7,5,9,0,25,5,0,3,5,4,0,18,0,4,7,4,6,0,32,0,0,9,0,3,0,7,0,0,5,0,21,0,27,4,0,0,0,14,8,32,34,12,123,81,324,19,595,5,0,16,7,5,0,32,0,0,3,6,9,0,29,0,0,8,5,6,0,14,0,0,3,0,0,0,5,0,0,0,0,5,0,13,0,0,0,0,0,0,7,4,0,9,7,11,0,32,10,0,24,16
LGA59799,0,0,5,0,12,5,23,4,0,8,9,30,3,54,0,0,0,0,3,0,4,0,0,0,0,4,0,9,0,0,0,0,19,0,26,0,0,0,0,0,0,0,0,0,0,0,0,0,0,0,0,0,0,6,0,6,0,0,15,4,6,0,26,0,0,0,0,0,0,0,0,0,0,0,0,0,0,0,0,0,0,0,0,0,0,0,0,0,0,0,3,0,0,0,0,5,0,8,0,0,0,0,0,0,0,0,0,0,0,0,0,0,0,0,0,0,0,0,0,0,0,0,0,0,0,0,0,0,0,0,0,0,0,0,0,6,0,17,4,22,5,3,33,18,106,13,179,0,0,3,0,0,0,4,0,0,0,0,0,0,0,0,0,0,0,0,0,0,0,0,0,0,0,0,0,0,0,0,0,0,0,0,0,0,0,0,0,0,0,0,0,0,0,0,0,0,0,0,0,0
