LGA_CODE_2021,Aust_BP_B_OS,Aust_FO_B_OS,Aust_MO_B_OS,Aust_Both_parents_born_Aust,Aust_Birthplace_not_stated,Aust_Tot_resp,Aust_Abor_BP_B_OS,Aust_Abor_FO_B_OS,Aust_Abor_MO_B_OS,Aust_Abor_BP_B_Aus,Aust_Abor_BP_NS,Aust_Abor_Tot_resp,Chinese_BP_B_OS,Chinese_FO_B_OS,Chinese_MO_B_OS,Chinese_BP_B_Aus,Chinese_BP_NS,Chinese_Tot_resp,Croatian_BP_B_OS,Croatian_FO_B_OS,Croatian_MO_B_OS,Croatian_BP_B_Aus,Croatian_BP_NS,Croatian_Tot_resp,Dutch_BP_B_OS,Dutch_FO_B_OS,Dutch_MO_B_OS,Dutch_BP_B_Aus,Dutch_BP_NS,Dutch_Tot_resp,English_BP_B_OS,English_FO_B_OS,English_MO_B_OS,English_BP_B_Aus,English_BP_NS,English_Tot_resp,Filipino_BP_B_OS,Filipino_FO_B_OS,Filipino_MO_B_OS,Filipino_BP_B_Aus,Filipino_BP_NS,Filipino_Tot_resp,French_BP_B_OS,French_FO_B_OS,French_MO_B_OS,French_BP_B_Aus,French_BP_NS,French_Tot_resp,German_BP_B_OS,German_FO_B_OS,German_MO_B_OS,German_BP_B_Aus,German_BP_NS,German_Tot_resp,Greek_BP_B_OS,Greek_FO_B_OS,Greek_MO_B_OS,Greek_BP_B_Aus,Greek_BP_NS,Greek_Tot_resp,Hungarian_BP_B_OS,Hungarian_FO_B_OS,Hungarian_MO_B_OS,Hungarian_BP_B_Aus,Hungarian_BP_NS,Hungarian_Tot_resp,Indian_BP_B_OS,Indian_FO_B_OS,Indian_MO_B_OS,Indian_BP_B_Aus,Indian_BP_NS,Indian_Tot_resp,Irish_BP_B_OS,Irish_FO_B_OS,Irish_MO_B_OS,Irish_BP_B_Aus,Irish_BP_NS,Irish_Tot_resp,Italian_BP_B_OS,Italian_FO_B_OS,Italian_MO_B_OS,Italian_BP_B_Aus,Italian_BP_NS,Italian_Tot_resp,Korean_BP_B_OS,Korean_FO_B_OS,Korean_MO_B_OS,Korean_BP_B_Aus,Korean_BP_NS,Korean_Tot_resp,Lebanese_BP_B_OS,Lebanese_FO_B_OS,Lebanese_MO_B_OS,Lebanese_BP_B_Aus,Lebanese_BP_NS,Lebanese_Tot_resp,Macedonian_BP_B_OS,Macdonian_FO_B_OS,Macdonian_MO_B_OS,Macdonian_BP_B_Aus,Macdonian_BP_NS,Macedonian_Tot_resp,Maltese_BP_B_OS,Maltese_FO_B_OS,Maltese_MO_B_OS,Maltese_BP_B_Aus,Maltese_BP_NS,Maltese_Tot_resp,Maori_BP_B_OS,Maori_FO_B_OS,Maori_MO_B_OS,Maori_BP_B_Aus,Maori_BP_NS,Maori_Tot_resp,NZ_BP_B_OS,NZ_FO_B_OS,NZ_MO_B_OS,NZ_BP_B_Aus,NZ_BP_NS,NZ_Tot_resp,Polish_BP_B_OS,Polish_FO_B_OS,Polish_MO_B_OS,Polish_BP_B_Aus,Polish_BP_NS,Polish_Tot_resp,Russian_BP_B_OS,Russian_FO_B_OS,Russian_MO_B_OS,Russian_BP_B_Aus,Russian_BP_NS,Russian_Tot_resp,Samoan_BP_B_OS,Samoan_FO_B_OS,Samoan_MO_B_OS,Samoan_BP_B_Aus,Samoan_BP_NS,Samoan_Tot_resp,Scottish_BP_B_OS,Scottish_FO_B_OS,Scottish_MO_B_OS,Scottish_BP_B_Aus,Scottish_BP_NS,Scottish_Tot_resp,Serbian_BP_B_OS,Serbian_FO_B_OS,Serbian_MO_B_OS,Serbian_BP_B_Aus,Serbian_BP_NS,Serbian_Tot_resp,Sth_African_BP_B_OS,Sth_African_FO_B_OS,Sth_African_MO_B_OS,Sth_Afrcan_BP_B_Aus,Sth_African_BP_NS,Sth_African_Tot_resp,Spanish_BP_B_OS,Spanish_FO_B_OS,Spanish_MO_B_OS,Spanish_BP_B_Aus,Spanish_BP_NS,Spanish_Tot_resp,Sri_Lankan_BP_B_OS,Sri_Lankan_FO_B_OS,Sri_Lankan_MO_B_OS,Sri_Lankan_BP_B_Aus,Sri_Lankan_BP_NS,Sri_Lankan_Tot_resp,Vietnamese_BP_B_OS,Vietnamese_FO_B_OS,Vietnamese_MO_B_OS,Vietnamese_BP_B_Aus,Vietnamese_BP_NS,Vietnamese_Tot_resp,Welsh_BP_B_OS,Welsh_FO_B_OS,Welsh_MO_B_OS,Welsh_BP_B_Aus,Welsh_BP_NS,Welsh_Tot_resp,Other_BP_B_OS,Other_FO_B_OS,Other_MO_B_OS,Other_BP_B_Aus,Other_BP_NS,Other_Tot_resp,Ancestry_NS_BP_B_OS,Ancestry_NS_FO_B_OS,Ancestry_NS_MO_B_OS,Ancestry_NS_BP_B_Aus,Ancestry_NS_BP_NS,Ancestry_NS_Tot_resp,Tot_P_BP_B_OS,Tot_P_FO_B_OS,Tot_P_MO_B_OS,Tot_P_BP_B_Aus,Tot_P_BP_NS,Tot_P_Tot_resp
LGA50080,355,1824,1606,11454,172,15410,4,66,34,1133,24,1258,221,5,33,45,0,300,35,14,14,68,0,135,636,193,108,482,9,1428,4617,1863,1537,10034,197,18256,655,8,49,16,3,730,106,24,16,48,0,193,434,121,127,771,13,1459,25,12,3,42,0,91,43,7,8,11,0,71,159,6,8,27,4,207,715,262,215,2127,27,3349,382,157,69,741,9,1358,16,0,8,4,0,19,5,0,0,3,0,6,6,8,0,10,0,25,22,5,4,11,0,37,123,22,28,11,0,187,150,95,47,46,0,335,211,52,28,143,3,434,33,0,3,12,0,49,3,0,0,0,0,3,1037,353,313,2189,19,3913,25,4,0,16,0,45,264,34,21,15,0,328,59,3,5,21,0,92,24,6,4,0,0,32,36,0,0,3,0,43,204,37,51,116,0,408,1343,233,229,379,18,2202,88,26,18,194,2129,2452,9510,3186,2609,20911,2537,38763
LGA50210,1668,4521,3473,16886,249,26795,32,168,146,2344,82,2769,3405,77,161,87,8,3749,150,52,32,159,7,395,1461,450,267,823,17,3019,13240,4028,3241,13527,339,34367,2399,26,129,39,12,2604,285,35,29,95,4,445,892,223,170,1063,17,2362,61,37,27,89,0,212,142,13,11,32,0,196,6105,116,56,69,9,6354,2236,562,415,2905,33,6148,923,448,247,1460,12,3095,350,3,10,0,0,367,98,28,12,25,0,161,24,10,3,24,0,64,65,27,15,54,5,161,1073,120,104,51,27,1372,620,269,136,75,18,1116,334,55,38,132,0,562,122,19,14,52,0,213,175,11,3,10,0,197,2687,783,566,3042,52,7125,77,13,6,24,0,120,1044,142,60,37,0,1289,297,23,21,80,4,426,443,11,6,16,0,472,195,9,10,5,0,225,430,91,63,159,3,750,13527,877,733,906,73,16117,581,62,39,280,4402,5369,45422,7614,5784,30213,5152,94184
LGA50250,51,199,317,1833,17,2413,3,26,22,650,17,715,53,3,4,9,0,68,21,7,9,9,0,41,51,20,8,32,0,114,602,186,226,1229,35,2268,112,0,16,4,0,136,21,0,3,10,0,33,55,16,16,137,6,226,6,0,0,8,0,15,7,0,0,0,0,9,46,0,4,6,0,57,201,29,40,346,14,625,47,10,6,98,3,169,4,0,0,0,0,0,9,0,0,7,0,16,5,0,0,3,0,16,4,8,0,0,0,14,182,11,16,20,0,239,63,15,27,7,0,110,9,3,7,16,0,39,11,9,4,3,0,21,19,4,0,0,0,24,179,40,58,256,6,530,11,0,0,0,0,18,28,5,3,0,0,44,16,0,0,4,0,19,7,0,0,0,0,9,3,0,0,0,0,3,12,5,3,21,0,43,395,41,53,106,7,607,25,5,0,24,1347,1401,1731,374,480,3386,1421,7391
LGA50280,144,861,804,4188,49,6043,5,7,8,189,0,209,98,13,3,18,3,135,25,18,14,58,0,116,195,58,28,127,3,409,2388,814,781,3715,86,7785,114,0,20,9,0,144,153,6,29,30,0,215,303,48,63,299,0,718,24,12,7,27,5,71,13,6,6,7,0,31,48,8,4,10,0,75,465,167,129,1058,14,1827,287,72,34,256,5,650,32,0,0,0,0,39,4,0,0,0,0,4,7,3,5,10,0,22,13,3,5,8,0,32,64,32,13,0,0,112,136,60,34,19,0,249,56,24,10,40,0,127,27,0,0,16,0,42,3,0,0,0,0,3,526,171,131,985,18,1825,10,0,7,4,0,17,80,25,14,3,0,122,79,3,8,19,0,112,11,4,3,5,0,17,23,0,0,0,3,26,99,17,12,51,0,181,749,151,160,176,6,1242,29,12,17,81,1309,1447,4679,1481,1339,7823,1462,16791
LGA50350,181,874,687,3329,42,5114,0,26,10,337,13,395,402,26,28,13,0,471,111,45,12,92,0,257,167,57,22,106,0,351,2027,846,607,2792,34,6309,210,5,26,8,0,252,95,17,7,28,0,148,181,46,47,247,5,530,29,11,4,36,0,78,21,10,5,11,0,49,296,34,10,14,0,354,596,196,119,914,17,1835,403,138,64,412,6,1023,35,0,12,3,0,50,7,3,0,8,0,23,30,10,3,13,0,56,60,11,10,26,0,98,105,13,16,3,0,137,110,53,15,12,0,186,115,13,17,50,4,199,25,4,0,6,0,40,12,5,0,0,0,11,526,198,115,740,17,1590,74,8,10,12,0,108,56,19,16,7,0,93,36,5,4,20,0,58,25,0,5,3,0,41,145,0,5,6,0,159,70,12,11,34,0,132,1256,169,156,197,10,1791,65,10,4,33,771,889,5907,1609,1162,6372,883,15932
LGA50420,1074,2895,2326,10403,131,16826,24,90,41,866,25,1049,4579,129,210,118,21,5057,356,88,74,263,7,785,609,165,131,285,7,1200,7403,2527,1899,9087,160,21072,1052,17,90,21,6,1184,413,34,27,92,0,570,764,169,137,695,13,1772,419,122,48,272,8,869,101,27,15,30,6,173,2460,119,100,85,10,2764,2266,587,386,2924,31,6188,3034,858,399,2139,37,6462,287,0,23,7,0,320,92,16,8,14,0,123,268,42,28,99,3,442,101,18,18,53,0,187,396,74,39,17,8,538,349,140,76,30,6,603,713,69,87,212,9,1088,225,19,20,31,0,293,42,3,4,0,0,52,1868,550,457,2356,28,5261,547,44,31,37,0,657,478,62,59,19,5,617,271,26,11,51,0,360,255,29,30,23,0,334,2353,48,74,44,9,2529,312,59,42,147,0,554,9198,765,771,787,90,11607,498,30,23,125,2756,3435,35175,5633,4331,20888,3253,69283
LGA50490,701,1539,1157,6320,129,9847,14,70,40,899,27,1043,3215,40,99,64,14,3428,153,30,22,71,0,279,293,77,53,189,3,616,4109,1367,1059,5397,118,12060,1266,24,76,13,4,1385,201,26,8,31,0,267,395,84,69,496,3,1046,86,24,19,72,0,200,74,13,6,16,0,106,1611,38,28,32,0,1715,1135,306,204,1585,29,3259,816,221,97,722,11,1871,330,0,8,4,0,341,100,24,16,19,0,158,50,7,4,34,0,96,28,16,9,28,0,83,499,39,30,25,9,601,258,86,55,16,3,425,273,47,42,104,5,458,95,0,3,20,0,119,89,6,9,9,0,113,1053,257,232,1304,14,2860,65,6,4,11,0,79,228,26,16,10,0,279,183,6,12,14,0,220,196,22,7,7,0,225,466,5,25,13,0,509,129,24,20,73,0,249,7917,359,361,397,59,9097,369,10,19,93,2707,3193,22050,2758,2154,12237,3059,42257
LGA50560,12,55,62,529,18,665,0,0,0,42,4,47,0,0,0,4,0,3,0,0,0,0,0,0,16,0,0,13,0,34,220,52,48,434,13,769,20,0,3,0,0,19,0,0,5,3,0,11,18,0,5,35,0,54,4,0,0,0,0,3,4,0,0,0,0,3,10,0,0,0,0,10,31,10,6,91,4,140,11,3,0,17,0,26,0,0,0,0,0,0,0,0,0,0,0,0,0,0,0,0,0,0,8,0,0,0,0,8,0,0,0,0,0,7,20,3,0,0,0,20,6,0,0,0,0,5,0,0,0,0,0,0,0,0,0,0,0,0,30,15,12,109,0,173,0,0,0,0,0,0,8,0,0,0,0,8,3,0,0,3,0,5,0,0,0,0,0,0,4,0,0,0,4,7,7,0,0,8,0,14,43,6,8,13,0,70,4,0,0,6,184,189,378,93,85,919,220,1694
LGA50630,7,64,67,516,8,670,0,0,0,50,0,55,6,0,0,0,0,6,0,0,0,4,0,6,10,5,7,4,0,25,187,60,68,486,10,813,10,0,3,0,0,14,8,0,0,5,0,14,17,9,10,35,0,69,0,0,0,0,0,0,0,0,0,0,0,0,10,0,0,0,0,8,36,10,3,97,4,146,5,3,0,30,0,37,0,0,0,0,0,0,0,0,0,0,0,0,0,0,0,0,0,4,0,0,0,0,0,0,14,3,6,0,0,25,12,3,0,0,0,20,4,0,0,3,0,8,0,0,0,0,0,0,0,0,0,0,0,0,44,13,15,102,3,187,0,0,0,0,0,0,6,0,0,0,0,13,4,0,0,0,0,6,0,0,0,0,0,0,0,0,0,0,0,0,4,0,0,4,0,5,63,11,13,22,0,112,7,0,5,10,138,157,347,121,117,964,161,1705
LGA50770,13,61,57,618,7,758,0,0,0,24,0,27,0,0,0,0,0,0,0,0,4,5,0,7,13,7,4,4,0,30,196,66,71,536,18,881,3,0,0,0,0,3,0,0,0,0,0,4,24,5,3,43,4,77,0,0,0,0,0,3,4,0,0,0,0,6,3,0,0,0,0,9,26,6,3,88,4,123,3,9,8,36,0,62,0,0,0,0,0,0,0,0,0,0,0,0,0,0,0,0,0,0,0,0,0,0,0,4,6,5,5,0,3,16,15,9,0,0,0,27,3,0,0,0,0,5,4,0,0,0,0,4,0,0,0,0,0,0,35,8,17,104,0,161,0,0,0,0,0,0,3,0,0,0,0,5,4,0,0,4,0,3,0,0,0,0,0,0,0,0,0,0,0,0,3,5,0,8,0,15,25,10,5,20,0,54,4,3,0,17,187,205,318,118,101,1079,211,1834
LGA50840,45,241,207,1475,21,1986,0,10,0,72,4,83,6,0,5,0,0,11,11,3,0,8,0,25,78,24,14,37,3,148,906,274,178,1255,31,2646,28,0,6,0,0,36,15,4,0,11,0,33,61,9,11,86,0,168,3,3,0,6,0,15,8,0,3,3,0,9,13,4,0,0,0,18,151,48,36,330,8,576,64,37,6,106,4,210,0,0,0,0,0,0,0,0,0,0,0,3,12,0,0,14,0,25,6,0,4,10,0,17,22,3,0,0,0,29,33,16,7,0,0,57,17,3,0,14,0,32,4,0,0,0,0,4,0,0,0,0,0,0,175,51,35,308,3,573,11,0,0,0,0,7,19,3,0,0,0,26,5,0,0,8,0,13,0,0,0,0,0,0,5,0,0,0,0,5,22,9,5,15,0,47,114,30,33,38,4,218,5,4,4,17,346,372,1417,460,331,2617,405,5238
LGA50910,11,28,29,358,6,432,0,3,0,70,0,71,0,0,3,0,0,5,0,4,0,0,0,0,4,5,0,0,0,14,59,25,26,254,5,371,3,0,0,0,0,3,0,0,0,3,0,3,7,0,3,20,0,32,0,0,0,0,0,0,0,0,0,0,0,0,5,0,0,0,0,5,11,4,3,59,0,72,6,0,0,12,0,24,0,0,0,0,0,0,0,0,0,0,0,0,0,0,0,0,0,0,0,0,0,0,0,0,0,0,0,0,0,0,0,4,3,0,0,6,0,0,0,0,0,0,0,0,0,0,0,0,0,0,0,0,0,0,13,7,11,40,0,69,0,0,0,0,0,0,0,0,0,0,0,0,3,0,0,0,0,3,0,0,0,0,0,0,0,0,0,0,0,0,0,0,0,3,0,3,16,12,0,3,0,41,0,0,0,3,87,94,118,47,42,620,102,929
LGA50980,123,483,455,3802,41,4903,4,192,40,4135,112,4474,152,29,12,100,5,298,24,6,4,20,0,64,97,47,28,78,5,257,1079,413,340,2814,58,4700,244,11,19,20,0,286,82,3,7,20,0,114,167,39,22,220,7,458,14,4,6,23,0,42,19,5,0,3,0,28,85,9,0,10,0,108,244,99,63,903,3,1307,177,48,26,227,6,479,15,0,0,0,0,12,4,0,0,3,0,7,7,0,0,7,0,16,7,9,3,13,0,32,67,17,10,4,5,95,72,29,15,10,3,125,19,10,6,26,0,59,10,4,3,6,0,26,7,0,3,0,0,9,285,93,91,752,4,1224,4,0,0,0,0,12,66,11,11,3,0,94,65,0,10,15,4,93,14,3,5,8,0,26,22,0,0,0,0,22,43,14,13,26,0,95,661,155,98,471,24,1419,60,5,4,102,2218,2400,3061,1002,730,9731,2444,16959
LGA51080,3,32,17,362,11,429,0,3,0,103,5,109,0,0,0,4,0,4,0,0,0,0,0,0,7,0,0,0,0,11,69,25,26,269,4,391,6,0,0,0,0,4,4,0,0,3,0,9,9,5,3,35,0,43,0,0,0,0,0,5,0,0,0,0,0,0,0,0,0,0,0,0,10,9,7,63,0,87,9,4,3,26,0,39,0,0,0,0,0,0,0,0,0,0,0,0,0,0,0,0,0,0,0,0,0,0,0,0,0,0,0,0,0,0,4,0,5,0,0,5,4,0,0,0,0,6,0,0,0,0,0,0,0,0,0,0,0,0,18,3,7,58,0,90,0,0,0,0,0,0,3,0,0,0,0,3,0,0,0,0,0,0,0,0,0,0,0,0,0,0,0,0,0,0,3,3,0,6,0,9,19,3,0,9,0,34,0,0,0,14,108,124,138,47,38,694,119,1046
LGA51120,0,29,34,299,0,362,0,0,0,34,0,36,4,0,0,0,0,0,0,3,0,4,0,8,8,5,0,3,0,21,52,26,34,316,0,429,8,0,0,0,0,15,0,0,0,0,0,0,7,7,8,31,0,44,0,0,0,0,0,0,0,0,0,0,0,6,0,0,0,7,0,6,9,0,0,41,0,53,13,3,0,27,0,34,0,0,0,0,0,0,0,0,0,0,0,0,0,0,0,0,0,0,0,4,0,0,0,6,6,0,3,0,0,9,5,0,0,0,0,4,4,0,0,0,0,3,0,0,0,0,0,0,0,0,0,0,0,0,13,5,0,74,0,99,0,0,0,0,0,0,4,0,0,0,0,4,0,0,0,0,0,0,0,0,0,0,0,0,0,0,0,0,0,0,0,0,0,9,0,8,23,4,3,13,0,40,3,0,0,9,144,157,119,49,54,618,144,979
LGA51190,263,1481,1044,8808,112,11706,10,71,28,1119,22,1239,387,14,25,29,0,466,39,21,11,51,0,131,269,99,66,162,5,589,3249,1501,1100,8407,146,14404,483,0,36,12,6,536,73,14,4,69,0,163,269,82,66,578,5,1003,55,28,9,87,6,186,28,7,0,13,0,47,261,6,10,4,0,289,771,233,200,2047,16,3272,649,259,97,1105,12,2116,60,0,5,0,0,64,34,8,4,3,0,46,8,7,0,14,0,33,18,5,6,6,0,33,294,49,49,19,4,419,159,103,44,33,0,337,172,37,43,98,5,348,64,3,6,4,0,82,27,4,8,0,0,39,814,301,236,1928,22,3290,18,3,0,3,0,28,175,22,19,7,0,222,70,6,9,38,0,122,25,0,4,3,0,37,63,5,11,0,3,81,141,32,29,114,0,312,1437,182,168,336,32,2155,63,23,18,141,2379,2618,8257,2697,1941,17400,2686,32987
LGA51260,330,2025,1725,11772,175,16034,3,55,32,701,13,797,195,16,28,40,0,276,48,16,16,81,4,164,411,115,89,268,4,897,5379,2023,1565,10669,189,19828,151,10,40,11,0,219,181,23,24,77,0,309,471,132,107,748,14,1467,43,27,11,79,0,162,32,16,5,27,0,81,128,17,23,34,0,196,1026,378,242,2680,28,4357,374,177,91,905,22,1568,52,0,9,0,0,61,10,4,3,5,0,16,6,5,9,21,0,45,23,12,3,28,0,70,118,40,27,23,4,216,239,151,80,36,9,507,119,31,37,58,5,252,49,9,11,26,0,92,4,0,0,0,0,4,1119,419,318,2437,15,4309,23,4,0,7,0,30,266,52,44,16,0,370,66,14,7,76,0,160,34,12,5,8,0,48,64,8,3,8,0,77,192,48,24,109,0,370,1404,286,306,372,23,2387,77,32,27,219,2153,2509,9757,3536,2795,21986,2564,40640
LGA51310,267,1620,1273,6024,38,9212,8,6,4,100,0,113,1545,83,117,73,5,1824,119,49,41,227,0,437,363,101,48,147,0,663,3551,1376,1064,5287,61,11336,102,4,32,0,3,144,178,18,29,52,0,270,422,81,73,413,0,1001,201,85,49,243,0,578,53,13,11,16,0,93,645,51,54,38,0,785,1249,364,214,1935,16,3779,709,248,127,704,12,1802,77,4,7,5,0,99,29,3,6,9,0,50,61,14,20,58,0,151,19,5,3,14,0,37,38,8,7,3,0,54,140,59,64,29,0,297,197,37,35,58,0,327,97,11,12,13,0,132,4,0,0,0,0,3,907,347,207,1595,14,3064,53,8,12,18,0,83,318,43,43,6,0,407,112,3,9,37,0,160,86,7,10,13,0,112,102,9,15,10,0,133,155,30,26,79,0,291,2364,303,324,347,9,3353,52,11,5,41,787,902,11147,2853,2190,11759,927,28876
LGA51330,1341,2906,2415,11109,186,17950,32,87,65,1008,24,1207,16855,192,428,185,100,17759,178,48,37,172,3,429,726,202,153,387,7,1481,9063,2631,1986,9747,184,23601,1763,34,95,29,6,1927,292,26,28,88,0,432,726,132,116,746,21,1744,136,41,22,115,0,318,96,9,8,20,0,133,7628,112,68,59,25,7891,1860,485,340,2508,35,5238,1437,372,186,1157,21,3175,1436,12,32,3,0,1482,132,29,13,31,0,203,31,5,3,35,0,76,64,15,3,23,0,110,431,39,35,18,4,527,375,144,82,27,0,640,391,66,40,110,4,612,202,14,23,18,3,263,123,14,0,0,0,143,1930,569,426,2343,36,5303,76,9,10,10,0,103,616,57,63,15,3,754,284,16,18,33,3,358,778,7,8,11,0,813,764,34,41,4,3,849,292,79,48,144,0,569,19876,762,831,698,121,22292,733,38,26,129,3364,4294,61116,5276,4372,21076,4019,95860
LGA51400,178,815,672,5441,52,7164,0,36,27,426,11,509,88,5,6,18,0,115,16,8,9,33,0,65,266,66,56,134,0,526,2295,810,676,4514,62,8351,326,3,17,11,6,359,62,10,12,36,0,117,215,38,31,343,7,627,16,8,0,31,0,49,5,3,0,8,0,15,174,8,0,18,0,197,404,124,84,1007,8,1621,142,91,42,491,7,771,14,0,0,0,0,13,28,0,3,0,0,37,7,0,0,8,0,20,11,9,8,9,0,31,155,25,14,8,5,212,113,49,38,17,0,216,66,16,12,39,0,129,48,5,8,7,0,66,9,0,0,0,0,9,520,131,155,985,17,1807,10,0,5,4,0,11,404,22,16,5,0,451,32,6,0,22,0,63,4,0,0,0,0,5,23,0,4,3,0,28,66,25,15,37,0,144,824,110,109,171,6,1220,68,8,7,82,775,938,5077,1388,1157,9632,913,18175
LGA51470,3,17,10,190,0,219,0,0,0,18,3,17,0,0,0,0,0,4,4,0,0,0,0,0,6,0,0,0,0,4,39,20,20,122,4,204,0,0,0,0,0,0,0,0,0,0,0,0,6,0,0,23,0,27,0,0,0,0,0,0,0,0,0,0,0,0,4,0,0,0,0,4,7,6,5,33,0,48,5,0,0,4,0,6,0,0,0,0,0,0,0,0,0,0,0,0,0,0,0,0,0,0,0,0,0,0,0,0,0,0,0,0,0,0,3,5,0,0,0,8,5,0,0,0,0,3,0,0,0,0,0,0,0,0,0,0,0,0,9,0,7,51,0,66,0,0,0,0,0,0,3,3,0,0,0,11,0,0,0,0,0,0,0,0,0,0,0,0,0,0,0,0,0,0,0,0,0,0,0,0,14,0,0,5,0,19,3,0,0,0,81,82,92,32,25,314,85,552
LGA51540,64,159,146,1237,35,1652,0,24,8,742,12,792,55,3,8,8,3,74,73,13,0,33,0,122,33,10,13,24,0,81,350,115,128,791,33,1420,54,0,8,0,0,63,23,0,4,3,0,32,45,6,15,56,0,118,4,0,0,4,0,13,3,0,0,0,0,8,19,0,0,3,0,23,65,22,23,222,6,331,73,14,12,99,3,205,12,0,0,0,0,13,0,0,0,0,0,0,0,0,0,0,0,4,0,0,0,0,0,0,21,3,0,4,0,23,21,3,0,3,0,33,7,0,0,7,0,12,0,0,0,5,0,4,3,0,0,0,0,0,69,29,20,200,0,315,3,0,0,0,0,3,12,3,6,0,0,21,8,0,0,3,0,19,0,0,0,0,0,0,123,0,9,0,0,139,15,4,0,4,0,25,349,23,41,51,3,472,31,0,6,20,857,913,1284,273,257,2502,937,5251
LGA51610,7,48,41,556,0,650,0,4,0,66,0,75,3,0,0,3,0,6,0,0,0,3,0,7,5,0,3,8,0,24,144,53,33,415,7,646,0,0,0,0,0,4,0,0,0,0,0,5,22,3,13,38,0,73,0,0,0,0,0,0,0,0,0,0,0,0,0,0,0,0,0,3,36,3,0,96,0,135,8,8,0,28,0,43,0,0,0,0,0,0,0,0,0,0,0,0,0,0,0,0,0,0,0,0,0,5,0,4,0,0,0,0,0,12,8,0,0,0,0,8,0,0,4,0,0,4,3,0,0,0,0,3,4,0,0,0,0,4,28,3,7,94,0,134,0,0,0,0,0,0,3,0,0,0,0,13,0,0,0,0,0,0,0,0,0,0,0,0,0,0,0,0,0,0,8,5,0,0,0,9,35,4,3,13,0,57,0,0,0,10,200,208,249,75,54,964,209,1556
LGA51680,78,278,256,1767,42,2426,0,5,8,146,0,159,37,0,5,6,0,46,15,6,7,17,0,37,71,28,14,26,0,144,1050,272,278,1208,50,2856,18,0,4,0,0,29,8,0,0,3,0,17,55,14,11,108,0,185,9,5,0,10,0,18,0,0,0,0,0,4,33,0,0,0,0,35,142,33,30,303,13,529,40,20,18,79,6,162,0,0,0,0,0,0,0,0,0,4,0,4,3,0,0,0,0,7,6,4,0,4,0,15,19,4,5,0,0,25,43,12,5,0,0,66,17,5,10,9,0,34,8,0,3,0,0,10,3,0,0,0,0,3,211,63,45,272,7,597,6,0,0,0,0,10,53,0,0,0,0,60,3,5,0,6,0,8,3,0,0,0,0,3,3,0,0,0,0,6,25,0,4,11,0,46,179,36,40,28,9,289,7,0,0,19,410,441,1707,448,424,2840,515,5930
LGA51710,16,44,40,188,0,288,0,0,0,7,0,8,331,13,10,15,0,376,0,0,0,3,0,5,8,3,4,9,0,14,67,15,27,102,3,212,23,0,4,0,0,27,0,0,0,0,0,4,6,0,3,16,0,28,0,0,0,0,0,0,0,0,0,0,0,5,19,0,0,0,0,24,13,3,5,32,0,56,4,4,0,8,0,9,6,0,0,0,0,6,0,0,0,0,0,0,0,0,0,0,0,0,0,0,0,0,0,0,3,5,0,0,0,7,3,0,5,6,0,9,4,0,0,3,0,6,0,0,3,0,0,3,0,0,0,0,0,0,11,3,5,32,0,47,0,0,0,0,0,0,6,0,0,0,0,11,0,0,0,0,0,4,0,0,0,0,0,0,7,0,0,0,0,7,0,0,0,4,0,4,238,61,61,52,4,409,8,0,0,0,442,453,695,104,119,323,446,1692
LGA51750,88,535,493,2272,31,3416,0,17,6,66,0,81,630,22,33,31,5,719,35,11,5,45,0,102,130,27,30,52,0,239,1628,539,416,2362,29,4980,22,0,10,3,0,39,79,9,15,26,0,126,168,36,24,191,0,419,33,15,0,47,0,94,10,3,4,4,0,23,143,6,17,3,0,176,401,119,71,812,8,1403,142,60,27,182,0,413,21,0,4,3,0,20,3,0,0,10,0,15,10,5,4,10,0,25,3,7,0,3,0,15,12,0,0,0,0,15,51,12,19,13,0,94,72,11,12,20,0,119,25,10,0,0,0,37,0,0,0,0,0,0,426,165,75,761,9,1426,27,7,0,4,0,39,132,9,20,4,0,162,38,0,6,7,0,48,29,3,0,0,0,38,26,0,3,0,0,27,70,4,9,30,0,110,821,95,142,116,5,1185,13,4,0,32,519,571,4111,990,821,4776,589,11284
LGA51820,1610,5360,4553,22102,240,33865,21,139,105,1882,35,2180,5870,125,225,142,29,6388,1933,430,183,957,31,3533,1006,278,231,606,14,2133,14546,4682,3917,17551,298,40986,3066,20,177,37,6,3301,609,68,72,117,8,864,1333,307,237,1328,23,3223,142,75,39,174,3,433,142,28,23,42,0,237,3098,131,85,90,6,3406,3474,791,697,4493,35,9489,4139,1359,693,4137,68,10389,507,5,20,8,0,541,123,19,13,28,0,187,78,21,8,65,4,178,140,32,23,101,0,296,1037,178,68,49,8,1337,764,306,188,97,3,1365,628,108,98,224,3,1054,301,13,29,36,0,385,136,13,10,0,0,165,3886,1070,788,4371,44,10155,930,47,38,56,5,1073,1415,160,146,58,4,1776,608,51,37,128,0,829,252,26,11,18,0,300,365,18,42,8,4,430,557,115,85,219,3,971,12569,1286,1354,1539,116,16864,595,65,38,283,4550,5525,53612,9969,8011,41168,5328,118091
LGA51860,0,12,7,126,0,147,0,0,0,0,0,0,3,0,0,10,0,13,0,0,0,0,0,0,0,0,0,0,0,0,14,6,0,30,3,60,0,0,4,0,0,4,0,0,0,0,0,0,0,0,0,3,0,3,0,0,0,0,0,0,0,0,0,0,0,0,0,0,0,0,0,0,4,6,0,6,0,12,0,0,0,0,0,0,0,0,0,0,0,0,0,0,0,0,0,0,0,0,0,0,0,0,0,3,0,0,0,4,0,0,0,0,0,0,0,0,0,0,0,6,0,0,0,0,0,0,0,0,0,0,0,0,0,0,0,0,0,0,0,0,3,17,0,23,0,0,0,0,0,0,0,0,0,0,0,0,3,0,0,0,0,3,0,0,0,0,0,0,0,0,0,0,0,0,0,0,0,0,0,0,18,33,20,254,0,325,0,6,0,10,89,103,41,54,25,388,90,593
LGA51890,62,363,286,3028,45,3780,0,16,9,333,12,367,26,4,0,9,0,34,6,4,0,4,0,16,57,20,9,37,0,128,694,377,289,2575,61,3996,49,0,6,0,0,58,12,0,0,16,0,29,79,36,11,190,4,320,4,0,0,5,0,8,4,0,0,0,0,7,17,8,5,10,0,33,110,60,40,464,6,681,99,66,8,300,4,479,6,0,0,0,0,6,0,0,0,0,0,0,0,0,0,0,0,0,0,0,0,6,0,4,80,19,13,3,0,109,38,18,15,16,0,83,75,10,6,55,0,146,4,4,0,3,0,12,0,0,0,0,0,0,139,86,61,573,5,861,0,0,0,0,0,4,40,0,7,4,0,51,6,0,0,8,0,13,0,0,0,0,0,0,4,0,0,0,0,9,45,15,11,50,0,120,156,40,18,51,0,265,11,4,6,68,651,741,1397,676,456,5523,755,8812
LGA51960,27,110,105,888,30,1156,4,17,6,273,11,308,8,0,3,0,0,9,0,3,0,0,0,10,12,4,5,11,0,31,293,75,83,564,33,1052,48,0,10,0,6,61,7,3,0,0,0,7,20,6,13,87,0,127,5,4,0,0,0,5,5,0,0,6,0,4,5,3,0,0,0,13,58,19,8,135,4,222,11,4,3,31,0,51,6,0,0,0,0,6,0,0,0,0,0,5,4,0,0,0,0,9,0,0,0,6,0,5,144,15,16,4,0,184,43,9,8,0,0,64,14,0,0,3,0,19,7,0,0,0,0,10,7,0,0,0,0,7,82,20,25,141,0,271,4,0,0,0,0,4,16,0,0,0,0,13,8,0,0,0,0,8,4,0,0,0,0,4,0,0,0,0,0,0,12,3,3,10,0,22,100,10,10,38,5,168,13,0,0,23,755,792,712,185,169,1582,833,3478
LGA52030,8,34,33,346,4,432,5,0,3,30,0,31,5,0,0,5,0,8,0,0,0,0,0,0,11,0,0,6,0,16,78,42,34,319,9,473,0,0,0,0,0,0,0,0,0,3,0,4,8,4,4,22,0,32,0,0,0,0,0,0,0,0,0,0,0,0,0,0,0,0,0,0,15,8,7,57,0,79,7,0,0,23,0,28,0,0,0,0,0,0,0,0,0,0,0,0,0,0,0,0,0,0,0,0,0,0,0,0,4,0,4,4,0,7,8,0,0,0,0,8,4,0,0,0,0,4,0,0,0,0,0,0,0,0,0,0,0,0,15,13,9,69,0,100,0,0,0,0,0,0,0,0,0,0,0,0,0,0,0,0,0,0,0,0,0,0,0,0,0,0,0,0,0,3,3,0,0,0,0,3,18,0,0,8,0,34,0,0,0,5,127,131,142,67,55,653,137,1055
LGA52100,6,33,28,421,11,507,0,0,0,25,0,25,4,0,0,0,0,4,0,0,0,0,0,5,11,5,5,7,0,18,70,43,20,309,8,448,3,0,0,0,0,8,0,0,0,4,0,6,6,0,0,17,0,26,0,0,0,0,0,0,0,0,0,0,0,3,4,0,0,0,0,4,12,6,4,52,0,73,8,0,0,13,0,21,0,0,0,0,0,0,0,0,0,0,0,0,0,0,0,0,0,0,0,0,0,0,0,0,13,0,0,0,0,15,5,0,5,0,0,10,5,4,0,11,0,15,0,0,0,0,0,0,0,0,0,0,0,0,23,3,4,67,0,97,0,0,0,0,0,0,8,0,0,0,0,4,6,0,0,0,0,3,0,0,0,0,0,0,0,0,0,0,0,0,5,4,0,7,0,15,13,8,4,4,0,24,0,0,0,9,51,61,136,58,37,696,71,1007
LGA52170,70,408,343,1789,19,2634,0,8,0,30,0,32,101,12,16,9,0,138,21,14,14,41,0,92,64,29,15,42,0,149,1041,460,323,2034,16,3880,4,0,0,0,0,4,69,12,6,30,0,112,87,33,16,133,5,277,28,14,8,57,0,111,13,0,0,4,0,22,56,9,7,5,0,76,328,85,45,644,10,1111,137,65,28,191,4,418,5,5,5,0,0,12,9,0,5,9,0,15,9,0,0,3,0,13,8,4,0,0,0,14,6,0,6,0,0,16,38,8,9,3,0,57,51,12,3,15,0,80,9,0,0,5,0,15,0,0,0,0,0,0,296,108,91,619,3,1119,8,0,3,0,0,19,68,12,12,4,0,98,23,0,0,4,0,37,13,11,0,0,0,23,9,0,0,0,0,9,57,7,5,23,0,99,352,83,98,96,7,629,13,12,7,19,329,371,2216,823,622,3933,369,7970
LGA52240,12,46,48,339,12,455,0,0,0,18,3,20,4,0,0,0,0,0,0,0,0,0,0,0,9,6,0,0,0,17,135,40,42,308,0,526,13,0,0,0,0,13,3,0,0,0,0,4,6,3,0,17,0,31,0,0,0,0,0,0,0,0,0,0,0,0,0,0,0,0,0,5,15,3,9,43,0,69,9,0,0,16,0,32,0,0,0,0,0,0,0,0,0,0,0,0,0,0,0,0,0,0,0,0,0,0,0,0,6,0,0,0,0,16,3,0,0,0,0,4,5,0,0,0,0,3,0,0,0,0,0,0,0,0,0,0,0,0,20,4,7,54,0,89,0,0,0,0,0,0,3,0,0,0,0,3,0,0,0,3,0,4,0,0,0,0,0,0,6,0,0,0,0,6,6,3,3,0,0,18,21,0,11,14,0,40,0,0,0,9,104,116,226,67,75,607,123,1100
LGA52310,3,29,22,299,5,360,0,0,0,10,0,10,5,0,0,0,0,5,0,0,0,0,0,3,10,0,0,0,0,12,94,49,31,278,4,454,9,0,0,0,0,5,3,0,0,0,0,3,13,0,0,26,0,39,0,0,0,0,0,0,0,0,0,0,0,0,0,0,0,0,0,0,20,12,0,64,0,94,3,0,0,6,0,15,0,0,0,0,0,0,0,0,0,0,0,0,0,0,0,0,0,0,0,0,0,0,0,0,0,0,0,0,0,4,0,0,0,0,0,0,0,0,0,4,0,3,0,0,0,0,0,0,0,0,0,0,0,0,24,4,11,70,0,111,4,0,0,0,0,4,7,0,0,0,0,8,0,0,0,0,0,0,0,0,0,0,0,0,0,0,0,0,0,0,5,0,0,0,0,6,9,4,3,12,0,23,0,0,0,12,68,83,147,64,47,565,77,902
LGA52380,0,7,5,45,0,59,0,0,0,9,0,11,0,0,0,0,0,7,0,0,0,0,0,0,0,0,0,0,0,7,34,3,5,40,9,89,0,0,0,0,0,0,5,0,0,0,0,5,0,0,0,0,0,4,0,0,0,0,0,0,0,0,0,0,0,0,0,0,0,0,0,0,0,0,0,8,0,12,0,0,0,4,0,10,0,0,0,0,0,0,0,0,0,0,0,0,0,0,0,0,0,3,0,0,0,0,0,0,0,0,0,0,0,5,0,0,0,0,0,0,0,0,0,5,0,5,0,0,0,0,0,0,0,0,0,0,0,0,11,0,0,5,0,20,0,0,0,0,0,0,0,0,0,0,0,0,0,0,0,0,0,0,0,0,0,0,0,0,0,0,0,0,0,0,0,0,0,0,0,0,5,0,0,3,0,12,0,0,0,9,31,37,64,10,13,93,34,215
LGA52450,10,37,69,525,10,647,0,0,0,34,0,30,7,0,0,0,0,7,0,0,0,4,0,5,10,0,6,8,0,25,98,36,49,330,3,521,56,0,0,0,0,56,0,0,0,0,0,0,0,0,3,27,0,34,0,0,0,0,0,0,0,0,0,0,0,0,5,0,6,0,0,10,11,9,6,67,0,89,6,0,0,18,0,23,0,0,0,0,0,0,0,0,0,0,0,0,0,0,0,0,0,0,0,0,0,0,0,0,0,0,0,0,0,0,10,3,8,0,0,17,4,0,0,0,0,6,0,0,0,0,0,0,0,0,0,0,0,0,9,8,5,71,0,96,0,0,0,0,0,0,11,0,0,0,0,8,0,0,0,0,0,5,0,0,0,0,0,0,0,0,0,0,0,0,0,0,0,4,0,8,20,4,3,8,0,32,0,0,0,8,95,108,229,58,84,829,104,1302
LGA52520,11,43,58,386,0,495,0,8,5,68,0,80,0,0,0,10,0,9,0,5,0,0,0,4,7,4,0,0,0,10,87,45,49,351,0,533,92,0,0,0,0,99,6,0,0,0,0,6,13,6,0,33,0,49,0,0,0,4,0,4,0,0,0,0,0,0,0,0,0,0,0,0,16,0,5,50,0,76,3,3,0,12,0,15,0,0,0,0,0,0,0,0,0,0,0,0,0,0,0,0,0,0,0,0,0,0,0,0,3,0,4,0,0,6,9,3,6,0,0,20,0,0,0,3,0,4,0,0,0,0,0,0,0,0,0,0,0,0,22,9,9,83,0,130,0,0,0,0,0,0,7,0,0,0,0,8,8,0,0,0,0,5,0,0,0,0,0,0,0,0,0,0,0,0,0,0,3,12,0,16,32,0,3,9,0,47,14,0,0,3,205,222,270,82,88,739,204,1379
LGA52590,17,146,91,1165,18,1438,0,8,3,85,0,94,8,0,0,5,0,15,4,0,0,10,0,17,26,8,6,16,0,53,289,142,88,873,16,1412,13,0,3,0,0,12,13,0,0,10,0,17,20,8,3,67,0,108,0,0,0,6,0,10,0,0,0,0,0,4,8,0,0,0,0,10,60,21,12,189,3,281,13,11,0,46,0,76,3,0,0,0,0,3,0,0,0,0,0,0,0,0,0,0,0,3,3,0,0,0,0,5,13,0,0,0,0,24,19,5,5,3,0,33,11,0,5,5,0,14,0,0,0,0,0,0,0,0,0,0,0,0,96,28,19,211,0,353,0,0,0,0,0,0,15,0,0,0,0,15,6,0,0,0,0,3,0,0,0,0,0,0,4,0,0,0,0,4,6,0,0,3,0,14,103,22,15,28,3,163,6,8,0,17,312,342,623,248,160,1983,349,3355
LGA52660,121,650,474,4755,30,6033,0,30,8,380,7,429,93,0,11,8,0,115,11,6,4,24,0,41,173,44,33,86,0,337,1494,668,507,4007,46,6727,126,3,29,6,0,161,24,12,8,28,0,62,128,55,32,265,0,476,10,3,7,32,0,54,3,3,0,9,0,14,102,10,3,5,0,121,243,93,70,826,7,1244,150,90,50,602,4,895,27,0,0,0,0,29,5,3,3,0,0,11,3,0,0,9,0,14,0,4,0,5,0,11,178,30,11,9,0,233,68,42,14,17,0,142,54,19,10,43,0,131,17,4,4,6,0,32,3,0,0,0,0,3,335,142,101,748,10,1328,8,3,0,3,0,12,142,13,14,10,0,167,18,0,8,20,0,48,8,5,0,0,0,5,23,0,0,0,0,26,41,10,0,42,0,94,552,84,47,172,6,868,31,8,6,81,761,881,3305,1176,851,8501,846,14686
LGA52730,54,301,226,1626,30,2240,0,6,4,58,0,71,18,0,0,8,0,38,19,8,3,29,0,60,104,20,16,25,0,162,1057,329,238,1391,30,3038,19,0,0,0,0,18,30,3,3,4,0,44,120,18,33,115,3,300,5,6,0,6,0,15,8,0,0,0,0,10,16,6,0,0,0,26,181,63,46,407,9,710,53,35,11,74,0,171,0,0,0,0,0,0,0,0,0,4,0,4,4,0,0,0,0,9,9,4,0,0,0,10,17,3,6,0,0,19,35,14,9,4,6,58,29,7,0,18,0,51,7,0,0,0,0,9,0,0,0,0,0,3,222,73,53,377,10,738,6,0,0,0,0,6,53,4,7,0,0,60,5,0,0,7,0,8,3,0,0,0,0,0,20,0,0,0,0,20,41,0,4,17,0,63,236,58,55,82,11,431,0,0,5,19,535,565,1813,549,394,2924,620,6310
LGA52800,11,76,61,756,11,913,3,67,8,3866,54,4003,20,3,3,6,0,38,3,0,0,0,0,9,10,0,9,13,0,32,174,66,49,520,11,820,44,3,0,7,0,52,10,0,0,10,0,15,15,3,3,37,0,63,0,0,0,3,0,9,0,0,0,0,0,0,33,0,0,3,0,35,45,21,15,194,6,273,12,8,6,37,0,68,3,0,0,0,0,3,0,0,0,0,0,0,0,0,0,0,0,0,0,0,0,10,0,5,43,7,3,0,0,60,22,4,8,0,0,33,4,0,0,3,0,10,0,0,0,4,0,6,4,0,0,0,0,4,59,20,9,162,0,250,0,0,0,4,0,6,11,0,0,0,0,12,8,0,0,0,0,8,0,0,0,0,0,0,0,0,0,3,0,3,9,0,5,4,0,12,166,19,17,89,6,301,7,4,0,41,1239,1287,583,178,108,4880,1326,7075
LGA52870,46,267,234,1830,28,2396,0,19,4,133,0,157,35,3,0,4,0,49,3,6,0,4,0,16,73,24,16,30,0,146,773,283,219,1669,45,2985,26,0,5,0,0,32,16,0,0,4,0,20,79,26,26,113,0,238,5,0,0,3,0,4,0,0,0,0,0,9,10,4,0,0,0,16,117,65,33,385,14,617,128,43,28,204,7,407,8,0,4,0,0,13,0,0,0,0,0,3,3,0,3,0,0,5,0,0,0,0,0,0,18,0,3,0,0,23,38,5,15,7,5,70,23,5,0,10,0,45,4,0,0,0,0,10,0,0,0,0,0,0,149,62,48,417,14,693,0,0,0,4,0,6,30,8,0,0,0,38,8,0,0,8,0,13,0,0,0,0,0,0,18,0,4,0,0,16,26,6,0,17,0,46,167,27,31,76,3,298,4,4,0,22,341,374,1436,508,386,3401,421,6155
LGA52940,10,30,31,299,0,369,0,0,0,28,0,29,0,0,0,0,0,0,0,0,0,0,0,6,10,0,0,4,0,18,39,25,31,227,3,322,4,0,0,0,0,4,6,0,0,0,0,3,0,0,5,8,0,20,0,0,0,0,0,0,0,0,0,0,0,0,0,0,0,0,0,0,10,4,4,37,0,46,0,0,0,11,0,11,0,0,0,0,0,0,0,0,0,0,0,0,0,0,0,0,0,0,0,0,0,0,0,0,0,0,0,0,0,0,0,3,3,0,0,9,3,0,0,0,0,5,0,0,0,0,0,0,0,0,0,0,0,0,12,3,13,43,0,70,0,0,0,0,0,0,4,0,0,0,0,4,0,0,0,0,0,0,0,0,0,0,0,0,0,0,0,0,0,0,4,0,0,0,0,5,9,3,0,4,0,17,0,0,0,0,57,59,84,48,48,468,67,715
LGA53010,0,15,29,251,0,304,0,0,0,26,0,28,0,0,0,0,0,0,0,0,0,0,0,0,7,0,4,0,0,11,27,10,19,189,0,252,0,0,0,7,0,5,0,0,0,0,0,0,0,0,11,17,0,32,0,0,0,0,0,0,0,0,0,0,0,0,0,0,0,0,0,0,10,0,8,39,0,59,0,0,0,7,0,13,0,0,0,0,0,0,0,0,0,0,0,0,0,0,0,0,0,0,0,0,0,0,0,0,4,0,0,0,0,5,3,0,0,0,0,3,0,0,0,0,0,0,0,0,0,0,0,0,0,0,0,0,0,0,16,6,6,36,0,61,0,0,0,0,0,0,3,0,0,0,0,4,0,0,0,0,0,0,0,0,0,0,0,0,0,0,0,0,0,0,0,0,0,9,0,10,3,5,6,7,0,21,0,0,0,0,117,121,68,27,44,421,122,681
LGA53080,9,21,21,138,12,194,0,0,0,66,5,74,0,0,0,0,0,0,7,0,0,4,0,10,7,5,0,0,0,17,57,8,9,143,3,221,3,0,0,0,0,7,0,0,0,0,0,0,10,4,0,14,0,20,3,0,0,0,0,3,5,0,0,0,0,4,0,0,0,0,0,0,8,4,5,35,0,50,4,7,0,12,0,23,0,0,0,0,0,0,0,0,0,0,0,0,0,0,0,0,0,0,0,0,0,0,0,0,10,0,0,9,0,21,4,0,0,0,0,8,0,0,0,0,0,0,0,0,0,0,0,0,0,0,0,0,0,4,23,3,3,31,0,62,0,0,0,0,0,0,4,0,0,0,0,0,5,0,0,4,0,7,0,0,0,0,0,0,0,0,0,0,0,0,5,0,0,0,0,4,27,5,4,3,0,41,4,0,0,5,121,128,152,35,28,319,148,677
LGA53150,62,455,344,1674,12,2546,0,6,4,55,0,71,52,13,9,15,0,85,52,29,22,55,0,154,72,17,14,43,0,148,1091,407,310,1712,19,3542,21,3,3,5,0,28,32,14,12,12,0,69,100,27,22,144,6,296,14,3,8,32,0,64,15,0,0,6,4,25,53,21,0,6,0,77,321,112,81,630,6,1143,293,98,39,270,0,707,11,0,0,0,0,8,6,0,0,6,0,15,4,0,0,3,0,7,11,6,0,5,0,16,20,6,3,0,0,27,46,20,11,6,0,84,36,9,3,24,0,80,6,0,6,7,0,19,0,0,0,0,0,0,286,102,73,499,4,961,9,0,6,3,0,12,45,3,5,5,0,56,34,0,10,13,0,48,4,3,0,0,0,10,3,0,0,0,0,3,69,16,3,29,0,119,385,81,85,87,3,640,11,0,0,10,380,402,2407,828,594,3559,432,7819
LGA53220,78,247,236,1461,18,2041,0,33,26,1599,23,1689,102,0,4,14,0,122,16,7,6,18,0,43,54,13,7,42,4,120,807,232,194,1171,39,2444,231,3,18,8,0,254,41,3,0,4,0,52,61,24,7,128,0,219,13,0,3,12,0,30,8,0,0,0,0,15,91,6,0,5,3,100,202,45,43,304,4,599,63,25,13,92,5,194,6,0,0,0,0,6,5,0,0,0,0,5,10,9,0,0,0,19,5,0,0,5,0,15,260,17,10,7,4,301,71,17,19,9,0,124,13,0,0,11,0,24,3,0,0,4,0,10,26,0,0,0,0,24,224,54,44,287,3,616,18,3,0,0,0,19,52,8,6,0,0,63,41,0,0,7,0,42,7,0,0,0,0,0,14,0,0,0,0,14,31,7,0,17,0,52,667,59,65,124,7,919,38,0,6,33,2258,2331,2526,459,407,4023,2351,9760
LGA53290,78,608,511,4767,93,6063,5,22,6,533,12,574,50,4,0,9,0,64,8,9,0,36,0,50,92,27,27,60,0,213,1050,500,397,3501,83,5531,86,0,16,0,0,102,36,5,7,27,0,69,160,35,37,396,3,634,7,6,5,10,0,20,7,3,0,0,0,8,39,4,3,3,0,47,197,78,56,839,6,1184,68,44,22,277,0,412,4,0,0,0,0,5,0,0,0,0,0,0,0,0,0,0,0,0,0,0,0,5,0,10,81,20,14,10,4,137,93,41,26,6,0,165,25,6,0,13,0,55,15,0,9,6,0,18,0,0,0,0,0,6,284,129,99,868,15,1396,0,0,0,6,0,7,95,8,10,0,0,111,12,6,3,4,0,22,12,0,0,0,0,12,13,0,0,0,0,20,42,5,10,37,0,91,319,92,73,149,10,642,20,7,6,83,1347,1465,2255,975,777,8338,1541,13883
LGA53360,18,126,120,992,17,1278,0,0,4,68,5,78,20,6,4,11,0,32,4,3,3,16,0,22,29,12,4,8,3,57,305,108,93,666,25,1194,28,0,5,0,0,34,12,0,0,0,0,16,59,13,7,60,0,144,6,3,0,15,0,26,5,0,0,3,0,10,7,0,0,0,0,9,65,20,7,165,0,257,43,13,15,63,0,137,0,0,0,0,0,0,0,0,0,0,0,0,3,0,0,0,0,6,3,0,0,0,0,12,16,3,0,0,0,18,26,5,7,3,0,36,20,0,6,7,0,34,4,0,0,0,0,9,0,0,0,0,0,0,66,21,19,197,0,312,0,0,0,0,0,0,11,0,0,0,0,20,14,3,0,5,0,27,0,0,0,0,0,4,0,0,0,0,0,0,12,0,0,6,0,20,113,20,31,40,7,205,9,0,6,27,274,322,697,206,199,1665,325,3085
LGA53430,326,1699,1314,5571,52,8964,7,44,26,429,12,513,353,33,46,53,0,496,315,86,29,220,5,652,334,119,85,165,3,704,4528,1609,1317,5977,86,13510,148,3,16,3,0,173,316,56,47,57,4,483,645,134,127,533,9,1446,62,33,24,72,8,191,54,14,15,19,5,105,218,29,29,17,0,297,1343,423,337,2385,23,4505,1477,333,185,891,23,2903,26,7,10,0,0,38,24,0,4,11,0,35,17,4,4,12,0,33,32,15,3,19,5,80,88,21,10,9,0,132,136,53,26,30,0,240,193,36,38,59,0,325,76,15,14,20,0,124,15,3,0,0,0,14,1282,392,324,1882,8,3888,110,11,7,4,0,130,160,32,25,18,0,237,189,14,23,48,0,277,20,9,7,4,0,45,45,5,12,0,0,66,236,58,31,113,0,441,2241,415,374,448,24,3512,96,15,11,92,1864,2084,11637,3218,2512,12482,2072,31930
LGA53570,51,237,184,1503,40,2017,0,6,0,101,0,111,51,0,0,4,0,53,7,8,4,13,0,32,55,12,18,26,0,110,786,199,157,1226,33,2405,66,0,3,0,0,71,22,0,3,9,0,39,69,19,16,91,4,200,13,6,0,5,0,21,3,3,0,3,0,10,13,0,0,0,0,13,148,38,28,294,4,512,75,27,12,81,0,194,3,0,0,0,0,3,0,0,0,0,0,0,9,0,0,3,0,10,3,0,0,0,0,11,22,5,3,0,0,37,21,14,14,6,0,51,21,8,0,3,0,32,5,0,0,4,0,11,10,0,0,0,0,10,184,46,33,243,4,509,4,0,3,0,0,4,28,5,3,0,0,30,11,6,0,3,0,17,5,0,0,0,0,4,30,0,0,0,0,32,26,6,4,9,0,49,341,17,28,36,11,436,20,0,3,34,397,457,1720,381,302,2702,478,5576
LGA53640,3,41,49,422,9,528,0,5,3,80,0,87,0,3,0,0,0,3,0,0,0,0,0,0,20,0,5,8,0,30,77,45,29,327,5,489,56,0,0,0,0,56,0,0,0,0,0,0,12,4,4,33,0,51,0,0,0,0,0,0,0,0,0,0,0,3,5,0,0,0,0,5,18,13,4,55,3,86,3,4,0,13,0,23,0,0,0,0,0,0,0,0,0,0,0,0,0,0,0,0,0,0,0,0,0,0,0,0,13,0,0,0,0,14,3,0,4,0,0,10,3,0,0,4,0,3,0,0,0,0,0,0,0,0,0,0,0,0,20,4,7,78,0,109,0,0,0,0,0,0,4,0,0,0,0,9,6,0,0,3,0,8,0,0,0,0,0,0,0,0,0,0,0,0,4,0,0,0,0,7,19,0,16,15,0,44,0,5,0,5,89,101,219,75,65,753,105,1215
LGA53710,0,22,32,311,6,380,0,0,3,27,3,32,3,0,0,0,0,0,0,0,0,0,0,0,18,0,0,12,0,28,56,18,28,305,12,425,0,0,0,0,0,0,0,0,0,3,0,3,6,0,0,24,0,34,0,0,0,0,0,0,0,0,0,4,0,6,5,0,0,0,0,5,15,0,11,84,3,106,0,0,8,18,0,23,0,0,0,0,0,0,0,0,0,0,0,0,0,0,0,0,0,0,0,0,0,0,0,0,3,4,0,0,0,5,0,0,4,0,0,0,0,0,0,0,0,0,0,0,0,0,0,0,0,0,0,0,0,0,16,5,3,54,3,82,0,0,0,0,0,0,0,0,0,0,0,0,0,0,0,0,0,0,0,0,0,0,0,0,0,0,0,0,0,0,0,0,5,8,0,15,9,4,5,9,0,35,0,0,0,12,104,106,117,36,58,626,122,955
LGA53780,2433,4375,3588,17612,260,28271,46,198,119,2534,68,2967,11033,140,299,166,57,11694,191,56,45,164,0,459,1061,289,215,547,12,2125,13871,3919,3153,14052,312,35311,4214,22,177,22,8,4453,381,26,29,109,4,545,973,241,208,996,21,2443,109,41,31,109,3,295,116,22,12,41,0,192,7968,138,125,139,26,8395,2572,555,439,3060,35,6664,1465,500,261,1591,21,3842,680,6,19,6,0,716,247,35,28,36,0,343,43,3,7,33,0,83,97,37,14,48,0,199,1250,165,104,37,17,1569,605,227,114,66,3,1019,440,94,44,202,7,781,149,3,19,30,0,207,186,26,0,0,0,214,2794,767,561,3104,49,7283,188,15,12,15,0,230,1004,86,105,39,4,1239,426,30,17,59,0,534,673,19,7,4,6,718,678,25,41,11,0,750,414,73,61,151,0,703,27853,1199,1053,1115,172,31390,1179,48,78,276,6705,8280,72787,7749,6317,31906,7616,126376
LGA53800,239,1527,1221,12173,151,15301,10,145,58,3237,47,3496,206,19,20,64,5,308,32,23,7,107,3,168,300,92,64,211,5,675,2844,1380,1088,9860,147,15317,495,13,77,21,3,621,82,18,13,47,0,165,317,80,84,831,8,1317,36,22,15,36,0,108,26,11,0,7,0,49,280,20,12,33,0,345,493,287,179,2653,19,3635,374,171,83,890,13,1529,6,0,0,4,0,10,6,0,0,3,0,14,32,9,5,34,0,83,26,20,3,19,0,69,205,43,34,31,4,318,133,69,63,43,0,311,88,25,21,89,0,220,32,6,5,16,0,71,16,0,4,5,0,27,686,299,223,2208,26,3443,6,0,0,0,0,8,294,27,16,29,0,361,72,13,3,48,0,134,10,0,9,0,0,21,149,3,8,0,0,158,96,32,23,98,0,254,1366,250,271,676,19,2579,89,13,9,209,3643,3961,7184,2678,2046,23592,3990,39489
LGA53920,13,16,13,183,11,230,5,16,0,2524,69,2614,11,0,0,3,0,16,3,0,0,0,0,7,3,0,0,4,0,7,67,13,18,188,14,299,14,0,0,0,0,15,5,0,0,0,0,8,15,0,0,17,0,34,0,0,0,0,0,0,0,0,0,0,0,0,9,0,0,0,0,13,23,3,6,81,5,112,5,4,0,12,0,27,0,0,0,0,0,0,0,0,0,0,0,0,0,0,0,0,0,0,0,0,0,0,0,0,3,0,0,0,0,6,8,0,0,0,0,9,0,0,0,3,0,3,0,0,0,0,0,0,0,0,0,0,0,0,23,12,0,42,4,77,0,0,0,0,0,0,4,0,0,0,0,4,3,0,0,0,0,3,0,0,0,0,0,0,0,0,0,0,0,4,4,0,0,3,0,3,65,10,0,25,6,98,3,0,0,35,354,395,217,53,23,2845,439,3574
LGA53990,235,1299,1109,8733,75,11451,9,56,25,744,11,842,237,6,9,13,0,265,34,13,17,50,0,117,297,91,58,172,0,619,3129,1295,1036,7395,84,12947,587,4,30,3,4,630,60,13,4,35,0,115,264,64,52,522,12,921,15,15,5,77,0,107,16,7,0,8,0,33,199,10,6,28,0,247,629,174,177,1581,8,2578,581,253,76,1278,20,2209,48,0,15,0,0,63,3,4,0,0,0,12,4,4,0,8,0,19,4,5,10,17,0,36,354,61,37,10,4,467,174,103,49,37,8,371,97,26,28,85,3,241,19,0,3,16,0,37,17,3,0,0,0,21,664,233,206,1564,11,2681,18,3,0,3,0,23,249,23,32,8,0,305,43,15,10,39,0,111,3,0,0,0,0,7,17,0,0,0,0,17,85,31,13,72,6,199,935,161,180,265,9,1546,68,13,11,106,1289,1482,7173,2321,1830,15751,1490,28567
LGA54060,22,152,134,1283,35,1620,0,11,3,115,3,138,7,0,0,9,0,10,5,8,0,3,0,21,37,7,6,15,0,64,312,127,115,980,24,1564,7,0,0,0,0,7,6,0,0,0,0,9,25,10,11,89,0,145,0,0,0,9,0,8,0,0,0,0,0,4,3,0,0,0,0,7,51,16,15,238,4,318,18,13,3,45,0,87,0,0,0,0,0,0,0,0,0,0,0,0,0,0,0,4,0,3,0,0,0,5,0,5,33,3,4,0,0,37,18,10,8,5,0,45,6,6,4,15,0,31,0,0,0,0,0,4,0,0,0,0,0,4,87,27,22,189,5,326,6,0,0,0,0,3,0,3,0,0,0,6,0,0,0,5,0,15,0,0,0,0,0,0,0,0,0,0,0,4,14,5,0,14,0,30,61,12,16,42,0,133,4,0,0,7,373,383,594,255,195,2211,429,3680
LGA54130,6,24,38,464,5,537,0,0,0,39,0,39,3,0,0,0,0,3,0,0,0,0,0,6,9,0,5,0,0,12,62,23,36,344,0,462,3,0,0,0,0,0,5,0,0,0,0,0,19,0,7,27,0,48,0,0,0,0,0,0,0,0,0,0,0,0,0,0,0,0,0,3,14,9,3,60,0,87,6,12,0,29,0,45,0,0,0,0,0,0,0,0,0,0,0,0,0,0,0,0,0,0,0,0,0,0,0,0,18,0,0,0,0,16,10,0,6,0,0,20,0,3,0,0,0,5,5,0,0,0,0,4,0,0,0,0,0,0,13,4,6,79,0,107,0,0,0,0,0,0,12,0,3,0,0,14,0,0,0,0,0,0,0,0,0,0,0,0,0,0,0,0,0,0,5,0,0,6,0,6,21,3,5,16,0,54,0,3,0,8,99,111,158,53,65,779,106,1160
LGA54170,1891,8286,6924,31200,246,48541,28,128,85,1094,12,1346,3268,130,207,229,14,3847,540,203,97,550,0,1392,2156,467,300,804,8,3737,36000,7144,5853,24511,351,73865,771,48,150,40,6,1020,860,114,74,218,7,1270,2721,460,396,1906,22,5506,551,190,103,414,3,1257,297,59,32,52,4,440,2342,163,122,132,10,2764,9610,1437,1039,7231,75,19387,2975,1034,521,3024,35,7586,191,9,24,0,0,224,108,25,9,50,0,190,401,96,55,232,0,786,170,59,41,113,0,384,763,155,94,38,10,1053,1170,492,279,99,0,2046,1338,162,161,299,10,1963,376,24,49,50,4,503,65,7,8,0,0,82,8601,1506,1080,6327,61,17584,289,40,17,45,0,383,3431,243,185,30,3,3901,524,48,59,120,5,761,194,36,32,30,0,297,502,17,57,12,3,595,1656,180,131,362,6,2336,11112,1377,1527,1469,100,15584,608,81,66,390,4411,5559,74399,13791,11152,55459,5206,160003
LGA54200,721,3079,2377,13507,118,19799,18,110,54,1132,19,1319,1174,36,71,69,7,1350,135,70,33,203,0,441,746,205,155,358,10,1472,8997,2848,2179,10967,209,25196,893,13,55,23,0,990,241,30,24,78,9,371,738,205,147,899,25,2012,81,25,17,79,4,206,98,25,15,36,4,173,1357,60,58,49,5,1529,2020,519,352,2723,32,5640,1277,477,238,1549,16,3556,58,0,17,5,0,81,47,17,7,14,0,88,16,11,4,21,0,51,34,21,19,38,0,114,495,47,46,21,4,608,420,201,92,55,4,772,307,70,30,152,3,560,102,21,19,31,0,173,60,3,0,3,0,71,1996,551,439,2697,43,5732,76,19,8,20,0,122,422,62,57,23,4,567,124,16,10,54,0,208,95,17,8,17,0,128,95,8,9,10,0,120,306,72,34,119,0,524,4812,519,524,676,50,6581,199,28,25,211,2287,2746,22271,5326,4003,24435,2724,58762
LGA54280,259,1045,995,7448,106,9862,12,81,63,1670,70,1891,300,10,17,41,0,365,86,32,13,116,0,247,193,68,28,91,0,387,2397,850,787,5638,101,9774,784,9,79,13,3,888,70,3,6,35,4,121,299,70,62,541,11,990,27,7,9,41,0,85,11,4,0,12,0,31,469,10,15,20,0,514,602,169,124,1547,18,2457,188,103,61,618,15,980,35,0,0,0,0,36,9,0,0,7,0,16,3,3,3,13,0,23,8,3,6,14,0,31,981,91,85,21,22,1201,379,114,59,26,4,588,59,20,7,68,0,154,26,5,9,5,0,38,139,17,0,0,3,155,729,221,142,1331,16,2437,24,4,3,4,0,32,308,30,21,4,0,361,88,3,3,17,0,113,32,0,5,3,0,36,58,0,3,0,0,62,69,27,12,71,0,179,2239,164,198,311,25,2933,144,22,23,185,2963,3338,8584,1830,1595,14011,3289,29306
LGA54310,192,785,847,5410,45,7275,4,100,70,2055,32,2268,262,0,16,35,0,312,18,14,8,70,5,118,132,69,34,124,3,361,1597,677,677,3774,50,6778,516,6,55,18,3,595,70,6,3,25,0,106,158,70,61,417,0,696,18,10,5,45,0,74,7,3,7,10,0,29,322,11,8,11,0,349,454,107,116,932,10,1619,94,90,36,378,8,609,13,0,4,0,0,21,0,0,0,5,0,10,25,4,6,5,0,35,11,8,4,16,0,38,359,33,36,19,5,455,166,83,63,31,0,341,42,20,11,49,0,125,21,0,6,12,0,34,42,4,0,0,0,46,459,160,121,860,9,1602,15,3,3,0,0,22,144,14,32,14,3,207,54,0,4,10,0,67,23,3,6,0,0,30,47,0,5,0,0,45,41,11,9,34,0,93,1304,147,190,450,25,2112,82,9,12,111,3638,3849,5204,1398,1379,10422,3792,22199
LGA54340,20,160,113,1061,23,1385,0,20,4,288,15,324,40,0,6,3,0,44,0,3,0,4,0,5,34,14,10,16,0,67,268,100,101,807,33,1315,41,0,6,4,0,46,9,0,0,7,0,15,23,4,16,98,0,140,0,0,6,4,0,4,0,0,0,0,0,0,17,0,0,0,3,21,39,18,4,151,3,215,40,16,6,60,0,128,0,4,0,0,0,6,0,0,0,0,0,0,0,0,0,0,0,0,0,0,0,0,0,3,71,19,14,0,8,101,19,18,8,5,0,45,11,0,3,11,0,28,0,0,0,0,0,0,0,0,0,0,0,0,49,19,15,161,3,245,7,0,0,0,0,7,35,5,0,0,0,38,0,0,0,0,0,0,5,0,0,0,0,5,4,0,0,0,0,4,6,0,0,14,0,27,505,38,28,154,25,738,23,6,5,35,355,426,1074,270,199,2069,447,4057
LGA54410,10,44,32,366,16,464,0,0,4,52,3,64,3,0,0,0,0,3,0,0,0,4,0,9,11,0,0,0,0,14,71,43,19,320,9,461,7,0,0,0,0,7,4,0,0,0,0,3,5,4,0,15,0,24,0,0,0,0,0,4,0,0,0,0,0,9,6,0,0,0,0,8,17,5,3,64,0,90,7,4,0,14,0,29,0,0,0,0,0,0,0,0,0,0,0,0,0,0,0,0,0,0,0,0,0,0,0,0,3,3,6,0,0,10,7,3,10,0,0,20,5,0,0,0,0,5,0,0,0,0,0,0,0,0,0,0,0,0,20,7,9,67,0,100,0,0,0,0,0,0,3,0,4,0,0,7,0,0,0,0,0,0,0,0,0,0,0,0,0,0,0,0,0,0,0,0,0,0,0,12,25,0,3,13,0,45,4,0,0,4,114,125,171,76,57,701,140,1138
LGA54480,3,9,22,201,3,235,0,0,0,0,0,0,0,0,0,0,0,6,3,0,0,5,0,3,4,0,3,4,0,9,26,8,21,156,6,219,0,0,0,0,0,0,0,0,0,0,0,0,8,0,0,24,0,31,0,0,0,0,0,0,0,0,0,0,0,0,4,0,0,0,0,4,4,3,7,22,0,37,0,0,0,3,0,4,0,0,0,0,0,0,0,0,0,0,0,0,0,0,0,0,0,0,0,0,0,0,0,0,3,0,0,0,0,4,0,0,0,0,0,0,0,0,0,0,0,0,0,0,0,0,0,5,0,0,0,0,0,0,3,0,0,32,0,43,0,0,0,0,0,0,3,0,0,0,0,3,0,0,0,0,0,0,0,0,0,0,0,0,0,0,0,0,0,0,0,0,0,0,0,0,14,3,5,0,0,19,4,0,0,0,48,54,58,15,34,331,51,491
LGA54550,6,63,71,661,10,812,0,10,5,71,6,90,0,0,0,0,0,0,0,0,0,3,0,8,3,4,0,0,0,11,120,72,73,554,11,823,47,0,0,0,0,48,5,0,0,4,0,6,10,0,7,51,0,63,0,0,4,5,0,9,0,0,0,0,0,0,3,0,0,0,0,4,17,8,9,101,0,139,28,6,9,49,0,97,0,0,0,0,0,0,0,0,0,0,0,0,0,0,0,0,0,0,0,0,0,5,0,5,38,6,7,5,0,53,7,0,0,0,0,15,0,0,0,0,0,0,0,0,0,0,0,0,0,0,0,0,0,0,29,13,19,125,9,188,0,0,0,0,0,0,7,0,3,0,0,7,0,0,0,0,0,7,0,0,0,0,0,0,5,0,0,0,0,5,5,0,0,10,0,19,33,0,4,16,5,64,6,0,0,10,140,163,307,121,123,1170,179,1901
LGA54620,6,27,34,282,14,360,0,0,0,59,0,53,0,0,0,0,0,0,0,0,0,0,0,0,4,0,0,5,0,11,54,29,31,234,8,353,0,0,0,0,0,0,0,0,0,0,0,0,7,0,3,17,0,23,0,0,0,0,0,0,0,0,0,0,0,0,0,0,0,0,0,0,23,6,5,59,4,86,4,0,3,14,0,24,0,0,0,0,0,0,0,0,0,0,0,0,0,0,0,0,0,0,0,0,0,0,0,0,9,0,0,0,0,11,7,3,0,3,0,9,0,5,0,0,0,5,0,0,0,0,0,0,0,0,0,0,0,0,21,6,4,44,3,79,0,0,0,0,0,0,0,0,0,0,0,0,0,0,0,0,0,4,0,0,0,0,0,0,0,0,0,0,0,0,5,0,0,3,0,10,11,0,0,5,0,20,0,0,0,0,98,104,109,39,53,526,120,847
LGA54690,0,10,16,127,5,157,0,0,0,4,0,9,0,0,0,0,0,0,0,0,0,0,0,0,0,0,0,0,0,0,31,5,6,119,0,171,0,0,0,0,0,0,0,0,0,0,0,0,0,3,3,20,0,26,0,0,0,0,0,0,0,0,0,0,0,0,3,0,0,0,0,3,5,0,3,33,0,43,3,4,0,4,0,12,0,0,0,0,0,0,0,0,0,0,0,0,0,0,0,0,0,0,0,0,0,0,0,0,5,0,0,0,0,5,0,0,0,0,0,5,3,0,0,3,0,4,0,0,0,0,0,0,0,0,0,0,0,0,7,5,3,37,0,49,0,0,0,0,0,0,0,0,3,0,0,3,0,0,0,0,0,0,0,0,0,0,0,0,0,0,0,0,0,0,0,0,0,0,0,0,3,0,0,0,0,5,0,3,0,4,12,19,56,21,25,247,18,361
LGA54760,0,21,29,304,0,359,0,0,0,8,0,17,0,0,0,0,0,0,0,0,0,0,0,3,0,0,0,3,0,7,48,28,19,229,4,323,3,0,0,0,0,3,3,0,0,0,0,3,4,5,0,16,0,25,0,0,0,6,0,6,0,0,0,0,0,0,0,0,0,0,0,0,11,0,11,55,0,79,8,5,0,22,0,40,0,0,0,0,0,0,0,0,0,0,0,0,0,0,0,0,0,0,0,0,0,0,0,0,6,0,0,0,0,3,0,0,0,0,0,5,0,0,0,0,0,0,3,0,0,4,0,6,0,0,0,0,0,0,15,5,6,46,0,79,0,0,0,0,0,0,0,0,0,0,0,0,0,0,0,0,0,0,0,0,0,0,0,0,0,0,0,0,0,0,0,0,0,0,0,0,3,0,0,0,0,9,0,0,4,5,81,88,86,40,46,506,87,769
LGA54830,726,2070,1692,8765,112,13366,10,93,73,1259,27,1455,945,24,44,36,11,1061,105,38,12,131,0,283,385,118,75,249,0,829,5885,1864,1570,6695,123,16132,3008,26,91,31,0,3164,160,8,23,36,0,227,435,123,89,561,10,1210,37,15,17,62,0,128,32,6,5,19,0,62,1844,47,26,29,3,1948,1055,258,186,1357,17,2878,398,248,100,850,12,1610,195,4,17,11,0,223,16,11,0,14,3,47,26,0,7,12,0,50,26,11,10,30,0,78,1006,113,90,49,13,1270,392,129,78,28,0,625,132,23,20,55,0,233,94,6,8,18,0,130,130,19,8,4,0,161,1382,348,259,1441,11,3440,150,23,3,19,0,197,521,53,41,14,9,637,239,16,8,28,0,292,102,6,0,8,0,116,100,0,18,4,0,129,240,28,27,89,0,394,5470,436,382,455,41,6777,323,19,32,164,3304,3842,20668,3492,2829,15247,3621,45867
LGA54900,13,41,37,461,7,558,0,3,0,25,0,25,10,0,0,0,0,10,0,0,0,3,0,5,16,3,5,7,0,27,105,37,41,361,7,549,9,0,0,0,0,13,0,0,0,3,0,3,6,3,3,28,0,42,0,0,0,0,0,7,0,0,0,0,0,0,3,0,0,0,0,9,18,9,5,88,0,126,8,3,0,18,0,35,3,0,0,0,0,5,4,0,0,0,0,4,0,0,0,0,0,0,0,0,0,0,0,0,5,0,0,0,0,5,13,5,0,5,0,15,0,0,0,0,0,0,0,0,0,0,0,0,0,0,0,0,0,0,20,8,4,82,0,117,0,0,0,0,0,0,11,0,0,0,0,11,0,0,0,0,0,0,0,0,0,0,0,0,0,0,0,0,0,0,0,0,0,0,0,5,27,5,3,15,0,51,0,0,0,11,74,83,224,72,66,815,87,1265
LGA54970,11,15,14,135,0,185,0,5,0,312,5,325,3,0,0,0,0,3,0,0,0,0,0,0,3,0,0,0,0,0,103,22,27,117,0,268,12,0,0,0,0,18,0,0,0,0,0,0,11,0,5,15,0,28,0,0,0,0,0,3,0,0,0,0,0,0,7,0,0,0,0,7,19,5,0,28,0,60,8,0,0,16,0,25,0,0,0,0,0,0,0,0,0,0,0,0,0,0,0,0,0,0,0,0,0,0,0,0,26,0,0,0,0,23,13,0,0,0,0,15,0,0,0,0,0,0,0,0,0,0,0,0,11,0,0,0,0,8,31,5,5,30,0,63,0,0,0,0,0,0,9,0,0,0,0,9,0,0,0,5,0,3,0,0,0,0,0,0,0,0,0,0,0,0,0,0,0,0,0,3,47,4,3,15,0,65,3,0,0,4,460,473,237,40,31,551,478,1333
LGA55040,9,62,33,277,0,384,0,4,0,136,0,141,6,0,0,0,0,7,3,0,0,0,0,8,7,3,4,5,0,19,131,47,33,199,0,415,27,0,0,0,0,30,0,0,0,0,0,3,19,0,0,25,0,38,7,0,0,4,0,7,0,0,0,0,0,0,10,0,0,0,0,8,22,10,5,58,0,96,6,6,0,18,0,37,0,0,0,0,0,0,0,0,0,0,0,0,3,0,0,0,0,3,0,0,0,0,0,0,49,8,0,0,0,54,19,0,6,0,0,31,0,0,0,0,0,5,0,0,0,0,0,0,3,0,0,0,0,3,35,8,4,39,0,95,0,0,0,0,0,0,5,0,0,0,0,5,8,0,0,4,0,7,0,0,0,0,0,4,0,0,0,0,0,0,7,4,3,6,0,13,97,12,10,10,0,130,5,0,3,0,494,503,357,92,70,567,497,1588
LGA55110,882,4264,3490,22745,335,31715,28,161,106,2200,47,2534,687,33,43,88,3,850,158,76,37,178,3,446,1102,241,185,417,11,1957,15767,4127,3380,19741,414,43424,1214,24,172,34,9,1452,303,29,24,111,0,478,985,221,191,1523,17,2936,98,46,15,120,0,283,100,15,7,30,0,157,708,34,37,42,0,825,2936,609,429,4619,72,8672,839,372,178,1440,25,2855,91,7,17,0,0,112,18,4,0,12,0,37,19,5,4,16,0,46,91,25,10,59,0,190,1114,190,99,71,11,1481,694,222,173,111,10,1205,323,48,41,167,0,589,139,22,15,32,4,202,113,22,0,0,0,148,3401,724,679,4316,65,9177,54,21,12,27,0,108,846,81,71,22,8,1035,206,27,17,100,4,356,69,10,3,7,0,92,143,0,19,6,0,170,663,107,80,209,0,1051,4107,575,552,813,47,6090,326,46,36,405,4779,5594,29947,7175,5785,41757,5641,90306
LGA55180,91,390,310,2566,53,3406,5,27,12,229,0,270,45,0,3,3,0,51,24,8,3,22,0,58,70,33,12,42,0,155,888,415,302,2505,67,4182,57,0,4,6,0,61,33,3,0,19,0,58,82,33,31,159,0,308,23,0,3,15,0,40,10,0,0,0,0,9,38,0,6,6,0,56,151,75,50,538,10,819,184,75,30,355,0,642,4,0,0,0,0,4,6,0,0,0,0,13,107,13,3,43,0,168,7,10,0,0,0,15,6,8,13,0,0,28,34,18,15,7,0,82,38,3,3,21,0,72,6,4,0,0,0,8,0,0,0,0,0,0,175,90,64,594,9,938,7,0,0,3,0,7,6,5,6,0,0,21,13,0,0,12,0,30,6,4,0,0,0,7,3,0,0,0,0,6,28,13,3,17,0,62,348,72,41,128,11,604,37,17,6,81,622,760,2038,779,533,5010,741,9093
LGA55250,6,22,20,156,5,209,0,7,0,368,4,383,14,0,0,0,0,20,0,0,0,0,0,0,0,0,0,3,0,3,47,17,18,133,12,236,19,0,0,0,0,18,3,0,0,0,0,6,11,5,0,17,0,31,0,0,0,4,0,4,0,0,0,0,0,0,8,0,0,0,0,8,10,5,4,38,0,60,9,0,0,4,0,13,3,0,0,0,0,3,0,0,0,0,0,0,3,0,0,0,0,4,0,0,0,0,0,0,15,0,0,0,0,15,3,0,0,0,0,7,11,0,0,0,0,7,0,0,0,0,0,0,6,0,0,0,0,6,13,5,7,29,0,53,0,0,0,5,0,5,0,0,0,0,0,0,0,0,0,0,0,0,0,0,0,0,0,0,0,0,0,0,0,0,5,0,0,4,0,8,63,0,0,12,0,81,0,0,0,4,281,289,197,38,36,628,304,1200
LGA55320,1029,4790,3973,19516,179,29482,13,67,42,717,18,859,11551,218,485,232,62,12544,600,209,88,629,7,1536,949,284,182,488,14,1919,12519,4485,3336,17157,244,37741,618,18,116,12,4,771,542,72,65,160,3,840,1202,284,243,1355,13,3096,254,92,44,252,0,638,162,24,23,50,0,251,2527,150,103,106,10,2900,2985,878,636,5460,54,10023,2723,905,416,2887,37,6972,741,6,37,11,0,795,119,35,32,20,0,207,77,9,14,57,0,167,104,35,14,88,0,233,235,39,39,19,0,336,436,190,127,59,6,824,496,104,90,182,7,872,266,20,31,27,6,346,63,14,0,0,0,75,3461,1066,787,4648,49,10010,229,15,34,33,0,312,1043,109,134,32,8,1324,370,35,35,111,8,554,451,39,15,22,3,537,401,35,30,8,0,473,584,106,80,264,7,1034,9784,941,987,1151,75,12938,334,26,29,165,3316,3874,46331,8711,6904,37610,3961,103523
LGA55390,0,5,11,65,0,87,0,0,0,109,0,110,3,0,0,0,0,3,0,0,0,0,0,0,4,0,0,5,0,5,36,9,9,74,4,133,10,0,0,0,0,12,0,0,0,0,0,0,4,0,0,8,0,20,0,0,0,0,0,3,0,0,0,0,0,0,0,0,0,0,0,0,5,3,0,28,0,35,0,0,0,8,0,10,0,0,0,0,0,0,0,0,0,0,0,0,0,0,0,0,0,0,0,0,0,0,0,0,9,0,0,0,0,13,8,0,0,0,0,8,0,0,0,0,0,0,0,0,0,0,0,0,0,0,0,0,0,0,11,6,0,15,0,27,0,0,0,0,0,0,0,0,0,0,0,0,0,0,0,0,0,0,0,0,0,0,0,0,0,0,0,0,0,0,0,0,0,3,0,7,13,0,0,0,0,19,0,0,0,0,151,151,101,16,14,236,151,524
LGA55460,28,103,105,1045,16,1297,0,12,6,127,3,144,3,3,0,10,0,16,5,0,0,3,0,16,24,8,0,10,0,46,206,122,115,845,17,1297,28,0,4,0,0,27,10,0,0,9,0,13,22,11,9,68,0,98,0,0,0,4,0,0,3,0,0,0,0,6,25,0,0,0,0,29,28,16,12,178,3,228,33,20,8,102,0,167,0,0,0,0,0,0,0,0,0,0,0,0,4,0,0,3,0,3,0,0,0,0,0,4,13,3,4,0,0,20,15,8,9,0,0,33,10,0,0,10,0,25,0,0,0,0,0,0,0,0,0,0,0,0,56,24,21,178,3,283,7,0,0,0,0,7,6,0,0,0,0,12,3,0,0,10,0,6,0,0,0,0,0,3,0,0,0,0,0,0,5,0,0,5,0,9,94,13,11,32,0,156,6,0,0,15,343,372,500,202,179,1854,380,3119
LGA55530,3,9,16,142,0,171,0,0,0,20,0,23,0,0,0,0,0,0,0,0,0,0,0,0,3,0,0,4,0,7,20,11,8,128,0,167,0,0,0,0,0,0,0,0,0,0,0,0,4,0,0,11,0,13,0,0,0,0,0,0,0,0,0,0,0,0,0,0,0,0,0,4,4,0,6,35,0,44,3,0,3,3,0,10,0,0,0,0,0,0,0,0,0,0,0,0,0,0,0,0,0,0,0,0,0,0,0,0,0,0,0,0,0,0,0,0,0,0,0,0,0,0,0,0,0,0,0,0,0,0,0,0,0,0,0,0,0,0,7,0,3,18,0,27,0,0,0,0,0,0,0,0,0,0,0,6,0,0,0,0,0,0,0,0,0,0,0,0,0,0,0,0,0,0,0,0,6,0,0,9,0,3,0,0,0,6,0,0,0,0,67,69,33,15,24,270,64,407
LGA55600,14,72,72,755,9,922,0,7,4,242,8,261,5,0,0,3,0,6,4,0,0,0,0,4,34,14,7,17,0,67,144,69,62,622,11,910,21,0,0,0,0,19,3,0,0,3,0,11,24,4,3,40,0,69,4,0,0,0,0,5,0,0,0,0,0,0,8,3,0,0,0,15,38,7,17,121,0,185,8,7,3,31,3,53,0,0,0,0,0,0,0,0,0,0,0,4,0,0,0,0,0,0,0,0,0,0,0,4,22,3,4,0,0,30,8,3,4,3,0,23,0,3,0,0,0,3,3,0,0,0,0,3,0,0,0,0,0,0,44,12,18,139,5,216,0,0,0,0,0,0,9,0,0,0,0,14,3,0,0,0,0,4,0,0,0,0,0,0,0,0,0,0,0,0,0,0,0,3,0,8,33,10,10,9,0,55,0,0,0,12,249,269,323,125,119,1435,294,2292
LGA55670,0,30,11,162,0,208,0,0,0,53,3,52,0,0,0,0,0,0,0,0,0,8,0,8,0,0,0,0,0,4,37,30,24,168,3,254,0,0,0,0,0,0,0,0,0,0,0,0,4,3,0,19,0,30,0,0,0,0,0,0,0,0,0,0,0,0,6,0,0,0,0,6,3,3,3,51,0,60,4,0,0,3,0,6,0,0,0,0,0,0,0,0,0,0,0,0,0,0,0,0,0,0,0,0,0,0,0,0,9,0,0,0,0,8,0,0,0,0,0,6,0,0,0,4,0,5,0,0,0,0,0,0,0,0,0,0,0,0,3,17,4,41,0,70,0,0,0,0,0,0,0,0,4,0,0,0,0,0,0,0,0,0,0,0,0,0,0,0,0,0,0,0,0,0,0,0,0,0,0,4,16,0,3,0,0,22,0,0,0,3,125,136,78,50,29,371,130,660
LGA55740,77,464,400,1836,10,2781,0,11,0,83,0,98,326,7,37,6,0,375,26,16,0,54,4,97,86,25,16,38,0,168,1232,454,319,1786,16,3805,46,0,12,0,0,51,85,6,3,20,0,124,146,44,26,114,0,335,23,16,3,63,0,103,20,0,3,5,0,27,113,13,7,6,0,140,338,88,69,622,0,1124,163,47,26,153,0,393,13,0,0,0,4,17,9,3,0,4,0,19,7,0,4,8,0,21,5,3,0,12,0,22,8,0,4,0,0,10,41,10,14,0,0,68,78,8,13,24,0,120,38,3,0,5,0,45,3,0,0,0,0,3,283,107,93,610,6,1090,12,0,0,0,0,9,95,11,25,0,0,142,41,0,6,13,0,58,17,0,4,0,0,29,16,0,4,3,0,24,62,5,8,30,0,103,862,107,89,121,3,1178,28,5,0,22,451,508,3382,822,669,3810,488,9169
LGA55810,3,13,10,103,0,132,0,3,0,51,0,54,0,0,0,0,0,3,0,0,0,0,0,0,0,0,0,4,0,4,31,11,10,66,0,129,5,0,0,0,0,5,0,0,0,0,0,0,9,0,0,0,0,11,0,0,0,0,0,6,0,0,0,0,0,0,0,0,0,0,0,0,3,4,4,23,0,29,3,0,0,3,0,7,0,0,0,0,0,0,0,0,0,0,0,0,0,0,0,0,0,0,0,0,0,0,0,0,7,0,0,0,0,7,4,0,0,0,0,4,0,0,0,4,0,4,0,0,0,0,0,0,0,0,0,0,0,0,3,3,5,14,0,27,0,0,0,0,0,0,0,0,0,0,0,0,0,0,0,0,0,0,0,0,0,0,0,0,0,0,0,0,0,0,4,0,0,3,0,3,23,8,8,0,0,40,0,0,0,0,315,315,93,29,22,202,312,653
LGA55880,4,17,14,175,0,214,0,0,0,19,0,19,0,0,0,0,0,0,0,0,0,0,0,0,0,0,0,0,0,0,33,21,19,144,0,216,0,0,0,0,0,0,0,0,0,0,0,0,7,0,0,12,0,20,0,0,0,0,0,0,0,0,0,0,0,0,0,0,0,0,0,0,5,0,3,34,0,38,0,0,0,0,0,6,0,0,0,0,0,0,0,0,0,0,0,0,0,0,0,0,0,0,0,0,0,0,0,6,4,0,0,0,0,8,0,0,0,0,0,8,0,0,0,0,0,5,0,0,0,0,0,0,0,0,0,0,0,0,7,0,5,25,0,45,0,0,0,0,0,0,0,0,0,0,0,0,0,0,0,0,0,0,0,0,0,0,0,0,0,0,0,0,0,0,0,0,0,7,0,7,8,0,0,0,0,11,0,0,0,0,39,39,60,31,28,301,40,459
LGA55950,0,26,32,201,0,260,0,0,0,22,0,22,0,0,0,0,0,0,0,0,0,0,0,0,3,0,0,0,0,6,27,28,26,175,0,254,3,0,0,0,0,3,0,0,0,3,0,3,0,0,0,14,0,14,0,0,0,0,0,0,0,0,0,0,0,0,0,0,0,0,0,0,4,4,5,42,0,50,6,0,0,9,0,15,0,0,0,0,0,0,0,0,0,0,0,0,0,0,0,0,0,0,0,0,0,0,0,0,0,0,0,0,0,5,0,0,0,3,0,11,0,0,0,6,0,9,0,0,0,0,0,0,0,0,0,0,0,0,12,4,5,54,0,75,0,0,0,0,0,0,6,0,0,0,0,10,0,0,0,0,0,0,0,0,0,0,0,0,0,0,0,0,0,0,0,0,0,0,0,5,9,0,5,3,0,11,5,0,0,9,60,70,59,36,40,373,66,579
LGA56090,316,2249,1777,9779,133,14260,8,44,53,682,23,808,248,27,43,75,5,392,135,47,18,135,0,337,557,157,101,255,3,1071,6248,2043,1632,7861,143,17929,225,18,28,12,0,279,154,28,22,73,0,281,535,137,93,613,11,1388,62,26,15,69,3,169,62,15,9,40,0,128,288,47,15,29,0,375,1147,326,221,1846,22,3568,647,272,111,822,9,1860,9,0,3,0,0,13,4,4,0,5,0,16,18,10,4,16,0,53,29,13,7,30,3,84,164,39,37,12,0,248,254,129,61,38,7,484,266,47,30,103,0,437,55,10,10,31,5,102,13,0,0,0,0,14,1361,458,333,2025,20,4208,40,7,0,4,0,55,255,35,18,7,3,321,62,8,7,27,0,108,25,13,8,4,0,47,38,0,4,0,0,38,270,52,46,107,4,476,1590,386,307,433,25,2746,87,19,24,117,3380,3624,11684,3742,2840,17190,3707,39166
LGA56160,0,0,0,34,0,33,0,0,0,32,6,41,0,0,0,0,0,0,0,0,0,0,0,0,0,0,0,0,0,0,4,3,0,16,4,26,0,0,0,0,0,0,0,0,0,0,0,0,0,0,0,5,0,8,0,0,0,0,0,0,0,0,0,0,0,0,0,0,0,0,0,0,0,0,0,0,0,6,0,0,0,0,0,3,0,0,0,0,0,0,0,0,0,0,0,0,0,0,0,0,0,0,0,0,0,0,0,0,0,0,0,0,0,0,0,0,0,0,0,0,0,0,0,0,0,0,0,0,0,0,0,0,0,0,0,0,0,0,0,0,0,7,0,7,0,0,0,0,0,0,0,0,0,0,0,0,0,0,0,0,0,0,0,0,0,0,0,0,0,0,0,0,0,0,0,0,0,0,0,0,0,0,0,0,0,6,0,0,0,0,7,6,0,4,0,83,11,101
LGA56230,145,873,725,5707,99,7546,0,38,19,416,9,478,65,0,0,8,0,78,24,21,4,30,0,76,175,49,38,121,5,389,2441,818,702,4563,114,8641,104,0,11,3,0,116,27,3,3,25,0,65,139,40,40,300,5,525,10,3,4,23,0,39,10,0,0,13,0,24,39,11,9,18,0,80,422,135,99,975,12,1637,136,83,35,346,11,609,0,0,5,0,0,9,3,0,0,0,0,4,0,0,0,8,0,17,10,6,3,7,0,22,115,29,19,9,0,169,89,58,27,28,0,199,41,8,0,35,0,94,7,0,0,12,0,20,5,0,0,0,0,5,503,189,133,1074,15,1912,3,5,0,0,0,13,94,6,5,3,0,116,19,0,0,18,0,35,3,0,0,0,0,4,18,0,3,0,0,19,73,16,9,34,0,139,407,96,72,155,9,735,36,15,11,104,1226,1385,4051,1484,1137,9955,1444,18068
LGA56300,9,65,51,361,7,493,0,0,3,35,0,44,3,0,0,0,0,9,5,0,0,0,0,0,22,0,0,0,0,25,207,65,56,365,7,700,0,0,0,0,0,0,5,0,0,0,0,4,29,3,7,15,0,51,0,0,0,0,0,0,10,0,0,0,0,4,9,0,0,0,0,9,51,13,3,98,3,171,21,9,3,27,0,60,0,0,0,0,0,0,0,0,0,0,0,0,0,0,0,0,0,0,0,0,0,0,0,4,5,4,0,0,0,9,9,4,3,5,0,18,5,0,0,0,0,7,4,0,0,0,0,6,0,0,0,0,0,0,67,16,6,103,4,190,0,0,0,0,0,0,6,4,0,0,0,8,0,0,0,0,0,6,0,0,0,0,0,0,0,0,0,0,0,0,7,3,0,4,0,16,43,8,10,7,0,74,5,0,0,4,191,200,408,115,94,721,199,1538
LGA56370,7,23,22,239,8,296,0,0,0,25,0,25,0,0,0,0,0,0,0,0,0,4,0,4,0,0,0,0,0,7,48,28,20,246,5,347,9,0,3,0,0,14,0,0,0,0,0,0,10,0,3,21,0,35,0,0,0,0,0,0,0,0,0,0,0,5,8,0,0,0,0,5,9,0,8,40,0,53,12,3,3,25,0,42,0,0,0,0,0,0,0,0,0,0,0,0,0,0,0,0,0,0,0,0,0,0,0,0,7,0,0,0,0,5,7,0,0,0,0,5,4,0,0,6,0,9,0,0,0,0,0,0,0,0,0,0,0,0,11,8,0,61,0,80,0,0,0,0,0,0,5,0,0,0,0,5,0,0,0,0,0,0,0,0,0,0,0,0,0,0,0,0,0,0,0,0,0,3,0,0,12,0,4,0,0,19,0,0,0,9,115,126,106,41,38,469,130,787
LGA56460,47,162,158,1400,34,1796,0,18,0,221,9,250,23,0,0,0,0,26,0,0,0,3,0,3,39,6,3,52,0,99,348,170,155,1235,47,1957,113,0,9,0,5,123,7,0,0,9,0,12,40,12,11,104,4,160,0,0,0,0,0,3,0,0,0,0,0,0,39,0,0,0,0,41,55,29,16,274,10,379,38,14,8,76,0,143,3,0,0,0,0,3,0,0,0,0,0,0,0,0,0,0,0,0,0,0,0,8,0,8,36,3,8,4,5,51,26,11,11,11,0,58,26,4,5,13,0,55,5,0,0,0,0,5,0,0,0,0,0,0,77,35,31,260,3,408,3,0,0,0,0,3,69,0,9,3,0,77,0,0,0,5,0,9,0,0,0,0,0,0,7,0,0,0,0,13,3,0,0,10,0,14,205,11,14,36,11,269,12,0,0,35,477,532,1000,282,258,2670,567,4779
LGA56580,216,1101,1058,4340,20,6734,5,6,9,64,0,81,2144,90,172,87,9,2515,67,28,16,88,6,205,260,69,45,108,0,490,2575,1003,810,4173,39,8604,54,3,24,4,3,94,128,11,20,32,0,197,330,68,80,355,4,831,82,51,23,139,0,299,35,10,6,8,0,67,549,28,39,33,0,651,713,210,199,1427,10,2561,313,148,79,392,0,930,44,3,7,0,0,54,24,0,0,12,0,39,15,5,0,22,0,48,8,0,0,12,0,23,23,3,8,4,0,35,65,33,16,15,0,129,137,37,30,56,0,262,52,3,9,9,0,72,4,0,0,0,0,4,787,246,200,1298,7,2534,17,0,5,0,0,23,244,32,31,0,0,299,60,8,4,19,0,89,118,22,7,5,0,154,124,4,24,5,0,163,127,26,25,75,0,239,1722,233,271,239,9,2469,60,6,10,36,615,731,8842,2012,1798,8777,705,22132
LGA56620,0,7,3,45,0,58,0,0,4,1103,29,1135,3,0,0,0,0,3,0,0,0,0,0,0,0,0,0,0,0,0,15,10,8,23,0,55,0,0,0,0,0,0,0,0,0,0,0,0,0,0,0,0,0,3,0,0,0,0,0,0,0,0,0,0,0,0,0,0,0,0,0,0,6,0,0,10,0,22,3,0,0,0,0,8,0,0,0,0,0,0,0,0,0,0,0,0,0,0,0,0,0,0,0,0,0,0,0,0,4,0,5,0,0,10,3,0,0,0,0,3,3,0,0,0,0,4,0,0,0,0,0,0,3,0,0,0,0,6,8,0,0,7,0,17,0,0,0,0,0,0,0,0,0,0,0,0,0,0,0,0,0,0,0,0,0,0,0,0,0,0,0,0,0,0,0,0,0,0,0,0,19,0,0,7,4,25,0,0,0,17,79,88,45,13,16,1177,106,1358
LGA56730,105,399,377,3493,57,4423,0,20,11,619,8,667,50,4,6,13,0,70,17,7,0,18,0,41,97,41,14,58,4,204,1062,412,342,2719,79,4619,180,0,17,0,0,202,21,5,6,17,0,47,131,34,33,204,4,407,12,4,0,11,0,21,9,5,0,4,0,12,67,3,5,5,0,78,204,72,58,660,13,998,69,36,19,180,3,299,0,0,0,0,0,3,0,0,0,0,0,0,3,0,0,3,0,10,6,0,0,3,0,13,65,8,14,0,0,85,49,21,12,6,0,85,102,14,11,44,0,169,18,3,0,11,0,32,6,0,0,0,0,10,229,98,59,623,13,1030,22,0,0,0,0,22,36,3,3,3,0,43,12,0,0,0,0,13,6,0,0,0,0,13,14,0,0,0,0,15,40,13,3,26,0,80,310,64,68,124,9,573,13,12,4,58,1340,1430,2301,741,607,6205,1501,11358
LGA56790,27,114,100,979,15,1229,0,4,3,157,11,173,8,0,0,0,0,11,0,0,0,3,0,3,28,11,9,8,0,60,311,114,93,862,18,1395,10,0,0,0,0,18,7,3,0,0,0,8,32,6,11,81,0,135,5,0,0,7,0,17,6,0,0,0,0,3,16,0,0,3,0,17,46,15,18,183,4,265,15,7,6,52,0,77,0,0,0,0,0,0,0,0,0,0,0,0,0,0,0,0,0,0,0,0,0,0,0,0,10,0,3,0,0,11,18,0,3,0,0,31,7,0,0,0,0,6,0,0,0,0,0,4,0,0,0,0,0,0,74,31,24,182,5,311,0,0,0,0,0,0,7,0,0,0,0,7,0,3,0,8,0,11,0,0,0,4,0,3,6,0,0,0,0,6,12,3,0,6,0,27,58,0,11,27,0,97,0,0,0,16,413,432,544,187,168,1876,457,3227
LGA56860,0,9,10,96,0,116,0,0,0,9,0,8,0,0,0,0,0,0,0,0,0,0,0,0,0,0,0,0,0,0,9,6,9,47,3,86,0,0,0,0,0,0,0,0,0,5,0,5,0,0,0,10,0,8,0,0,0,0,0,0,0,0,0,0,0,0,0,0,0,0,0,0,0,5,0,12,0,18,0,0,0,3,0,8,0,0,0,0,0,0,0,0,0,0,0,0,0,0,0,0,0,0,0,0,0,3,0,3,0,0,3,0,0,4,0,0,0,0,0,0,0,0,0,0,0,3,0,0,0,0,0,0,0,0,0,0,0,0,4,0,0,12,0,19,0,0,0,0,0,0,4,0,0,0,0,3,0,0,0,0,0,0,0,0,0,0,0,0,0,0,0,0,0,0,0,0,0,6,0,6,0,5,0,0,0,7,0,0,0,0,51,51,24,15,12,142,56,255
LGA56930,15,76,71,375,3,543,0,0,0,22,0,24,56,0,9,6,0,69,5,0,0,4,0,13,20,0,3,5,0,24,195,74,82,352,3,704,0,0,0,0,0,0,22,0,3,3,0,31,18,3,4,21,0,45,4,8,5,6,0,20,0,0,0,0,0,4,11,0,3,0,0,14,43,29,22,113,0,209,17,10,5,36,0,69,0,0,0,0,0,0,0,0,0,0,0,3,0,0,0,0,0,0,0,0,0,0,0,0,0,0,0,0,0,0,3,0,0,0,0,8,11,0,0,5,0,13,7,0,0,0,0,7,4,0,0,0,0,4,41,24,23,122,0,216,0,0,0,0,0,0,22,0,0,0,0,28,7,0,0,4,0,10,13,3,0,0,0,15,4,0,0,0,0,4,9,0,0,9,0,22,102,23,14,22,0,164,0,0,0,4,56,64,491,149,143,750,66,1597
LGA57000,0,11,27,146,5,188,0,3,0,14,0,17,5,0,0,0,0,13,0,0,0,0,0,0,4,0,0,0,0,10,29,20,21,147,0,212,4,0,0,0,0,6,0,0,0,6,0,7,5,0,0,14,0,21,0,0,0,0,0,0,0,0,0,0,0,0,0,0,0,0,0,0,4,0,8,39,0,51,5,3,0,9,0,13,0,0,0,0,0,0,0,0,0,0,0,0,0,0,0,0,0,0,0,0,0,0,0,0,7,0,0,0,0,12,5,0,0,0,0,6,3,0,0,4,0,3,0,0,0,0,0,0,0,0,0,0,0,0,11,5,3,32,0,45,0,0,0,0,0,0,0,0,0,0,0,0,0,0,0,0,0,0,0,0,0,0,0,0,0,0,0,0,0,0,0,0,0,0,0,4,18,0,4,0,0,26,0,0,0,0,189,192,89,27,39,278,193,629
LGA57080,223,759,672,2519,32,4209,11,34,22,282,3,352,4066,30,76,33,18,4227,99,11,9,56,0,175,214,56,44,83,5,397,2938,694,540,2640,44,6862,495,3,47,0,0,549,251,10,14,26,0,298,384,64,38,264,4,753,95,31,16,71,0,213,49,7,3,6,0,71,1435,19,18,12,4,1495,858,166,114,1001,10,2150,682,115,63,344,4,1214,414,0,6,3,0,428,44,4,6,6,0,62,29,8,7,16,0,55,14,12,0,13,0,36,135,13,10,3,0,161,126,33,18,4,0,190,196,7,16,52,3,275,175,9,11,7,0,206,10,0,0,0,0,10,749,177,121,808,13,1870,102,3,4,11,3,119,208,17,8,3,0,239,298,3,12,9,0,322,101,5,4,0,0,111,378,5,9,5,0,395,126,27,5,34,0,197,5456,220,230,212,32,6156,181,4,6,40,2662,2884,17356,1446,1207,5641,2821,28463
LGA57140,8,42,25,327,5,400,0,0,0,89,0,99,0,0,0,0,0,0,0,0,0,4,0,4,9,0,6,4,0,16,100,33,27,333,3,505,10,0,3,0,0,10,7,0,0,0,0,5,14,0,5,16,0,31,0,0,0,0,0,0,7,0,0,0,0,7,4,0,0,0,0,6,15,5,4,55,3,84,10,0,0,9,0,24,0,0,0,0,0,0,0,0,0,0,0,0,0,0,0,0,0,0,0,0,0,0,0,0,6,4,0,0,0,10,11,7,0,0,0,19,8,0,0,6,0,12,0,0,0,0,0,0,0,0,0,0,0,0,24,5,9,60,0,93,0,0,0,0,0,0,0,0,0,0,0,0,3,0,0,0,0,0,0,0,0,0,0,0,0,0,0,0,0,0,0,0,0,4,0,10,25,6,3,6,0,44,4,0,0,3,48,58,202,66,49,656,63,1037
LGA57210,27,216,201,1573,18,2042,0,10,9,136,3,164,12,0,0,9,0,26,4,0,0,0,0,11,52,16,8,38,5,117,664,232,199,1357,51,2500,57,0,10,0,0,65,6,0,0,5,0,13,70,7,18,95,0,187,6,3,0,8,0,10,7,0,0,0,0,6,7,0,0,3,0,13,102,41,25,273,8,452,24,12,4,51,3,94,0,0,0,0,0,0,0,0,0,0,0,0,0,0,0,3,0,8,0,0,0,0,0,4,8,9,0,0,0,19,17,12,4,6,0,40,13,0,4,10,0,24,3,0,0,0,0,6,0,0,0,0,0,0,147,41,46,313,16,563,3,0,0,0,0,4,35,0,0,0,0,34,6,0,0,0,0,10,3,0,0,0,0,3,0,0,0,0,0,3,27,6,3,14,0,46,235,20,30,38,3,326,21,4,4,19,580,626,1263,373,314,2773,663,5388
LGA57280,110,490,465,3345,25,4439,8,105,62,2414,59,2650,162,12,19,43,3,231,31,9,3,10,0,66,80,41,21,84,4,225,1071,426,348,2433,53,4326,453,9,50,13,0,525,45,0,3,15,0,62,106,30,31,285,3,457,23,7,3,17,0,51,8,3,0,4,0,13,210,8,4,9,0,236,301,76,73,708,14,1159,71,34,23,211,4,344,15,0,4,0,0,22,9,0,0,4,0,10,12,3,0,6,0,19,3,9,0,6,0,13,352,55,40,30,3,484,161,51,18,20,0,252,23,3,9,16,0,53,10,0,3,9,0,21,42,3,3,4,0,53,293,83,75,587,4,1041,12,5,0,3,0,18,90,12,15,0,0,119,47,0,5,12,0,70,18,0,0,0,0,20,27,0,0,0,0,33,27,5,12,14,0,53,1122,132,189,586,8,2046,61,8,6,82,2242,2399,3912,924,850,7605,2387,15684
LGA57350,3,26,20,255,4,308,0,3,0,75,0,77,0,0,0,0,0,0,0,0,0,3,0,3,5,0,0,4,0,16,61,36,15,216,6,333,6,0,0,0,0,7,0,0,0,3,0,5,3,0,0,8,0,9,0,0,0,0,0,0,0,0,0,0,0,0,5,0,0,0,0,5,4,0,4,42,0,54,3,4,0,14,0,22,0,0,0,0,0,0,0,0,0,0,0,0,0,0,0,0,0,0,0,0,0,0,0,0,3,0,0,0,0,3,0,0,0,0,0,0,3,0,0,0,0,10,0,0,0,0,0,0,0,0,0,0,0,0,20,0,8,87,0,113,0,0,0,0,0,0,0,0,0,0,0,4,0,0,0,5,0,6,0,0,0,0,0,0,0,0,0,0,0,0,0,0,0,0,0,0,8,5,5,8,0,24,0,0,0,6,239,248,113,54,33,523,239,961
LGA57420,12,85,61,643,10,808,0,0,5,61,3,67,3,0,0,0,0,3,0,5,0,4,0,7,11,7,0,15,0,32,211,91,56,517,18,891,20,0,0,0,0,18,7,0,0,0,0,6,31,7,4,41,0,92,0,0,0,0,0,0,0,0,0,0,0,0,13,0,0,0,0,10,39,13,10,143,3,203,12,11,0,51,0,73,3,0,0,0,0,3,0,0,0,0,0,0,0,0,5,0,0,4,0,0,0,0,0,0,18,0,3,8,0,24,9,9,3,3,0,22,5,0,0,0,0,4,0,0,0,0,0,0,0,0,0,0,0,0,61,17,10,111,6,199,0,0,0,0,0,0,33,4,0,0,0,39,5,0,0,0,0,0,0,0,0,0,0,0,3,0,0,0,0,3,3,0,0,0,0,8,97,15,16,6,0,133,6,0,0,19,176,203,463,153,104,1154,212,2085
LGA57490,1640,7207,6059,30861,335,46103,39,273,170,2949,38,3468,933,56,86,154,4,1228,380,106,72,333,11,907,1483,450,314,874,20,3146,27740,6582,5620,24341,454,64742,1540,42,222,38,6,1852,398,58,53,135,3,650,1516,395,325,1946,24,4210,149,45,41,162,5,410,129,33,17,52,0,226,1196,104,44,90,4,1427,4827,891,759,5431,90,12001,1143,586,265,2103,32,4133,118,0,6,0,0,136,53,17,23,14,3,110,68,16,5,33,0,126,117,53,17,102,3,298,3019,367,249,79,22,3746,1282,431,293,125,8,2141,438,93,74,216,3,828,173,19,36,37,0,271,334,31,13,8,7,394,6294,1352,1059,5328,76,14110,433,42,8,45,0,526,1694,181,122,41,6,2040,388,59,25,140,3,619,62,7,6,8,0,97,255,8,31,10,0,300,1042,172,110,292,9,1628,8177,1077,1075,1269,101,11702,577,90,86,506,7223,8486,52515,11908,9814,53232,8207,135678
LGA57630,0,0,8,23,0,32,0,0,0,0,0,0,0,0,0,0,0,0,0,0,0,0,0,0,0,0,0,0,0,0,6,0,0,22,0,34,0,0,0,0,0,0,0,0,0,0,0,0,0,0,0,0,0,0,0,0,0,0,0,0,0,0,0,0,0,0,0,0,0,0,0,0,4,0,0,8,0,12,0,0,0,0,0,0,0,0,0,0,0,0,0,0,0,0,0,0,0,0,0,0,0,0,0,0,0,0,0,0,0,0,0,0,0,0,0,0,0,0,0,0,0,0,0,0,0,0,0,0,0,0,0,0,0,0,0,0,0,0,6,0,0,8,0,9,0,0,0,0,0,0,0,0,0,0,0,0,0,0,0,0,0,0,0,0,0,0,0,0,0,0,0,0,0,0,0,0,0,0,0,0,4,0,0,0,0,8,0,0,0,0,37,34,24,0,8,49,38,109
LGA57700,452,1842,1564,8274,72,12204,7,72,51,700,7,842,235,7,23,30,5,299,45,21,5,87,0,160,649,214,173,426,0,1464,4858,1578,1450,6064,97,14044,346,9,25,8,5,388,90,23,15,36,0,160,262,84,84,422,12,864,31,11,8,29,0,77,22,4,7,9,0,43,738,31,8,23,0,803,794,189,162,1150,14,2308,324,137,90,650,4,1210,15,0,4,0,0,23,11,5,3,10,0,29,5,0,0,8,0,16,19,11,4,25,0,54,366,66,46,18,3,502,282,123,62,33,6,502,64,22,23,61,0,167,11,9,0,13,0,36,32,9,4,0,3,44,972,288,254,1127,19,2657,32,0,0,9,0,43,375,57,45,13,3,494,63,13,8,19,0,96,26,5,0,8,0,47,44,0,0,0,4,46,140,35,33,49,5,259,2639,304,243,328,7,3521,128,20,15,122,1644,1928,11209,2954,2499,13660,1848,32173
LGA57770,3,35,55,266,11,373,0,3,0,94,0,99,4,0,0,0,0,5,0,0,0,0,0,3,8,0,0,0,0,11,106,33,38,178,3,351,12,0,0,0,0,12,11,0,0,3,0,11,12,0,0,13,0,30,0,0,0,0,0,5,0,0,0,0,0,5,0,0,0,0,0,0,22,10,5,41,0,81,21,0,5,18,0,47,0,0,0,0,0,0,0,0,0,0,0,0,0,0,0,0,0,6,0,0,0,0,0,0,8,0,0,3,0,9,3,3,0,0,0,8,4,0,0,0,0,3,0,0,0,0,0,0,0,0,0,0,0,0,29,14,8,30,0,77,0,0,0,0,0,0,6,0,0,0,0,3,10,0,0,0,0,9,0,0,0,0,0,0,8,0,0,0,0,7,8,0,0,3,0,9,42,3,13,6,3,70,3,0,4,4,154,163,246,66,69,470,178,1031
LGA57840,418,1915,1610,7981,81,12005,13,33,23,503,19,588,3829,95,172,99,20,4224,157,53,46,200,9,455,391,135,91,257,3,875,5008,1753,1374,7282,106,15524,326,8,60,12,0,409,264,30,29,72,0,391,455,103,92,638,9,1297,172,38,26,125,5,375,80,12,5,16,0,113,1259,57,54,30,8,1404,1298,347,268,2399,26,4345,903,306,165,1035,5,2419,246,0,12,9,0,262,54,17,0,9,0,80,47,4,8,22,0,87,35,18,14,26,0,90,112,16,22,3,0,158,192,88,46,24,0,347,296,51,45,105,3,504,118,5,25,17,0,167,13,0,0,0,0,15,1323,400,311,1946,15,3989,71,11,6,5,0,96,372,41,44,14,0,466,176,12,15,35,0,237,144,19,7,10,0,177,277,8,13,5,4,310,212,41,23,108,0,381,4985,420,458,521,44,6424,181,10,11,86,2000,2290,19037,3421,2864,15771,2302,43405
LGA57910,3383,9402,7399,35000,412,55602,80,214,85,2098,38,2521,11093,262,470,333,51,12208,1589,390,192,1093,14,3282,1885,566,316,895,19,3679,24416,8169,5998,30635,525,69741,2143,29,219,51,6,2447,1187,125,104,265,7,1701,2660,521,465,2522,41,6210,1742,427,211,1189,17,3593,461,82,41,97,0,682,7425,262,196,190,23,8097,7547,1815,1236,10036,123,20759,9915,2584,1170,7186,99,20954,602,4,46,20,0,680,210,40,18,51,0,314,2705,359,249,769,27,4109,201,69,58,158,3,482,1024,168,94,36,9,1338,1123,441,259,125,5,1953,1833,262,226,517,14,2857,712,44,103,111,6,972,111,37,8,3,0,160,5975,1751,1316,8097,84,17225,1220,96,63,95,11,1490,2338,217,222,61,3,2839,989,73,64,192,3,1327,522,51,35,50,5,660,4408,101,157,75,20,4760,918,214,108,511,0,1757,34307,2213,2419,2260,262,41458,1686,113,60,476,9820,12160,113069,17992,13436,70557,11323,226369
LGA57980,187,851,674,3012,29,4753,0,10,18,96,0,128,1060,40,58,51,6,1212,70,25,19,86,0,200,167,52,48,92,0,359,2344,841,598,3029,42,6853,120,0,14,3,0,139,192,28,25,49,0,293,265,61,38,270,6,639,77,34,20,61,0,196,46,5,11,8,0,74,339,20,13,12,5,393,690,200,141,1194,14,2236,309,116,45,315,5,793,96,3,0,0,0,103,5,3,7,0,0,17,15,11,9,13,0,48,9,7,0,14,0,32,20,3,0,0,0,25,54,29,9,5,0,99,148,14,27,61,4,252,79,5,6,6,0,105,0,0,0,0,0,0,681,185,151,946,6,1972,59,0,0,4,0,65,129,12,20,8,0,168,81,3,13,24,0,119,30,8,4,10,0,47,84,0,5,5,0,92,88,20,11,52,0,173,1810,206,236,204,10,2463,46,0,0,22,758,831,7317,1586,1246,6253,862,17267
LGA58050,2756,6622,5534,29058,383,44357,56,329,215,4294,68,4962,3648,80,189,133,18,4070,798,187,118,631,16,1752,1244,368,218,725,13,2568,18721,5881,4711,22998,486,52792,4582,56,280,44,26,4983,571,67,68,140,5,846,1422,372,316,1782,28,3913,288,140,69,331,5,838,234,35,29,81,0,385,6486,206,126,161,22,6999,3887,998,672,5302,69,10936,2631,1048,574,3518,50,7822,177,4,18,4,6,202,104,36,7,33,0,181,418,88,53,162,8,725,197,76,43,117,3,434,2164,248,179,85,15,2695,1117,422,265,139,17,1966,832,161,132,413,12,1542,215,21,27,36,0,307,205,34,11,3,0,256,4311,1122,930,5098,69,11537,537,51,23,50,4,667,1362,128,122,47,6,1652,601,41,34,143,6,829,338,41,12,27,5,421,2859,53,88,64,7,3072,609,122,102,273,3,1107,21939,1470,1292,1627,199,26529,1207,88,87,468,6965,8805,70489,11845,9371,53097,8177,152974
LGA58190,4,7,20,113,5,147,0,0,0,28,0,28,0,0,0,0,0,0,0,0,0,0,0,0,0,0,4,4,0,3,39,13,20,108,0,176,0,0,0,0,0,4,0,0,0,0,0,0,0,0,0,8,0,11,0,0,0,0,0,0,0,0,0,0,0,0,0,0,0,0,0,0,4,4,6,30,0,43,0,0,0,9,0,10,0,0,0,0,0,0,0,0,0,0,0,0,0,0,0,0,0,0,0,0,0,0,0,0,0,0,0,0,0,0,4,0,0,0,0,8,0,0,0,0,0,0,0,0,0,0,0,0,0,0,0,0,0,0,10,0,4,21,0,31,0,0,0,0,0,0,3,0,0,0,0,6,0,0,0,0,0,0,0,0,0,0,0,0,0,0,0,0,0,0,0,0,0,0,0,0,3,0,0,0,0,9,0,0,0,0,50,55,61,14,27,231,61,386
LGA58260,0,13,23,185,0,229,0,0,3,37,4,43,3,0,0,0,0,3,0,0,0,0,0,0,0,0,0,0,0,5,50,12,21,136,6,229,5,0,0,0,0,5,0,0,0,0,0,0,4,0,4,11,0,17,0,0,0,0,0,0,0,0,0,0,0,0,3,0,0,0,0,3,10,0,8,19,0,41,0,6,0,4,0,11,0,0,0,0,0,0,0,0,0,0,0,0,0,0,0,0,0,0,0,0,0,0,0,0,7,0,8,0,0,14,4,3,0,0,0,5,0,0,0,0,0,0,0,0,0,0,0,0,0,0,0,0,0,3,11,0,6,19,5,38,0,0,0,0,0,0,4,0,0,0,0,4,5,0,0,0,0,5,0,0,0,0,0,0,0,0,0,0,0,0,0,0,3,0,0,5,11,3,0,4,0,16,5,0,0,3,89,96,91,28,42,321,97,575
LGA58330,17,242,192,1205,23,1683,0,10,5,99,0,125,13,0,0,9,0,24,3,0,3,16,0,23,56,9,6,16,0,92,690,195,173,963,29,2050,7,0,0,0,0,7,22,0,0,8,0,29,70,19,15,70,3,176,5,3,0,0,0,8,13,0,0,0,0,11,9,0,3,0,0,20,120,35,31,271,10,467,42,9,8,35,3,99,0,0,0,0,0,0,0,0,0,0,0,0,0,3,0,0,0,0,10,0,0,6,0,13,31,0,4,0,4,35,33,26,4,6,0,66,19,3,3,8,0,34,4,0,0,5,0,5,6,0,0,0,0,6,156,46,44,239,3,492,0,0,0,0,0,7,18,11,5,0,0,34,9,0,3,0,0,15,0,0,4,0,0,4,4,0,0,0,0,4,41,7,5,17,0,70,140,27,14,53,5,241,14,0,6,27,487,530,1203,383,300,2161,549,4601
LGA58400,0,16,11,83,5,111,0,0,0,17,0,15,0,0,0,0,0,0,0,0,0,0,0,0,8,0,0,0,0,8,38,14,7,70,10,145,0,0,0,0,0,0,0,0,0,0,0,0,7,0,0,8,0,12,0,0,0,0,0,5,0,0,0,0,0,0,0,0,0,0,0,0,4,0,0,14,6,24,0,0,0,0,0,5,0,0,0,0,0,0,0,0,0,0,0,0,0,0,0,0,0,0,0,0,0,0,0,0,0,0,0,0,0,0,0,0,0,0,0,0,6,0,0,0,0,6,0,0,0,0,0,0,0,0,0,0,0,0,5,0,6,17,4,28,0,0,0,0,0,0,0,0,0,0,0,0,0,0,0,0,0,0,0,0,0,0,0,0,0,0,0,0,0,0,0,0,0,0,0,0,7,5,0,10,0,13,0,0,0,0,28,35,58,23,15,153,39,298
LGA58470,0,0,0,37,0,39,0,0,0,88,0,92,0,0,0,0,0,0,0,0,0,0,0,0,0,0,0,0,0,0,4,0,0,16,0,20,0,0,0,0,0,0,0,0,0,0,0,0,0,0,0,3,0,4,0,0,0,0,0,0,0,0,0,0,0,0,0,0,0,0,0,0,0,0,0,6,0,6,0,0,0,0,0,0,0,0,0,0,0,0,0,0,0,0,0,0,0,0,0,0,0,0,0,0,0,0,0,0,0,0,0,0,0,0,0,0,0,0,0,0,0,0,0,0,0,0,0,0,0,0,0,0,0,0,0,0,0,0,0,3,0,4,0,10,0,0,0,0,0,0,0,0,0,0,0,0,0,0,0,0,0,0,0,0,0,0,0,0,0,0,0,0,0,0,0,0,0,0,0,0,9,0,0,5,0,10,0,0,0,0,13,13,18,0,0,135,15,170
LGA58510,371,1586,1353,6069,123,9511,10,58,27,512,22,619,2438,65,118,65,17,2702,106,26,22,126,0,285,322,110,51,192,0,676,4022,1475,1185,5303,114,12104,449,8,73,5,0,540,195,25,20,53,0,297,439,97,96,503,3,1128,90,39,13,75,0,219,43,9,7,16,0,83,1333,41,42,41,6,1473,1233,320,233,1703,24,3508,894,239,130,815,22,2095,300,8,15,4,0,327,18,16,0,8,0,46,17,4,12,13,0,45,34,13,8,28,0,92,162,24,21,19,3,235,215,72,44,18,0,345,219,35,28,92,0,378,99,9,3,12,0,129,18,0,0,0,0,21,1084,357,279,1451,17,3187,55,5,11,5,0,78,204,32,18,9,0,266,148,3,20,38,0,209,117,10,12,11,0,147,330,6,32,5,0,366,158,36,24,93,0,316,5425,359,419,393,50,6648,176,12,13,78,2461,2731,16982,2890,2421,11773,2820,36889
LGA58540,0,27,27,230,3,296,0,3,0,26,0,33,0,0,0,0,0,0,0,0,0,0,0,0,5,0,0,0,0,12,62,30,27,207,4,330,13,0,0,0,0,13,0,0,0,0,0,3,10,0,0,20,0,28,0,0,0,0,0,0,0,0,0,0,0,0,0,0,0,0,0,0,13,3,6,65,0,90,0,0,3,5,0,15,0,0,0,0,0,0,0,0,0,0,0,0,0,0,0,0,0,0,0,0,0,0,0,0,15,0,0,0,0,18,13,0,4,0,0,19,3,0,0,0,0,5,0,0,0,0,0,0,0,0,0,0,0,0,24,7,6,50,0,87,0,0,0,0,0,0,5,0,0,5,0,8,0,0,0,0,0,0,3,0,0,0,0,4,0,0,0,0,0,0,3,0,0,6,0,7,6,3,3,13,0,24,3,0,0,5,94,99,147,51,51,455,99,802
LGA58570,359,1813,1399,5987,83,9634,13,27,16,253,0,314,1931,85,126,87,10,2236,177,69,49,218,0,520,308,128,83,220,5,742,4145,1631,1203,5424,72,12475,224,15,43,6,0,291,262,43,20,79,0,405,490,125,108,553,15,1283,329,120,60,282,0,796,60,14,22,30,0,136,645,53,42,34,8,777,1560,392,316,2070,12,4352,1756,490,210,1267,19,3752,208,13,18,8,0,247,34,7,5,12,0,67,263,26,27,76,0,390,39,26,8,20,0,92,125,30,13,19,0,179,206,84,51,15,0,355,266,73,44,115,0,496,98,8,16,21,0,143,24,9,3,5,0,36,1220,388,292,1636,14,3550,167,12,17,13,0,215,256,52,24,11,3,343,180,11,24,36,0,249,68,10,15,9,3,102,705,24,28,30,4,792,172,55,37,111,4,377,3553,456,460,451,34,4952,147,6,8,54,1829,2043,15830,3568,2658,12433,2058,36537
LGA58610,11,62,78,562,11,728,0,0,0,41,0,46,5,0,0,0,0,10,0,0,0,0,0,0,24,7,8,3,0,38,168,67,77,484,5,806,34,0,4,0,0,37,5,0,0,0,0,5,16,0,3,29,0,58,0,0,0,0,0,8,0,0,0,0,0,0,0,0,0,0,0,0,26,16,8,98,0,151,8,0,0,28,0,35,0,0,0,0,0,0,0,0,0,0,0,0,0,0,0,0,0,6,0,0,0,0,0,0,27,5,0,0,0,38,9,9,8,0,0,27,0,0,0,0,0,3,4,0,0,0,0,5,0,0,0,0,0,0,33,17,14,86,0,155,0,0,0,0,0,0,3,0,0,0,0,3,0,0,0,0,0,0,0,0,0,0,0,0,4,0,0,0,0,3,5,0,0,4,0,7,35,4,6,5,3,57,0,0,0,5,173,176,339,114,129,982,199,1761
LGA58680,8,17,27,146,0,197,0,0,0,11,0,11,0,0,0,0,0,0,0,0,0,0,0,4,7,0,0,4,0,14,48,12,17,137,0,221,0,0,0,0,0,0,0,0,0,0,0,0,6,0,4,17,0,22,0,0,0,0,0,0,0,0,0,0,0,0,5,0,0,0,0,5,9,0,4,21,0,30,0,0,0,5,0,5,0,0,0,0,0,0,0,0,0,0,0,0,0,0,0,0,0,0,0,0,0,0,0,0,10,0,0,0,0,9,3,0,3,0,0,6,0,0,0,0,0,6,0,0,0,0,0,0,0,0,0,0,0,0,14,4,4,28,0,54,0,0,0,0,0,0,0,0,0,0,0,0,0,0,0,0,0,0,0,0,0,0,0,0,0,0,0,0,0,0,0,0,0,0,0,5,12,0,0,6,0,19,0,0,0,0,91,98,94,29,36,282,96,535
LGA58760,3709,9312,7957,33574,363,54920,76,301,182,3220,65,3845,4420,107,220,234,24,4999,742,206,104,518,16,1581,2159,436,278,773,24,3668,42743,8011,6882,24855,594,83096,3231,57,255,91,11,3648,935,77,60,198,4,1278,2563,479,385,1928,39,5394,535,199,104,440,7,1288,357,35,31,57,4,488,6532,175,116,162,18,7002,9438,1280,1016,5945,122,17801,3481,1343,688,4065,53,9630,264,8,25,3,0,301,163,51,24,49,0,289,1679,326,150,410,15,2576,234,76,39,133,0,483,2906,389,227,111,21,3657,1769,636,377,179,16,2964,1193,158,114,342,10,1812,368,35,66,70,6,536,308,42,22,10,6,389,9565,1405,1238,5525,109,17838,761,60,23,67,6,913,4535,242,215,50,12,5054,721,82,58,176,9,1041,225,40,22,39,0,332,4749,85,147,94,16,5088,1740,198,159,268,8,2375,25564,1872,1681,1756,210,31089,1820,125,97,558,8179,10784,111855,15995,13014,58616,9632,209111
LGA58820,42,166,148,1175,32,1566,7,5,10,140,3,157,15,0,0,0,0,19,5,3,0,3,0,9,23,11,5,19,0,64,480,160,173,1015,32,1864,53,0,5,3,0,57,13,0,4,9,0,23,50,16,13,95,0,174,0,0,0,0,0,0,3,3,0,0,0,8,4,0,0,4,0,5,84,23,18,216,0,350,189,49,31,202,0,467,0,0,0,0,0,0,0,0,0,0,0,0,0,0,0,0,0,0,0,3,0,0,0,0,21,12,4,4,3,45,28,19,4,3,0,52,14,0,0,18,0,38,0,0,0,0,0,9,4,0,0,0,0,4,124,32,28,230,6,424,0,0,0,0,0,0,26,0,0,0,0,23,4,3,0,0,0,8,0,0,0,0,0,0,0,0,0,0,0,3,11,5,3,9,0,28,87,12,12,18,0,132,11,0,3,20,312,356,1036,323,272,2218,381,4234
LGA58890,3,25,19,267,0,317,0,0,0,19,0,22,0,4,4,0,0,11,0,0,0,6,0,5,5,0,0,0,0,7,54,22,21,252,0,351,0,0,0,0,0,0,0,0,0,0,0,0,11,6,0,22,0,39,0,0,0,0,0,0,0,0,0,0,0,0,0,0,0,0,0,3,7,5,0,47,0,59,3,3,0,9,0,13,0,0,0,0,0,0,0,0,0,0,0,0,0,0,0,0,0,0,0,0,0,0,0,0,5,0,0,0,0,8,4,0,0,0,0,7,3,0,0,0,0,3,0,0,0,0,0,0,0,0,0,0,0,0,12,12,6,48,0,78,0,0,0,0,0,0,0,0,0,0,0,0,0,0,0,0,0,0,0,0,0,0,0,0,0,0,0,0,0,0,0,0,0,9,0,7,4,0,3,5,0,9,5,0,3,0,101,106,92,45,44,493,107,773
LGA59030,0,6,5,75,0,90,0,0,0,3,0,3,0,0,0,0,0,0,0,0,0,0,0,0,12,0,0,0,0,11,23,12,6,87,0,120,0,0,0,0,0,0,0,0,0,0,0,3,6,0,0,13,0,17,0,0,0,0,0,0,0,0,0,0,0,0,0,0,0,0,0,0,3,0,0,15,0,22,0,0,0,9,0,16,0,0,0,0,0,0,0,0,0,0,0,0,0,0,0,0,0,0,0,0,0,0,0,0,0,0,0,0,0,0,0,3,0,0,0,5,0,0,0,3,0,3,0,0,0,0,0,0,0,0,0,0,0,0,5,0,0,10,0,18,0,0,0,0,0,0,5,0,0,0,0,5,0,0,0,0,0,0,0,0,0,0,0,0,0,0,0,0,0,0,0,0,0,0,0,0,7,0,0,4,0,6,0,0,0,0,23,22,50,13,8,152,26,248
LGA59100,5,21,28,270,7,318,0,3,0,17,0,20,0,0,0,0,0,3,0,0,0,0,0,0,6,0,0,0,0,6,31,23,25,199,0,286,0,0,0,0,0,0,0,0,0,0,0,0,0,0,8,9,0,18,0,0,0,0,0,0,0,0,0,0,0,0,0,0,0,0,0,0,9,3,4,46,0,66,0,0,0,28,0,32,0,0,0,0,0,0,0,0,0,0,0,0,0,0,0,0,0,0,0,0,0,0,0,0,3,0,0,0,0,4,5,4,0,0,0,9,0,0,0,0,0,8,0,0,0,0,0,0,0,0,0,0,0,0,11,4,9,47,0,67,0,0,0,0,0,0,0,0,0,0,0,5,0,0,0,0,0,0,0,0,0,0,0,0,0,0,0,0,0,0,0,0,0,0,0,0,11,3,3,0,0,20,0,0,0,3,103,108,65,35,42,439,106,690
LGA59170,3,27,41,378,6,456,0,0,0,8,0,8,4,0,0,3,0,8,0,0,0,10,0,7,0,0,0,0,0,8,67,24,44,314,9,459,5,0,0,0,0,5,0,0,0,0,0,0,3,0,0,27,0,38,0,0,0,0,0,6,0,0,0,0,0,0,0,0,0,0,0,0,13,5,6,56,5,89,8,6,0,31,0,42,0,0,0,0,0,0,0,0,0,0,0,0,0,0,0,0,0,0,0,0,0,0,0,0,4,0,0,0,0,4,13,0,0,0,0,11,4,0,0,0,0,7,0,0,0,0,0,0,0,0,0,0,0,0,15,10,3,87,0,115,0,0,0,0,0,0,13,0,0,0,0,13,0,0,0,0,0,0,0,0,0,0,0,0,0,0,0,0,0,0,0,0,0,4,0,11,19,9,4,5,0,35,0,0,0,0,104,102,134,51,64,660,113,1021
LGA59250,0,5,7,57,0,73,0,6,0,124,3,131,0,0,0,0,0,0,0,0,0,0,0,0,0,0,0,0,0,0,43,10,6,68,0,123,7,0,0,0,0,7,0,0,0,0,0,0,3,0,0,7,0,14,0,0,0,0,0,0,0,0,0,0,0,0,0,0,0,0,0,0,3,5,0,18,0,28,0,0,0,7,0,13,0,0,0,0,0,0,0,0,0,0,0,0,0,0,0,0,0,0,0,0,0,0,0,0,4,0,0,0,0,4,6,0,0,0,0,8,0,0,0,0,0,0,0,0,0,0,0,0,0,0,0,0,0,0,3,5,0,12,0,23,0,0,0,0,0,0,0,0,0,0,0,0,0,0,0,0,0,0,0,0,0,0,0,0,0,0,0,0,0,0,0,0,0,0,0,4,25,9,3,0,0,37,3,0,0,4,166,174,98,21,11,238,174,535
LGA59310,13,43,43,459,11,566,0,3,0,69,0,68,9,0,0,0,0,3,5,0,0,9,0,6,10,0,0,11,0,20,97,39,43,376,12,564,14,0,0,0,0,17,8,0,0,0,0,8,5,8,0,22,0,33,0,0,0,0,0,0,0,0,0,0,0,3,7,0,0,0,0,8,19,10,8,82,3,111,6,0,0,18,0,26,0,0,0,0,0,0,0,0,0,0,0,0,0,0,0,0,0,0,0,0,0,7,0,7,5,0,0,0,0,10,3,3,0,0,0,11,0,0,0,4,0,4,0,0,0,0,0,0,0,0,0,0,0,0,35,10,8,89,0,147,0,0,0,0,0,0,10,0,3,0,0,18,9,0,0,0,0,4,0,0,0,0,0,0,0,3,0,0,0,5,4,0,0,0,0,4,23,5,0,8,0,43,0,0,0,3,93,102,209,79,64,836,107,1297
LGA59320,0,17,15,152,0,183,0,0,0,4,4,7,0,0,0,0,0,0,0,0,0,0,0,0,4,3,0,3,0,16,46,8,11,153,3,215,0,0,0,0,0,0,0,0,0,0,0,3,0,0,0,13,0,20,0,0,0,0,0,0,0,0,0,0,0,0,0,0,0,0,0,0,0,0,0,35,0,44,0,4,0,8,0,12,0,0,0,0,0,0,0,0,0,0,0,0,0,0,0,0,0,0,0,0,0,0,0,0,0,4,0,0,0,0,0,0,0,0,0,0,0,0,0,0,0,0,0,0,0,0,0,0,0,0,0,0,0,0,7,5,0,33,0,46,0,0,0,0,0,0,0,0,0,0,0,3,0,0,0,0,0,0,0,0,0,0,0,0,0,0,0,0,0,0,0,0,0,0,0,0,4,0,4,4,0,15,6,0,0,5,42,49,71,22,23,285,50,448
LGA59330,0,9,6,144,7,170,0,0,0,22,0,29,0,0,0,0,0,0,0,0,0,0,0,0,0,0,0,0,0,3,40,7,10,143,4,201,4,0,0,0,0,4,0,0,0,0,0,0,4,0,0,8,0,14,0,0,0,0,0,0,0,0,0,0,0,0,12,0,0,0,0,13,6,0,0,20,0,38,4,5,0,3,0,12,0,0,0,0,0,0,0,0,0,0,0,0,0,0,0,0,0,0,0,0,0,0,0,0,0,0,0,0,0,0,4,0,4,0,0,9,4,0,0,0,0,4,0,0,0,0,0,0,0,0,0,0,0,0,10,4,4,40,0,59,0,0,0,0,0,0,0,0,0,0,0,0,0,0,0,0,0,0,0,0,0,0,0,0,0,0,0,0,0,0,3,0,0,0,0,3,9,0,0,3,0,17,0,0,0,0,45,45,87,21,16,291,55,470
LGA59340,32,171,175,1404,53,1835,4,37,16,2218,81,2358,61,3,3,12,0,84,3,3,0,8,0,15,45,12,12,33,0,100,386,145,167,1087,29,1813,56,0,6,0,0,61,37,3,5,5,0,52,63,3,11,120,0,201,0,0,3,0,0,5,5,5,0,0,0,6,44,0,0,3,0,56,104,32,21,333,7,491,41,16,14,77,0,145,10,0,0,0,0,10,7,0,0,0,0,3,0,0,0,0,0,0,6,0,0,5,0,11,23,0,4,6,0,38,33,7,4,6,0,53,10,0,4,8,0,24,8,0,0,0,0,5,4,0,0,0,0,6,106,39,39,255,3,441,3,0,0,0,0,7,18,3,0,0,0,21,10,0,0,4,0,15,11,0,0,0,0,16,17,0,0,0,0,17,23,0,0,7,0,33,253,36,44,140,11,478,20,0,5,54,1209,1282,1127,304,307,4393,1342,7477
LGA59350,0,8,7,53,0,66,0,3,0,66,0,66,0,0,0,0,0,0,0,0,0,0,0,4,0,0,0,3,0,4,13,4,10,29,0,55,4,0,0,0,0,4,3,0,0,0,0,5,3,0,0,3,0,7,0,0,0,0,0,0,0,0,0,0,0,0,0,0,0,0,0,0,0,0,0,5,0,11,0,0,3,0,0,5,0,0,0,0,0,0,0,0,0,0,0,0,0,0,0,0,0,0,0,0,0,0,0,0,3,0,0,0,0,5,0,0,0,0,0,3,0,0,0,0,0,0,0,0,0,0,0,0,0,0,0,0,0,0,0,0,4,5,0,12,0,0,0,0,0,0,4,0,0,0,0,3,3,0,0,0,0,4,0,0,0,0,0,0,0,0,0,0,0,0,0,0,0,0,0,0,13,0,0,3,5,18,0,0,0,0,146,149,43,9,15,125,157,340
LGA59360,19,44,34,274,11,367,0,0,0,24,0,27,13,0,0,0,3,13,0,0,0,9,0,12,6,0,0,5,0,8,100,28,29,260,3,426,37,0,0,0,0,40,4,0,0,0,0,5,10,6,0,28,0,48,0,0,0,0,0,4,0,0,0,0,0,0,15,0,0,0,0,16,22,3,0,65,0,92,19,13,3,65,0,103,0,0,0,0,0,0,0,0,0,0,0,0,0,0,0,0,0,0,0,0,0,0,0,0,16,0,0,0,0,18,12,0,0,0,0,12,3,0,0,3,5,8,0,0,0,0,0,0,0,0,0,0,0,0,31,9,4,75,0,121,0,0,0,0,0,0,3,0,0,0,0,3,0,0,0,3,0,5,0,0,0,0,0,0,0,0,0,0,0,0,4,0,0,3,0,11,25,9,4,3,0,49,0,0,0,4,203,210,266,70,57,566,223,1173
LGA59370,23,160,108,1089,19,1399,0,9,0,118,3,138,0,0,0,0,0,4,3,0,0,14,0,24,36,11,14,15,0,74,441,149,115,867,21,1603,12,0,0,0,0,17,14,0,0,8,0,21,27,0,11,61,0,106,4,0,0,12,0,15,6,0,0,3,0,9,14,0,0,3,0,21,71,28,10,197,9,321,23,4,8,32,4,71,0,0,0,0,0,0,0,0,0,0,0,3,3,0,0,4,0,6,4,0,0,0,0,8,28,0,0,0,0,32,16,13,5,3,0,34,10,4,0,0,0,12,0,0,0,4,0,8,4,0,0,0,0,3,107,25,23,194,0,353,4,0,0,0,0,3,10,0,7,0,0,13,4,0,0,0,0,4,0,0,0,0,0,0,0,0,0,0,0,0,14,0,0,3,0,19,76,20,12,39,0,156,5,0,0,7,267,289,752,259,194,1938,315,3459
LGA59499,38,167,166,1347,24,1746,6,8,6,354,25,402,51,0,0,8,0,67,13,3,0,8,0,28,52,12,9,13,0,89,602,174,149,916,17,1856,34,0,9,0,0,34,44,0,0,5,0,52,104,17,7,95,4,227,7,7,0,4,0,18,7,0,0,3,0,14,23,0,0,0,0,29,146,32,16,278,6,481,79,19,10,60,3,175,8,0,0,0,0,8,0,0,0,0,0,6,0,0,0,0,0,0,0,0,0,3,0,11,44,8,5,0,0,56,50,8,9,6,4,73,20,3,0,11,0,37,12,0,0,0,0,8,4,0,0,0,0,4,141,29,34,255,0,463,0,0,0,0,0,5,34,3,9,0,0,52,25,0,0,0,0,32,9,0,0,0,0,9,14,0,0,0,0,14,17,0,5,7,0,31,314,29,24,68,16,450,19,6,0,32,3432,3489,1481,314,268,2478,3512,8055
LGA59799,9,8,4,59,3,76,0,0,0,7,0,7,4,0,0,0,0,4,0,0,0,0,0,0,3,0,0,0,0,8,49,11,4,50,0,116,16,0,0,0,0,13,4,0,0,0,0,4,8,0,0,10,0,19,0,0,0,0,0,0,0,0,0,0,0,0,0,0,0,0,0,0,16,0,0,19,0,36,7,0,0,8,0,9,0,0,0,0,0,0,0,0,0,0,0,0,0,0,0,0,0,0,0,0,0,0,0,0,14,0,0,0,0,17,7,0,0,0,0,4,4,0,0,0,0,6,0,0,0,0,0,0,0,0,0,0,0,0,24,3,0,11,0,36,0,0,0,0,0,0,0,0,0,0,0,0,0,0,0,0,0,0,0,0,0,0,0,0,0,0,0,0,0,0,0,0,0,0,0,0,41,0,3,4,0,44,12,0,0,0,218,228,169,17,10,115,221,514
