LGA_CODE_2021,M_15_19_Prvided_unpaid_assist,M_15_19_No_unpad_asst_prvided,M_15_19_Unpaid_assist_ns,M_15_19_Tot,M_20_24_Prvided_unpaid_assist,M_20_24_No_unpad_asst_prvided,M_20_24_Unpaid_assist_ns,M_20_24_Tot,M_25_34_Prvided_unpaid_assist,M_25_34_No_unpad_asst_prvided,M_25_34_Unpaid_assist_ns,M_25_34_Tot,M_35_44_Prvided_unpaid_assist,M_35_44_No_unpad_asst_prvided,M_35_44_Unpaid_assist_ns,M_35_44_Tot,M_45_54_Prvided_unpaid_assist,M_45_54_No_unpad_asst_prvided,M_45_54_Unpaid_assist_ns,M_45_54_Tot,M_55_64_Prvided_unpaid_assist,M_55_64_No_unpad_asst_prvided,M_55_64_Unpaid_assist_ns,M_55_64_Tot,M_65_74_Prvided_unpaid_assist,M_65_74_No_unpad_asst_prvided,M_65_74_Unpaid_assist_ns,M_65_74_Tot,M_75_84_Prvided_unpaid_assist,M_75_84_No_unpad_asst_prvided,M_75_84_Unpaid_assist_ns,M_75_84_Tot,M_85_ov_Prvided_unpaid_assist,M_85_ov_No_unpad_asst_prvided,M_85_ov_Unpaid_assist_ns,M_85_ov_Tot,M_Tot_prvided_unpaid_assist,M_Tot_No_unpaid_asst_prvided,M_Tot_Unpaid_assist_ns,M_Tot_Tot,F_15_19_Prvided_unpaid_assist,F_15_19_No_unpad_asst_prvided,F_15_19_Unpaid_assist_ns,F_15_19_Tot,F_20_24_Prvided_unpaid_assist,F_20_24_No_unpad_asst_prvided,F_20_24_Unpaid_assist_ns,F_20_24_Tot,F_25_34_Prvided_unpaid_assist,F_25_34_No_unpad_asst_prvided,F_25_34_Unpaid_assist_ns,F_25_34_Tot,F_35_44_Prvided_unpaid_assist,F_35_44_No_unpad_asst_prvided,F_35_44_Unpaid_assist_ns,F_35_44_Tot,F_45_54_Prvided_unpaid_assist,F_45_54_No_unpad_asst_prvided,F_45_54_Unpaid_assist_ns,F_45_54_Tot,F_55_64_Prvided_unpaid_assist,F_55_64_No_unpad_asst_prvided,F_55_64_Unpaid_assist_ns,F_55_64_Tot,F_65_74_Prvided_unpaid_assist,F_65_74_No_unpad_asst_prvided,F_65_74_Unpaid_assist_ns,F_65_74_Tot,F_75_84_Prvided_unpaid_assist,F_75_84_No_unpad_asst_prvided,F_75_84_Unpaid_assist_ns,F_75_84_Tot,F_85_ov_Prvided_unpaid_assist,F_85_ov_No_unpad_asst_prvided,F_85_ov_Unpaid_assist_ns,F_85_ov_Tot,F_Tot_prvided_unpaid_assist,F_Tot_No_unpaid_asst_prvided,F_Tot_Unpaid_assist_ns,F_Tot_Tot,P_15_19_Prvided_unpaid_assist,P_15_19_No_unpad_asst_prvided,P_15_19_Unpaid_assist_ns,P_15_19_Tot,P_20_24_Prvided_unpaid_assist,P_20_24_No_unpad_asst_prvided,P_20_24_Unpaid_assist_ns,P_20_24_Tot,P_25_34_Prvided_unpaid_assist,P_25_34_No_unpad_asst_prvided,P_25_34_Unpaid_assist_ns,P_25_34_Tot,P_35_44_Prvided_unpaid_assist,P_35_44_No_unpad_asst_prvided,P_35_44_Unpaid_assist_ns,P_35_44_Tot,P_45_54_Prvided_unpaid_assist,P_45_54_No_unpad_asst_prvided,P_45_54_Unpaid_assist_ns,P_45_54_Tot,P_55_64_Prvided_unpaid_assist,P_55_64_No_unpad_asst_prvided,P_55_64_Unpaid_assist_ns,P_55_64_Tot,P_65_74_Prvided_unpaid_assist,P_65_74_No_unpad_asst_prvided,P_65_74_Unpaid_assist_ns,P_65_74_Tot,P_75_84_Prvided_unpaid_assist,P_75_84_No_unpad_asst_prvided,P_75_84_Unpaid_assist_ns,P_75_84_Tot,P_85_ov_Prvided_unpaid_assist,P_85_ov_No_unpad_asst_prvided,P_85_ov_Unpaid_assist_ns,P_85_ov_Tot,P_Tot_prvided_unpaid_assist,P_Tot_No_unpaid_asst_prvided,P_Tot_Unpaid_assist_ns,P_Tot_Tot
LGA50080,59,1117,85,1260,48,790,80,913,111,1745,299,2155,176,1628,244,2048,289,1868,180,2342,391,2002,175,2574,271,2001,152,2429,148,1104,86,1340,59,388,51,498,1558,12647,1360,15562,56,1016,69,1144,44,717,49,810,202,1671,117,1990,362,1724,99,2179,524,1979,134,2635,641,2085,143,2872,415,1992,159,2565,225,1212,118,1551,46,546,76,661,2511,12938,957,16411,117,2131,159,2404,88,1503,127,1726,314,3414,414,4150,537,3346,341,4231,816,3848,317,4976,1036,4089,319,5440,689,3995,309,4990,367,2321,200,2890,105,930,127,1164,4073,25581,2311,31970
LGA50210,129,2413,181,2721,102,2379,192,2667,379,5821,507,6711,682,6518,506,7707,569,4593,411,5572,535,3727,313,4577,382,2778,151,3306,157,1321,108,1589,50,324,59,426,2985,29869,2417,35273,134,2385,163,2684,169,2347,164,2680,723,6288,416,7429,1078,6345,392,7815,1018,4175,279,5471,931,3610,210,4755,571,2989,152,3710,188,1377,133,1703,28,467,89,581,4845,29970,2000,36821,254,4799,345,5404,270,4725,353,5350,1107,12108,920,14140,1762,12864,904,15526,1586,8759,690,11039,1472,7340,528,9336,949,5763,302,7019,352,2698,240,3289,79,784,142,1006,7829,59845,4422,72096
LGA50250,5,103,36,138,6,150,59,216,23,622,203,848,49,641,216,904,34,472,154,661,26,353,107,482,4,86,20,106,4,23,4,30,0,3,0,3,155,2444,804,3400,5,81,22,115,3,126,36,164,33,516,110,666,42,444,103,589,38,255,67,359,18,200,48,268,8,65,15,90,5,17,0,20,0,4,0,4,151,1715,405,2270,7,184,60,258,9,279,91,381,60,1135,318,1511,91,1083,313,1494,70,726,221,1021,43,551,159,744,8,151,38,200,4,35,7,54,0,4,0,10,309,4152,1208,5670
LGA50280,20,372,48,434,11,229,21,260,29,714,104,854,77,1020,132,1224,121,1020,163,1301,129,855,80,1068,115,789,74,975,47,307,23,379,14,97,10,120,563,5394,662,6621,16,321,31,371,6,171,23,205,56,755,72,879,155,1179,111,1446,193,914,109,1219,226,854,72,1150,150,732,62,946,44,304,22,366,15,130,21,163,859,5360,532,6747,35,688,83,806,16,405,45,467,86,1467,177,1734,228,2199,242,2673,308,1928,275,2511,361,1709,150,2214,264,1521,136,1925,93,613,39,746,31,225,32,286,1422,10755,1192,13368
LGA50350,19,351,17,386,30,396,41,459,72,942,96,1115,89,977,84,1145,126,879,67,1067,142,741,50,933,84,602,51,736,35,294,36,364,14,94,14,120,610,5274,443,6322,23,312,15,346,21,360,24,405,75,987,61,1122,151,1043,53,1249,219,817,63,1096,246,741,47,1035,127,673,32,834,43,401,32,482,8,211,19,241,904,5550,349,6810,39,664,37,736,52,759,61,867,148,1930,155,2231,239,2020,137,2389,341,1696,126,2165,390,1481,101,1971,215,1275,78,1574,79,693,68,839,24,305,30,360,1513,10821,796,13129
LGA50420,66,1488,74,1633,105,1884,131,2124,293,5075,384,5754,425,4646,334,5404,557,3532,260,4345,559,3095,225,3875,369,2611,132,3113,200,1501,114,1813,54,471,71,594,2632,24307,1713,28653,74,1378,72,1526,115,1829,103,2052,427,5162,301,5889,620,4396,256,5278,836,3374,187,4396,895,2890,136,3925,590,2783,120,3490,220,1655,141,2018,39,870,122,1032,3820,24341,1443,29606,145,2872,146,3159,226,3707,237,4175,716,10238,686,11640,1044,9047,587,10678,1394,6906,442,8739,1455,5985,359,7799,959,5399,247,6607,417,3158,254,3832,102,1338,190,1634,6451,48648,3157,58257
LGA50490,43,851,71,962,62,1324,156,1545,195,3770,391,4351,227,2907,313,3450,284,2105,255,2647,290,1867,173,2329,185,1265,111,1555,76,687,62,832,30,255,46,328,1397,15029,1577,17997,41,760,63,868,84,1301,116,1501,288,3573,315,4171,337,2593,223,3162,371,1859,152,2375,440,1580,137,2165,284,1339,98,1723,91,810,97,999,19,463,94,574,1960,14288,1291,17537,90,1614,133,1827,151,2631,270,3044,481,7337,704,8528,568,5504,540,6610,652,3962,402,5019,736,3447,314,4498,465,2612,204,3282,170,1500,160,1827,48,715,138,902,3351,29317,2864,35533
LGA50560,0,26,6,39,0,21,3,22,0,53,11,66,4,59,12,81,10,82,16,111,15,111,14,144,17,143,18,187,8,75,16,95,0,22,10,31,70,585,109,762,0,24,7,34,0,15,6,25,4,47,8,56,6,69,7,85,21,81,13,116,31,109,19,153,34,115,19,169,10,56,10,73,0,22,0,27,106,529,88,727,5,51,15,75,5,33,12,47,8,98,13,124,15,129,19,161,32,164,32,220,42,216,34,292,52,261,37,349,11,126,23,165,7,41,9,58,176,1119,198,1491
LGA50630,0,22,3,28,6,24,0,30,11,60,19,91,3,87,7,102,7,111,14,130,16,114,18,136,17,82,9,109,0,37,7,43,0,8,0,11,64,548,68,677,0,30,3,41,0,27,0,26,17,75,7,97,12,86,13,108,14,83,11,111,22,98,6,129,13,73,7,93,9,27,7,38,0,7,4,7,79,510,63,652,4,59,8,70,8,48,3,54,24,134,20,183,13,180,15,208,22,194,28,242,33,209,24,266,23,160,15,197,10,60,11,86,0,10,3,20,145,1058,131,1333
LGA50770,5,25,4,32,0,36,5,36,0,51,9,57,5,76,7,90,12,96,18,129,10,125,20,155,11,101,9,125,8,62,14,83,0,10,3,17,63,587,84,730,8,33,3,39,0,33,4,37,8,53,5,67,17,88,19,127,23,89,15,118,26,101,15,140,22,82,14,116,14,53,13,77,5,14,0,20,110,550,81,744,5,59,4,72,0,68,9,75,10,105,12,129,24,171,28,220,29,185,30,243,35,229,35,295,32,186,24,245,18,113,22,158,3,28,3,35,174,1133,168,1469
LGA50840,0,98,8,107,3,72,8,81,15,154,18,191,34,186,28,253,39,260,43,346,51,344,36,424,55,380,38,465,11,185,17,216,3,37,0,43,218,1720,195,2132,9,121,16,139,13,59,11,79,12,168,13,191,55,209,22,285,75,255,22,351,82,356,31,472,58,368,30,452,22,172,15,206,0,44,10,57,329,1740,164,2237,12,217,21,250,17,127,21,160,29,329,26,381,92,397,55,537,115,520,61,699,125,698,70,896,114,744,60,922,36,352,35,426,8,81,13,104,543,3467,364,4367
LGA50910,0,9,4,15,0,16,4,21,4,19,4,30,3,35,9,50,6,53,11,73,10,58,11,75,7,69,7,76,4,37,5,40,0,17,0,19,40,313,39,392,6,11,4,19,4,7,4,17,6,26,5,41,7,38,10,51,19,44,5,65,10,39,4,53,9,48,0,57,3,43,4,51,0,25,0,22,57,287,35,383,6,21,4,29,3,26,9,35,10,50,5,67,11,74,12,102,29,100,6,137,20,96,20,134,12,112,6,133,0,85,3,90,0,39,3,41,99,594,74,770
LGA50980,20,358,80,459,31,328,94,452,44,997,219,1265,79,952,195,1231,82,877,237,1194,53,682,164,903,32,398,71,512,8,112,26,149,0,31,9,37,356,4749,1100,6206,21,384,91,503,27,356,79,464,110,1232,281,1620,151,1117,207,1469,139,840,175,1159,109,695,121,928,39,336,69,438,11,108,24,140,0,25,8,33,619,5091,1056,6766,41,744,172,961,63,687,164,917,161,2235,499,2890,231,2076,399,2707,223,1721,412,2353,167,1372,289,1828,75,737,137,953,23,223,50,289,0,50,20,75,974,9840,2150,12969
LGA51080,0,14,9,22,0,23,0,25,0,48,7,54,8,46,6,58,13,44,9,69,21,68,7,95,3,49,5,59,3,21,3,31,0,4,0,4,54,320,47,419,0,20,7,29,3,13,3,20,0,49,9,57,11,42,7,70,12,44,5,64,27,45,11,82,4,39,3,47,3,20,3,29,0,9,0,9,69,276,54,403,8,33,15,55,3,38,4,44,4,94,12,114,20,88,13,125,25,94,15,129,48,113,18,179,14,88,11,104,11,38,10,52,0,13,0,13,119,596,103,816
LGA51120,0,17,5,20,0,23,4,31,0,44,5,48,3,42,9,58,0,47,13,59,5,54,14,70,5,62,17,90,3,24,9,27,0,7,0,8,27,314,70,413,0,15,0,17,0,12,3,17,9,28,3,37,8,37,4,51,13,46,11,59,12,48,15,77,5,51,11,68,5,33,11,46,0,8,6,12,50,277,64,388,0,34,9,40,0,40,8,45,7,72,11,88,16,78,15,111,14,89,18,123,16,101,28,143,18,112,23,155,10,51,20,72,0,13,9,26,80,586,134,798
LGA51190,37,774,54,864,31,760,106,892,118,1656,373,2146,176,1543,332,2045,214,1621,256,2097,307,1668,161,2138,213,1499,142,1847,97,827,74,997,24,270,52,344,1209,10623,1542,13376,63,779,58,898,49,774,62,892,166,1734,165,2067,302,1570,129,2009,396,1688,117,2198,533,1666,109,2299,337,1580,113,2025,124,945,91,1158,29,489,107,622,1987,11232,944,14159,98,1555,108,1764,82,1536,164,1785,276,3393,541,4214,480,3117,457,4053,608,3304,376,4290,841,3329,272,4440,545,3076,254,3875,219,1773,163,2158,51,760,156,968,3200,21852,2488,27536
LGA51260,37,1081,75,1192,23,676,41,739,84,1577,189,1851,176,2017,216,2408,259,2166,219,2649,335,2003,176,2518,238,2285,143,2673,156,1184,113,1447,39,303,51,404,1348,13300,1221,15871,49,945,83,1079,29,578,46,653,149,1671,141,1965,357,2254,146,2760,516,2214,127,2854,600,2097,140,2837,418,2263,160,2844,186,1188,138,1510,40,553,59,645,2353,13752,1045,17146,88,2025,155,2269,50,1251,88,1394,230,3251,328,3812,528,4271,362,5162,775,4384,349,5504,935,4100,318,5355,656,4547,305,5509,339,2369,254,2960,82,856,111,1045,3699,27052,2264,33019
LGA51310,38,1013,17,1069,45,669,19,729,59,1247,67,1371,130,1550,67,1749,256,1807,73,2138,330,1365,51,1746,182,1026,58,1264,95,611,45,749,49,276,22,345,1175,9559,422,11155,37,853,20,914,50,670,21,742,93,1298,69,1462,235,1708,52,1993,472,1732,49,2259,543,1256,50,1857,278,1009,65,1355,143,665,48,861,57,500,63,621,1916,9697,452,12062,74,1869,45,1984,92,1337,40,1472,155,2543,140,2837,366,3259,121,3743,732,3540,121,4391,875,2622,105,3602,460,2030,127,2616,237,1276,91,1608,107,776,90,969,3089,19255,877,23216
LGA51330,125,2763,111,2996,180,3723,278,4176,374,6819,610,7804,527,5919,417,6867,630,4948,302,5879,623,3997,245,4867,482,3210,126,3817,219,1656,107,1987,66,514,51,631,3224,33554,2249,39025,150,2670,117,2937,183,3210,202,3597,447,6184,451,7085,797,6064,303,7168,989,4674,208,5867,1084,3982,183,5256,750,3375,139,4274,302,1863,142,2310,46,809,99,959,4741,32846,1843,39434,272,5433,227,5932,358,6934,475,7768,817,13006,1064,14885,1324,11987,722,14030,1621,9616,512,11751,1713,7984,430,10116,1237,6588,266,8086,520,3524,254,4299,112,1327,150,1591,7968,66395,4092,78459
LGA51400,20,621,47,693,19,407,29,452,52,722,44,821,92,938,89,1117,130,1089,99,1318,140,953,77,1165,80,712,65,861,42,282,24,353,7,38,8,56,583,5765,483,6833,36,615,40,689,22,402,25,449,93,877,57,1022,189,1054,66,1308,254,1097,52,1409,278,833,56,1162,131,653,50,831,52,276,29,356,7,66,7,82,1056,5871,379,7313,56,1242,87,1385,38,807,57,903,145,1598,102,1842,280,1995,158,2425,385,2187,153,2727,416,1787,127,2332,215,1367,110,1692,97,556,51,701,7,104,17,136,1641,11641,861,14148
LGA51470,0,5,3,11,0,7,0,7,0,26,0,22,6,35,11,50,0,31,10,41,0,37,6,36,9,40,7,57,4,17,0,18,0,3,0,3,13,198,44,253,0,0,4,0,5,14,0,18,0,27,3,37,3,27,9,43,3,22,0,28,5,36,5,46,0,28,4,35,0,8,5,13,0,3,0,4,19,162,34,218,0,9,7,15,5,24,0,29,0,53,4,62,10,57,18,95,3,49,12,64,12,74,8,82,7,70,6,86,4,25,11,33,0,6,0,11,31,365,79,473
LGA51540,10,98,39,143,8,102,38,147,27,238,85,353,20,218,60,298,33,299,77,404,36,306,52,391,20,263,38,323,11,87,27,130,4,26,5,29,160,1639,411,2216,9,88,19,111,10,113,42,162,36,264,64,363,24,230,54,318,51,251,58,355,55,258,44,367,21,182,28,237,10,86,18,114,0,23,12,40,226,1496,339,2060,16,184,55,257,13,216,78,307,63,508,152,715,46,449,114,617,84,549,130,767,86,564,94,753,43,448,69,556,21,172,46,241,4,47,16,70,390,3133,754,4280
LGA51610,6,36,5,47,0,25,4,29,0,53,5,61,4,80,16,91,16,102,21,139,14,102,16,134,4,73,7,83,10,28,3,37,0,9,0,8,50,498,84,634,0,38,9,45,0,18,4,27,5,53,4,71,17,71,16,100,21,93,22,129,20,85,13,118,11,68,3,87,3,16,0,20,0,3,0,3,76,439,74,595,3,73,15,94,0,40,4,47,6,110,6,127,16,147,36,194,37,196,40,274,37,188,29,254,19,138,12,169,11,43,3,53,0,4,0,9,125,943,159,1226
LGA51680,8,180,26,213,4,126,11,143,14,216,22,248,25,284,22,328,43,374,54,466,58,395,54,503,37,262,30,334,16,127,23,164,3,21,5,33,213,1980,243,2441,15,160,28,198,3,103,6,106,17,221,26,264,55,281,18,351,77,360,33,472,86,355,42,484,61,227,21,310,17,116,15,144,0,33,10,40,333,1859,187,2376,20,338,52,415,11,227,18,255,29,440,44,516,84,562,36,682,122,731,86,942,144,751,93,988,99,490,54,642,37,242,34,309,3,60,9,77,547,3836,428,4820
LGA51710,4,11,4,22,0,20,31,52,0,86,133,221,3,69,72,146,8,87,55,152,9,87,17,111,4,96,26,128,0,17,0,16,0,4,0,4,33,482,342,856,5,28,3,32,0,17,3,23,8,67,25,94,6,88,20,117,11,82,17,109,14,70,13,99,5,43,5,52,0,15,3,14,0,0,0,0,47,409,89,546,4,43,8,54,0,36,30,73,9,152,160,319,20,158,97,271,17,170,70,263,22,154,35,210,8,140,25,178,0,31,0,32,0,4,0,4,79,895,434,1406
LGA51750,23,427,22,471,27,307,21,351,27,530,55,616,46,472,28,539,84,572,31,693,100,460,20,581,86,433,24,542,45,377,33,461,14,144,25,189,452,3726,257,4439,18,341,25,385,18,335,28,375,46,545,39,629,78,522,28,632,179,576,32,785,189,490,28,703,143,479,24,648,90,445,33,571,19,287,35,344,779,4021,274,5074,46,771,49,859,39,644,42,725,74,1074,97,1244,120,997,55,1175,262,1154,61,1475,291,949,45,1286,227,907,56,1196,141,827,67,1030,40,427,65,529,1232,7747,528,9513
LGA51820,129,3025,150,3309,158,3341,202,3707,411,7689,568,8664,652,7933,604,9189,843,6572,434,7856,853,5079,307,6237,522,3741,222,4491,269,1778,192,2247,66,514,116,697,3913,39687,2784,46388,146,2925,125,3191,230,3361,176,3770,641,8160,427,9232,1181,7843,353,9379,1502,6195,281,7977,1460,4992,251,6705,764,3886,232,4876,253,2007,242,2497,48,847,213,1115,6227,40221,2288,48736,279,5953,270,6500,388,6704,375,7474,1055,15848,994,17894,1835,15779,951,18564,2344,12772,714,15830,2313,10075,554,12939,1286,7629,449,9368,523,3784,436,4740,119,1365,325,1811,10139,79911,5072,95118
LGA51860,0,8,0,8,0,16,3,20,0,20,11,32,0,34,7,45,0,22,6,27,3,45,13,53,4,23,5,30,6,13,3,18,0,5,0,3,11,170,45,229,0,5,3,8,0,16,5,21,4,27,5,36,5,26,12,42,0,21,3,31,5,37,15,54,5,25,3,32,0,9,0,12,0,0,0,0,19,169,47,236,0,12,3,17,0,25,5,36,3,51,17,65,5,65,17,85,3,41,10,53,10,73,25,111,5,49,8,63,4,21,8,33,0,6,0,11,28,342,97,467
LGA51890,16,235,33,289,13,193,16,219,29,366,45,440,52,388,49,489,66,406,51,523,98,513,49,652,64,543,50,656,33,216,32,285,7,48,23,77,380,2910,340,3630,9,205,24,244,13,166,19,201,62,378,37,474,79,368,46,493,108,450,37,600,145,461,37,642,91,441,40,567,34,214,38,286,3,66,32,101,552,2741,315,3611,25,444,57,528,28,360,33,423,97,741,85,920,138,753,90,976,179,854,90,1120,242,973,81,1301,156,983,83,1220,70,433,69,568,10,109,59,183,928,5652,655,7239
LGA51960,4,71,18,97,0,67,28,94,13,180,80,266,11,147,72,235,8,217,82,308,19,218,63,300,10,133,28,176,3,38,9,49,0,7,4,8,65,1079,384,1525,7,69,29,112,12,76,25,112,10,133,47,191,24,159,61,241,23,164,43,229,24,149,39,212,6,99,20,128,4,24,9,32,0,7,0,7,103,871,285,1262,8,149,50,204,12,144,54,208,23,314,124,461,31,306,136,471,36,375,127,533,45,368,101,513,20,228,55,297,6,59,21,86,0,11,4,14,172,1954,669,2789
LGA52030,0,6,3,12,0,10,3,18,0,33,13,53,3,34,0,44,3,35,13,60,17,96,15,133,16,97,13,118,6,47,8,55,3,3,6,13,51,371,84,502,0,10,6,14,0,13,0,12,4,39,7,49,4,35,9,45,10,27,9,55,16,65,8,88,18,76,10,96,8,30,4,48,0,6,7,13,61,302,59,419,3,16,5,27,0,18,11,32,6,78,20,98,13,69,8,89,19,70,24,107,30,162,29,220,28,168,20,215,13,77,16,103,4,9,12,23,110,672,141,922
LGA52100,0,22,0,26,0,32,0,32,3,47,0,50,3,48,3,61,11,46,6,55,14,56,6,70,11,69,3,84,3,25,3,33,3,12,0,19,42,358,27,428,0,14,0,9,0,16,0,22,3,46,4,50,3,47,0,55,14,38,4,57,19,51,3,72,17,52,7,77,0,36,6,38,3,20,0,25,58,316,36,409,0,32,7,35,0,45,0,52,9,95,4,105,14,100,8,118,20,84,9,110,24,108,8,147,20,122,13,156,3,57,8,75,4,29,3,42,102,674,60,833
LGA52170,9,266,6,285,9,200,12,227,20,380,37,438,26,349,35,411,78,417,13,509,109,412,31,559,68,385,18,472,30,239,25,292,5,64,17,91,373,2729,191,3282,13,253,6,274,22,197,11,227,31,402,29,472,36,377,19,431,125,440,16,581,204,330,20,556,97,373,18,482,41,217,23,283,7,88,26,125,579,2684,179,3437,25,517,19,556,28,402,18,451,57,782,66,908,67,728,54,841,203,864,30,1094,318,747,51,1113,160,758,39,959,78,452,42,577,16,155,45,219,948,5405,361,6722
LGA52240,0,13,3,24,0,18,4,20,5,42,3,44,3,48,3,59,13,57,13,82,10,81,13,99,7,65,6,77,8,35,3,43,0,7,0,4,38,372,53,464,0,14,3,22,5,16,0,22,3,34,4,43,13,55,11,80,13,51,8,70,12,56,9,77,8,41,12,62,4,28,7,38,0,6,3,5,62,309,55,421,5,34,14,43,5,34,8,45,6,76,10,90,21,105,14,132,28,109,18,159,21,141,17,178,15,106,15,134,7,60,12,85,0,9,0,15,100,680,106,882
LGA52310,0,15,0,15,3,17,5,17,0,35,3,35,0,29,4,43,9,63,5,72,18,59,9,83,8,69,6,85,8,27,5,39,0,7,0,10,49,311,40,399,0,8,7,13,0,25,4,26,0,29,6,40,5,23,3,35,17,46,4,69,19,55,4,81,12,52,4,65,0,20,6,23,0,0,0,8,60,263,34,358,0,25,3,28,0,31,9,41,4,62,8,74,11,57,10,75,30,106,13,142,38,116,15,166,17,125,4,151,9,45,12,61,3,9,0,12,115,578,68,756
LGA52380,0,4,0,4,0,3,0,8,0,28,6,33,0,9,5,10,0,23,6,25,0,15,0,18,0,24,5,36,3,4,3,12,0,0,0,0,8,116,18,143,0,0,0,0,0,6,4,5,0,3,0,8,0,3,3,5,0,8,0,8,0,14,0,16,3,16,4,24,0,5,0,5,0,0,0,0,3,51,12,70,0,4,0,4,0,9,3,14,0,33,3,35,0,15,7,20,0,29,7,31,0,32,7,35,6,43,7,58,3,9,3,11,0,0,0,0,5,169,34,209
LGA52450,3,69,5,78,3,22,0,26,4,75,3,83,3,55,8,70,11,55,8,75,11,75,4,91,3,62,5,76,0,30,0,36,0,7,0,14,48,459,44,547,0,57,3,59,3,21,0,30,6,53,3,67,11,63,15,86,11,53,5,62,14,52,0,68,12,52,10,73,4,16,3,22,0,12,4,13,60,376,47,489,3,126,6,144,8,42,5,56,10,128,10,152,16,117,23,155,15,107,11,136,24,125,11,154,18,117,17,151,5,50,7,64,0,19,4,27,107,835,94,1039
LGA52520,0,22,4,28,4,29,7,36,10,66,15,91,9,88,22,115,8,62,15,86,15,82,16,115,7,51,14,72,7,18,0,25,0,11,0,7,61,419,96,580,0,14,3,22,4,23,4,33,3,72,9,88,12,70,21,98,5,49,18,72,22,54,11,89,5,32,4,43,5,27,10,33,4,16,0,27,59,359,79,500,3,33,6,46,8,52,15,69,14,136,23,176,18,153,41,211,17,108,31,155,37,134,35,204,11,83,20,118,11,38,10,63,6,24,6,36,122,777,181,1081
LGA52590,4,54,13,64,0,49,9,57,7,145,32,182,12,141,34,186,18,180,33,234,27,232,28,287,21,278,33,335,10,122,14,141,3,15,4,25,101,1217,201,1516,0,48,6,55,3,40,8,46,10,153,24,185,24,139,11,176,24,143,14,185,51,231,20,300,31,214,19,270,7,100,17,127,0,27,5,41,159,1089,127,1373,4,101,13,117,3,90,12,108,17,295,56,368,36,277,48,364,48,320,49,413,81,465,46,589,55,493,54,599,15,218,29,265,0,52,12,65,258,2308,329,2885
LGA52660,18,390,15,421,16,332,23,366,42,797,72,914,74,802,76,956,103,711,74,892,115,702,66,883,95,604,58,753,51,302,34,394,7,108,41,154,528,4758,450,5732,20,389,16,423,12,293,12,318,93,789,48,931,154,791,30,974,180,734,50,960,215,656,46,920,131,561,39,736,55,384,70,510,9,132,54,195,869,4731,357,5961,35,780,33,842,26,624,34,688,140,1588,115,1843,230,1592,110,1927,283,1452,118,1851,333,1360,111,1805,227,1161,100,1489,111,688,103,900,19,243,85,347,1393,9486,809,11691
LGA52730,14,178,22,212,5,53,5,61,16,135,25,169,29,251,34,308,44,302,43,390,76,396,46,520,62,418,38,512,29,224,24,277,5,51,8,67,276,2001,253,2529,11,144,24,183,5,51,12,60,25,172,23,226,49,300,33,376,65,327,48,441,113,388,38,533,86,389,50,528,27,210,28,260,0,75,12,86,379,2060,256,2695,21,325,50,395,16,99,13,126,33,308,51,393,74,548,69,691,110,632,93,833,184,782,89,1055,145,808,86,1042,53,436,49,542,11,130,17,155,651,4060,511,5225
LGA52800,7,187,39,234,15,185,60,262,45,421,158,624,33,337,106,480,26,314,92,429,22,286,92,405,18,173,50,234,3,46,7,61,0,14,0,10,172,1965,605,2743,13,185,55,245,30,206,52,285,73,447,127,646,48,340,94,483,67,277,74,419,39,268,62,373,25,134,29,188,5,44,13,61,0,17,4,20,296,1918,509,2723,19,372,95,483,46,392,111,550,114,864,285,1270,77,678,198,958,93,594,169,858,64,560,152,781,43,307,78,421,8,88,22,119,0,22,7,29,470,3882,1116,5466
LGA52870,7,155,14,172,6,110,8,125,13,192,27,233,32,254,32,322,46,332,30,410,58,377,34,472,49,419,36,511,22,182,23,224,3,42,0,47,241,2066,209,2521,9,125,13,146,10,75,5,89,25,227,15,270,65,278,17,361,87,313,32,432,103,405,28,535,72,362,29,462,32,193,15,236,4,62,8,72,408,2043,160,2609,13,279,28,319,20,184,16,216,37,418,41,502,99,537,49,684,129,646,65,847,165,785,57,1009,127,785,71,978,48,374,34,460,7,109,9,127,654,4109,373,5132
LGA52940,0,8,0,15,4,22,5,25,0,19,5,23,0,31,5,40,8,39,5,53,3,41,0,47,3,53,4,64,4,13,5,23,0,3,0,3,27,237,31,296,0,10,3,8,0,11,3,9,6,21,7,27,5,41,0,47,9,23,3,38,7,32,5,42,17,41,0,63,0,21,0,19,0,5,0,10,43,207,17,265,0,17,0,23,3,29,7,36,9,45,10,55,7,74,9,86,18,66,10,90,11,72,7,84,24,101,3,126,4,36,3,45,0,12,0,10,66,444,51,557
LGA53010,0,9,3,12,0,11,0,12,4,30,6,37,3,38,12,48,0,37,8,44,4,40,11,56,0,38,8,52,7,14,6,25,0,0,0,0,16,215,60,293,5,6,4,8,0,10,0,13,0,32,0,34,4,31,4,39,4,27,9,45,8,37,7,52,7,24,13,44,0,8,4,12,0,0,0,0,23,184,43,252,0,12,5,21,0,19,3,21,4,62,9,74,7,70,14,93,8,65,16,89,9,80,19,102,3,65,18,96,6,27,7,44,0,6,0,0,47,396,99,540
LGA53080,0,12,4,14,0,16,5,24,4,38,16,54,0,21,0,21,5,31,16,55,6,50,13,67,5,45,8,53,0,20,3,25,0,0,0,5,18,236,70,319,0,9,0,9,0,15,5,17,0,27,8,42,7,17,9,33,5,33,13,47,11,42,9,68,0,29,3,38,0,13,6,17,0,0,0,0,30,192,61,278,0,21,3,23,0,25,7,36,4,61,24,96,7,40,9,53,10,65,28,109,15,94,27,133,6,75,12,95,6,32,6,49,0,0,0,3,50,421,127,600
LGA53150,12,237,6,256,10,178,7,190,19,303,25,347,31,349,36,408,73,468,27,576,95,398,16,506,64,355,15,438,23,175,18,216,11,77,11,103,342,2544,163,3046,15,258,6,278,17,171,0,184,26,325,20,369,72,413,29,517,135,470,19,626,171,381,21,573,89,331,12,438,24,212,16,259,6,116,23,149,560,2680,154,3394,27,495,9,534,24,345,12,378,43,626,47,717,108,763,63,925,209,944,47,1198,267,777,42,1081,157,688,32,876,47,384,34,471,18,196,41,254,900,5221,317,6439
LGA53220,23,146,34,206,16,258,102,370,57,935,492,1482,59,858,462,1381,56,664,353,1069,27,482,235,747,10,112,33,164,0,13,7,22,0,3,0,3,256,3465,1717,5440,12,135,28,173,22,198,60,276,48,617,172,844,60,461,113,638,32,292,80,409,28,196,57,291,6,70,8,85,5,17,7,25,0,4,0,5,221,1993,532,2746,35,277,60,376,37,449,161,647,106,1554,668,2324,117,1320,581,2020,87,959,431,1476,61,681,292,1035,19,183,45,251,0,32,12,44,0,9,0,13,473,5464,2251,8186
LGA53290,21,374,59,453,11,283,50,350,33,629,95,754,62,646,85,791,100,739,126,965,118,756,110,981,63,601,87,752,33,341,73,446,12,94,8,112,447,4461,703,5611,14,309,46,372,13,272,32,322,79,650,67,798,119,642,99,854,155,678,87,930,166,674,76,911,103,559,72,732,48,362,60,466,12,146,11,171,703,4290,559,5553,37,684,109,825,28,555,85,664,109,1281,162,1548,178,1287,180,1642,258,1427,218,1899,285,1429,187,1894,168,1157,162,1486,81,705,134,918,22,239,24,284,1148,8754,1264,11164
LGA53360,0,72,7,82,7,67,14,83,5,209,26,241,11,211,33,254,15,186,31,235,22,168,25,214,14,111,17,133,4,48,5,59,0,5,3,8,78,1073,157,1310,0,58,11,66,4,76,13,92,7,267,24,300,17,197,26,246,21,154,13,188,30,119,22,169,8,85,14,108,8,39,0,46,0,11,0,9,94,1001,120,1217,0,130,17,151,3,146,24,175,18,477,54,544,35,405,55,498,37,341,45,425,52,283,43,379,18,190,31,244,7,91,8,101,0,13,3,16,173,2081,275,2523
LGA53430,35,629,43,705,50,693,66,806,110,1841,222,2166,173,1905,182,2260,265,1651,207,2121,346,1681,151,2177,223,1381,93,1702,104,735,61,902,37,258,35,335,1347,10777,1053,13174,35,657,43,731,61,814,77,952,149,2044,172,2365,277,1847,124,2241,467,1623,120,2211,597,1562,90,2247,360,1412,104,1874,123,830,75,1029,25,414,73,518,2098,11200,880,14176,66,1285,78,1440,116,1510,139,1760,257,3880,396,4531,448,3752,307,4498,732,3274,328,4338,949,3239,239,4423,587,2793,195,3573,227,1565,138,1936,62,673,118,849,3445,21978,1931,27353
LGA53570,6,118,14,134,6,100,16,119,12,227,24,271,17,238,37,291,47,320,44,417,42,382,47,471,62,406,46,510,17,222,30,269,9,38,3,42,211,2042,261,2519,10,96,10,115,7,77,9,96,20,263,27,310,46,233,13,288,67,272,33,367,72,329,27,424,68,310,40,414,28,146,25,202,3,33,10,45,314,1759,190,2264,16,213,20,247,11,176,25,217,34,491,49,574,63,460,48,577,110,594,78,782,117,713,71,898,135,710,89,928,42,368,57,462,13,68,10,88,530,3800,451,4781
LGA53640,4,22,0,27,0,22,6,28,6,72,6,80,8,67,11,79,8,65,7,83,19,78,17,112,8,66,6,86,0,16,4,22,0,4,0,5,55,413,48,515,3,16,6,21,3,21,0,26,11,74,7,89,14,56,8,73,11,58,4,72,24,45,8,76,10,45,8,60,0,6,0,12,0,7,0,7,72,331,32,439,4,39,3,48,8,41,8,54,14,148,12,175,19,115,13,155,19,120,9,150,35,127,20,181,18,114,12,143,0,31,0,34,0,13,0,8,126,743,81,952
LGA53710,0,16,7,22,0,17,4,17,0,33,3,37,3,47,6,61,11,43,8,64,6,52,9,73,3,64,11,86,4,27,8,36,3,9,3,12,46,305,56,407,0,12,0,13,4,16,6,22,0,28,3,31,16,43,7,66,12,40,8,60,25,48,7,82,12,52,8,71,0,24,7,34,0,11,0,12,70,267,48,386,3,25,9,34,4,30,7,43,0,63,8,65,20,89,11,117,23,83,20,122,34,99,20,153,18,117,19,158,4,49,12,68,3,18,6,24,112,574,107,792
LGA53780,156,3643,251,4043,190,3852,371,4420,531,7176,1058,8758,828,8322,987,10134,877,6714,689,8278,681,5292,391,6373,564,4149,238,4954,274,1969,152,2388,53,552,116,717,4148,41657,4252,50056,188,3351,214,3753,263,3522,253,4035,754,7468,646,8866,1270,7903,555,9731,1369,6176,405,7942,1270,5048,258,6571,839,4117,260,5225,287,2269,219,2770,56,917,187,1156,6286,40774,2995,50054,345,6990,461,7795,451,7373,628,8452,1279,14638,1705,17620,2092,16226,1545,19859,2240,12884,1092,16225,1953,10345,647,12945,1411,8271,500,10175,558,4232,369,5162,103,1464,302,1869,10431,82431,7247,100107
LGA53800,59,1079,147,1287,48,863,120,1030,99,1861,353,2310,197,1818,343,2360,250,2035,321,2601,311,2025,260,2602,194,1595,152,1944,101,809,111,1023,36,260,60,355,1296,12344,1875,15514,55,1038,121,1218,48,888,112,1049,230,1903,240,2369,376,1863,260,2502,461,2093,221,2775,531,1853,174,2559,298,1560,175,2030,121,873,129,1125,19,373,90,481,2150,12446,1522,16116,113,2118,264,2504,93,1749,230,2076,326,3765,589,4684,574,3686,607,4866,707,4129,541,5377,847,3881,435,5164,494,3154,329,3981,225,1676,244,2149,56,631,152,839,3444,24792,3396,31634
LGA53920,22,133,27,181,20,107,18,144,52,196,37,283,52,148,45,247,31,143,43,221,17,87,27,131,4,53,11,72,0,21,11,36,0,5,3,5,200,888,222,1310,15,117,23,158,30,112,27,169,62,223,41,318,47,178,40,259,36,137,28,202,26,94,25,145,12,53,24,90,0,19,4,25,0,6,4,9,229,935,211,1372,33,252,52,334,53,211,41,313,113,415,76,605,100,317,82,505,66,281,71,421,42,187,51,277,19,110,30,158,0,34,15,62,0,5,3,11,432,1824,435,2685
LGA53990,46,847,65,957,40,582,46,662,72,1380,119,1567,161,1560,131,1849,215,1504,141,1857,227,1459,149,1833,165,1265,79,1503,70,586,49,708,21,144,14,177,1016,9320,784,11113,49,817,52,916,36,535,43,613,150,1421,90,1660,294,1539,79,1910,363,1448,78,1894,433,1432,91,1955,243,1219,96,1560,86,622,53,760,7,192,21,224,1658,9232,593,11485,90,1662,112,1869,75,1118,89,1277,223,2804,204,3228,456,3104,206,3762,579,2949,218,3741,659,2884,243,3784,410,2480,170,3061,156,1211,97,1466,28,334,38,400,2678,18549,1377,22603
LGA54060,10,80,15,104,5,56,12,70,9,82,20,111,9,120,28,160,20,180,27,229,29,247,42,323,32,279,33,344,25,134,27,184,4,30,10,41,136,1213,218,1559,0,70,11,82,0,48,3,53,10,90,19,116,26,153,21,196,36,189,25,253,41,250,33,321,58,243,34,330,21,138,20,182,7,32,4,45,195,1204,169,1564,10,150,26,181,5,107,18,122,19,170,34,222,33,276,50,359,55,370,53,479,72,502,74,644,89,519,62,673,39,270,50,362,8,63,13,78,327,2415,384,3126
LGA54130,0,19,0,28,0,28,3,32,0,50,4,63,6,69,7,83,5,60,8,74,14,85,11,107,5,68,4,76,6,24,0,27,0,3,4,6,41,400,48,485,0,7,4,15,0,18,6,26,0,70,0,74,10,63,7,76,10,49,14,76,13,65,7,87,11,45,3,56,0,14,4,16,0,3,0,3,40,341,41,422,0,26,5,39,0,48,7,51,8,124,6,137,18,130,13,158,17,109,20,148,26,151,18,191,14,109,9,133,3,39,3,46,0,5,4,12,77,740,89,911
LGA54170,183,5022,143,5351,188,4428,188,4805,372,7250,449,8074,743,9107,549,10404,1179,9445,572,11192,1461,8517,434,10413,1139,7387,287,8819,390,3149,188,3731,112,849,91,1043,5761,55160,2898,63822,187,4603,140,4931,234,3845,123,4208,526,7345,342,8214,1273,9352,306,10932,2072,9198,303,11573,2442,8605,290,11331,1564,7435,281,9274,460,3424,238,4122,87,1481,179,1746,8847,55284,2198,66334,368,9627,285,10279,422,8275,312,9012,900,14595,787,16285,2024,18461,853,21336,3249,18647,866,22768,3899,17121,724,21744,2703,14823,571,18096,846,6570,429,7853,199,2322,266,2782,14615,110445,5095,130156
LGA54200,70,1698,72,1845,74,1529,101,1705,177,2729,229,3137,352,3307,249,3904,472,3222,231,3919,486,2829,210,3531,412,2424,125,2962,197,1386,97,1686,50,430,55,539,2289,19567,1370,23227,88,1584,85,1759,103,1299,58,1460,307,2844,166,3315,541,3349,173,4066,802,3013,149,3963,865,2680,144,3689,567,2574,127,3266,242,1532,126,1902,32,640,81,750,3540,19515,1117,24174,161,3291,160,3608,175,2831,163,3163,481,5577,389,6450,896,6654,423,7970,1268,6231,384,7889,1353,5508,350,7218,977,4996,249,6227,433,2924,229,3593,83,1069,137,1292,5832,39082,2488,47399
LGA54280,20,743,90,848,29,876,168,1068,84,2036,373,2491,128,1850,325,2299,144,1652,288,2085,147,1510,223,1879,81,768,134,991,24,277,50,354,3,51,9,60,666,9763,1656,12083,21,661,87,780,35,768,106,912,134,1936,258,2322,221,1655,224,2097,220,1439,176,1833,207,1184,142,1534,88,607,91,794,29,258,35,322,5,117,23,138,953,8631,1137,10734,40,1408,180,1629,63,1645,275,1984,216,3969,629,4812,344,3506,548,4401,366,3092,456,3915,349,2692,371,3416,172,1383,228,1782,50,543,86,678,10,160,31,202,1620,18398,2800,22815
LGA54310,17,548,116,678,16,472,152,646,78,1535,494,2108,146,1743,510,2402,88,1308,342,1730,64,834,223,1114,17,241,76,335,3,57,12,73,0,3,0,7,417,6747,1927,9092,27,414,80,522,17,401,97,521,107,1567,335,2003,163,1499,290,1954,147,1066,194,1405,54,567,128,750,26,179,34,239,10,48,8,59,0,9,0,8,553,5746,1168,7466,40,958,201,1205,37,880,251,1161,178,3103,831,4115,308,3243,801,4351,231,2376,536,3142,112,1400,348,1864,45,417,107,574,17,101,24,135,0,10,4,12,965,12496,3094,16560
LGA54340,13,98,22,128,9,101,12,124,20,220,35,276,21,197,43,258,20,202,30,245,36,221,22,273,26,163,16,208,10,87,13,111,5,29,5,32,158,1322,198,1677,7,99,28,128,8,97,18,120,30,193,28,250,38,159,25,218,40,174,19,240,43,175,22,237,31,167,22,217,16,87,12,120,0,45,15,64,212,1201,185,1596,18,192,53,263,21,196,28,244,52,417,65,531,67,356,65,486,61,385,48,489,79,393,41,518,56,335,40,427,28,173,30,232,5,73,21,100,376,2519,377,3271
LGA54410,3,23,9,32,0,17,5,23,3,39,13,59,0,49,6,60,11,52,7,75,16,78,19,108,6,72,7,83,11,36,12,57,0,10,3,12,47,378,73,505,0,30,6,39,0,19,3,22,4,29,0,39,12,45,5,60,17,55,10,77,23,59,12,98,10,49,6,68,6,39,11,55,0,30,4,34,75,357,60,490,3,57,14,74,0,28,4,42,7,76,17,93,12,97,12,119,28,103,16,154,36,138,29,206,16,122,12,153,16,76,20,114,4,36,6,46,123,733,134,992
LGA54480,0,13,4,18,0,9,5,15,0,24,0,28,4,33,9,48,3,40,3,46,8,23,4,29,5,11,0,19,0,8,0,10,0,0,0,0,20,168,23,206,0,6,0,7,0,9,0,9,0,28,3,29,0,32,3,39,4,27,9,37,0,13,0,20,0,9,4,16,0,4,0,10,0,0,0,0,14,130,19,160,0,19,3,20,0,21,5,22,0,52,7,59,7,68,16,84,10,66,9,84,13,37,4,47,3,27,3,32,0,12,0,19,0,0,0,0,30,291,42,370
LGA54550,0,30,4,30,4,38,0,41,11,73,4,88,9,120,11,130,15,85,15,115,30,116,20,169,10,99,11,121,3,60,11,78,0,19,3,20,82,633,71,785,0,30,0,34,3,30,5,36,14,76,8,91,17,86,12,117,21,87,15,120,23,100,15,134,13,76,7,98,3,62,13,73,3,29,0,32,103,571,68,745,0,63,3,63,7,63,3,72,18,146,16,179,25,203,20,249,41,168,29,236,52,220,35,305,27,182,15,222,6,123,23,150,3,47,7,54,178,1205,143,1532
LGA54620,0,17,0,20,0,23,4,30,0,32,6,37,6,44,12,57,7,54,0,69,9,48,12,67,9,50,8,60,4,19,0,28,3,5,3,11,41,289,46,375,0,6,4,11,0,13,0,16,0,32,5,39,4,40,7,52,17,39,9,56,14,39,10,62,10,32,0,47,0,23,3,25,0,7,3,11,53,225,38,324,3,19,7,27,4,39,5,43,0,68,8,82,18,79,14,114,27,92,4,125,24,85,20,130,13,84,11,110,9,43,4,51,0,15,8,18,92,518,86,702
LGA54690,0,4,0,3,0,3,0,3,0,11,0,20,4,16,0,22,3,24,4,30,3,24,0,27,6,29,0,34,0,15,0,15,0,0,0,0,20,140,10,166,0,4,0,9,0,3,0,3,0,12,0,12,0,15,0,17,0,19,3,27,11,26,0,31,5,18,0,23,0,11,0,6,0,7,0,7,12,114,7,136,0,10,3,12,0,5,0,5,0,21,0,28,3,38,0,41,7,46,9,56,11,51,0,69,5,54,0,60,5,25,0,27,0,6,0,6,35,252,17,302
LGA54760,0,12,0,8,0,10,5,18,4,22,7,35,6,42,8,54,0,53,10,63,8,45,6,53,3,41,8,53,0,26,0,29,0,3,0,9,20,266,39,320,0,9,0,12,0,5,0,5,9,27,8,42,3,42,4,50,11,39,0,49,11,41,3,56,4,35,5,47,0,14,3,17,0,0,0,4,35,217,34,287,0,20,3,20,0,19,5,22,12,55,11,78,10,88,17,107,11,90,11,117,18,82,8,114,6,78,12,94,0,42,3,43,0,8,4,11,58,481,74,605
LGA54830,48,1204,131,1385,71,1299,242,1609,172,3044,770,3988,297,3100,621,4018,269,2338,348,2950,222,1641,163,2031,143,1052,105,1301,72,519,34,628,11,146,23,179,1314,14354,2424,18092,74,1074,87,1230,73,1258,80,1413,368,3277,215,3861,481,3025,192,3693,477,2103,135,2719,416,1579,104,2106,219,1120,75,1416,74,570,44,685,6,208,22,236,2193,14221,953,17364,122,2275,217,2620,146,2559,314,3020,542,6327,984,7857,780,6124,808,7718,747,4440,483,5670,641,3222,268,4134,362,2177,183,2717,140,1089,76,1314,17,354,43,416,3505,28571,3378,35457
LGA54900,0,27,8,39,0,31,0,29,0,69,3,76,9,73,5,88,9,78,5,97,7,88,15,108,3,57,4,70,0,34,0,31,0,0,0,3,37,465,46,547,3,19,0,25,0,19,4,29,0,67,5,74,15,68,5,85,14,53,8,76,12,67,10,85,4,45,4,55,0,26,4,30,0,8,0,10,55,372,38,468,0,50,8,57,0,52,9,57,0,135,5,144,30,141,12,178,22,137,14,173,27,154,18,200,11,109,8,128,0,57,6,67,0,9,5,13,92,836,81,1017
LGA54970,0,18,9,24,0,40,25,65,4,110,99,217,10,91,82,174,9,87,85,174,7,88,53,142,0,24,12,38,0,5,5,5,0,0,0,0,32,453,358,841,0,15,4,21,0,23,9,31,10,62,34,101,6,47,18,61,3,38,17,56,7,41,14,64,0,15,4,15,0,3,0,3,0,0,0,0,24,234,97,358,0,35,12,46,0,52,38,94,15,170,136,323,6,135,96,236,7,118,91,223,16,126,69,207,0,37,16,56,0,8,0,11,0,3,0,5,55,689,455,1197
LGA55040,0,18,6,22,0,52,52,105,5,124,112,241,9,89,73,166,9,75,45,131,0,68,41,111,3,36,10,51,4,9,4,11,0,4,0,4,25,474,343,843,0,16,5,28,0,26,19,48,7,72,30,110,8,64,23,91,4,59,20,86,7,55,16,73,0,23,0,28,0,8,0,11,0,0,0,0,31,328,118,479,0,37,14,52,0,84,66,157,16,190,140,351,15,154,100,265,16,134,63,216,4,123,57,180,7,63,14,81,4,14,8,26,0,3,0,3,58,801,461,1324
LGA55110,117,2279,151,2541,116,1916,180,2209,242,3707,403,4347,377,3868,473,4718,501,4258,471,5229,671,4554,366,5587,654,5011,322,5983,403,3131,263,3797,121,838,148,1108,3193,29559,2776,35525,112,2150,158,2418,168,1976,151,2291,465,4085,283,4832,750,4194,310,5251,1016,4416,312,5745,1332,4753,287,6370,1033,5208,286,6529,443,3274,335,4059,97,1221,288,1605,5415,31279,2411,39106,227,4428,308,4962,280,3890,326,4506,704,7795,683,9182,1124,8064,784,9972,1520,8676,780,10978,2004,9302,653,11960,1686,10219,611,12513,847,6402,600,7848,217,2058,430,2707,8611,60837,5182,74628
LGA55180,13,240,15,271,8,187,17,213,30,381,49,455,46,361,36,452,82,464,70,617,101,589,56,739,67,497,46,614,37,272,28,337,12,69,15,98,400,3072,338,3806,15,225,30,271,6,141,17,170,51,367,26,449,79,376,38,501,118,452,59,628,165,541,62,767,85,476,42,598,42,236,30,311,3,103,7,122,566,2921,323,3809,24,469,51,544,14,330,41,385,85,750,77,907,128,745,76,944,196,915,129,1246,262,1130,114,1510,150,977,86,1213,85,511,57,647,18,177,27,221,970,5994,655,7617
LGA55250,3,11,9,27,5,33,24,64,6,115,59,173,9,66,35,107,3,53,32,87,4,70,20,94,0,45,8,57,0,16,3,19,0,0,0,0,32,408,185,629,0,18,10,31,6,26,14,40,11,60,26,101,4,42,20,60,6,40,21,62,0,41,14,62,3,13,5,26,0,12,0,14,0,0,0,0,37,248,111,404,5,29,22,60,11,63,36,105,14,176,81,270,11,102,50,166,5,94,48,154,9,115,32,155,5,62,17,81,0,22,9,31,0,0,0,0,66,660,300,1028
LGA55320,124,3034,100,3253,137,2838,131,3107,259,4831,292,5385,505,5473,331,6305,823,5418,296,6538,1046,4776,275,6103,784,4495,213,5492,374,2534,178,3080,143,972,134,1248,4197,34364,1946,40511,147,2994,137,3280,208,2780,123,3102,348,4959,268,5568,846,6017,236,7101,1429,5569,217,7217,1758,4926,213,6890,1214,4829,219,6265,443,2942,204,3597,103,1741,241,2089,6498,36751,1858,45104,272,6024,235,6536,342,5621,248,6205,609,9788,563,10955,1351,11489,568,13403,2254,10984,515,13754,2810,9702,493,12993,1998,9326,431,11756,816,5476,383,6676,247,2711,376,3336,10697,71117,3803,85614
LGA55390,0,3,4,5,0,26,19,43,5,59,36,97,7,48,40,98,9,37,19,60,0,20,15,40,0,22,14,30,0,9,0,6,0,0,0,0,25,221,143,383,0,4,0,5,0,8,8,22,4,13,5,19,4,8,0,12,8,13,3,21,5,22,4,34,0,4,0,7,0,3,0,6,0,0,0,0,15,76,22,113,0,5,6,12,0,33,26,60,5,67,44,115,15,50,40,108,11,52,19,82,8,45,17,70,0,27,12,40,0,8,4,11,0,0,0,0,41,297,162,492
LGA55460,0,71,14,87,5,79,10,95,11,162,30,197,9,139,33,184,33,156,24,211,33,174,26,232,17,156,24,194,6,62,16,87,4,19,6,31,117,1015,177,1315,0,74,13,98,0,62,5,71,15,138,27,179,27,126,28,185,39,128,16,182,42,151,23,214,28,123,20,167,10,65,10,75,3,33,7,40,167,900,151,1213,3,149,30,183,10,142,12,164,26,292,55,373,37,268,66,370,66,285,40,398,76,320,50,449,45,276,41,368,21,122,24,160,11,51,5,65,287,1915,330,2528
LGA55530,0,6,0,6,0,7,3,12,0,14,0,20,0,17,0,21,7,21,8,29,6,29,10,49,3,26,6,34,3,10,3,17,0,3,4,8,15,141,36,190,0,0,0,0,0,6,0,9,4,13,0,22,0,23,0,28,3,17,5,26,0,15,5,26,4,13,5,17,0,14,0,13,0,0,0,3,17,105,22,142,0,3,0,3,0,15,3,16,4,34,3,38,6,38,3,48,6,39,12,55,5,49,17,75,9,36,9,52,0,19,3,34,0,6,4,9,29,244,58,331
LGA55600,0,49,11,60,3,53,12,61,5,96,25,127,12,92,11,116,25,120,20,160,16,147,26,179,11,112,16,139,7,56,9,76,0,18,0,17,76,736,125,938,3,50,4,59,0,45,5,53,13,96,13,120,17,93,16,124,31,112,18,161,30,107,19,152,18,93,18,133,5,57,5,76,0,23,7,40,112,682,115,917,5,98,16,117,6,96,17,115,15,194,41,244,24,186,31,235,50,227,41,324,43,255,43,337,27,206,31,268,15,116,22,149,4,39,14,57,190,1421,243,1851
LGA55670,0,6,11,19,0,15,0,15,0,25,3,31,0,22,3,31,10,28,0,44,8,30,7,44,5,35,11,50,4,7,3,13,0,11,3,12,23,184,46,253,0,13,11,21,0,13,0,13,5,24,0,33,6,25,5,35,8,22,6,32,8,35,8,45,4,24,16,48,0,14,3,26,0,3,3,8,29,170,56,260,0,20,21,42,0,23,0,23,3,51,3,62,9,43,10,63,18,54,8,77,6,59,12,83,7,64,30,98,5,20,9,36,0,10,8,18,54,357,99,506
LGA55740,10,226,11,243,8,241,16,263,20,413,51,484,36,479,40,557,86,536,35,652,87,438,45,568,60,409,22,491,29,231,29,289,3,68,9,82,337,3034,250,3623,22,354,14,390,13,256,18,288,36,454,28,528,68,494,19,585,124,541,21,681,154,399,27,578,107,361,36,504,40,248,19,309,13,88,31,126,585,3196,223,4006,34,574,26,638,16,495,31,553,62,868,80,1009,112,977,55,1139,206,1077,49,1334,238,834,73,1141,172,765,59,995,67,475,54,594,11,157,42,211,918,6234,474,7622
LGA55810,0,4,3,13,0,10,12,21,0,19,26,44,6,13,21,43,5,20,33,63,7,23,21,52,3,20,19,38,0,12,9,17,0,0,0,0,25,131,140,297,0,3,11,15,0,3,10,9,0,14,16,24,13,16,27,57,0,16,21,41,4,30,18,49,0,19,6,26,0,8,5,6,0,0,0,0,19,102,108,233,0,7,12,25,0,13,13,30,0,30,40,70,16,36,52,97,9,40,55,104,8,52,40,103,6,38,22,72,0,16,9,23,0,0,0,9,41,235,248,531
LGA55880,0,0,0,9,0,3,0,3,0,19,4,25,3,28,0,32,6,30,10,45,11,36,4,49,0,24,0,30,0,13,0,13,0,8,0,4,24,161,22,206,0,0,0,7,0,12,0,8,6,16,0,22,9,18,4,28,4,22,4,35,13,29,5,44,3,16,0,19,0,6,0,6,0,12,0,12,29,131,16,175,0,8,0,5,0,14,0,18,3,33,3,42,11,46,9,62,13,50,11,75,24,60,11,100,0,42,0,45,0,20,0,20,0,13,0,16,53,289,41,385
LGA55950,0,20,3,24,0,4,0,8,0,28,5,31,0,28,0,31,6,29,6,43,8,33,3,40,5,27,0,37,0,12,0,20,0,4,3,6,24,190,27,241,0,5,0,8,5,4,0,3,0,20,4,27,4,25,0,28,8,22,0,36,11,27,0,39,3,24,4,28,0,19,3,26,0,0,0,3,34,161,26,215,0,24,5,34,5,15,0,16,0,54,6,62,8,51,8,60,21,48,13,82,12,61,3,85,10,54,8,68,3,38,8,46,0,4,4,11,52,351,52,459
LGA56090,60,1097,71,1226,60,864,219,1142,103,1566,756,2418,170,1756,723,2649,320,2100,471,2885,399,2188,304,2888,264,1824,127,2217,154,946,92,1187,36,232,52,318,1554,12565,2807,16925,61,1026,46,1134,50,758,28,841,184,1543,99,1822,341,1857,86,2287,602,2069,98,2767,678,2046,108,2829,447,1783,97,2330,155,993,87,1244,26,328,99,457,2548,12400,759,15701,122,2124,120,2359,110,1619,250,1982,281,3103,854,4241,508,3614,805,4932,925,4163,566,5655,1080,4232,406,5720,711,3609,226,4548,313,1937,180,2428,57,559,151,775,4096,24965,3568,32630
LGA56160,0,0,0,0,0,0,0,0,0,9,0,9,0,9,0,9,0,6,0,11,0,5,0,8,0,0,0,0,0,0,0,0,0,0,0,0,0,29,10,40,0,0,0,0,0,0,0,0,0,9,0,8,0,4,0,4,0,4,0,8,0,7,0,7,0,0,0,3,0,0,0,0,0,0,0,0,5,23,4,36,0,0,0,0,0,0,0,0,0,16,0,13,0,13,4,17,4,10,6,17,0,7,0,10,0,3,0,5,0,0,0,0,0,0,0,0,3,55,10,72
LGA56230,23,419,43,490,17,364,32,422,59,716,78,853,93,761,120,973,137,892,110,1139,164,973,106,1241,127,1015,102,1247,73,587,68,731,21,149,34,204,720,5886,690,7298,32,493,51,575,28,347,34,406,91,746,73,914,181,781,71,1033,231,850,73,1148,285,902,65,1259,193,980,85,1258,82,551,72,701,10,148,47,203,1134,5794,568,7497,58,912,92,1065,47,714,64,821,152,1463,152,1768,273,1549,188,2009,369,1737,180,2285,449,1875,169,2496,321,1998,185,2502,152,1141,142,1433,33,301,78,409,1852,11681,1260,14791
LGA56300,4,29,10,36,0,7,0,11,0,31,8,43,5,68,17,93,10,68,21,97,15,105,8,130,16,150,18,180,7,58,13,79,0,11,0,15,55,533,94,687,0,19,3,26,0,3,0,3,4,41,9,51,6,67,15,85,19,61,9,83,19,116,16,151,11,132,15,151,3,57,11,71,0,11,4,14,64,501,84,644,5,52,9,65,0,15,0,16,6,68,11,94,14,136,32,178,28,127,30,182,34,220,25,280,28,277,32,336,10,115,28,151,0,22,0,30,126,1029,179,1330
LGA56370,0,7,0,6,0,18,5,19,0,45,9,53,0,29,5,38,0,40,11,53,5,45,11,66,0,40,7,54,0,19,4,34,3,10,3,17,15,253,66,338,0,7,0,11,0,11,0,14,0,40,5,45,6,27,3,33,3,33,8,44,7,36,5,58,3,28,4,36,7,29,5,40,0,18,11,27,34,224,41,298,0,13,4,16,0,25,3,32,0,88,13,106,5,61,11,69,4,73,21,98,17,84,21,119,5,68,12,89,9,45,13,68,4,28,13,41,49,479,108,641
LGA56460,10,142,20,171,7,105,18,130,14,231,28,274,16,190,31,237,34,243,29,306,46,234,31,310,31,249,33,304,15,115,24,157,7,39,20,59,168,1546,230,1941,7,137,20,159,9,109,13,134,26,209,35,266,38,216,40,288,48,213,27,289,71,254,18,343,36,205,26,262,20,133,25,174,0,64,30,100,241,1541,227,2013,11,271,41,325,9,220,32,261,40,442,58,536,51,401,66,524,79,456,55,592,116,492,50,654,59,455,56,567,35,248,49,326,6,100,48,159,414,3084,457,3953
LGA56580,26,831,14,883,42,669,15,731,48,875,60,977,99,991,45,1136,163,1276,46,1487,224,1056,38,1317,153,990,53,1204,70,605,34,713,29,200,23,257,857,7501,343,8697,35,716,25,776,47,599,18,658,79,774,34,890,181,1103,33,1315,342,1267,50,1657,407,1012,46,1460,271,979,51,1300,113,616,57,782,21,321,50,397,1481,7392,364,9234,67,1546,44,1655,88,1266,38,1389,119,1651,91,1863,273,2095,74,2448,505,2542,96,3143,628,2070,85,2774,429,1969,102,2506,182,1222,98,1499,53,528,77,650,2343,14886,703,17937
LGA56620,9,51,9,69,0,47,5,55,18,75,14,107,12,71,12,104,4,59,18,84,0,40,17,60,0,19,0,27,0,6,0,6,0,0,0,0,51,374,80,504,4,44,17,60,11,37,8,56,10,93,19,123,18,77,13,103,5,77,16,98,10,55,12,73,0,25,4,31,0,10,0,10,0,0,0,0,64,410,84,561,15,95,25,135,14,83,13,107,28,167,29,230,31,147,26,210,14,138,29,180,10,93,31,135,0,48,5,52,0,14,0,14,0,0,0,3,116,782,164,1065
LGA56730,16,294,38,355,17,234,60,312,41,445,189,679,57,442,164,668,81,500,120,700,86,616,111,813,81,576,78,727,37,269,43,346,4,70,15,91,419,3443,825,4685,12,272,32,321,11,209,30,256,64,436,43,553,101,458,81,634,146,567,75,783,153,627,61,848,94,563,54,707,41,272,46,361,6,118,28,147,635,3520,452,4609,32,568,77,674,32,446,95,569,109,885,237,1227,156,903,241,1305,226,1066,199,1488,241,1246,171,1662,174,1136,127,1438,77,541,89,706,8,184,40,237,1048,6968,1277,9299
LGA56790,6,57,7,71,4,38,5,47,5,90,23,121,14,123,31,159,29,164,34,227,31,232,38,307,25,249,49,326,21,121,23,157,8,28,6,37,135,1102,213,1448,0,29,10,43,4,27,13,48,3,100,18,121,26,115,24,170,29,129,18,174,51,211,34,302,30,206,33,271,9,96,19,122,4,35,5,50,166,947,182,1301,3,90,15,110,10,68,22,97,9,191,42,239,35,233,53,324,55,289,57,408,89,444,76,606,56,455,86,597,22,216,37,282,9,58,11,86,305,2045,393,2744
LGA56860,0,6,0,10,0,8,7,14,0,10,3,8,0,11,3,12,0,9,3,14,0,18,4,23,0,17,6,22,0,0,3,3,0,5,0,5,4,84,27,112,0,0,0,6,0,9,0,9,0,10,0,6,3,0,0,8,0,10,10,24,7,15,0,24,3,11,9,21,4,0,3,5,0,0,0,0,16,63,25,102,0,11,5,12,0,14,7,19,0,12,3,17,3,15,4,20,0,21,16,37,3,32,7,46,3,32,14,44,3,3,3,14,0,3,0,4,24,140,56,217
LGA56930,3,51,4,59,3,44,0,47,3,56,0,59,0,46,3,49,13,77,3,97,21,78,6,105,6,74,0,84,7,43,7,54,6,15,0,23,70,483,26,582,8,146,7,164,0,48,3,54,8,48,0,53,3,58,5,68,34,83,3,121,34,80,0,114,28,59,4,99,8,47,8,64,7,19,0,26,136,585,30,748,14,199,13,219,4,91,3,104,13,101,0,112,5,104,8,119,43,165,6,215,57,156,5,220,34,137,6,183,18,90,6,114,12,32,3,41,200,1065,59,1326
LGA57000,0,8,5,15,3,12,5,22,0,37,19,54,8,33,25,66,7,40,20,62,10,44,23,78,3,21,8,28,3,7,3,17,0,0,4,4,28,190,118,347,0,3,3,11,0,15,0,16,0,14,7,24,3,20,11,32,8,27,9,40,3,24,11,40,3,16,9,23,0,7,0,11,0,3,0,3,18,133,52,197,0,13,13,24,3,24,15,34,0,50,24,76,6,55,40,95,12,60,28,102,13,72,35,117,6,37,17,55,3,16,3,26,0,5,4,11,47,327,167,541
LGA57080,16,470,53,542,53,1507,188,1739,124,3804,538,4470,128,2291,346,2764,109,1149,222,1485,137,1053,155,1343,106,803,97,1006,42,397,51,491,8,100,11,123,718,11575,1674,13968,14,623,62,699,62,1619,200,1883,139,3588,341,4068,136,1737,189,2060,126,954,107,1193,182,859,94,1137,127,704,70,899,37,335,41,412,4,132,17,151,833,10547,1121,12503,33,1095,114,1241,111,3124,389,3628,270,7392,883,8545,265,4029,534,4824,240,2110,332,2682,316,1908,250,2481,228,1503,167,1901,82,729,92,901,13,227,27,268,1554,22122,2792,26472
LGA57140,0,21,0,25,0,25,3,31,0,33,0,38,10,42,6,57,8,49,3,61,13,74,5,90,7,74,4,84,6,45,4,50,0,9,0,10,47,364,31,443,0,14,0,14,0,17,5,14,5,44,3,51,14,31,4,43,13,44,7,61,29,55,4,88,7,72,3,81,7,39,4,54,0,8,3,13,70,325,37,432,0,36,0,38,0,41,3,45,10,80,5,89,16,71,6,94,17,91,15,123,42,127,16,177,19,146,6,172,9,82,10,107,0,16,5,23,117,686,65,866
LGA57210,14,130,25,168,4,83,12,95,16,170,34,222,26,201,65,299,53,282,57,388,65,340,43,447,47,341,39,434,19,141,26,192,3,28,15,49,248,1727,318,2287,10,113,19,138,15,67,10,87,33,173,27,233,50,198,33,279,78,266,35,383,85,333,42,459,59,299,36,396,20,116,23,160,9,40,22,61,345,1614,244,2199,18,242,40,303,18,150,21,183,49,347,59,455,78,407,98,573,127,549,92,769,149,673,91,910,104,646,76,823,37,262,48,352,16,70,37,117,589,3341,564,4488
LGA57280,18,339,78,436,17,320,89,420,66,1162,285,1506,71,1175,258,1507,53,869,203,1130,56,723,180,959,13,189,46,247,4,48,9,61,0,12,3,13,288,4838,1151,6280,15,306,64,382,23,317,78,418,81,1233,248,1561,125,1003,193,1323,81,660,156,893,66,489,98,653,28,166,33,223,11,29,10,49,0,16,3,16,414,4230,877,5520,30,647,143,820,36,638,165,844,142,2393,527,3066,198,2184,454,2832,134,1536,355,2024,118,1214,277,1608,35,356,76,468,13,85,21,111,0,25,4,33,703,9068,2030,11803
LGA57350,0,15,3,15,0,5,5,11,0,24,6,32,0,27,9,40,3,29,24,54,6,49,15,77,10,69,29,104,0,37,5,41,0,11,3,16,32,257,101,392,0,11,0,13,0,4,5,7,0,35,19,50,7,24,11,37,14,29,22,68,14,54,22,91,8,57,18,87,8,23,9,42,0,21,4,23,52,263,106,419,0,21,8,29,0,8,8,21,3,57,20,87,7,48,18,81,19,58,45,121,20,102,38,160,21,122,47,190,7,65,18,81,4,28,9,39,80,517,206,812
LGA57420,0,26,0,31,4,30,15,45,6,129,19,153,13,111,20,135,9,136,26,171,22,137,25,177,12,93,14,122,0,48,8,57,0,10,0,11,69,712,124,902,0,21,4,28,3,37,6,40,6,124,15,147,16,90,11,115,18,93,9,126,31,102,13,143,11,79,6,99,3,55,10,70,4,15,0,18,95,607,75,784,0,46,7,58,4,68,18,84,13,252,36,297,30,199,31,257,26,227,36,299,50,234,38,323,25,167,26,221,8,101,16,126,4,22,0,32,161,1323,202,1688
LGA57490,182,4100,252,4536,180,3560,408,4142,468,7597,880,8950,717,7271,873,8860,881,7173,699,8747,958,6280,520,7755,585,4291,271,5146,356,2354,240,2947,81,635,138,853,4402,43258,4283,51935,186,3832,236,4249,238,3462,265,3968,846,7948,582,9380,1319,7735,467,9524,1607,7122,407,9141,1572,5928,299,7800,935,4551,270,5757,358,2592,311,3268,55,926,240,1225,7117,44113,3080,54306,374,7928,488,8784,419,7020,670,8106,1312,15550,1462,18324,2040,15011,1340,18382,2489,14296,1110,17886,2526,12208,818,15559,1516,8846,539,10901,713,4942,547,6210,134,1559,387,2083,11520,87373,7360,106248
LGA57630,0,0,0,0,0,0,4,4,0,0,5,9,0,3,5,12,0,3,5,10,0,12,3,16,0,7,0,15,0,10,3,15,0,0,0,0,0,40,30,70,0,0,0,0,0,0,0,0,0,3,5,8,0,0,0,0,0,7,5,7,0,10,3,10,0,8,0,11,0,0,0,0,0,0,0,0,0,28,12,37,0,0,0,0,0,0,4,4,0,0,12,13,0,5,5,7,0,8,8,11,0,22,8,31,0,21,3,22,0,10,9,15,0,0,0,0,0,70,38,113
LGA57700,43,853,59,961,33,776,64,869,88,1966,225,2276,194,1931,277,2403,186,1643,234,2064,213,1333,153,1690,108,879,88,1072,66,397,35,500,7,90,14,113,948,9871,1138,11948,41,928,41,1007,52,769,48,869,252,2243,134,2619,316,1935,116,2371,377,1542,91,2006,353,1272,70,1694,173,826,48,1049,50,369,36,455,5,114,12,138,1615,10003,587,12207,82,1778,104,1969,84,1546,107,1740,339,4202,351,4896,511,3870,384,4765,559,3186,320,4066,559,2604,223,3391,284,1710,133,2123,122,762,69,955,18,208,25,249,2559,19876,1727,24159
LGA57770,0,8,3,13,0,14,0,20,7,56,6,66,3,57,11,75,0,47,12,68,9,62,16,86,8,63,9,81,4,26,12,39,0,0,0,0,33,331,72,433,0,9,7,14,0,20,8,25,0,76,9,90,0,47,13,65,3,47,11,60,7,56,11,82,5,50,7,65,3,17,3,22,0,6,5,3,29,327,70,431,0,18,7,28,0,32,12,49,3,131,18,152,6,108,26,133,5,96,24,124,23,118,29,166,12,112,18,145,6,41,17,63,0,3,5,8,64,660,144,860
LGA57840,54,1260,43,1352,58,1575,90,1729,128,2944,232,3307,191,2454,149,2797,299,2088,144,2538,415,1851,123,2388,264,1881,116,2263,92,928,101,1121,33,326,79,439,1541,15310,1078,17937,62,989,45,1094,111,1555,73,1741,164,2961,174,3302,327,2455,137,2920,534,2099,108,2739,663,1989,121,2771,483,1878,138,2508,171,1071,140,1382,44,577,165,794,2562,15570,1114,19244,116,2246,84,2449,166,3133,166,3465,291,5907,406,6604,519,4909,293,5719,831,4189,253,5276,1074,3841,245,5155,752,3767,256,4773,266,1996,245,2503,82,905,249,1233,4101,30886,2193,37180
LGA57910,226,5232,238,5700,303,5776,427,6505,815,15979,1374,18166,1219,14884,1186,17286,1694,11408,815,13918,1750,9350,596,11691,1128,7625,417,9163,595,4583,363,5545,241,1775,225,2235,7971,76603,5637,90216,241,4970,257,5472,400,6108,364,6871,1250,17038,1121,19413,1925,14839,883,17640,2657,11037,584,14275,2968,9082,469,12516,1940,8463,531,10941,835,5773,495,7100,174,3142,339,3659,12391,80447,5046,97883,467,10205,501,11170,708,11883,794,13378,2067,33010,2497,37576,3143,29715,2071,34928,4352,22450,1392,28195,4715,18426,1062,24207,3073,16084,953,20107,1431,10359,854,12645,415,4916,562,5894,20361,157051,10691,188101
LGA57980,22,389,14,426,16,412,20,447,56,1121,72,1247,67,1006,58,1133,109,845,58,1015,172,727,51,947,113,768,76,962,54,420,48,522,17,106,28,157,627,5797,434,6864,13,343,9,366,33,508,26,566,74,1265,71,1414,124,1091,65,1279,212,863,44,1120,274,735,41,1041,181,755,46,983,80,501,55,631,12,217,52,287,1004,6272,408,7681,37,729,27,792,46,920,52,1013,124,2383,149,2660,190,2087,128,2411,324,1713,100,2135,446,1459,89,1989,298,1529,121,1947,127,922,103,1153,32,328,81,439,1627,12066,842,14538
LGA58050,212,4551,262,5025,203,4391,299,4883,619,9682,866,11163,913,9664,799,11373,1038,7922,710,9670,939,6756,502,8202,575,4459,268,5306,277,1993,175,2443,63,538,110,712,4844,49950,3985,58782,262,4057,244,4571,300,4131,290,4726,1076,10311,763,12150,1536,9341,626,11505,1716,7909,514,10143,1742,6420,352,8511,851,4413,287,5551,310,2220,224,2756,40,871,146,1055,7826,49689,3450,60964,474,8613,513,9598,501,8524,583,9608,1700,19994,1624,23311,2448,19004,1426,22878,2759,15830,1227,19814,2679,13178,852,16713,1429,8870,556,10855,589,4212,399,5197,102,1416,256,1767,12673,99638,7434,119743
LGA58190,0,14,0,14,0,10,0,10,4,23,3,28,0,8,0,12,9,21,3,31,8,24,11,46,0,12,4,17,3,8,0,12,0,0,0,0,21,131,26,173,0,7,0,4,0,3,4,4,0,15,4,15,5,22,0,23,8,17,12,33,3,13,3,24,0,14,3,21,4,6,4,10,0,0,4,5,24,89,29,140,0,15,0,20,0,13,4,12,4,37,8,45,4,25,0,37,16,40,13,64,11,42,12,69,3,23,6,40,5,21,4,25,0,4,4,6,42,224,50,315
LGA58260,0,11,0,11,0,13,0,8,0,21,5,28,0,32,4,38,9,25,6,34,8,28,9,44,5,32,6,41,0,18,3,25,0,4,0,4,17,189,38,241,0,10,0,11,0,7,0,8,0,27,10,38,0,29,7,36,3,29,4,39,0,28,5,38,3,19,4,29,0,16,4,19,0,0,0,3,11,165,36,216,0,14,0,19,0,16,3,25,0,48,15,62,3,66,11,77,6,57,8,71,6,60,9,76,8,56,8,72,0,37,6,45,0,9,0,6,33,358,73,455
LGA58330,7,96,11,114,4,74,15,95,13,125,19,160,17,158,24,201,30,243,51,323,52,371,71,489,41,364,44,444,21,136,23,186,0,24,3,34,179,1595,266,2044,6,85,11,101,5,46,0,58,26,132,25,186,32,151,20,212,59,240,36,332,88,333,55,474,61,284,31,374,15,131,23,168,0,26,5,35,286,1439,203,1931,8,181,23,210,12,122,17,150,32,262,47,338,50,310,53,412,90,478,85,659,135,706,127,967,95,647,74,818,38,273,49,353,6,53,7,72,463,3040,472,3977
LGA58400,0,6,0,5,0,3,0,3,0,14,0,16,0,3,0,6,3,12,0,16,3,27,6,38,0,22,5,34,4,13,3,14,0,0,0,0,12,106,15,137,0,9,0,12,0,6,0,7,5,10,4,18,0,9,4,10,3,17,3,23,9,14,0,25,0,19,3,20,0,13,5,14,0,0,0,0,18,91,19,127,4,14,0,20,0,10,0,13,4,28,9,34,0,11,5,16,4,32,3,38,10,44,8,61,4,39,5,47,4,19,5,29,0,0,0,0,33,199,37,266
LGA58470,0,4,0,4,0,3,0,3,0,3,0,4,3,6,3,13,0,14,5,15,3,13,0,21,0,11,3,10,0,0,0,0,0,0,0,0,6,61,11,76,0,6,0,6,0,4,0,4,0,14,0,14,0,10,0,11,0,8,0,8,0,9,0,7,0,4,0,3,0,0,0,0,0,0,0,0,11,45,0,55,0,8,0,8,0,6,0,10,0,13,3,22,7,15,3,24,5,27,5,24,0,23,0,25,0,10,3,15,0,0,0,0,0,0,0,0,15,99,11,129
LGA58510,27,660,45,737,61,1305,127,1500,152,3445,319,3920,222,2608,240,3075,216,1814,171,2204,251,1523,146,1916,147,1141,109,1404,63,557,88,707,20,222,101,343,1162,13280,1360,15803,30,699,33,760,84,1358,99,1546,207,3343,271,3815,277,2413,188,2883,382,1608,131,2118,387,1283,106,1777,217,1125,95,1432,93,682,145,913,13,424,236,677,1682,12936,1304,15928,53,1361,81,1495,145,2666,230,3045,362,6784,593,7737,501,5025,431,5954,601,3417,303,4324,637,2799,251,3695,363,2266,206,2834,151,1244,229,1626,34,647,335,1022,2849,26218,2667,31730
LGA58540,0,14,5,18,0,11,0,12,0,31,3,38,5,40,4,43,7,48,15,65,8,60,13,77,8,41,8,57,3,17,3,29,0,4,0,6,34,275,45,356,0,15,3,17,0,4,0,5,3,36,0,36,7,39,6,55,7,39,6,49,9,53,9,73,6,32,3,45,3,19,0,26,0,3,0,3,33,240,37,314,3,25,4,38,5,22,0,19,3,65,4,75,7,73,18,101,15,84,17,114,21,115,15,152,12,79,14,102,5,42,6,50,0,7,0,12,69,514,88,670
LGA58570,40,600,19,658,55,1021,101,1174,187,3531,368,4087,226,2840,206,3269,306,1949,145,2397,321,1516,123,1962,160,986,77,1217,57,454,47,554,19,174,27,221,1365,13063,1116,15548,26,594,15,632,71,1213,93,1373,214,3729,270,4222,285,2609,134,3031,437,1740,83,2257,478,1322,72,1869,212,974,78,1267,59,529,50,645,8,395,36,438,1799,13112,838,15743,60,1187,34,1286,122,2237,194,2549,397,7263,646,8305,511,5451,344,6304,746,3685,225,4660,803,2836,195,3835,378,1965,145,2485,115,985,102,1197,28,568,61,667,3163,26173,1954,31291
LGA58610,0,35,7,43,0,26,5,29,3,69,12,83,9,75,13,97,9,81,10,100,12,114,12,130,13,118,14,145,11,62,9,78,3,15,0,14,67,588,81,732,4,32,8,41,3,30,3,37,5,69,15,86,16,59,15,89,15,80,12,107,23,109,13,145,20,99,17,143,10,53,9,73,0,24,3,31,106,552,90,743,5,62,13,87,0,50,10,66,11,139,21,173,27,137,23,191,22,161,22,207,42,218,25,277,33,221,33,284,17,114,21,152,6,42,5,47,173,1138,170,1479
LGA58680,0,10,3,12,0,13,3,14,0,13,3,27,8,21,4,32,6,29,7,48,6,36,13,55,5,28,8,41,0,15,7,20,0,5,3,6,28,168,55,249,0,5,3,12,0,3,0,7,0,13,3,19,5,19,4,29,7,29,11,51,4,23,6,33,6,23,8,31,0,15,6,21,0,0,0,3,29,136,46,209,0,16,10,27,0,15,5,24,8,31,9,47,12,36,14,57,15,62,17,96,5,61,17,84,7,53,15,72,5,33,15,48,0,7,0,9,59,304,100,463
LGA58760,250,6493,361,7110,292,6143,427,6865,653,12273,967,13891,1105,12880,961,14944,1358,11797,911,14063,1127,8898,641,10667,738,5935,315,6984,410,2940,231,3582,102,780,150,1028,6036,68140,4953,79132,315,6135,341,6785,375,5888,311,6573,1294,13186,722,15201,2051,13248,679,15975,2290,11745,584,14617,2023,8676,404,11111,1135,6302,343,7789,392,3497,330,4224,72,1258,261,1597,9947,69934,3976,83860,568,12627,697,13890,669,12034,736,13443,1944,25461,1690,29094,3157,26123,1639,30915,3642,23541,1495,28677,3150,17580,1044,21776,1872,12241,657,14772,801,6441,560,7804,180,2038,411,2623,15986,138081,8933,162994
LGA58820,4,109,4,118,4,87,13,96,10,148,17,172,19,190,35,240,24,230,37,293,40,255,28,322,34,263,26,329,12,125,16,152,4,32,10,47,141,1446,189,1775,4,110,14,124,5,61,10,74,22,157,13,190,43,180,13,236,62,201,24,288,66,252,22,335,37,242,17,297,16,109,27,151,5,40,17,61,256,1342,162,1756,10,213,22,244,7,148,19,173,30,297,38,369,58,376,49,482,92,431,57,578,99,506,50,660,73,509,49,627,29,233,42,305,8,70,27,106,402,2785,350,3533
LGA58890,0,9,3,15,0,18,0,23,0,19,0,24,5,27,12,46,0,44,3,55,11,61,8,85,8,47,3,59,0,23,5,30,0,9,3,13,29,274,42,343,0,13,0,18,0,8,0,8,0,23,9,33,0,28,8,38,16,41,7,60,13,46,5,59,7,40,6,55,3,13,4,19,0,6,0,8,37,221,37,300,0,26,5,29,0,27,0,32,0,45,8,58,3,56,21,85,20,89,10,123,22,106,14,149,14,86,3,105,3,39,8,46,0,18,4,24,67,491,82,636
LGA59030,0,0,0,0,0,0,0,0,0,7,3,11,0,19,0,19,3,9,0,10,4,22,0,22,0,19,0,24,4,5,0,13,0,4,0,3,7,83,12,102,0,3,0,0,0,4,0,4,0,11,3,18,0,7,3,11,4,3,0,8,7,15,0,24,0,7,0,13,3,5,0,10,0,6,0,4,19,72,12,102,0,6,0,4,0,9,0,9,3,19,11,32,0,23,5,30,6,17,0,24,9,38,0,46,0,32,3,38,3,13,5,19,0,8,3,6,28,157,22,203
LGA59100,0,7,0,9,0,14,5,20,4,31,5,37,3,24,4,30,7,36,6,43,10,49,13,69,7,33,11,53,0,24,5,23,0,6,0,4,37,212,45,294,0,6,0,14,0,9,3,13,4,27,3,34,9,28,7,38,5,27,8,37,14,39,15,61,6,24,0,25,4,21,7,29,0,9,4,10,38,185,42,263,3,12,4,23,0,23,10,31,10,56,8,75,11,49,11,67,15,59,15,86,17,83,25,123,11,55,12,81,4,47,6,57,0,13,3,18,72,391,91,552
LGA59170,0,18,0,17,0,17,6,22,4,39,6,53,6,66,11,85,5,50,9,63,10,52,3,72,3,42,8,54,0,28,3,38,0,4,0,13,34,330,50,408,0,11,0,13,0,10,3,12,8,46,5,56,9,57,4,64,9,45,5,58,12,59,11,84,9,33,9,54,3,28,5,33,0,10,0,9,43,299,50,389,0,28,3,37,0,28,9,34,7,87,11,106,12,120,19,152,13,97,12,121,19,118,11,154,18,78,19,111,3,55,12,65,0,11,3,17,77,630,99,803
LGA59250,0,12,7,16,3,23,15,35,7,40,33,73,0,33,29,59,6,29,22,57,0,17,7,30,0,12,7,22,0,0,0,8,0,0,0,0,14,176,112,303,0,3,5,5,0,8,0,11,0,19,10,31,4,13,9,34,3,17,8,31,0,14,0,12,0,10,6,16,0,0,0,6,0,0,0,0,11,91,37,140,0,17,11,24,3,32,12,46,6,62,39,108,9,47,43,95,4,53,27,88,0,30,15,42,0,25,9,39,6,4,0,13,0,0,0,0,23,271,155,452
LGA59310,0,16,4,22,0,27,6,35,0,72,11,86,12,65,9,79,11,67,10,82,11,87,11,106,13,85,6,104,5,35,5,45,0,5,0,11,45,467,56,569,0,17,0,18,0,24,5,26,0,59,4,64,10,67,7,82,10,53,5,64,18,66,8,92,15,63,7,91,6,21,0,33,0,9,0,9,62,390,35,486,0,37,4,39,0,52,6,58,0,134,14,149,23,132,16,166,20,120,17,149,24,157,19,201,30,149,18,191,8,63,7,75,0,19,0,20,105,855,91,1058
LGA59320,0,7,0,10,0,10,0,8,3,15,4,27,6,12,5,20,7,23,0,29,7,40,5,51,0,28,3,34,0,9,0,15,0,0,0,4,20,141,22,187,0,4,0,8,0,4,0,4,0,18,0,17,7,19,4,27,4,18,0,25,7,20,0,35,0,20,3,32,0,4,5,13,0,5,0,5,25,127,21,167,0,11,0,15,0,14,0,17,5,34,6,43,10,38,9,49,9,39,3,52,15,58,4,84,4,52,6,61,0,16,9,22,0,6,0,3,49,268,40,357
LGA59330,0,5,0,4,0,8,0,7,0,17,0,16,4,17,0,26,4,28,0,36,8,33,0,40,3,30,0,45,5,24,4,35,0,3,0,3,25,165,21,216,0,7,0,5,0,8,3,9,0,20,4,28,0,19,0,23,3,13,4,24,6,17,3,34,5,26,5,43,0,25,0,31,0,0,3,6,25,142,27,194,0,12,0,14,0,12,3,15,5,39,5,47,4,32,4,45,10,42,3,58,15,56,4,78,7,60,14,82,7,52,8,65,0,4,4,9,53,309,49,409
LGA59340,10,143,39,197,13,159,49,217,29,463,112,600,34,404,100,536,26,370,113,507,19,343,84,452,21,178,55,256,0,56,17,80,0,4,0,7,151,2125,563,2836,15,153,42,204,28,171,45,241,50,523,129,706,50,424,94,568,62,358,92,523,49,320,70,440,13,120,33,166,5,40,15,62,0,9,5,17,270,2115,529,2921,24,298,79,397,44,327,91,464,77,983,240,1302,88,822,193,1102,94,737,204,1030,68,663,159,889,36,297,89,418,9,98,33,136,0,15,12,25,430,4239,1090,5761
LGA59350,0,0,0,0,0,12,13,30,0,39,44,85,0,14,20,34,4,16,19,32,0,12,11,19,0,9,6,16,0,6,0,4,0,0,0,0,7,97,121,224,0,0,0,6,0,4,5,6,0,11,6,17,0,5,9,8,0,14,7,19,4,6,4,14,0,8,0,5,0,6,0,4,0,0,0,4,5,50,28,86,0,0,0,9,0,14,18,31,3,48,52,106,0,17,28,46,3,24,21,52,4,13,15,33,0,11,7,25,0,7,4,7,0,0,0,4,13,147,147,313
LGA59360,0,12,0,9,4,21,11,33,0,83,33,117,8,75,36,111,9,89,35,137,10,105,29,143,5,60,12,77,4,19,6,29,0,6,0,9,39,470,168,671,0,0,0,0,0,14,0,18,5,50,12,66,0,46,11,55,10,67,14,93,6,57,3,73,7,37,7,52,0,15,0,21,0,8,3,9,36,294,51,388,0,15,0,18,0,33,11,46,8,130,52,187,6,120,38,169,20,160,44,222,20,161,35,215,16,97,22,127,8,39,9,50,3,14,7,21,73,772,217,1055
LGA59370,7,56,10,74,0,40,5,43,7,104,18,125,24,113,16,153,26,135,27,186,48,232,33,314,30,289,30,355,15,152,18,188,0,38,13,52,155,1165,171,1487,4,49,0,54,7,34,8,45,12,96,17,121,28,137,13,176,50,132,16,197,74,218,22,311,59,256,15,331,14,133,33,179,4,49,4,54,242,1107,132,1476,11,106,13,129,4,79,13,88,19,200,27,249,50,250,25,327,71,273,42,385,120,448,55,624,87,545,46,680,28,292,57,369,7,83,18,108,393,2269,298,2964
LGA59499,12,65,44,118,14,157,133,295,27,402,391,822,38,359,531,926,36,297,514,842,29,303,331,667,25,269,152,444,3,64,48,118,0,7,9,14,175,1922,2149,4247,12,74,60,147,12,141,103,256,21,404,266,692,55,277,284,613,38,213,219,468,43,278,160,477,24,197,95,316,0,23,14,38,0,5,12,16,205,1613,1215,3030,22,137,104,261,24,297,237,562,51,803,659,1512,88,637,809,1543,67,508,737,1313,70,578,493,1144,50,467,243,758,5,92,61,155,0,12,23,30,380,3536,3360,7285
LGA59799,0,3,7,7,0,9,13,25,0,54,44,99,6,82,71,157,0,54,46,103,0,30,20,55,0,6,4,14,0,0,0,0,0,0,0,0,15,243,202,455,0,0,0,3,0,5,5,11,0,8,3,14,0,9,3,11,0,5,8,9,0,5,0,3,0,5,0,4,0,0,0,0,0,0,0,0,0,39,19,61,0,5,3,6,0,15,15,31,0,67,46,116,6,90,80,170,0,61,48,109,0,35,21,62,0,9,3,18,0,0,0,0,0,0,0,0,15,280,222,516
