LGA_CODE_2021,One_method_Train_M,One_method_Train_F,One_method_Train_P,One_method_Bus_M,One_method_Bus_F,One_method_Bus_P,One_method_Ferry_M,One_method_Ferry_F,One_method_Ferry_P,One_met_Tram_or_lt_rail_M,One_met_Tram_or_lt_rail_F,One_met_Tram_or_lt_rail_P,One_met_Taxi_or_Rideshare_M,One_met_Taxi_or_Rideshare_F,One_met_Taxi_or_Rideshare_P,One_method_Car_as_driver_M,One_method_Car_as_driver_F,One_method_Car_as_driver_P,One_method_Car_as_passenger_M,One_method_Car_as_passenger_F,One_method_Car_as_passenger_P,One_method_Truck_M,One_method_Truck_F,One_method_Truck_P,One_method_Motorbike_scootr_M,One_method_Motorbike_scootr_F,One_method_Motorbike_scootr_P,One_method_Bicycle_M,One_method_Bicycle_F,One_method_Bicycle_P,One_method_Other_M,One_method_Other_F,One_method_Other_P,One_method_Walked_only_M,One_method_Walked_only_F,One_method_Walked_only_P,One_method_Tot_one_method_M,One_method_Tot_one_method_F,One_method_Tot_one_method_P,Two_methods_Train_Bus_M,Two_methods_Train_Bus_F,Two_methods_Train_Bus_P,Two_methods_Train_Ferry_M,Two_methods_Train_Ferry_F,Two_methods_Train_Ferry_P,Two_mt_trn_Trm_or_lt_rail_M,Two_mt_trn_Trm_or_lt_rail_F,Two_mt_trn_Trm_or_lt_rail_P,Two_methods_Trn_Car_as_drvr_M,Two_methods_Trn_Car_as_drvr_F,Two_methods_Trn_Car_as_drvr_P,Two_methods_Trn_Car_as_pass_M,Two_methods_Trn_Car_as_pass_F,Two_methods_Trn_Car_as_pass_P,Two_methods_Train_Other_M,Two_methods_Train_Other_F,Two_methods_Train_Other_P,Two_methods_Train_Tot_M,Two_methods_Train_Tot_F,Two_methods_Train_Tot_P,Two_methods_Bus_Ferry_M,Two_methods_Bus_Ferry_F,Two_methods_Bus_Ferry_P,Two_mth_Bu_Trm_or_lt_rail_M,Two_mth_Bu_Trm_or_lt_rail_F,Two_mth_Bu_Trm_or_lt_rail_P,Two_methods_Bus_Car_as_drvr_M,Two_methods_Bus_Car_as_drvr_F,Two_methods_Bus_Car_as_drvr_P,Two_methods_Bus_Car_as_pass_M,Two_methods_Bus_Car_as_pass_F,Two_methods_Bus_Car_as_pass_P,Two_methods_Bus_Other_M,Two_methods_Bus_Other_F,Two_methods_Bus_Other_P,Two_methods_Bus_Tot_M,Two_methods_Bus_Tot_F,Two_methods_Bus_Tot_P,Two_methds_Othr_two_methds_M,Two_methds_Othr_two_methds_F,Two_methds_Othr_two_methds_P,Two_methods_Tot_two_methods_M,Two_methods_Tot_two_methods_F,Two_methods_Tot_two_methods_P,Three_meth_Tr_2_oth_meth_M,Three_meth_Tr_2_oth_meth_F,Three_meth_Tr_2_oth_meth_P,Three_met_Bs_2_ot_met_ex_tr_M,Three_met_Bs_2_ot_met_ex_tr_F,Three_met_Bs_2_ot_met_ex_tr_P,Three_meth_Othr_three_meth_M,Three_meth_Othr_three_meth_F,Three_meth_Othr_three_meth_P,Three_meth_Tot_three_meth_M,Three_meth_Tot_three_meth_F,Three_meth_Tot_three_meth_P,Worked_home_M,Worked_home_F,Worked_home_P,Did_not_go_to_work_M,Did_not_go_to_work_F,Did_not_go_to_work_P,Method_travel_to_work_ns_M,Method_travel_to_work_ns_F,Method_travel_to_work_ns_P,Tot_M,Tot_F,Tot_P
LGA50080,0,0,0,108,26,131,0,0,0,0,0,0,18,13,36,6280,5967,12255,419,494,917,121,0,128,39,8,49,69,19,90,119,31,146,199,178,374,7382,6741,14126,0,0,0,0,0,0,0,0,0,3,0,3,0,0,0,0,0,0,3,0,5,0,0,0,0,0,0,5,7,9,0,0,5,0,0,3,13,9,19,67,45,113,80,58,139,0,3,3,6,0,6,4,0,4,7,3,9,487,661,1149,908,1175,2086,56,37,91,8925,8676,17599
LGA50210,445,478,915,341,154,500,9,0,9,0,0,6,66,47,112,16419,13560,29980,930,993,1926,273,14,287,92,7,103,70,15,79,518,140,661,207,184,397,19380,15593,34968,237,268,501,0,0,0,0,0,0,285,206,494,26,35,63,20,12,26,567,522,1089,0,0,0,0,0,0,9,23,30,10,21,36,22,4,29,46,49,96,207,74,279,822,643,1461,93,149,243,22,9,30,12,0,13,123,160,276,989,1524,2508,2171,2866,5044,112,77,187,23594,20859,44453
LGA50250,0,6,5,688,186,870,0,0,0,0,0,0,4,6,10,811,600,1407,146,83,231,18,7,28,8,3,14,11,34,45,163,39,205,111,158,267,1955,1116,3075,0,0,0,0,0,0,0,0,0,0,0,0,0,0,0,0,0,0,0,0,0,0,0,0,0,0,0,11,5,13,5,0,7,19,0,21,30,13,39,20,22,36,47,28,83,0,0,0,12,4,14,0,0,0,12,4,23,27,82,105,313,192,501,27,18,42,2387,1444,3828
LGA50280,0,0,0,83,15,97,0,0,0,0,0,0,0,0,0,2358,2373,4729,208,168,375,54,0,54,9,0,17,70,33,96,125,26,152,166,162,329,3079,2773,5859,0,0,0,0,0,0,0,0,0,0,0,0,0,0,0,0,0,0,0,0,3,0,0,0,0,0,0,3,0,3,0,0,0,7,5,3,8,3,9,51,28,79,60,33,95,0,0,0,6,0,6,0,0,0,5,0,4,449,588,1033,605,633,1238,40,26,71,4245,4049,8297
LGA50350,197,213,409,69,48,114,0,0,0,0,0,0,12,21,31,2560,2392,4945,140,181,316,34,3,38,22,4,23,61,13,76,74,21,93,39,45,86,3210,2941,6152,36,42,77,0,0,0,0,0,0,28,27,57,4,7,19,4,11,13,69,92,163,0,0,0,0,0,0,3,4,11,4,3,3,9,4,10,10,12,20,29,10,37,108,112,223,11,22,32,5,0,5,0,0,0,20,23,40,335,357,689,396,576,976,17,6,22,4083,4014,8098
LGA50420,560,538,1102,884,866,1741,3,0,7,3,0,4,105,101,199,12025,10216,22241,641,1000,1644,143,5,146,103,9,109,346,93,436,337,95,433,192,162,355,15338,13082,28414,154,182,337,0,0,0,0,0,0,113,115,230,16,31,46,12,12,19,295,341,636,0,0,0,0,0,3,56,57,116,28,58,86,30,17,43,113,134,252,148,93,239,553,571,1124,43,57,96,14,8,25,9,0,9,68,68,132,1227,1499,2726,1652,2370,4023,80,47,133,18919,17633,36553
LGA50490,75,89,164,723,672,1398,0,0,4,0,0,0,102,80,186,7617,5993,13612,453,706,1157,86,0,91,53,9,62,128,19,144,319,98,413,163,144,305,9731,7820,17543,78,75,151,0,0,0,0,0,0,50,61,103,8,10,18,4,0,3,133,146,279,0,0,0,0,0,0,28,33,55,13,37,51,23,19,39,64,88,153,101,47,151,304,275,581,18,48,64,22,24,40,3,3,3,47,69,120,581,662,1241,1101,1248,2354,85,42,126,11855,10113,21968
LGA50560,0,0,0,7,0,7,0,0,0,0,0,0,0,0,0,176,171,354,3,12,18,13,0,13,0,0,0,0,3,3,15,5,19,22,14,36,237,202,437,0,0,0,0,0,0,0,0,0,0,0,0,0,0,0,0,0,0,0,0,0,0,0,0,0,0,0,0,0,0,0,0,0,0,0,0,0,0,0,3,0,9,3,0,9,0,0,0,0,0,0,0,0,0,0,0,0,55,52,109,40,46,88,5,5,10,344,311,651
LGA50630,0,0,0,15,0,13,0,0,0,0,0,0,0,0,0,283,203,484,11,5,10,5,0,5,3,0,3,4,0,4,0,0,0,9,25,36,335,236,567,0,0,0,0,0,0,0,0,0,0,0,0,0,0,0,0,0,0,0,0,0,0,0,0,0,0,0,9,0,9,0,0,0,0,0,0,7,0,7,4,0,3,12,0,12,0,0,0,0,0,0,0,0,0,0,0,0,17,26,40,58,75,132,4,3,8,428,333,759
LGA50770,0,0,0,5,4,9,0,0,0,0,0,0,0,0,0,194,174,373,6,13,19,7,0,7,4,0,4,0,0,0,9,5,13,25,15,44,257,214,472,0,0,0,0,0,0,0,0,0,0,0,0,0,0,0,0,0,0,0,0,0,0,0,0,0,0,0,0,0,0,0,0,0,0,0,0,0,0,0,8,3,13,7,3,13,0,0,0,0,0,0,0,0,0,0,0,0,123,101,226,42,48,84,11,0,14,439,372,807
LGA50840,0,0,0,29,8,36,0,0,0,0,0,0,0,0,0,693,668,1361,47,54,95,20,0,22,0,3,3,0,0,0,21,4,25,48,40,86,859,783,1639,0,0,0,0,0,0,0,0,0,0,0,0,0,0,0,0,0,0,0,0,4,0,0,0,0,0,0,0,0,0,0,0,0,3,0,3,4,0,4,11,7,13,10,8,21,0,0,0,0,0,0,0,0,0,0,0,0,117,145,261,153,163,315,8,5,18,1157,1105,2261
LGA50910,0,0,0,0,0,0,0,0,0,0,0,0,0,0,0,111,97,208,4,6,13,4,0,4,3,0,3,0,0,0,4,0,3,20,21,43,146,131,278,0,0,0,0,0,0,0,0,0,0,0,0,0,0,0,0,0,0,0,0,0,0,0,0,0,0,0,0,0,0,0,0,0,0,0,0,0,0,0,3,0,4,3,0,4,0,0,0,0,0,0,0,0,0,0,0,0,43,27,66,19,17,37,3,0,0,212,179,395
LGA50980,0,3,7,57,23,85,0,0,0,0,0,0,7,6,14,2259,2506,4769,198,298,491,30,0,37,83,38,123,120,93,208,96,36,126,263,339,600,3117,3341,6451,0,0,0,0,0,0,0,0,0,0,4,5,0,0,0,0,0,0,0,4,5,0,0,0,0,0,0,0,0,3,0,0,0,3,0,5,6,4,10,32,22,59,36,36,70,0,0,0,0,0,0,0,0,0,0,0,0,149,250,394,389,482,871,60,51,103,3739,4149,7893
LGA51080,0,0,0,10,0,10,0,0,0,0,0,0,0,0,0,131,113,249,11,3,11,3,0,3,0,0,0,0,0,3,3,5,4,27,18,45,178,147,325,0,0,0,0,0,0,0,0,0,0,0,0,0,0,0,0,0,0,0,0,0,0,0,0,0,0,0,0,0,0,0,0,0,0,0,0,0,0,0,0,0,0,0,0,0,0,0,0,0,0,0,0,0,0,0,0,0,62,46,113,16,15,27,4,0,0,269,202,466
LGA51120,0,0,0,3,4,3,0,0,0,0,0,0,0,0,0,124,94,224,4,4,11,0,0,0,0,0,0,5,0,4,11,0,15,20,18,39,174,125,296,0,0,0,0,0,0,0,0,0,0,0,0,0,0,0,0,0,0,0,0,0,0,0,0,0,0,0,0,0,0,0,0,0,0,0,0,0,0,0,0,0,0,0,0,0,0,0,0,0,0,0,0,0,0,0,0,0,29,37,67,15,15,32,0,5,3,233,179,411
LGA51190,9,5,12,153,47,199,0,0,0,0,0,0,21,22,43,5132,4913,10036,463,478,940,53,5,54,31,4,34,98,30,130,116,42,158,175,191,365,6245,5734,11979,0,0,0,0,0,0,0,0,0,0,0,0,3,0,4,0,0,0,3,0,5,0,0,0,0,0,0,53,18,78,9,5,13,8,0,15,69,33,98,91,29,122,161,69,225,0,0,0,8,4,16,4,0,8,14,3,18,213,370,587,794,970,1760,54,24,76,7482,7166,14644
LGA51260,0,4,7,182,38,216,3,0,3,0,0,0,22,10,30,5944,5969,11915,457,471,931,95,5,101,13,0,13,149,60,207,229,48,274,237,225,462,7338,6824,14163,0,0,0,0,0,0,0,0,0,0,0,0,0,0,0,0,0,0,0,0,4,0,0,0,0,0,0,13,10,21,5,4,7,19,3,18,37,13,47,93,22,114,130,40,171,0,0,0,17,0,21,4,0,10,22,0,26,682,1052,1736,1313,1432,2744,56,62,124,9546,9417,18958
LGA51310,161,144,310,443,334,774,0,0,0,0,0,0,39,34,74,4374,3918,8300,251,351,608,25,3,32,40,4,41,295,93,391,92,27,119,196,184,382,5927,5095,11021,42,47,92,0,0,0,0,0,0,30,15,40,7,5,14,11,6,17,81,75,160,0,0,0,0,0,0,22,17,38,13,18,24,11,10,18,43,42,87,46,29,78,175,150,327,11,18,34,9,5,13,5,0,9,28,26,51,915,1022,1938,607,1001,1611,20,12,37,7677,7311,14988
LGA51330,499,554,1046,691,749,1440,0,0,3,0,0,4,108,105,217,17244,13413,30657,784,1368,2157,177,5,181,100,11,109,205,59,266,418,93,509,226,224,449,20458,16584,37035,661,570,1229,0,0,0,0,0,0,223,170,393,38,53,87,23,8,36,950,805,1753,0,0,0,0,0,0,47,45,85,27,90,121,29,26,53,108,156,263,202,121,326,1257,1080,2339,208,183,387,35,21,59,11,7,22,254,211,464,1471,1627,3101,2123,2779,4903,121,80,201,25681,22361,48045
LGA51400,0,5,5,113,28,144,0,0,0,0,0,0,4,0,10,3112,3074,6183,216,243,460,67,3,70,19,3,21,21,12,31,85,16,107,59,49,105,3703,3428,7127,0,0,0,0,0,0,0,0,0,0,0,0,0,0,0,0,0,0,0,0,4,0,0,0,0,0,0,33,15,43,4,5,9,3,0,8,42,20,59,56,25,79,98,45,139,0,0,3,7,4,16,0,0,0,11,3,12,200,304,504,572,653,1230,26,21,42,4605,4454,9068
LGA51470,0,0,0,3,5,5,0,0,0,0,0,0,0,0,0,85,67,147,4,3,3,5,0,5,0,0,0,4,0,7,3,0,3,9,11,21,114,83,197,0,0,0,0,0,0,0,0,0,0,0,0,0,0,0,0,0,0,0,0,0,0,0,0,0,0,0,0,0,0,0,0,0,0,0,0,0,0,0,0,0,0,0,0,0,0,0,0,0,0,0,0,0,0,0,0,0,17,13,26,9,14,19,0,0,0,144,106,252
LGA51540,0,0,0,57,8,65,0,0,0,0,0,0,0,0,3,594,617,1205,59,85,145,20,4,25,14,0,11,23,16,43,15,5,18,117,148,270,904,895,1794,0,0,0,0,0,0,0,0,0,0,0,0,0,0,0,0,0,0,0,0,0,0,0,0,0,0,0,3,0,3,0,0,0,0,0,0,3,0,3,5,8,15,15,8,22,0,0,0,0,0,0,3,0,3,3,0,3,122,107,224,99,109,204,20,16,33,1148,1129,2279
LGA51610,0,0,0,8,0,10,0,0,0,0,0,0,0,0,0,241,224,468,10,11,21,5,0,5,0,0,0,0,0,0,15,4,16,17,11,30,306,255,558,0,0,0,0,0,0,0,0,0,0,0,0,0,0,0,0,0,0,0,0,0,0,0,0,0,0,0,0,0,0,0,0,0,0,0,0,0,0,0,0,0,4,3,0,0,0,0,0,0,0,0,0,0,0,0,0,0,35,42,80,50,51,108,0,0,0,394,352,747
LGA51680,0,0,0,27,7,33,0,0,0,0,0,0,0,0,0,954,852,1809,50,58,109,42,0,44,10,0,5,0,0,3,54,15,69,42,27,69,1178,964,2140,0,0,0,0,0,0,0,0,0,6,6,17,0,5,5,0,0,0,6,8,17,0,0,0,0,0,0,3,0,0,0,0,0,6,0,6,6,0,7,11,7,16,28,15,42,0,0,0,4,0,4,0,0,0,3,0,6,132,188,323,196,162,358,16,9,22,1546,1347,2893
LGA51710,0,0,0,20,25,49,0,0,0,0,0,0,0,0,0,324,208,533,9,38,51,3,0,3,10,3,15,3,0,0,0,3,8,8,16,21,384,287,677,0,0,0,0,0,0,0,0,0,0,0,0,0,0,0,0,0,0,0,0,0,0,0,0,0,0,0,6,0,6,0,0,0,0,0,0,5,0,5,4,0,4,5,0,6,0,0,0,0,0,0,0,0,0,0,0,0,9,14,20,20,31,53,5,6,11,427,345,771
LGA51750,186,125,307,101,99,204,0,0,0,0,0,0,3,11,13,1434,1388,2813,84,129,217,9,0,9,18,7,26,96,27,122,21,16,36,93,78,173,2044,1882,3930,28,26,49,0,0,0,0,0,0,8,9,14,0,11,7,0,0,5,35,40,79,0,0,0,0,0,0,0,4,4,0,3,3,0,0,4,0,8,11,20,14,32,56,62,118,3,0,8,0,0,0,0,0,0,9,3,8,354,355,713,239,353,593,12,10,22,2706,2674,5382
LGA51820,870,815,1685,593,372,969,11,3,15,4,0,4,105,77,179,21603,19199,40804,1220,1483,2707,298,7,302,134,16,148,174,63,242,633,155,791,288,307,599,25935,22511,48444,424,430,856,0,0,0,0,0,0,374,345,716,49,76,128,38,10,48,888,864,1749,0,0,4,3,0,3,36,36,75,29,30,65,32,20,50,103,88,192,250,153,403,1236,1103,2340,160,169,331,25,5,34,16,0,20,202,179,382,1743,2540,4284,3067,4189,7256,120,87,201,32304,30605,62912
LGA51860,0,0,0,0,0,5,14,8,22,0,0,0,0,0,0,28,17,47,0,9,9,0,0,0,21,11,30,11,3,16,4,5,7,17,19,33,90,67,159,0,0,0,0,0,0,0,0,0,0,0,0,0,0,0,0,0,0,0,0,0,9,16,28,0,0,0,0,0,0,0,0,0,0,0,0,9,20,28,13,3,15,24,23,49,0,0,0,4,9,13,5,0,5,8,9,14,10,4,10,3,4,10,0,0,0,129,112,239
LGA51890,3,0,3,58,17,69,0,0,0,0,0,0,0,6,6,1163,1092,2258,121,100,216,22,0,22,4,0,6,7,4,8,30,8,38,35,34,75,1442,1264,2703,0,0,0,0,0,0,0,0,0,0,0,0,0,0,0,0,0,0,0,0,0,0,0,0,0,0,0,7,3,9,0,0,0,0,0,0,11,3,14,17,6,26,24,9,36,0,0,0,3,0,3,0,0,0,0,0,0,32,66,106,294,254,545,15,9,22,1811,1608,3420
LGA51960,0,0,0,50,11,63,0,0,0,0,0,0,0,0,0,487,386,872,61,29,89,15,0,19,0,0,6,3,0,3,14,3,19,16,39,61,651,477,1127,0,0,0,0,0,0,0,0,0,0,0,0,0,0,0,0,0,0,0,0,0,0,0,0,0,0,0,9,3,15,0,0,0,0,0,0,12,5,15,13,0,12,25,5,32,0,0,0,4,0,4,0,0,0,4,0,4,11,11,21,101,64,167,9,8,16,797,566,1359
LGA52030,0,0,0,5,0,0,0,0,0,0,0,0,0,0,0,123,85,210,7,11,16,11,0,11,0,0,0,0,0,0,10,3,10,19,16,33,170,110,281,0,0,0,0,0,0,0,0,0,0,0,0,0,0,0,0,0,0,0,0,0,0,0,0,0,0,0,0,0,0,0,0,0,0,0,0,0,0,0,0,0,0,0,0,0,0,0,0,0,0,0,0,0,0,0,0,0,37,43,79,30,26,59,6,0,7,242,189,426
LGA52100,0,0,0,3,0,3,0,0,0,0,0,0,0,0,0,164,134,303,3,7,8,3,0,3,0,0,0,3,6,3,6,0,11,21,24,48,213,171,381,0,0,0,0,0,0,0,0,0,0,0,0,0,0,0,0,0,0,0,0,0,0,0,0,0,0,0,0,0,0,0,0,0,0,0,0,0,0,0,0,0,0,3,0,4,0,0,0,0,0,0,0,0,0,0,0,0,52,38,96,16,23,38,3,4,4,293,233,527
LGA52170,129,107,234,40,34,75,0,0,0,0,0,0,3,3,8,1261,1016,2274,50,89,133,5,0,5,14,0,14,68,18,88,16,3,22,50,45,92,1633,1316,2945,12,4,18,0,0,0,0,0,0,5,12,14,0,0,0,8,0,8,29,17,44,0,0,0,0,0,0,0,4,5,0,0,0,0,0,0,6,4,5,7,5,16,40,26,67,6,3,11,0,0,0,0,0,0,8,3,15,296,324,622,178,270,447,10,16,26,2169,1954,4120
LGA52240,0,0,0,0,0,0,0,0,0,0,0,0,0,0,0,166,111,280,3,14,17,8,0,3,0,0,0,0,0,0,4,0,4,20,24,48,205,156,357,0,0,0,0,0,0,0,0,0,0,0,0,0,0,0,0,0,0,0,0,0,0,0,0,0,0,0,0,0,0,0,0,0,0,0,0,0,0,0,0,0,0,0,0,0,0,0,0,0,0,0,0,0,0,0,0,0,52,44,102,30,28,55,4,3,9,292,227,525
LGA52310,0,0,0,0,0,0,0,0,0,0,0,0,0,0,0,129,125,252,3,5,11,4,0,4,0,0,0,0,0,0,4,0,7,15,7,21,161,141,299,0,0,0,0,0,0,0,0,0,0,0,0,0,0,0,0,0,0,0,0,0,0,0,0,0,0,0,0,0,0,0,0,0,0,0,0,0,0,0,4,0,0,6,0,9,0,0,0,0,0,0,0,0,0,0,0,0,35,25,60,20,21,48,8,0,8,226,197,419
LGA52380,0,0,0,18,0,22,0,0,0,0,0,0,0,0,0,23,9,38,7,4,9,3,0,3,0,0,0,0,0,0,16,0,16,10,8,17,76,24,105,0,0,0,0,0,0,0,0,0,0,0,0,0,0,0,0,0,0,0,0,0,0,0,0,0,0,0,0,0,0,0,0,0,0,0,0,0,0,0,0,0,0,0,0,0,0,0,0,0,0,0,0,0,0,0,0,0,0,5,5,0,0,0,0,0,5,85,25,111
LGA52450,0,0,0,3,0,4,0,0,0,0,0,0,0,0,0,211,143,360,12,12,26,11,0,11,0,0,0,0,0,0,8,0,12,22,6,28,265,167,434,0,0,0,0,0,0,0,0,0,0,0,0,0,0,0,0,0,0,0,0,0,0,0,0,0,0,0,0,0,0,0,0,0,0,0,0,0,0,0,3,0,3,4,0,4,0,0,0,0,0,0,4,0,4,4,0,4,32,36,69,28,39,65,3,4,6,340,239,580
LGA52520,0,0,0,0,4,4,0,0,0,0,0,0,0,0,0,258,164,419,10,12,29,8,0,8,0,0,0,7,0,7,8,0,6,46,27,72,330,211,541,0,0,0,0,0,0,0,0,0,0,0,0,0,0,0,0,0,0,0,0,0,0,0,0,0,0,0,0,0,0,0,0,0,0,0,0,0,0,0,9,3,13,11,3,13,0,0,0,0,0,0,0,0,0,0,0,0,29,43,72,20,23,46,0,0,5,390,281,671
LGA52590,0,3,6,15,3,22,0,0,0,0,0,0,0,0,0,440,405,839,40,30,73,15,3,22,0,6,7,12,4,13,33,15,48,52,28,78,612,493,1104,0,0,0,0,0,0,0,0,0,0,0,0,0,0,0,0,0,0,0,0,0,0,0,0,0,0,0,5,0,7,0,0,0,0,0,0,5,5,5,11,3,17,10,10,23,0,0,0,5,0,6,0,0,5,9,0,8,93,117,208,113,100,215,4,7,19,847,730,1571
LGA52660,0,0,0,107,25,128,0,0,0,0,0,0,3,5,10,2508,2289,4797,212,154,372,48,0,48,15,3,20,14,0,13,51,9,58,47,42,92,3008,2532,5536,0,0,0,0,0,0,0,0,0,4,0,3,0,0,0,0,0,0,4,0,3,0,0,0,0,0,0,35,10,45,3,0,3,3,0,3,44,10,49,44,18,62,95,25,115,0,0,0,11,0,10,0,0,0,11,0,10,125,207,328,471,536,1006,16,13,27,3716,3314,7025
LGA52730,0,0,0,13,4,21,0,0,0,0,0,0,0,0,0,713,730,1443,54,56,109,17,0,15,3,0,7,12,11,22,35,5,41,79,70,146,922,874,1798,0,0,0,0,0,0,0,0,0,0,0,0,0,0,0,0,0,0,0,0,0,0,0,0,0,0,0,0,0,6,0,0,0,0,0,0,4,0,3,9,0,16,11,7,14,0,0,0,0,0,0,0,0,0,3,0,3,204,205,405,160,175,340,10,21,32,1306,1284,2592
LGA52800,0,0,0,12,30,46,0,0,0,0,0,0,0,0,0,500,476,977,72,80,151,15,0,19,4,0,4,9,8,21,28,23,48,199,251,449,845,861,1710,0,0,0,0,0,0,0,0,0,0,0,0,0,0,0,0,0,0,0,0,0,0,0,0,0,0,0,4,0,4,0,0,0,0,0,0,5,0,4,14,4,16,21,3,23,0,0,0,0,0,0,0,0,0,0,0,0,41,45,87,65,70,139,18,22,39,992,1008,2001
LGA52870,0,0,0,21,0,19,0,0,0,0,0,0,0,0,0,863,781,1647,81,67,142,21,5,23,4,0,4,4,3,8,42,3,42,57,50,108,1092,915,1998,0,0,0,0,0,0,0,0,0,0,0,0,0,0,0,0,0,0,0,0,0,0,0,0,0,0,0,5,0,7,0,0,0,3,0,3,8,0,6,15,7,23,20,13,31,0,0,0,0,0,0,0,0,0,0,0,5,145,168,315,195,199,390,9,15,34,1470,1308,2774
LGA52940,0,0,0,5,0,5,0,0,0,0,0,0,0,0,0,91,81,168,9,0,8,3,0,6,0,0,0,0,0,0,6,4,11,19,13,24,134,95,227,0,0,0,0,0,0,0,0,0,0,0,0,0,0,0,0,0,0,0,0,0,0,0,0,0,0,0,0,0,0,0,0,0,0,0,0,0,0,0,3,0,3,3,0,3,0,0,0,0,0,0,0,0,0,0,0,3,28,27,54,18,17,34,0,0,0,180,139,318
LGA53010,0,0,0,3,0,0,0,0,0,0,0,0,0,0,0,88,66,149,0,3,3,4,0,4,4,0,4,4,0,4,0,0,0,21,13,30,124,80,202,0,0,0,0,0,0,0,0,0,0,0,0,0,0,0,0,0,0,0,0,0,0,0,0,0,0,0,0,0,0,0,0,0,0,0,0,0,0,0,0,0,0,0,0,0,0,0,0,0,0,0,0,0,0,0,0,0,46,34,79,5,23,25,0,0,0,175,137,312
LGA53080,0,0,0,9,3,11,0,0,0,0,0,0,0,0,0,62,46,107,9,13,19,3,0,3,0,0,4,3,6,9,8,4,16,20,25,50,114,102,211,0,0,0,0,0,0,0,0,0,0,0,0,0,0,0,0,0,0,0,0,0,0,0,0,0,0,0,0,0,0,0,0,0,0,0,0,0,0,0,4,4,4,4,4,4,0,0,0,0,0,0,0,0,0,0,0,0,9,3,11,9,17,26,0,3,3,135,128,262
LGA53150,28,17,46,72,57,131,0,0,0,0,0,0,13,3,13,1185,1198,2385,57,69,122,5,0,5,10,5,17,35,5,43,15,8,23,42,62,102,1464,1425,2884,25,24,53,0,0,0,0,0,0,7,11,22,0,4,8,4,0,4,43,44,86,0,0,0,0,0,0,0,7,5,3,4,7,3,0,0,4,7,12,19,4,18,63,52,120,8,8,9,0,0,0,3,0,3,10,10,19,227,292,512,188,285,474,6,4,7,1961,2060,4016
LGA53220,8,0,8,655,116,776,0,0,0,0,0,0,19,0,21,1097,699,1792,236,120,352,47,0,45,20,6,21,35,9,48,420,128,546,221,206,424,2754,1281,4037,0,0,0,0,0,0,0,0,0,0,0,0,0,0,0,0,0,0,0,0,0,0,0,0,0,0,0,22,20,37,6,3,7,38,3,48,65,22,90,79,20,97,144,45,188,0,0,0,23,5,25,9,0,8,28,6,33,37,57,95,253,185,439,44,18,60,3262,1590,4859
LGA53290,0,0,4,33,10,42,0,0,0,0,0,0,7,3,8,2388,1924,4314,125,140,265,67,0,67,24,7,36,38,30,69,40,22,66,132,121,252,2856,2262,5115,0,0,0,0,0,0,0,0,0,0,0,0,0,0,0,0,0,0,0,0,0,0,0,0,0,0,0,6,0,6,0,0,3,0,0,0,6,5,10,36,20,48,40,25,66,0,0,0,0,0,0,0,0,0,0,0,0,216,352,572,329,376,704,28,19,53,3481,3022,6504
LGA53360,0,0,0,17,5,18,0,0,0,0,0,0,0,0,0,508,460,967,47,33,76,15,0,15,9,5,17,34,52,93,12,3,20,74,89,158,714,655,1369,0,0,0,0,0,0,0,0,0,0,0,0,0,0,0,0,0,0,0,0,0,0,0,0,0,0,0,4,0,4,0,0,0,0,0,0,4,0,4,7,8,22,14,8,21,0,0,0,0,0,0,3,0,3,3,0,7,51,69,121,109,98,203,12,10,16,899,836,1733
LGA53430,252,237,489,243,241,484,8,5,7,0,0,0,28,29,58,4474,4433,8907,258,356,613,52,3,56,59,9,73,250,130,374,119,57,181,325,336,661,6055,5839,11900,169,113,276,0,0,0,0,0,0,66,80,142,9,14,26,25,20,48,271,223,485,0,0,0,0,0,0,11,14,22,6,13,23,9,6,21,28,37,63,67,44,111,364,300,662,20,19,40,11,0,13,8,3,16,41,28,68,859,999,1857,857,1165,2020,34,31,71,8205,8363,16569
LGA53570,3,0,4,48,27,78,0,0,0,0,0,0,0,0,6,664,596,1261,75,97,171,40,0,39,10,0,10,11,4,14,60,10,68,78,65,139,981,808,1788,0,0,0,0,0,0,0,0,0,4,3,5,0,0,0,0,0,0,4,3,5,0,0,0,0,0,0,0,0,0,4,0,4,6,0,3,6,0,8,15,7,23,28,14,40,0,4,0,0,0,0,0,0,0,0,4,6,138,161,292,180,133,314,21,18,42,1352,1137,2487
LGA53640,0,0,0,5,5,3,0,0,0,0,0,0,0,0,0,232,117,354,12,14,23,6,0,6,0,0,0,0,4,3,6,3,10,29,30,60,292,173,459,0,0,0,0,0,0,0,0,0,0,0,0,0,0,0,0,0,0,0,0,0,0,0,0,0,0,0,0,0,0,0,0,0,0,0,0,0,0,0,0,0,0,0,0,0,0,0,0,0,0,0,0,0,0,5,0,5,46,53,101,14,24,34,0,6,3,357,252,610
LGA53710,0,0,0,3,0,0,0,0,0,0,0,0,0,0,0,149,125,272,4,3,12,3,0,8,0,0,0,0,0,0,7,0,6,18,12,33,189,140,330,0,0,0,0,0,0,0,0,0,0,0,0,0,0,0,0,0,0,0,0,0,0,0,0,0,0,0,0,0,0,0,0,0,0,0,0,0,0,0,0,0,5,0,0,5,0,0,0,0,0,0,0,0,0,0,0,0,29,32,68,11,20,35,8,3,13,242,200,440
LGA53780,561,646,1213,572,406,980,7,9,17,0,0,0,164,88,246,22416,16966,39379,1340,1611,2954,370,12,385,119,11,131,121,13,136,639,139,779,205,201,407,26517,20101,46623,504,521,1024,0,0,0,0,0,0,274,229,503,49,56,111,20,4,25,840,813,1653,0,0,0,0,0,0,36,48,81,25,62,85,29,15,40,87,120,209,266,126,396,1202,1063,2264,155,210,369,20,12,32,13,5,10,185,227,412,1193,1723,2920,2668,3257,5925,159,100,255,31927,26460,58391
LGA53800,4,0,4,161,40,204,5,0,5,0,0,0,15,16,31,6215,6248,12461,499,533,1032,153,10,160,79,11,95,108,46,163,180,41,214,214,175,390,7628,7121,14752,0,0,0,0,0,0,0,0,0,0,0,8,0,0,0,0,0,0,8,4,9,0,0,0,0,0,0,11,0,14,5,5,7,10,9,14,27,14,34,63,43,109,97,56,156,0,0,0,9,0,8,9,0,9,17,3,15,291,487,781,1068,1116,2188,34,38,69,9139,8820,17963
LGA53920,0,0,0,10,12,21,0,0,0,0,0,0,0,0,0,156,115,275,31,37,67,5,3,3,0,0,0,3,0,0,12,0,14,124,159,281,340,329,671,0,0,0,0,0,0,0,0,0,0,0,0,0,0,0,0,0,0,0,0,0,0,0,0,0,0,0,0,0,0,0,0,3,0,0,0,0,0,4,8,6,12,8,5,16,0,0,0,0,0,0,0,0,0,0,0,0,12,15,25,15,23,40,20,16,41,394,393,786
LGA53990,6,0,3,207,53,262,0,0,0,0,0,0,9,10,24,4691,4388,9078,400,369,765,92,7,99,27,0,28,38,8,42,147,51,201,115,86,199,5740,4969,10708,5,0,5,0,0,0,0,0,0,6,3,3,0,0,0,0,0,0,6,3,9,0,0,0,0,0,0,69,6,76,3,8,8,10,0,10,87,12,95,67,35,97,155,48,199,5,0,10,6,0,9,3,0,3,15,4,17,285,410,697,883,918,1797,44,26,65,7115,6372,13484
LGA54060,0,0,0,13,12,30,0,0,0,0,0,0,0,0,0,410,440,851,37,32,67,15,0,15,0,0,6,5,0,10,26,10,36,33,34,67,546,531,1076,0,0,0,0,0,0,0,0,0,0,0,0,0,0,0,0,0,0,0,0,0,0,0,0,0,0,0,0,0,0,0,0,0,0,0,0,0,0,0,8,3,11,8,4,12,0,0,0,0,0,0,0,0,0,0,0,0,57,75,133,124,95,219,17,6,25,748,709,1465
LGA54130,0,0,0,5,6,11,0,0,0,0,0,0,0,0,0,180,114,289,11,12,21,4,0,4,0,0,0,0,0,0,6,5,7,30,29,53,232,165,388,0,0,0,0,0,0,0,0,0,0,0,0,0,0,0,0,0,0,0,0,0,0,0,0,0,0,0,0,0,0,0,0,0,0,0,0,0,0,0,3,0,0,3,0,0,0,0,0,0,0,0,0,0,0,0,0,0,67,62,130,26,31,56,4,0,4,328,262,589
LGA54170,1704,1549,3259,497,202,702,15,9,15,0,3,4,95,71,170,26835,24397,51230,1417,1677,3100,486,6,495,187,9,199,265,53,319,835,121,954,411,427,836,32753,28532,61286,754,538,1293,0,0,0,0,0,0,663,540,1205,101,105,197,77,12,90,1596,1194,2785,0,0,0,0,0,0,33,21,61,12,25,35,38,7,46,89,54,138,259,128,392,1945,1375,3317,243,234,475,17,7,23,20,3,27,279,243,525,3513,4426,7941,4375,6061,10430,130,110,240,42996,40747,83741
LGA54200,54,72,125,381,237,622,5,4,10,4,0,0,47,27,79,10488,9071,19557,545,557,1100,277,6,285,77,4,84,60,11,72,324,83,404,177,149,330,12442,10229,22661,16,36,55,0,0,0,0,0,0,84,81,162,4,11,11,4,0,4,103,123,224,0,0,0,0,0,0,30,30,66,14,26,40,28,8,32,75,61,138,113,56,169,299,232,533,20,22,46,5,4,8,3,0,9,33,30,61,864,1271,2137,1497,1964,3464,75,46,114,15207,13769,28979
LGA54280,4,0,4,272,83,361,8,4,14,0,0,0,44,49,94,5896,4802,10699,597,555,1150,119,11,132,54,6,63,66,15,80,87,37,127,225,236,460,7375,5810,13186,0,0,0,0,0,0,0,0,0,0,0,0,0,0,0,0,0,0,0,4,4,0,0,0,0,0,0,55,10,68,8,0,10,4,0,4,69,16,82,80,55,128,144,73,214,0,0,0,9,0,14,7,0,3,14,3,20,112,272,387,758,670,1428,39,28,64,8438,6858,15298
LGA54310,3,4,9,302,53,355,0,0,0,0,0,0,23,5,29,4187,3300,7475,446,308,752,69,0,70,53,8,61,39,24,65,125,33,162,144,232,378,5397,3969,9367,0,4,4,0,0,0,0,0,0,5,0,3,0,0,0,0,0,0,3,0,6,0,0,0,0,0,0,16,12,22,5,3,7,6,0,6,28,15,36,60,26,79,89,38,130,6,0,3,11,0,11,3,4,6,15,6,24,58,220,279,694,587,1279,31,23,51,6286,4841,11129
LGA54340,0,0,0,50,14,66,0,0,0,0,0,0,0,0,0,677,543,1223,86,62,144,16,0,16,3,0,3,3,0,3,12,7,17,37,50,87,885,675,1562,0,0,0,0,0,0,0,0,0,0,0,0,0,0,0,0,0,0,0,0,0,0,0,0,0,0,0,0,0,0,0,0,0,0,0,0,0,0,0,5,5,11,5,5,12,0,0,0,0,0,0,0,0,0,4,0,4,51,46,100,48,78,118,14,4,21,1003,810,1816
LGA54410,0,0,0,0,3,3,0,0,0,0,0,0,0,0,0,142,126,263,7,5,14,13,0,13,3,0,3,0,0,0,6,0,6,22,23,46,193,164,355,0,0,0,0,0,0,0,0,0,0,0,0,0,0,0,0,0,0,0,0,0,0,0,0,0,0,0,0,0,0,0,0,0,0,0,0,0,0,0,0,0,3,5,4,5,0,0,0,0,0,0,0,0,0,0,0,0,27,16,49,15,35,53,10,8,13,247,224,472
LGA54480,0,0,0,3,0,3,0,0,0,0,0,0,0,0,0,79,51,133,0,0,0,4,0,4,0,0,0,0,0,0,8,0,8,18,13,29,113,72,179,0,0,0,0,0,0,0,0,0,0,0,0,0,0,0,0,0,0,0,0,0,0,0,0,0,0,0,0,0,0,0,0,0,0,0,0,0,0,0,0,0,0,0,0,0,0,0,0,0,0,0,0,0,0,0,0,0,26,27,54,9,8,12,3,0,10,159,104,258
LGA54550,0,0,0,12,4,11,0,0,0,0,0,0,0,0,0,281,232,514,25,12,43,10,0,10,0,0,0,0,0,4,16,0,16,47,35,76,390,281,673,0,0,0,0,0,0,0,0,0,0,0,0,0,0,0,0,0,0,0,0,0,0,0,0,0,0,0,0,0,0,0,0,0,0,0,0,0,0,0,3,0,8,3,0,8,0,0,0,0,0,0,0,0,0,0,0,0,91,90,180,38,54,97,5,4,11,534,434,967
LGA54620,0,0,0,3,0,5,0,0,0,0,0,0,0,0,0,121,97,217,8,4,13,8,0,8,0,0,0,7,0,11,7,4,13,33,24,54,191,128,322,0,0,0,0,0,0,0,0,0,0,0,0,0,0,0,0,0,0,0,0,0,0,0,0,0,0,0,0,0,0,0,0,0,0,0,0,0,0,0,5,0,5,5,0,4,0,0,0,5,0,5,0,0,0,4,0,4,42,40,84,12,22,34,7,6,7,261,193,459
LGA54690,0,0,0,0,0,3,0,0,0,0,0,0,0,0,0,61,38,102,0,0,3,6,0,6,0,0,0,0,0,0,0,0,0,4,10,12,74,50,124,0,0,0,0,0,0,0,0,0,0,0,0,0,0,0,0,0,0,0,0,0,0,0,0,0,0,0,0,0,0,0,0,0,0,0,0,0,0,0,0,0,0,0,0,0,0,0,0,0,0,0,0,0,0,0,0,0,23,19,36,13,13,22,0,8,5,109,83,193
LGA54760,0,0,0,5,3,4,0,0,0,0,0,0,0,0,0,96,82,176,3,0,4,5,0,5,0,0,0,4,0,3,12,4,17,40,18,53,154,111,263,0,0,0,0,0,0,0,0,0,0,0,0,0,0,0,0,0,0,0,0,0,0,0,0,0,0,0,0,0,0,0,0,0,0,0,0,0,0,0,0,0,4,0,0,4,0,0,0,0,0,0,0,0,0,0,0,0,50,45,91,17,23,41,0,0,0,224,177,404
LGA54830,416,484,900,228,138,365,3,3,4,0,0,0,36,19,49,7434,6011,13451,502,525,1025,131,0,131,38,0,42,22,3,25,285,68,356,96,95,183,9186,7352,16538,187,278,462,0,0,0,0,0,0,114,109,222,22,37,56,12,6,19,330,424,755,0,0,0,0,0,0,12,10,20,11,14,27,13,8,13,29,27,56,100,45,139,462,492,956,65,133,196,10,4,18,9,0,7,85,140,223,378,676,1050,1170,1352,2524,57,37,88,11332,10044,21377
LGA54900,0,0,0,7,0,5,0,0,0,0,0,0,0,0,0,234,140,376,11,15,25,11,4,18,0,0,0,5,0,8,7,0,5,37,40,81,317,200,518,0,0,0,0,0,0,0,0,0,0,0,0,0,0,0,0,0,0,0,0,0,0,0,0,0,0,0,0,0,0,0,0,0,0,0,0,0,0,0,3,0,5,3,0,5,0,0,0,0,0,0,0,0,0,0,0,0,90,67,153,16,38,57,3,5,8,433,317,744
LGA54970,0,0,0,65,14,77,0,0,0,0,0,0,4,0,4,120,41,164,28,15,47,3,0,3,0,0,0,4,0,4,89,9,94,20,38,59,328,123,452,0,0,0,0,0,0,0,0,0,0,0,0,0,0,0,0,0,0,0,0,0,0,0,0,0,0,0,0,0,0,0,0,0,3,0,3,8,0,8,18,6,24,27,11,35,0,0,0,0,0,0,0,0,0,0,0,0,0,3,9,17,12,25,4,0,4,368,147,518
LGA55040,0,0,0,69,10,81,0,0,0,0,0,0,0,0,0,136,116,254,26,12,40,8,0,8,0,0,0,4,0,3,66,9,73,42,47,86,355,198,552,0,0,0,0,0,0,0,0,0,0,0,0,0,0,0,0,0,0,0,0,0,0,0,0,0,0,0,0,0,0,0,0,0,5,0,5,5,0,7,14,0,16,18,5,18,0,0,0,6,0,6,0,0,0,0,0,0,7,12,17,41,28,71,6,3,10,423,241,669
LGA55110,261,276,534,578,233,812,0,0,5,0,0,0,41,32,76,10835,11048,21884,896,891,1789,215,6,225,54,5,61,69,27,95,735,180,918,248,221,476,13927,12928,26860,93,90,182,0,0,0,0,0,0,136,114,251,19,20,40,10,3,13,261,229,483,0,0,0,0,0,0,34,6,40,14,32,41,22,15,36,69,50,126,224,81,305,550,361,913,74,70,144,35,17,50,12,3,13,117,88,210,847,1433,2279,2923,2772,5698,122,85,208,18486,17674,36163
LGA55180,0,0,0,37,10,48,0,0,0,0,0,0,0,0,0,1418,1293,2713,134,128,264,37,0,36,10,0,13,15,4,25,30,10,47,131,107,239,1818,1565,3383,0,0,0,0,0,0,0,0,0,3,0,3,0,0,0,0,0,0,3,0,3,0,0,0,0,0,0,0,0,3,0,0,0,0,0,0,0,0,3,20,4,23,18,4,25,0,0,0,0,0,0,0,0,0,5,0,5,210,219,433,215,237,451,26,17,44,2290,2049,4339
LGA55250,0,0,0,49,6,47,0,0,0,0,0,0,0,0,0,114,60,175,19,12,31,3,0,3,0,0,0,0,5,0,29,11,43,44,45,90,260,136,398,0,0,0,0,0,0,0,0,0,0,0,0,0,0,0,0,0,0,0,0,0,0,0,0,0,0,0,0,0,0,0,0,0,3,0,4,6,0,7,4,0,11,16,4,16,0,0,0,0,0,0,0,0,0,0,0,0,20,11,26,18,5,22,11,7,10,313,165,483
LGA55320,543,407,944,959,641,1602,8,5,7,0,0,0,68,51,122,16489,15276,31763,859,1275,2133,126,5,132,115,13,129,347,87,435,348,82,435,282,303,584,20141,18149,38293,602,457,1058,0,0,0,0,0,0,166,132,298,30,49,77,33,8,40,834,642,1473,0,0,0,0,0,0,43,40,88,23,32,56,18,11,35,83,91,170,183,100,281,1097,833,1935,112,96,201,13,7,22,4,3,12,127,106,233,2440,2729,5168,2312,3645,5956,89,72,160,26217,25535,51746
LGA55390,0,0,0,24,0,27,0,0,0,0,0,0,0,0,0,41,18,57,31,5,36,0,0,0,0,0,0,0,0,0,41,12,50,14,13,28,156,48,202,0,0,0,0,0,0,0,0,0,0,0,0,0,0,0,0,0,0,0,0,0,0,0,0,0,0,0,0,0,3,0,0,0,10,0,10,12,0,11,8,0,12,18,5,20,0,0,0,0,0,0,0,0,0,0,0,0,3,0,3,11,0,12,5,0,5,192,52,247
LGA55460,0,0,0,11,3,14,0,0,0,0,0,0,0,0,0,520,418,933,23,33,52,22,0,22,9,0,9,6,4,9,4,0,6,55,39,93,645,497,1139,0,0,0,0,0,0,0,0,0,0,0,0,0,0,0,0,0,0,0,0,0,0,0,0,0,0,0,0,0,0,0,0,0,0,0,0,0,0,0,6,3,11,8,7,9,0,0,0,0,0,0,0,0,0,3,0,4,51,59,103,57,93,144,3,4,8,764,653,1414
LGA55530,0,0,0,0,0,0,0,0,0,0,0,0,0,0,0,68,32,99,3,0,4,4,0,4,0,0,0,0,0,0,0,3,3,9,14,24,85,46,138,0,0,0,0,0,0,0,0,0,0,0,0,0,0,0,0,0,0,0,0,0,0,0,0,0,0,0,0,0,0,0,0,0,0,0,0,0,0,0,0,0,0,0,0,3,0,0,0,0,0,0,0,0,0,0,0,0,16,21,32,4,7,13,0,0,0,105,75,184
LGA55600,0,0,0,3,0,5,0,0,0,0,0,0,0,0,0,374,323,701,26,19,44,13,0,13,0,0,4,6,0,8,13,5,15,45,39,79,474,384,861,0,0,0,0,0,0,0,0,0,0,0,0,0,0,0,0,0,0,0,0,0,0,0,0,0,0,0,0,0,0,0,0,0,0,0,0,0,0,0,3,0,4,3,0,4,0,0,0,0,0,0,0,0,0,0,0,0,61,62,121,35,49,82,0,0,6,581,497,1078
LGA55670,0,0,0,0,0,0,0,0,0,0,0,0,0,0,0,78,67,141,4,4,10,7,0,7,0,0,0,0,0,0,5,6,4,18,13,33,105,84,188,0,0,0,0,0,0,0,0,0,0,0,0,0,0,0,0,0,0,0,0,0,0,0,0,0,0,0,0,0,0,0,0,0,0,0,0,0,0,0,0,0,3,0,0,3,0,0,0,0,0,0,0,0,0,0,0,0,16,21,39,3,7,17,4,0,4,131,115,249
LGA55740,164,106,263,70,29,103,0,0,0,0,0,0,9,0,13,1262,1205,2464,62,88,155,4,0,8,19,0,19,47,8,57,29,10,40,43,78,118,1708,1530,3239,15,20,26,0,4,5,0,0,0,17,15,26,0,0,0,9,3,9,31,35,71,0,0,0,0,0,0,0,3,5,0,0,0,4,0,4,3,8,9,17,9,29,57,53,109,9,7,13,4,0,4,0,0,0,7,10,17,306,293,600,198,308,505,9,5,17,2284,2202,4486
LGA55810,0,0,0,8,0,9,0,0,0,0,0,0,0,0,0,37,34,69,11,8,15,3,0,3,0,0,0,0,0,0,11,0,11,10,23,30,77,64,145,0,0,0,0,0,0,0,0,0,0,0,0,0,0,0,0,0,0,0,0,0,0,0,0,0,0,0,0,0,0,0,0,0,0,0,0,0,0,0,0,0,0,0,0,0,0,0,0,0,0,0,0,0,0,0,0,0,3,3,9,14,5,24,0,0,4,100,76,179
LGA55880,0,0,0,6,0,4,0,0,0,0,0,0,0,0,0,64,44,113,7,3,7,0,0,4,0,0,0,0,0,0,3,4,4,23,9,35,102,71,173,0,0,0,0,0,0,0,0,0,0,0,0,0,0,0,0,0,0,0,0,0,0,0,0,0,0,0,0,0,0,0,0,0,0,0,0,0,0,0,0,0,0,0,0,0,0,0,0,0,0,0,0,0,0,0,0,0,25,31,56,3,12,15,0,0,0,133,108,249
LGA55950,0,0,0,3,0,3,0,0,0,0,0,0,0,0,0,83,51,131,0,5,3,10,0,10,0,0,0,6,0,7,7,0,12,20,9,33,126,72,201,0,0,0,0,0,0,0,0,0,0,0,0,0,0,0,0,0,0,0,0,0,0,0,0,0,0,0,0,0,0,0,0,0,0,0,0,0,0,0,3,0,3,3,0,3,0,0,0,0,0,0,0,0,0,0,0,0,23,21,48,7,9,22,6,3,8,166,108,270
LGA56090,86,87,173,168,65,234,0,0,0,0,0,0,15,10,30,6108,5657,11768,353,338,688,199,10,209,55,4,63,43,8,53,211,38,257,104,105,204,7345,6328,13670,43,29,72,0,0,0,0,0,0,136,97,233,11,18,28,5,0,5,185,146,337,0,0,0,0,0,0,8,9,16,7,5,14,7,3,10,17,21,35,82,38,118,282,203,496,17,21,40,4,5,8,3,0,7,30,26,53,689,957,1644,1141,1351,2496,67,47,109,9550,8914,18464
LGA56160,0,0,0,0,0,0,0,0,0,0,0,0,0,0,0,7,0,7,0,0,0,0,0,0,0,0,0,0,0,0,0,0,0,4,3,16,12,6,19,0,0,0,0,0,0,0,0,0,0,0,0,0,0,0,0,0,0,0,0,0,0,0,0,0,0,0,0,0,0,0,0,0,0,0,0,0,0,0,0,0,0,0,0,0,0,0,0,0,0,0,0,0,0,0,0,0,8,6,15,4,0,4,0,0,0,29,16,40
LGA56230,17,26,45,95,25,119,0,0,0,0,0,0,0,0,4,2241,2190,4431,170,165,335,86,9,91,14,0,15,7,8,16,140,49,191,60,64,127,2843,2535,5378,7,0,8,0,0,0,0,0,0,20,28,43,0,0,0,0,0,0,22,26,51,0,0,0,0,0,0,8,4,7,0,3,8,8,3,15,21,13,26,48,18,63,95,55,141,14,9,23,6,0,11,0,0,3,21,10,36,231,308,536,663,571,1233,27,17,43,3874,3494,7368
LGA56300,0,0,0,3,0,9,0,0,0,0,0,0,0,0,0,158,157,320,11,13,18,3,0,3,5,0,6,7,0,10,11,0,17,28,24,49,232,196,432,0,0,0,0,0,0,0,0,0,0,0,0,0,0,0,0,0,0,0,0,0,0,0,0,0,0,0,0,0,0,0,0,0,0,0,0,0,0,0,7,0,7,5,0,7,0,0,0,0,0,0,0,0,0,0,0,0,46,52,96,35,43,74,5,0,4,328,293,617
LGA56370,0,0,0,5,4,7,0,0,0,0,0,0,0,0,0,116,86,203,4,6,12,4,0,9,0,0,0,0,3,3,8,0,9,19,20,37,158,112,272,0,0,0,0,0,0,0,0,0,0,0,0,0,0,0,0,0,0,0,0,0,0,0,0,0,0,0,0,0,0,0,0,0,0,0,0,0,0,0,0,0,5,0,0,5,0,0,0,0,0,0,0,0,0,0,0,0,33,29,63,8,18,25,0,0,0,200,161,362
LGA56460,0,0,0,21,5,28,0,0,0,0,0,0,0,0,0,732,707,1440,53,52,109,25,0,25,0,0,0,4,0,3,16,0,21,55,60,116,915,826,1743,0,0,0,0,0,0,0,0,0,0,0,0,0,0,0,0,0,0,0,0,0,0,0,0,0,0,0,0,0,0,3,0,3,0,0,0,5,0,5,5,10,15,11,10,17,0,0,0,6,0,6,0,0,0,6,0,6,65,63,126,82,121,204,12,10,20,1090,1023,2119
LGA56580,89,70,158,374,220,592,0,0,0,0,0,0,22,18,38,3274,2716,5987,220,305,525,12,0,12,26,4,30,210,72,281,47,13,56,181,147,328,4454,3566,8021,35,16,56,0,0,0,0,0,0,10,15,22,4,6,13,0,4,3,45,44,91,0,0,0,0,0,0,12,13,20,8,14,26,5,4,7,24,30,55,40,13,54,115,89,207,11,3,13,6,3,12,5,3,4,21,8,32,711,775,1482,418,651,1072,27,25,49,5737,5114,10851
LGA56620,0,0,0,0,0,0,0,0,0,0,0,0,0,0,0,30,21,51,10,22,36,0,0,0,0,0,0,0,0,0,0,0,0,42,64,107,86,107,198,0,0,0,0,0,0,0,0,0,0,0,0,0,0,0,0,0,0,0,0,0,0,0,0,0,0,0,0,0,0,0,0,0,0,0,0,0,0,0,6,0,7,6,0,7,0,0,0,0,0,0,0,0,0,0,0,0,5,0,5,4,5,6,0,5,3,99,122,221
LGA56730,0,5,8,33,4,40,0,0,0,0,0,0,5,6,11,1521,1515,3026,132,151,277,46,0,48,11,0,7,5,0,13,43,21,59,102,78,184,1895,1776,3675,0,0,0,0,0,0,0,0,0,4,8,9,0,0,0,0,0,0,3,8,11,0,0,0,0,0,0,0,0,0,0,0,0,0,0,0,0,0,4,24,14,34,29,20,52,9,3,7,0,0,5,4,0,6,15,5,16,128,184,305,248,257,504,17,11,29,2326,2252,4577
LGA56790,0,0,0,24,0,31,0,0,0,0,0,0,0,0,0,353,318,668,37,30,61,11,0,11,4,0,8,10,8,20,23,11,32,48,44,91,499,413,914,0,0,0,0,0,0,0,0,0,0,0,0,0,0,0,0,0,0,0,0,0,0,0,0,0,0,0,0,0,0,0,0,0,0,0,0,0,0,0,10,5,9,9,5,10,0,0,0,0,0,0,4,0,4,4,0,4,89,86,177,96,74,171,14,9,28,711,598,1306
LGA56860,0,0,0,0,0,0,0,0,0,0,0,0,0,0,0,27,36,64,0,0,0,0,0,0,0,0,0,0,0,0,0,0,0,0,3,5,39,37,73,0,0,0,0,0,0,0,0,0,0,0,0,0,0,0,0,0,0,0,0,0,0,0,0,0,0,0,0,0,0,0,0,0,0,0,0,0,0,0,0,0,0,0,0,0,0,0,0,0,0,0,0,0,0,0,0,0,11,3,15,7,10,12,0,0,0,55,44,98
LGA56930,14,9,24,8,10,11,0,0,0,0,0,0,0,0,0,254,162,418,16,19,35,0,0,0,0,0,0,3,0,8,3,5,5,14,29,34,314,228,542,0,0,0,0,0,0,0,0,0,0,0,0,0,0,0,0,0,0,0,0,0,0,0,0,0,0,0,0,0,0,0,0,0,0,0,0,0,0,0,3,0,8,3,4,8,0,0,0,0,0,0,0,0,0,4,0,0,53,66,119,24,28,58,0,3,3,404,330,737
LGA57000,0,0,0,28,4,32,0,0,0,0,0,0,0,0,0,77,53,134,4,3,12,3,0,3,0,0,0,0,0,0,16,5,25,17,19,41,148,87,241,0,0,0,0,0,0,0,0,0,0,0,0,0,0,0,0,0,0,0,0,0,0,0,0,0,0,0,0,0,0,0,0,0,7,0,9,7,0,9,3,5,8,8,5,13,0,0,0,0,0,0,0,0,0,0,0,0,22,10,36,7,4,19,3,0,3,197,114,308
LGA57080,177,188,362,1388,1432,2828,0,6,10,0,0,0,59,89,153,3137,2223,5359,222,413,637,20,0,22,68,12,83,184,55,241,228,86,317,1559,1184,2743,7043,5698,12740,132,204,336,0,0,0,0,0,0,8,3,12,0,7,8,13,10,21,154,223,380,0,0,0,0,0,0,22,19,36,10,27,36,52,46,99,85,94,179,73,39,109,307,353,662,29,44,69,25,16,37,6,7,13,58,63,120,757,589,1349,817,925,1742,53,32,83,9046,7655,16702
LGA57140,0,0,0,5,0,8,0,0,0,0,0,0,3,0,3,107,99,210,8,7,23,5,0,5,0,0,0,0,0,0,8,0,5,18,10,30,159,126,280,0,0,0,0,0,0,0,0,0,0,0,0,0,0,0,0,0,0,0,0,0,0,0,0,0,0,0,0,0,0,0,0,0,0,0,0,0,0,0,5,0,4,5,0,4,0,0,0,0,0,0,0,0,0,0,0,0,33,31,64,16,25,36,0,0,0,210,180,391
LGA57210,0,0,0,7,3,12,0,0,0,0,0,0,0,0,0,763,625,1385,50,49,106,18,0,18,0,3,3,0,3,4,21,7,27,71,44,120,939,736,1671,0,0,0,0,0,0,0,0,0,0,0,0,0,0,0,0,0,0,0,0,0,0,0,0,0,0,0,0,0,0,0,0,0,0,0,0,0,0,0,8,6,13,9,6,14,0,0,0,0,0,0,0,0,0,0,0,0,165,169,336,118,143,264,15,10,27,1247,1060,2308
LGA57280,3,0,3,49,27,78,3,0,3,0,0,0,9,23,31,3154,2440,5597,242,224,463,52,6,55,44,8,53,24,9,40,60,18,83,97,130,225,3742,2883,6631,0,0,0,0,0,0,0,0,0,0,0,0,0,0,0,0,0,0,0,0,0,0,0,0,0,0,0,5,0,6,0,5,5,3,4,9,8,8,12,47,14,61,53,24,73,0,0,0,0,0,0,0,0,0,0,0,0,55,133,189,463,364,830,36,23,55,4354,3425,7782
LGA57350,0,0,0,0,0,0,0,0,0,0,0,0,0,0,0,84,65,149,4,10,6,6,0,6,0,0,0,0,0,0,7,0,9,26,8,34,133,79,217,0,0,0,0,0,0,0,0,0,0,0,0,0,0,0,0,0,0,0,0,0,0,0,0,0,0,0,0,0,0,0,0,0,0,0,0,0,0,0,3,0,4,3,0,4,0,0,0,0,0,0,0,0,0,0,0,0,18,27,43,11,20,33,0,0,0,166,129,296
LGA57420,0,0,0,69,24,92,0,0,0,0,0,0,0,0,0,289,212,506,17,13,32,17,0,17,0,0,0,0,0,4,23,9,29,28,44,76,448,296,743,0,0,0,0,0,0,0,0,0,0,0,0,0,0,0,0,0,0,0,0,0,0,0,0,0,0,0,0,3,6,0,0,0,0,0,0,3,5,4,4,6,9,11,6,18,0,0,0,0,0,0,0,0,0,0,0,0,47,51,99,70,58,124,6,3,9,583,417,997
LGA57490,558,656,1214,803,322,1123,8,4,10,0,0,0,56,35,90,20710,19023,39733,1530,1381,2910,304,12,320,140,9,153,117,37,157,1129,244,1373,423,378,799,25779,22103,47886,309,357,674,0,0,0,0,0,0,335,315,648,47,67,108,16,10,28,714,752,1464,0,0,0,0,0,0,24,17,41,25,29,52,39,9,48,81,52,140,340,116,462,1141,920,2069,161,197,361,54,13,68,15,6,21,228,210,440,1317,2235,3550,4322,4486,8805,166,114,281,32954,30071,63025
LGA57630,0,0,0,0,0,0,0,0,0,0,0,0,0,0,0,8,4,9,0,0,0,0,0,0,0,0,0,4,0,4,0,0,0,4,8,9,16,8,27,0,0,0,0,0,0,0,0,0,0,0,0,0,0,0,0,0,0,0,0,0,0,0,0,0,0,0,0,0,0,0,0,0,0,0,0,0,0,0,0,0,0,0,0,0,0,0,0,0,0,0,0,0,0,0,0,0,5,0,9,4,3,10,0,0,0,25,16,44
LGA57700,53,78,136,156,41,203,0,4,6,0,0,0,11,11,27,5531,4955,10492,332,320,650,236,17,251,28,0,28,15,0,15,206,66,270,129,105,232,6706,5607,12312,14,24,35,0,0,0,0,0,0,82,72,147,11,13,18,0,0,0,110,98,213,0,0,0,0,0,0,0,6,11,4,3,3,20,0,21,21,13,31,92,29,118,223,146,364,15,33,48,3,0,8,6,0,6,30,35,67,417,764,1182,960,1087,2047,45,42,93,8377,7679,16059
LGA57770,0,0,0,3,0,3,0,0,0,0,0,0,0,0,0,100,96,193,17,10,25,5,0,5,0,0,0,11,8,14,3,0,8,50,61,111,187,181,367,0,0,0,0,0,0,0,0,0,0,0,0,0,0,0,0,0,0,0,0,0,0,0,0,0,0,0,0,0,0,0,0,0,0,0,0,0,0,0,8,3,7,6,3,9,0,0,0,0,0,0,0,0,0,0,0,0,19,21,31,34,26,56,8,0,8,248,226,475
LGA57840,148,113,261,850,745,1596,20,17,40,0,0,0,52,62,123,7003,6288,13289,372,646,1021,38,0,38,50,5,59,277,67,342,192,59,248,179,209,381,9182,8218,17398,128,111,242,3,0,4,0,0,0,29,33,65,11,9,21,12,3,11,174,158,338,12,3,10,0,0,0,31,23,51,13,35,50,23,14,41,77,80,157,73,53,126,328,291,615,31,45,72,11,8,20,3,3,10,50,58,104,1166,1211,2378,992,1496,2490,65,30,91,11776,11302,23079
LGA57910,843,928,1767,2347,2359,4700,7,4,6,0,0,4,288,253,543,39366,34936,74307,2008,3245,5247,442,11,451,343,38,380,724,148,880,1072,308,1379,564,613,1175,48011,42836,90844,902,883,1786,0,0,0,0,0,0,414,438,853,58,80,136,40,20,58,1411,1419,2834,0,0,0,0,0,0,128,145,274,79,116,201,64,61,119,268,328,593,457,251,710,2135,1999,4135,193,215,411,54,39,90,28,15,40,269,268,543,4502,5271,9770,4914,7577,12492,255,175,433,60091,58127,118218
LGA57980,273,232,504,394,330,721,0,0,0,0,0,0,33,38,69,1968,2069,4042,152,247,398,3,0,3,39,9,44,195,94,293,57,20,78,323,352,674,3435,3399,6828,50,52,113,0,0,0,0,0,0,7,5,8,3,3,12,9,8,19,79,74,150,0,0,0,0,0,0,10,7,11,7,11,18,12,8,16,21,23,40,39,32,75,139,123,264,5,6,14,0,4,6,3,0,3,10,15,25,549,566,1115,348,554,897,13,15,23,4496,4660,9155
LGA58050,367,410,774,824,477,1304,9,5,11,6,0,4,117,115,233,27610,23773,51385,1622,1987,3610,572,23,596,180,10,194,157,42,194,1044,237,1276,461,433,893,32952,27511,60473,245,290,530,0,0,0,0,0,0,328,364,694,38,51,89,27,11,34,635,716,1344,0,0,0,0,0,0,43,44,84,28,57,84,56,27,83,124,127,256,346,190,535,1106,1029,2137,107,162,270,40,17,56,14,9,23,161,187,348,1737,2767,4501,3996,4771,8771,185,123,315,40146,36400,76545
LGA58190,0,0,0,0,0,0,0,0,0,0,0,0,0,0,0,53,33,90,0,4,3,0,0,0,0,0,0,0,0,0,0,0,5,12,0,19,74,46,118,0,0,0,0,0,0,0,0,0,0,0,0,0,0,0,0,0,0,0,0,0,0,0,0,0,0,0,0,0,0,0,0,0,0,0,0,0,0,0,0,0,0,0,0,0,0,0,0,0,0,0,0,0,0,0,0,0,14,7,24,8,15,19,0,0,0,99,64,161
LGA58260,0,0,0,0,0,4,0,0,0,0,0,0,0,0,0,86,61,150,0,5,9,4,0,4,0,0,0,0,0,0,0,0,0,15,8,20,114,79,190,0,0,0,0,0,0,0,0,0,0,0,0,0,0,0,0,0,0,0,0,0,0,0,0,0,0,0,0,0,0,0,0,0,0,0,0,0,0,0,0,0,0,0,0,0,0,0,0,0,0,0,0,0,0,0,0,0,20,21,44,4,3,9,0,3,4,136,106,242
LGA58330,0,0,0,30,7,36,0,0,0,0,0,0,0,0,0,568,544,1114,36,42,78,33,6,38,0,0,0,0,0,0,40,4,46,31,20,49,747,619,1363,0,0,0,0,0,0,0,0,0,0,3,6,0,4,4,0,0,0,0,5,9,0,0,0,0,0,0,0,0,0,0,0,0,0,0,0,0,0,3,10,6,16,15,8,26,0,4,4,0,0,0,0,0,0,4,4,3,105,127,232,134,134,263,5,9,16,1007,895,1904
LGA58400,0,0,0,0,0,0,0,0,0,0,0,0,0,0,0,41,24,60,0,0,0,0,0,0,0,0,0,0,0,0,0,0,0,11,8,17,58,32,89,0,0,0,0,0,0,0,0,0,0,0,0,0,0,0,0,0,0,0,0,0,0,0,0,0,0,0,0,0,0,0,0,0,0,0,0,0,0,0,5,0,5,5,0,5,0,0,0,0,0,0,0,0,0,0,0,0,12,6,21,7,9,15,0,0,6,75,50,125
LGA58470,0,0,0,0,0,0,0,0,0,0,0,0,0,0,0,11,4,18,0,0,0,0,0,0,0,0,0,0,0,0,0,0,0,8,15,26,26,23,45,0,0,0,0,0,0,0,0,0,0,0,0,0,0,0,0,0,0,0,0,0,0,0,0,0,0,0,0,0,0,0,0,0,0,0,0,0,0,0,0,0,0,0,0,0,0,0,0,0,0,0,0,0,0,0,0,0,0,8,6,0,0,3,0,0,0,27,28,56
LGA58510,272,280,557,951,867,1821,0,0,3,0,0,0,60,52,112,6122,5092,11216,353,622,980,42,0,39,61,10,68,203,62,267,211,86,296,197,184,383,8475,7254,15733,104,119,220,0,0,0,0,0,0,16,30,49,0,9,10,15,0,14,138,157,298,0,0,0,0,0,0,35,21,57,25,38,53,37,18,55,91,79,172,73,53,120,302,285,591,40,49,90,14,11,19,8,7,15,64,63,125,782,813,1591,979,1324,2305,43,22,65,10642,9766,20410
LGA58540,0,0,0,6,0,6,0,0,0,0,0,0,0,0,0,133,96,230,6,6,9,7,0,7,0,0,0,0,0,0,4,0,4,19,20,43,170,129,297,0,0,0,0,0,0,0,0,0,0,0,0,0,0,0,0,0,0,0,0,0,0,0,0,0,0,0,0,0,0,0,0,0,0,0,0,0,0,0,0,0,0,0,0,0,0,0,0,0,0,0,0,0,0,0,0,0,39,38,77,20,17,30,4,0,3,233,184,412
LGA58570,214,199,410,1156,994,2146,0,0,3,0,0,0,101,117,214,5498,5115,10612,341,545,880,47,0,52,74,18,95,402,162,565,188,63,247,732,644,1372,8744,7845,16592,117,144,264,0,0,0,0,0,0,11,14,25,6,12,19,19,0,22,164,172,331,0,0,0,0,0,0,15,27,43,13,30,41,28,30,58,58,86,145,98,50,147,315,313,622,28,30,48,18,10,27,4,3,8,47,41,87,1130,1092,2226,932,1461,2401,44,36,81,11223,10789,22010
LGA58610,0,0,0,12,3,15,0,0,0,0,0,0,0,0,0,221,216,441,12,23,30,10,0,10,3,0,3,0,0,0,8,0,5,22,15,43,284,262,544,0,0,0,0,0,0,0,0,0,0,0,0,0,0,0,0,0,0,0,0,0,0,0,0,0,0,0,0,0,0,0,0,0,0,0,0,0,0,0,9,0,4,9,3,9,0,0,0,0,0,0,0,0,3,0,0,3,42,33,75,44,55,96,4,4,9,377,362,734
LGA58680,0,0,0,5,0,5,0,0,0,0,0,0,0,0,0,66,43,114,4,0,0,0,0,0,0,0,0,0,0,0,4,0,0,10,8,17,90,57,145,0,0,0,0,0,0,0,0,0,0,0,0,0,0,0,0,0,0,0,0,0,0,0,0,0,0,0,0,0,0,0,0,0,0,0,0,3,0,3,0,0,6,6,0,9,0,0,0,0,0,0,0,0,0,0,0,0,25,22,44,31,9,40,5,4,3,148,90,242
LGA58760,1268,1345,2611,942,434,1374,17,6,27,4,0,4,157,89,245,35212,31993,67207,2358,2574,4934,776,23,803,221,10,230,127,23,157,1506,275,1778,462,440,898,43047,37213,80262,666,623,1279,0,0,0,0,0,0,681,610,1295,83,128,211,34,22,58,1463,1379,2839,0,0,0,0,0,0,41,43,86,42,54,98,49,11,60,140,110,250,507,216,725,2111,1704,3813,266,299,566,40,23,54,29,10,31,329,325,658,2678,4286,6960,5662,6824,12491,249,159,407,54083,50519,104601
LGA58820,0,0,0,39,5,42,0,0,0,0,0,0,0,0,0,563,523,1088,53,25,77,21,3,21,6,0,6,0,0,0,22,13,34,21,28,49,727,600,1327,0,0,0,0,0,0,0,0,0,0,3,3,0,0,0,0,0,0,5,3,4,0,0,0,0,0,0,0,0,0,0,0,0,0,0,0,0,5,4,5,4,11,11,8,16,0,0,4,0,0,0,0,0,0,3,0,7,54,65,118,152,108,261,22,8,30,967,790,1750
LGA58890,0,0,0,3,0,3,0,0,0,0,0,0,0,0,0,109,75,188,3,4,7,5,0,5,0,0,0,0,0,0,3,4,3,21,13,35,142,92,238,0,0,0,0,0,0,0,0,0,0,0,0,0,0,0,0,0,0,0,0,0,0,0,0,0,0,0,0,0,0,0,0,0,0,0,0,0,0,0,0,0,0,0,0,0,0,0,0,0,0,0,0,0,0,0,0,0,62,47,111,9,17,22,0,0,6,220,158,378
LGA59030,0,0,0,0,0,4,0,0,0,0,0,0,0,0,0,36,24,63,0,0,6,0,0,0,0,0,0,0,0,0,0,0,0,7,6,15,49,36,85,0,0,0,0,0,0,0,0,0,0,0,0,0,0,0,0,0,0,0,0,0,0,0,0,0,0,0,0,0,0,0,0,0,0,0,0,0,0,0,0,0,0,3,0,3,0,0,0,0,0,0,0,0,0,0,0,0,9,14,21,0,0,9,0,0,0,64,52,115
LGA59100,0,0,0,0,0,0,0,0,0,0,0,0,0,0,0,78,56,141,7,7,18,9,0,9,0,0,0,0,0,0,4,5,14,22,12,35,123,87,212,0,0,0,0,0,0,0,0,0,0,0,0,0,0,0,0,0,0,0,0,0,0,0,0,0,0,0,0,0,0,0,0,0,0,0,0,0,0,0,5,0,4,5,0,4,0,0,0,0,0,0,0,0,0,0,0,0,39,31,63,12,19,37,5,3,3,180,136,322
LGA59170,0,0,0,0,0,0,0,0,0,0,0,0,0,0,0,174,127,303,11,9,20,5,0,5,0,0,0,6,0,6,13,6,20,20,22,38,222,167,386,0,0,0,0,0,0,0,0,0,0,0,0,0,0,0,0,0,0,0,0,0,0,0,0,0,0,0,0,0,0,0,0,0,0,0,0,0,0,0,4,0,4,4,0,4,0,0,0,0,0,0,0,0,0,0,0,0,43,49,92,29,27,54,3,0,3,298,240,537
LGA59250,0,0,0,20,0,24,0,0,0,0,0,0,0,0,0,36,11,48,19,0,16,0,0,0,0,0,0,0,0,0,27,3,30,23,20,40,123,41,159,0,0,0,0,0,0,0,0,0,0,0,0,0,0,0,0,0,0,0,0,0,0,0,0,0,0,0,0,0,0,0,0,0,0,0,0,0,0,0,0,0,0,4,0,3,0,0,0,0,0,0,4,0,4,4,0,4,4,3,6,13,0,10,0,6,8,143,57,196
LGA59310,0,0,0,3,3,4,0,0,0,0,0,0,0,0,0,227,161,382,9,10,18,11,0,14,0,0,4,0,0,0,10,0,10,28,23,57,290,206,497,0,0,0,0,0,0,0,0,0,0,0,0,0,0,0,0,0,0,0,0,0,0,0,0,0,0,0,0,0,0,0,0,0,0,0,0,0,0,0,0,0,0,0,0,0,0,0,0,0,0,0,0,0,0,0,0,0,34,34,75,38,29,68,3,3,7,372,273,648
LGA59320,0,0,0,0,0,0,0,0,0,0,0,0,0,0,0,58,39,101,0,7,3,0,0,0,0,0,0,0,0,0,5,0,0,7,9,16,73,53,125,0,0,0,0,0,0,0,0,0,0,0,0,0,0,0,0,0,0,0,0,0,0,0,0,0,0,0,0,0,0,0,0,0,0,0,0,0,0,0,0,0,0,0,0,0,0,0,0,0,0,0,0,0,0,0,0,0,32,27,57,9,9,21,0,3,3,122,90,210
LGA59330,0,0,0,0,0,0,0,0,0,0,0,0,0,0,0,66,57,122,4,4,6,4,0,4,0,0,0,0,0,0,0,0,0,14,4,15,80,67,146,0,0,0,0,0,0,0,0,0,0,0,0,0,0,0,0,0,0,0,0,0,0,0,0,0,0,0,0,0,0,0,0,0,0,0,0,0,0,0,4,0,4,4,0,4,0,0,0,0,0,0,0,0,0,0,0,0,16,20,34,13,11,19,0,0,3,116,96,208
LGA59340,4,0,5,38,11,48,3,0,3,0,0,0,0,4,8,911,923,1835,123,128,248,26,0,28,19,10,29,32,24,59,53,21,71,187,238,418,1398,1353,2750,0,0,0,0,0,0,0,0,0,0,0,0,0,0,0,0,0,0,0,0,0,0,0,0,0,0,0,0,0,0,0,0,0,0,0,0,0,0,0,15,10,21,15,10,23,0,0,0,0,0,0,0,0,0,3,0,3,66,77,140,109,134,236,29,15,48,1615,1580,3198
LGA59350,0,0,0,8,0,8,0,0,0,0,0,0,0,0,0,21,9,33,4,8,7,0,0,0,3,0,3,0,0,0,27,0,29,8,8,20,73,29,98,0,0,0,0,0,0,0,0,0,0,0,0,0,0,0,0,0,0,0,0,0,0,0,0,0,0,0,0,0,0,0,0,0,0,0,0,0,0,0,3,0,3,3,0,6,0,0,0,4,0,4,0,0,0,4,0,4,3,0,4,7,4,9,0,0,0,88,35,120
LGA59360,0,0,0,49,11,63,0,0,0,0,0,0,0,0,0,170,110,276,23,15,35,10,0,10,0,0,0,3,0,3,29,4,32,38,29,70,328,170,499,0,0,0,0,0,0,0,0,0,0,0,0,0,0,0,0,0,0,0,0,0,0,0,0,0,0,0,0,0,0,0,0,0,0,0,0,0,0,0,13,0,17,13,0,19,0,0,0,0,0,0,0,0,0,3,0,3,25,29,52,26,15,42,10,0,12,401,218,620
LGA59370,0,0,0,17,4,18,0,0,0,0,0,0,0,3,3,412,430,840,21,26,43,23,0,23,4,0,4,0,0,0,21,3,34,25,18,39,519,492,1006,0,0,0,0,0,0,0,0,0,0,0,3,0,0,0,0,0,0,0,0,3,0,0,0,0,0,0,0,0,0,0,0,0,0,0,0,3,0,3,5,3,12,8,6,14,0,0,0,4,0,4,0,0,0,4,0,5,78,78,158,108,95,207,7,12,22,726,682,1408
LGA59499,12,6,22,65,25,86,0,0,0,0,0,0,11,3,11,302,239,536,76,56,134,10,3,13,3,0,3,14,11,23,54,13,72,91,111,201,629,470,1098,4,6,10,0,0,0,0,0,0,4,4,7,0,0,0,0,0,0,8,11,15,0,0,0,0,0,0,0,0,0,0,0,0,0,4,6,3,3,4,11,7,15,19,20,44,4,0,7,0,0,5,0,0,0,8,3,10,54,52,108,176,158,334,7,8,17,899,715,1614
LGA59799,0,0,0,39,0,38,0,3,3,0,0,0,0,0,0,13,0,13,3,0,3,0,0,0,0,0,0,0,0,0,138,20,155,32,8,34,228,26,250,0,0,0,0,0,0,0,0,0,0,0,0,0,0,0,0,0,0,0,0,0,0,0,0,0,0,0,0,0,0,0,0,0,4,0,4,4,0,4,9,5,11,10,5,10,0,0,0,0,0,0,0,0,0,0,0,0,3,0,3,0,0,0,4,0,4,246,29,277
