LGA_CODE_2021,M_Singapore_0_4,M_Singapore_5_14,M_Singapore_15_24,M_Singapore_25_44,M_Singapore_45_54,M_Singapore_55_64,M_Singapore_65_74,M_Singapore_75_84,M_Singapore_85ov,M_Singapore_Tot,M_South_Africa_0_4,M_South_Africa_5_14,M_South_Africa_15_24,M_South_Africa_25_44,M_South_Africa_45_54,M_South_Africa_55_64,M_South_Africa_65_74,M_South_Africa_75_84,M_South_Africa_85ov,M_South_Africa_Tot,M_Sri_Lanka_0_4,M_Sri_Lanka_5_14,M_Sri_Lanka_15_24,M_Sri_Lanka_25_44,M_Sri_Lanka_45_54,M_Sri_Lanka_55_64,M_Sri_Lanka_65_74,M_Sri_Lanka_75_84,M_Sri_Lanka_85ov,M_Sri_Lanka_Tot,M_Taiwan_0_4,M_Taiwan_5_14,M_Taiwan_15_24,M_Taiwan_25_44,M_Taiwan_45_54,M_Taiwan_55_64,M_Taiwan_65_74,M_Taiwan_75_84,M_Taiwan_85ov,M_Taiwan_Tot,M_Thailand_0_4,M_Thailand_5_14,M_Thailand_15_24,M_Thailand_25_44,M_Thailand_45_54,M_Thailand_55_64,M_Thailand_65_74,M_Thailand_75_84,M_Thailand_85ov,M_Thailand_Tot,M_Turkey_0_4,M_Turkey_5_14,M_Turkey_15_24,M_Turkey_25_44,M_Turkey_45_54,M_Turkey_55_64,M_Turkey_65_74,M_Turkey_75_84,M_Turkey_85ov,M_Turkey_Tot,M_USA_0_4,M_USA_5_14,M_USA_15_24,M_USA_25_44,M_USA_45_54,M_USA_55_64,M_USA_65_74,M_USA_75_84,M_USA_85ov,M_USA_Tot,M_Vietnam_0_4,M_Vietnam_5_14,M_Vietnam_15_24,M_Vietnam_25_44,M_Vietnam_45_54,M_Vietnam_55_64,M_Vietnam_65_74,M_Vietnam_75_84,M_Vietnam_85ov,M_Vietnam_Tot,M_Wales_0_4,M_Wales_5_14,M_Wales_15_24,M_Wales_25_44,M_Wales_45_54,M_Wales_55_64,M_Wales_65_74,M_Wales_75_84,M_Wales_85ov,M_Wales_Tot,M_Zimbabwe_0_4,M_Zimbabwe_5_14,M_Zimbabwe_15_24,M_Zimbabwe_25_44,M_Zimbabwe_45_54,M_Zimbabwe_55_64,M_Zimbabwe_65_74,M_Zimbabwe_75_84,M_Zimbabwe_85ov,M_Zimbabwe_Tot,M_Elsewhere_0_4,M_Elsewhere_5_14,M_Elsewhere_15_24,M_Elsewhere_25_44,M_Elsewhere_45_54,M_Elsewhere_55_64,M_Elsewhere_65_74,M_Elsewhere_75_84,M_Elsewhere_85ov,M_Elsewhere_Tot,M_COB_NS_0_4,M_COB_NS_5_14,M_COB_NS_15_24,M_COB_NS_25_44,M_COB_NS_45_54,M_COB_NS_55_64,M_COB_NS_65_74,M_COB_NS_75_84,M_COB_NS_85ov,M_COB_NS_Tot,M_Tot_0_4,M_Tot_5_14,M_Tot_15_24,M_Tot_25_44,M_Tot_45_54,M_Tot_55_64,M_Tot_65_74,M_Tot_75_84,M_Tot_85ov,M_Tot_Tot,F_Afghanistan_0_4,F_Afghanistan_5_14,F_Afghanistan_15_24,F_Afghanistan_25_44,F_Afghanistan_45_54,F_Afghanistan_55_64,F_Afghanistan_65_74,F_Afghanistan_75_84,F_Afghanistan_85ov,F_Afghanistan_Tot,F_Australia_0_4,F_Australia_5_14,F_Australia_15_24,F_Australia_25_44,F_Australia_45_54,F_Australia_55_64,F_Australia_65_74,F_Australia_75_84,F_Australia_85ov,F_Australia_Tot,F_Bangladesh_0_4,F_Bangladesh_5_14,F_Bangladesh_15_24,F_Bangladesh_25_44,F_Bangladesh_45_54,F_Bangladesh_55_64,F_Bangladesh_65_74,F_Bangladesh_75_84,F_Bangladesh_85ov,F_Bangladesh_Tot,F_Bosnia_Herzegov_0_4,F_Bosnia_Herzegov_5_14,F_Bosnia_Herzegov_15_24,F_Bosnia_Herzegov_25_44,F_Bosnia_Herzegov_45_54,F_Bosnia_Herzegov_55_64,F_Bosnia_Herzegov_65_74,F_Bosnia_Herzegov_75_84,F_Bosnia_Herzegov_85ov,F_Bosnia_Herzegov_Tot,F_Brazil_0_4,F_Brazil_5_14,F_Brazil_15_24,F_Brazil_25_44,F_Brazil_45_54,F_Brazil_55_64,F_Brazil_65_74,F_Brazil_75_84,F_Brazil_85ov,F_Brazil_Tot,F_Cambodia_0_4,F_Cambodia_5_14,F_Cambodia_15_24,F_Cambodia_25_44,F_Cambodia_45_54,F_Cambodia_55_64,F_Cambodia_65_74,F_Cambodia_75_84,F_Cambodia_85ov,F_Cambodia_Tot,F_Canada_0_4,F_Canada_5_14,F_Canada_15_24,F_Canada_25_44,F_Canada_45_54,F_Canada_55_64,F_Canada_65_74,F_Canada_75_84,F_Canada_85ov,F_Canada_Tot
LGA50080,0,0,0,0,6,0,0,4,0,13,0,19,30,56,53,26,19,11,7,225,0,0,6,6,0,0,8,0,0,21,0,0,0,0,0,0,0,0,0,9,0,17,27,9,0,0,0,0,0,53,0,0,0,7,0,0,0,0,0,8,0,0,9,3,4,16,14,11,3,63,0,0,4,8,6,3,0,0,0,25,0,0,0,0,0,9,11,3,3,33,0,0,4,13,14,12,17,3,0,49,0,15,28,68,34,35,36,27,12,250,30,99,107,277,140,173,152,85,50,1114,982,2489,2175,4205,2342,2574,2429,1340,498,19033,0,0,0,0,0,0,0,0,0,0,911,2148,1664,3146,1905,1947,1701,929,411,14762,0,0,0,0,0,0,0,0,0,0,0,0,0,0,0,0,0,0,0,3,0,0,0,7,0,0,0,0,0,5,0,0,0,0,0,0,0,0,0,0,0,4,6,18,6,11,3,0,0,71
LGA50210,3,35,45,150,57,54,38,5,4,395,9,37,120,277,166,117,42,13,3,780,0,40,38,185,85,32,11,4,0,400,0,0,0,25,0,0,0,0,0,35,3,52,69,34,0,0,0,0,0,161,0,0,0,0,8,6,0,0,0,16,5,13,7,27,29,23,29,12,0,127,0,3,0,19,12,12,4,0,0,47,0,3,0,19,22,22,15,6,4,90,0,19,63,102,86,17,17,0,0,303,7,115,159,550,202,172,112,70,10,1397,135,341,287,844,361,282,140,111,52,2554,3850,7481,5390,14416,5572,4577,3306,1589,426,46604,0,4,23,54,14,10,0,0,0,104,3436,5747,3618,7633,2700,2076,1739,653,202,27807,0,4,4,34,5,5,0,0,0,45,0,0,4,9,0,0,0,0,0,16,0,0,0,17,3,6,0,0,0,29,0,0,0,15,4,4,4,0,0,30,3,3,9,34,6,17,5,0,0,90
LGA50250,0,0,0,4,4,0,0,0,0,3,0,0,4,21,10,0,0,0,0,34,0,0,0,10,0,0,0,0,0,17,0,0,0,3,0,0,0,0,0,3,0,6,3,0,5,0,0,0,0,12,0,0,0,0,0,0,0,0,0,0,0,0,0,6,0,0,0,0,0,9,0,0,0,4,0,0,0,0,0,4,0,0,0,0,0,0,4,0,0,6,0,0,0,11,11,0,0,0,0,20,0,0,0,46,10,10,3,0,0,77,44,75,93,401,153,115,23,7,0,918,330,569,357,1754,661,482,106,30,3,4297,0,0,0,0,0,0,0,0,0,0,285,399,176,714,202,132,49,17,0,1984,0,0,0,0,0,0,0,0,0,0,0,0,0,3,0,0,0,0,0,3,0,0,0,0,0,0,0,0,0,0,0,0,0,5,0,0,0,0,0,5,0,0,0,5,3,0,0,0,0,13
LGA50280,0,3,0,0,0,0,0,0,0,6,0,6,5,25,19,21,10,6,3,83,0,0,0,3,0,0,0,0,0,8,0,0,0,3,0,0,0,0,0,5,0,7,0,0,0,0,0,0,0,10,0,0,0,0,0,0,0,0,0,0,0,8,0,10,18,12,18,3,0,69,0,0,0,10,0,0,0,0,0,15,0,0,0,5,6,4,7,3,0,23,0,0,0,7,6,6,9,3,0,31,5,3,21,89,29,25,18,5,0,187,36,105,55,229,168,85,85,31,12,804,523,1243,703,2078,1301,1068,975,379,120,8388,0,0,0,0,0,0,0,0,0,0,413,1012,471,1417,758,718,603,223,111,5717,0,0,0,0,0,0,0,0,0,0,0,0,0,0,0,0,0,0,0,0,0,0,0,12,4,3,0,0,0,16,0,0,0,0,0,0,0,0,0,0,0,0,0,29,9,6,7,0,0,53
LGA50350,0,0,0,8,4,0,0,5,0,20,0,0,3,29,13,6,0,0,0,54,0,0,0,16,0,4,4,0,0,28,0,0,0,3,0,0,0,0,0,3,0,7,5,0,0,0,0,0,0,12,0,0,0,5,0,0,0,0,0,5,0,0,3,14,6,4,3,0,0,33,0,3,7,10,14,5,6,6,0,51,0,0,0,7,3,0,4,0,0,12,0,0,0,10,3,3,0,0,0,15,0,9,15,61,31,23,24,17,5,193,21,40,46,160,63,46,47,30,10,469,532,939,847,2260,1067,933,736,364,120,7797,0,0,0,0,0,0,0,0,0,0,450,767,617,1495,738,582,460,233,126,5459,0,0,0,0,0,0,4,0,0,6,0,0,0,0,0,8,3,0,4,16,0,0,0,3,0,0,0,0,0,11,0,0,0,0,4,0,0,0,0,4,0,0,0,9,6,0,0,0,0,20
LGA50420,0,5,3,59,31,46,41,15,0,206,0,16,35,124,51,60,53,8,3,366,0,9,17,104,25,21,17,15,0,207,0,7,3,39,5,3,0,0,0,60,0,10,24,29,8,4,0,0,0,80,0,3,3,24,10,7,4,0,0,51,9,5,10,51,21,23,13,0,0,130,0,27,51,219,160,223,113,44,24,856,0,0,0,26,7,16,11,8,0,72,0,3,15,34,21,11,8,4,0,89,8,79,119,561,213,177,136,107,29,1431,60,133,153,581,208,197,130,110,67,1636,2077,3657,3752,11154,4345,3875,3113,1813,594,34387,0,0,0,19,7,0,0,0,0,29,1884,2857,2662,5617,2372,1867,1547,822,407,20032,0,0,0,25,0,7,3,0,0,32,0,0,0,41,14,24,28,5,6,107,0,5,4,76,6,3,0,0,0,99,0,0,0,16,10,12,0,0,0,42,0,9,3,46,18,8,4,4,3,101
LGA50490,0,3,13,75,25,33,31,7,7,188,0,12,16,71,39,27,14,4,0,184,0,4,14,110,21,14,19,3,0,188,0,0,7,64,5,3,0,0,0,76,0,8,10,39,12,3,7,0,0,72,0,0,0,18,7,5,0,0,0,38,0,9,5,18,7,10,4,3,0,60,0,0,16,71,30,17,25,7,0,163,0,0,0,3,3,8,7,3,5,34,0,7,10,53,13,15,0,0,0,99,14,107,113,521,130,88,47,41,17,1076,54,122,166,588,222,167,107,66,48,1542,1251,2162,2506,7801,2647,2329,1555,832,328,21413,0,6,13,44,15,5,4,0,0,82,1110,1551,1532,2971,1121,1017,865,464,241,10882,0,19,12,79,5,3,0,0,0,121,0,0,0,7,0,0,3,0,0,19,0,0,0,49,7,3,0,0,0,64,0,0,3,8,3,4,0,0,0,16,0,4,0,30,7,3,7,0,0,43
LGA50560,0,0,0,0,0,0,0,0,0,0,0,0,0,0,0,3,0,0,0,5,0,0,0,0,0,0,0,0,0,0,0,0,0,0,0,0,0,0,0,0,0,0,0,0,0,0,0,0,0,0,0,0,0,0,0,0,0,0,0,0,0,0,0,0,0,0,0,0,0,0,0,0,0,0,0,0,0,0,0,0,0,0,0,0,0,0,3,0,0,3,0,0,0,0,0,0,6,0,0,6,0,0,0,0,0,6,5,0,0,10,7,9,15,25,17,11,17,12,4,122,39,59,57,145,111,144,187,95,31,858,0,0,0,0,0,0,0,0,0,0,27,62,45,93,75,99,108,44,17,573,0,0,0,0,0,0,0,0,0,0,0,0,0,0,0,0,0,0,0,0,0,0,0,0,0,0,0,0,0,0,0,0,0,0,0,0,0,0,0,0,0,0,0,0,0,0,0,0,0,0
LGA50630,0,0,0,0,0,0,0,0,0,0,0,3,0,0,5,0,0,0,0,8,0,0,0,0,0,0,0,0,0,0,0,0,0,0,0,0,0,0,0,0,0,0,0,0,0,0,0,0,0,0,0,0,0,0,0,0,0,0,0,0,0,0,0,0,0,0,0,0,0,0,0,0,0,0,0,0,0,0,0,0,0,0,0,0,0,0,0,0,0,0,0,0,0,0,0,0,0,0,0,0,0,0,0,5,0,0,5,0,0,12,4,13,6,24,21,15,8,9,0,98,70,137,57,189,130,136,109,43,11,885,0,0,0,0,0,0,0,0,0,0,51,104,56,136,77,87,66,26,7,612,0,0,0,0,0,0,0,0,0,0,0,0,0,0,0,0,0,0,0,0,0,0,0,0,0,0,0,0,0,0,0,0,0,0,0,0,0,0,0,0,0,0,0,0,0,0,0,0,0,5
LGA50770,0,0,0,0,0,0,0,0,0,0,0,0,5,0,0,0,0,0,0,3,0,0,0,0,0,0,0,0,0,0,0,0,0,0,0,0,0,0,0,0,0,0,0,0,0,0,0,0,0,0,0,0,0,0,0,0,0,0,0,0,0,0,0,0,0,0,0,0,0,0,0,0,0,0,0,0,0,0,0,0,0,0,0,0,0,4,0,0,0,4,0,0,0,0,0,0,0,0,0,0,0,0,0,0,3,0,3,0,0,6,5,20,3,16,17,27,14,7,0,118,56,133,67,154,129,155,125,83,17,917,0,0,0,0,0,0,0,0,0,0,53,102,68,150,79,90,86,43,9,683,0,0,0,0,0,0,0,0,0,0,0,0,0,0,0,0,0,0,0,0,0,0,0,0,0,0,0,0,0,0,0,0,0,0,0,0,0,0,0,0,0,0,0,0,0,0,0,0,0,0
LGA50840,0,0,0,0,0,0,0,0,0,0,0,0,0,6,3,3,6,0,0,20,0,0,0,0,0,0,0,0,0,0,0,0,0,0,0,0,0,0,0,0,0,0,0,0,0,0,0,0,0,0,0,0,0,0,0,0,0,0,0,0,0,3,0,3,0,4,3,0,0,19,0,0,0,0,0,0,0,0,0,0,0,0,0,0,4,4,0,0,0,3,0,0,0,0,0,0,7,0,0,14,0,0,0,4,0,11,7,3,0,37,5,21,14,42,45,39,45,24,6,238,117,337,189,445,346,424,465,216,43,2587,0,0,0,0,0,0,0,0,0,0,102,270,195,351,247,290,264,116,29,1866,0,0,0,0,0,0,0,0,0,0,0,0,0,0,0,0,0,0,0,0,0,0,0,0,0,0,0,0,0,0,0,0,0,0,0,0,0,0,0,0,0,0,0,3,3,6,0,0,0,10
LGA50910,0,0,0,0,0,0,0,0,0,0,0,0,0,0,0,0,0,0,0,0,0,0,0,0,0,0,0,0,0,0,0,0,0,0,0,0,0,0,0,0,0,0,0,0,0,0,0,0,0,0,0,0,0,0,0,0,0,0,0,0,0,0,0,0,0,0,0,0,0,0,0,0,0,0,0,0,0,0,0,0,0,0,0,0,0,0,0,0,0,0,0,0,0,0,0,0,0,0,0,0,0,0,0,3,0,0,0,0,0,6,4,4,8,4,11,7,9,0,5,59,34,48,33,81,73,75,76,40,19,474,0,0,0,0,0,0,0,0,0,0,21,45,29,61,58,42,44,39,20,361,0,0,0,0,0,0,0,0,0,0,0,0,0,0,0,0,0,0,0,0,0,0,0,0,0,0,0,0,0,0,0,0,0,0,0,0,0,0,0,0,0,0,0,0,0,0,0,0,0,0
LGA50980,0,0,0,0,0,0,0,0,0,10,0,0,4,19,10,8,5,0,0,49,0,0,0,11,3,0,0,0,0,14,0,0,0,7,0,0,0,0,0,7,0,0,3,4,0,0,0,0,0,10,0,0,0,0,5,0,0,0,0,3,0,0,0,14,4,4,0,0,4,27,0,3,0,3,0,0,0,0,0,8,0,0,0,4,0,6,0,0,0,11,0,0,3,7,4,6,0,0,0,20,0,0,6,78,18,14,7,0,0,129,74,171,133,324,187,153,71,23,9,1142,633,1418,905,2501,1194,903,512,149,37,8255,0,0,0,0,0,0,0,0,0,0,528,1135,768,1973,770,609,295,90,17,6183,0,0,0,0,0,0,0,0,0,0,0,0,0,0,0,0,0,0,0,0,0,0,0,9,0,0,0,0,0,7,0,0,0,0,0,0,0,0,0,0,0,0,0,14,3,0,0,0,0,25
LGA51080,0,0,0,0,0,0,0,0,0,0,0,0,0,0,0,3,0,0,0,4,0,0,0,0,0,0,0,0,0,0,0,0,0,0,0,0,0,0,0,0,0,0,0,0,0,0,0,0,0,0,0,0,0,0,0,0,0,0,0,0,0,0,0,0,0,0,0,0,0,0,0,0,0,0,0,0,0,0,0,0,0,0,0,0,0,0,0,0,0,0,0,0,0,0,0,0,0,0,0,0,0,0,0,0,0,0,0,0,0,6,4,9,9,12,9,7,3,3,0,59,32,75,48,115,69,95,59,31,4,526,0,0,0,0,0,0,0,0,0,0,20,76,36,101,45,56,29,15,5,395,0,0,0,0,0,0,0,0,0,0,0,0,0,0,0,0,0,0,0,0,0,0,0,0,0,0,0,0,0,0,0,0,0,0,0,0,0,0,0,0,0,0,0,0,0,0,0,0,0,0
LGA51120,0,0,0,0,0,0,0,0,0,0,0,0,0,4,0,0,0,0,0,5,0,0,0,0,0,0,0,0,0,0,0,0,0,0,0,0,0,0,0,0,0,0,0,0,0,0,0,0,0,0,0,0,0,0,0,0,0,0,0,0,0,0,0,0,0,0,0,0,0,3,0,0,0,0,0,0,0,0,0,0,0,0,0,0,0,0,0,0,0,0,0,0,0,0,0,0,0,0,0,0,0,0,0,5,0,0,0,0,0,6,0,4,7,9,12,14,21,9,0,78,31,60,51,103,59,70,90,27,8,503,0,0,0,0,0,0,0,0,0,0,24,57,26,75,50,47,49,27,8,357,0,0,0,0,0,0,0,0,0,0,0,0,0,0,0,0,0,0,0,0,0,0,0,0,0,0,0,0,0,0,0,0,0,0,0,0,0,0,0,0,0,0,0,0,0,0,0,0,0,0
LGA51190,0,0,0,4,5,3,3,0,0,15,0,11,22,49,30,36,12,13,4,164,0,0,0,11,0,3,0,0,0,18,0,0,0,34,0,0,0,0,0,31,0,4,5,6,0,0,0,0,0,15,0,0,0,0,0,0,0,0,0,0,0,0,0,12,4,10,13,0,0,46,0,0,0,7,9,3,5,0,0,24,0,0,0,11,3,7,11,4,0,33,0,5,8,10,11,9,12,0,0,51,8,16,13,66,38,44,22,14,4,230,40,107,88,314,154,134,113,50,33,1029,864,1958,1757,4194,2097,2138,1847,997,344,16194,0,0,0,0,0,0,0,0,0,0,772,1572,1483,2793,1563,1609,1420,778,390,12387,0,0,0,3,0,0,0,0,0,3,0,0,0,0,0,0,0,0,0,0,0,0,0,8,0,0,0,0,0,12,0,0,0,0,0,0,0,0,0,6,0,0,5,19,6,3,0,0,3,32
LGA51260,0,0,0,3,3,0,0,0,0,16,0,17,18,59,57,35,35,8,7,231,0,7,0,10,7,0,0,0,0,24,0,0,0,8,0,0,0,0,0,8,0,3,3,4,0,0,0,0,0,19,0,0,0,3,0,0,0,0,0,6,0,14,7,14,6,12,17,8,0,76,0,3,3,9,9,0,0,0,0,29,0,0,0,13,3,8,17,3,0,46,0,0,0,10,10,9,8,0,0,42,0,13,9,51,52,39,45,38,15,253,41,108,81,372,218,174,154,114,43,1295,1003,2868,1926,4259,2649,2518,2673,1447,404,19752,0,0,5,7,5,0,0,0,0,16,975,2441,1496,3314,2086,1948,1926,944,430,15563,0,0,0,0,0,0,0,0,0,0,0,0,0,6,0,0,0,0,0,6,0,0,0,18,4,0,0,0,0,23,0,0,0,0,0,0,0,0,0,0,0,0,0,37,17,6,5,0,0,68
LGA51310,0,19,10,29,30,9,10,10,0,130,0,8,36,88,63,43,21,14,3,276,0,9,0,14,6,4,3,3,0,38,0,0,4,10,0,0,0,0,0,17,0,3,6,12,8,0,0,0,0,25,0,0,0,0,0,3,0,0,0,4,8,25,18,29,21,19,7,4,4,131,0,0,0,10,14,3,3,0,0,26,0,0,0,0,6,7,3,10,3,31,0,0,0,15,3,11,8,0,0,42,4,48,25,143,66,67,61,23,13,448,11,27,25,122,65,44,47,28,18,383,727,2187,1799,3121,2138,1746,1264,749,345,14066,0,0,0,0,0,0,0,0,0,0,614,1758,1328,1961,1397,1067,804,513,347,9790,0,0,0,3,0,4,0,0,0,7,0,0,0,4,0,0,0,0,0,8,0,0,4,27,5,3,0,0,0,39,0,0,0,6,0,0,0,0,0,4,0,3,4,25,23,15,8,0,0,83
LGA51330,4,76,151,228,145,140,106,44,8,899,0,20,83,146,68,84,67,19,4,504,7,56,135,267,148,88,41,19,9,770,0,4,6,124,12,8,4,6,0,160,0,10,31,47,17,0,3,0,0,110,0,6,4,52,37,28,3,3,6,137,7,32,36,38,19,18,18,6,0,167,5,30,41,101,51,36,25,13,3,297,0,0,6,13,11,14,19,12,4,73,0,5,27,44,35,29,19,4,0,172,16,232,291,941,278,203,149,89,23,2224,89,141,274,757,259,211,121,81,48,1977,2748,6246,7172,14669,5879,4867,3817,1987,631,48021,0,5,16,51,14,10,10,0,0,105,2331,4234,3436,4219,2083,2090,1792,989,414,21589,0,27,16,98,31,4,4,0,0,184,0,0,0,9,4,3,0,0,0,13,0,0,4,39,8,10,3,0,0,69,0,4,10,21,3,7,9,0,0,44,0,3,13,34,14,7,3,3,9,81
LGA51400,0,0,0,0,0,0,5,0,0,11,4,31,69,83,76,57,17,6,0,340,0,0,0,0,5,5,0,0,0,5,0,0,0,0,0,0,0,0,0,0,0,0,0,5,0,0,0,0,0,4,0,0,0,0,0,0,0,0,0,0,0,0,4,3,10,9,4,0,0,29,0,0,0,0,0,0,0,0,0,8,0,0,4,0,4,9,0,0,0,16,0,7,6,23,23,23,8,5,0,98,0,10,6,35,25,20,17,10,0,127,15,41,54,110,90,74,57,21,13,485,522,1525,1146,1941,1318,1165,861,353,56,8882,0,0,0,0,0,0,0,0,0,0,500,1292,924,1613,934,766,544,226,44,6842,0,0,0,6,0,0,0,0,0,10,0,0,0,0,0,0,0,0,0,0,0,0,0,4,0,0,0,0,0,8,0,0,0,0,0,0,0,0,0,0,0,0,5,7,6,4,4,0,0,30
LGA51470,0,0,0,0,0,0,0,0,0,0,0,0,0,3,0,0,0,0,0,3,0,0,0,0,0,0,0,0,0,0,0,0,0,0,0,0,0,0,0,0,0,0,0,0,0,0,0,0,0,0,0,0,0,0,0,0,0,0,0,0,0,0,0,0,0,0,0,0,0,0,0,0,0,0,0,0,0,0,0,0,0,0,0,0,0,0,0,0,0,0,0,0,0,0,0,0,0,0,0,0,0,0,0,0,0,0,0,0,0,6,0,4,3,11,10,4,9,0,0,46,21,18,21,72,41,36,57,18,3,287,0,0,0,0,0,0,0,0,0,0,12,20,12,47,18,32,21,8,3,172,0,0,0,0,0,0,0,0,0,0,0,0,0,0,0,0,0,0,0,0,0,0,0,0,0,0,0,0,0,0,0,0,0,0,0,0,0,0,0,0,0,0,0,0,0,0,0,0,0,0
LGA51540,0,0,0,0,0,0,0,0,0,0,0,0,0,9,7,0,0,0,0,11,0,0,0,3,0,0,0,0,0,5,0,0,0,9,0,0,0,0,0,9,0,0,3,0,0,0,0,0,0,3,0,0,0,0,0,0,0,0,0,0,0,0,0,0,4,0,0,0,0,3,0,5,6,14,25,15,4,0,0,62,0,0,0,0,0,3,0,0,0,4,0,0,0,0,0,3,0,0,0,8,0,4,0,22,7,15,15,7,0,73,30,64,66,143,71,50,42,20,7,493,184,331,287,655,404,391,323,130,29,2732,0,0,0,0,0,0,0,0,0,0,133,232,196,364,216,222,153,64,13,1593,0,0,0,0,0,0,0,0,0,0,0,0,0,0,0,0,0,0,0,0,0,0,0,0,0,0,0,0,0,0,0,0,0,0,0,0,0,0,0,0,0,0,0,6,0,0,0,0,0,6
LGA51610,0,0,0,0,0,0,0,0,0,0,0,0,3,0,0,6,0,0,0,13,0,0,0,0,0,0,0,0,0,0,0,0,0,0,0,0,0,0,0,0,0,0,0,0,0,0,0,0,0,0,0,0,0,0,0,0,0,0,0,0,0,0,0,0,0,0,5,0,0,5,0,0,0,0,0,0,0,0,0,0,0,0,0,3,0,0,0,0,0,7,0,0,0,0,0,0,3,0,0,3,0,0,0,0,0,0,0,0,0,9,0,20,11,23,19,17,10,0,0,105,34,136,71,158,139,134,83,37,8,806,0,0,0,0,0,0,0,0,0,0,29,95,56,138,88,73,50,12,0,541,0,0,0,0,0,0,0,0,0,0,0,0,0,0,0,0,0,0,0,0,0,0,0,0,0,0,0,0,0,0,0,0,0,0,0,0,0,0,0,0,0,0,0,0,3,0,0,0,0,5
LGA51680,0,0,0,0,3,0,0,0,0,7,0,0,11,3,10,5,0,0,0,32,0,0,0,0,0,0,0,0,0,0,0,0,0,0,0,0,0,0,0,0,0,0,0,0,0,0,0,0,0,0,0,0,0,0,0,0,0,0,0,0,0,0,0,0,0,4,3,0,0,12,0,0,0,0,0,0,0,0,0,5,0,0,0,0,0,0,0,0,0,5,0,0,0,0,6,6,0,0,0,13,0,0,0,13,10,7,6,0,3,45,4,30,47,48,64,59,33,23,5,308,155,407,356,582,466,503,334,164,33,3005,0,0,0,0,0,0,0,0,0,0,139,368,237,427,264,251,164,78,13,1949,0,0,0,0,0,0,0,0,0,0,0,0,0,4,0,0,0,0,0,4,0,0,0,0,0,0,0,0,0,0,0,0,0,0,0,0,0,0,0,0,0,0,0,0,0,0,0,0,0,8
LGA51710,0,0,0,3,4,6,10,0,0,24,0,0,0,0,6,0,0,0,0,7,0,0,0,13,0,0,0,0,0,12,0,0,0,0,0,0,0,0,0,0,0,0,0,3,0,0,0,0,0,4,0,0,0,0,0,0,0,0,0,0,0,0,0,0,0,0,0,0,0,0,0,0,0,4,6,0,0,0,0,13,0,0,0,0,0,0,0,0,0,0,0,0,0,5,0,0,0,0,0,5,0,0,15,70,5,0,0,0,0,93,0,15,10,56,30,10,28,0,0,149,45,107,71,373,152,111,128,16,4,1006,0,0,0,0,0,0,0,0,0,0,35,75,45,93,32,27,9,0,0,315,0,0,0,0,0,0,0,0,0,0,0,0,0,0,0,0,0,0,0,0,0,0,0,0,0,0,0,0,0,0,0,0,0,0,0,0,0,0,0,0,0,0,0,0,0,0,0,0,0,0
LGA51750,0,14,10,15,9,11,9,0,0,67,0,4,28,23,21,31,15,5,0,128,0,0,0,7,0,0,7,0,0,18,0,0,0,0,0,0,0,0,0,3,0,0,4,0,0,0,0,0,0,4,0,0,0,0,0,0,0,0,0,0,0,4,7,10,4,9,6,0,0,45,0,7,0,3,0,0,0,0,0,9,0,0,0,4,5,7,0,0,0,16,0,0,0,3,3,10,3,0,0,17,6,22,21,50,26,28,14,8,5,171,5,19,39,79,38,35,30,28,24,288,236,704,823,1154,693,581,542,461,189,5379,0,0,0,0,0,0,0,0,0,0,166,495,564,684,441,382,395,386,223,3741,0,0,0,3,0,0,0,0,0,3,0,0,0,0,0,0,0,0,0,4,0,0,6,16,0,0,0,0,0,15,0,0,0,0,0,0,0,0,0,0,0,0,3,11,3,4,0,5,0,32
LGA51820,0,24,44,170,59,64,60,21,0,450,7,50,120,367,208,149,67,27,5,986,0,9,13,63,39,17,26,7,0,175,4,4,6,41,6,4,9,0,0,60,0,18,22,26,3,0,5,0,0,78,0,0,0,9,10,3,0,0,0,23,7,26,20,81,33,33,22,5,0,233,0,5,6,30,23,19,12,3,0,100,0,0,5,38,27,25,26,7,0,138,0,9,27,82,53,37,17,4,0,235,12,107,158,721,369,406,314,210,38,2332,105,223,270,996,384,277,202,144,72,2682,4117,7678,7013,17853,7856,6237,4491,2247,697,58179,0,0,0,8,3,0,0,0,0,15,3553,6354,5196,10123,4367,3238,2284,1106,470,36688,0,3,5,40,8,3,0,0,0,59,0,0,3,69,36,46,26,10,0,189,3,3,3,103,14,8,6,0,0,144,0,0,0,16,3,0,0,0,0,21,6,13,16,93,26,32,7,0,0,183
LGA51860,0,0,0,0,0,0,0,0,0,0,0,0,0,0,0,0,0,0,0,0,0,0,0,0,0,0,0,0,0,0,0,0,0,0,0,0,0,0,0,0,0,0,0,0,0,0,0,0,0,0,0,0,0,0,0,0,0,0,0,0,0,0,0,0,0,0,0,0,0,0,0,0,0,0,0,0,0,0,0,0,0,0,0,0,0,0,0,0,0,0,0,0,0,0,0,0,0,0,0,0,0,0,0,3,0,0,0,0,0,7,5,7,3,16,6,8,5,9,0,49,23,49,18,75,27,53,30,18,3,302,0,0,0,0,0,0,0,0,0,0,13,34,20,52,18,39,23,8,0,215,0,0,0,0,0,0,0,0,0,0,0,0,0,0,0,0,0,0,0,0,0,0,0,0,0,0,0,0,0,0,0,0,0,0,0,0,0,0,0,0,0,0,0,0,0,0,0,0,0,0
LGA51890,0,0,0,0,0,0,0,0,0,0,0,0,0,11,10,0,0,0,0,27,0,0,0,0,0,0,0,0,0,0,0,0,0,0,0,0,0,0,0,0,0,0,0,0,0,0,0,0,0,0,0,0,0,0,0,0,0,0,0,0,0,0,0,0,0,0,0,3,0,3,0,0,0,0,0,0,0,0,0,0,0,0,0,6,0,5,4,0,0,12,0,0,0,3,0,0,6,0,0,9,0,0,0,6,0,12,4,0,0,20,21,39,38,75,49,53,56,24,13,367,263,573,507,934,523,652,656,285,77,4468,0,0,0,0,0,0,0,0,0,0,196,484,392,804,488,464,422,195,72,3512,0,0,0,0,0,0,0,0,0,0,0,0,0,0,0,0,0,0,0,0,0,0,0,0,0,0,0,0,0,0,0,0,0,0,0,0,0,0,0,0,0,0,0,0,0,0,0,0,0,5
LGA51960,0,0,0,0,0,0,0,0,0,0,0,0,0,5,4,0,0,0,0,16,0,0,0,0,4,0,0,0,0,3,0,0,0,0,0,0,0,0,0,0,0,0,0,0,0,0,0,0,0,7,0,0,0,0,0,0,0,0,0,0,0,0,0,0,0,0,0,0,0,4,0,0,0,0,0,0,0,0,0,0,0,0,0,0,0,0,0,0,0,0,0,0,0,0,0,0,5,0,0,6,0,0,0,4,4,6,4,0,0,21,31,49,45,148,84,58,36,8,6,458,128,227,187,499,308,300,176,49,8,1881,0,0,0,0,0,0,0,0,0,0,92,162,133,236,125,112,69,15,3,956,0,0,0,0,0,0,0,0,0,0,0,0,0,0,0,0,0,0,0,0,0,0,0,0,0,0,0,0,0,0,0,0,0,0,0,0,0,0,0,0,0,0,0,0,0,0,0,0,0,0
LGA52030,0,0,0,0,0,0,0,0,0,0,0,0,0,0,0,0,0,0,0,0,0,0,0,0,0,0,0,0,0,0,0,0,0,0,0,0,0,0,0,0,0,0,0,0,0,0,0,0,0,0,0,0,0,0,0,0,0,0,0,0,0,0,0,0,0,0,0,0,0,0,0,0,0,0,0,0,0,0,0,0,0,0,0,0,0,0,0,0,0,0,0,0,0,0,0,0,0,0,0,0,0,0,0,0,0,0,0,0,0,0,3,0,4,15,11,21,14,8,3,82,36,39,30,92,60,133,118,55,13,577,0,0,0,0,0,0,0,0,0,0,27,27,25,62,37,67,72,32,8,362,0,0,0,0,0,0,0,0,0,0,0,0,0,0,0,0,0,0,0,0,0,0,0,0,0,0,0,0,0,0,0,0,0,0,0,0,0,0,0,0,0,0,0,0,0,0,0,0,0,0
LGA52100,0,0,0,0,0,0,0,0,0,0,0,0,0,0,0,0,0,0,0,0,0,0,0,0,0,0,0,0,0,0,0,0,0,0,0,0,0,0,0,0,0,0,0,0,0,0,0,0,0,0,0,0,0,0,0,0,0,0,0,0,0,0,0,0,0,0,0,0,0,0,0,0,0,0,0,0,0,0,0,0,0,0,0,0,0,0,0,0,0,0,0,0,0,0,0,0,0,0,0,0,0,0,0,4,0,0,3,0,0,6,0,0,0,0,4,6,3,3,0,22,23,50,56,114,55,70,84,33,19,503,0,0,0,0,0,0,0,0,0,0,29,55,25,88,41,61,50,37,17,412,0,0,0,0,0,0,0,0,0,0,0,0,0,0,0,0,0,0,0,0,0,0,0,0,0,0,0,0,0,0,0,0,0,0,0,0,0,0,0,0,0,0,0,0,0,0,0,0,0,0
LGA52170,0,7,3,0,3,0,0,0,0,14,0,5,3,17,11,11,12,3,0,67,0,0,0,0,0,0,0,0,0,7,0,0,0,0,0,0,0,0,0,0,0,0,0,0,0,0,0,0,0,0,0,0,0,0,0,0,0,0,0,3,0,13,8,6,10,3,4,3,0,57,0,0,0,0,0,0,0,0,0,0,0,0,0,5,0,0,8,3,0,11,0,0,0,7,3,5,4,0,0,19,0,3,5,20,11,23,13,5,0,90,4,8,17,60,10,29,16,19,19,179,193,464,514,849,509,559,472,292,91,3943,0,0,0,0,0,0,0,0,0,0,144,361,425,579,376,363,340,188,73,2842,0,0,0,0,0,0,0,0,0,0,0,0,0,0,0,0,0,0,0,0,0,0,0,5,7,0,0,0,0,10,0,0,0,0,0,0,0,0,0,0,0,4,0,8,10,8,0,0,0,29
LGA52240,0,0,0,0,0,0,0,0,0,0,0,0,0,6,0,0,0,0,0,6,0,0,0,0,0,0,0,0,0,0,0,0,0,0,0,0,0,0,0,0,0,0,0,0,0,0,0,0,0,0,0,0,0,0,0,0,0,0,0,0,0,0,0,0,0,0,0,0,0,0,0,0,0,0,0,0,0,0,0,0,0,0,0,0,0,0,0,0,0,3,0,0,0,0,0,3,0,0,0,3,0,0,0,0,0,0,0,4,0,4,5,7,7,11,7,11,6,7,0,62,37,76,45,108,82,99,77,43,4,572,0,0,0,0,0,0,0,0,0,0,25,71,39,78,53,50,39,17,3,375,0,0,0,0,0,0,0,0,0,0,0,0,0,0,0,0,0,0,0,0,0,0,0,0,0,0,0,0,0,0,0,0,0,0,0,0,0,0,0,0,0,0,0,3,0,0,0,0,0,3
LGA52310,0,0,0,0,0,0,0,0,0,0,0,0,0,0,0,0,0,0,0,4,0,0,0,0,0,0,0,0,0,0,0,0,0,0,0,0,0,0,0,0,0,0,0,0,0,0,0,0,0,0,0,0,0,0,0,0,0,0,0,0,0,0,0,0,0,0,0,0,0,0,0,0,0,0,0,0,0,0,0,0,0,0,0,0,0,0,0,0,0,0,0,0,0,0,0,0,0,0,0,0,0,0,0,0,0,0,0,0,0,0,0,7,0,6,4,10,9,4,0,48,17,57,34,77,72,83,85,39,10,470,0,0,0,0,0,0,0,0,0,0,11,44,38,59,47,52,45,16,0,319,0,0,0,0,0,0,0,0,0,0,0,0,0,0,0,0,0,0,0,0,0,0,0,0,0,0,0,0,0,0,0,0,0,0,0,0,0,0,0,0,0,3,0,0,0,0,0,0,0,4
LGA52380,0,0,0,0,0,0,0,0,0,0,0,0,0,0,0,0,0,0,0,0,0,0,0,0,0,0,0,0,0,0,0,0,0,0,0,0,0,0,0,0,0,0,0,0,0,0,0,0,0,0,0,0,0,0,0,0,0,0,0,0,0,0,0,0,0,0,0,0,0,0,0,0,0,0,0,0,0,0,0,0,0,0,0,0,0,0,0,0,0,0,0,0,0,0,0,0,0,0,0,0,0,0,0,5,0,0,0,0,0,4,0,0,0,3,3,0,3,0,0,13,0,0,12,44,25,18,36,12,0,147,0,0,0,0,0,0,0,0,0,0,0,0,4,5,4,5,7,3,0,36,0,0,0,0,0,0,0,0,0,0,0,0,0,0,0,0,0,0,0,0,0,0,0,0,0,0,0,0,0,0,0,0,0,0,0,0,0,0,0,0,0,0,0,0,0,0,0,0,0,0
LGA52450,0,0,0,0,0,0,0,0,0,0,0,0,0,0,3,4,0,0,0,9,0,0,0,0,0,0,0,0,0,0,0,0,0,0,0,0,0,0,0,0,0,0,0,0,0,0,0,0,0,0,0,0,0,0,0,0,0,0,0,0,0,0,0,0,0,0,0,0,0,0,0,0,0,0,0,0,0,0,0,0,0,0,0,0,0,0,0,0,0,0,0,0,0,0,0,0,0,0,0,0,0,0,0,0,0,0,0,0,0,5,4,6,3,12,10,10,7,0,0,48,41,88,106,160,75,91,76,36,14,680,0,0,0,0,0,0,0,0,0,0,37,77,74,104,49,46,49,18,8,465,0,0,0,0,0,0,0,0,0,0,0,0,0,0,0,0,0,0,0,0,0,0,0,0,0,0,0,0,0,0,0,0,0,0,0,0,0,0,0,0,0,0,0,0,0,0,0,0,0,0
LGA52520,0,0,0,0,0,0,0,0,0,0,0,0,0,4,4,0,0,0,0,10,0,0,0,0,0,0,0,0,0,0,0,0,0,0,0,0,0,0,0,0,0,0,0,0,0,0,0,0,0,0,0,0,0,0,0,0,0,0,0,0,0,0,0,0,0,0,0,0,0,0,0,0,0,0,0,0,0,0,0,0,0,0,0,0,0,0,0,0,0,0,0,0,0,0,0,0,0,0,0,0,0,0,0,3,0,0,0,0,0,3,9,8,12,31,15,20,15,7,0,109,44,89,68,202,86,115,72,25,7,720,0,0,0,0,0,0,0,0,0,0,54,68,36,105,42,57,35,26,22,445,0,0,0,0,0,0,0,0,0,0,0,0,0,0,0,0,0,0,0,0,0,0,0,0,0,0,0,0,0,0,0,0,0,0,0,0,0,0,0,0,0,0,0,0,0,0,0,0,0,0
LGA52590,0,0,0,0,0,0,0,0,0,0,0,0,0,3,0,3,6,0,0,16,0,0,0,0,0,0,0,0,0,0,0,0,0,0,0,0,0,0,0,0,0,0,0,0,0,0,0,0,0,0,0,0,0,0,0,0,0,0,0,0,0,0,0,0,0,0,0,0,0,0,0,0,0,0,0,0,0,0,0,5,0,0,0,0,0,0,0,0,0,0,0,0,0,0,0,0,0,0,0,7,0,0,0,0,5,6,0,3,0,25,0,10,15,71,33,33,38,11,4,222,93,181,122,374,234,287,335,141,25,1790,0,0,0,0,0,0,0,0,0,0,64,115,83,244,135,208,193,89,38,1160,0,0,0,0,0,0,0,0,0,0,0,0,0,0,0,0,0,0,0,0,0,0,0,4,0,0,0,0,0,4,0,0,0,0,0,0,0,0,0,0,0,0,0,0,0,0,0,0,0,5
LGA52660,0,0,0,0,0,5,0,0,0,7,0,7,15,26,27,17,3,5,3,100,0,0,0,0,0,0,0,0,0,7,0,0,0,12,0,0,0,0,0,12,0,6,0,0,0,0,0,0,0,4,0,0,0,0,0,0,0,0,0,0,0,0,0,3,3,4,3,0,0,17,0,0,0,3,0,0,0,0,0,7,0,0,0,3,0,6,6,4,0,12,0,3,5,7,14,4,0,0,0,31,0,7,3,13,14,9,7,6,0,69,8,41,32,126,69,68,48,36,38,467,485,1068,792,1869,892,883,753,394,154,7281,0,0,0,0,0,0,0,0,0,0,450,889,646,1446,710,632,530,319,118,5744,0,0,0,0,0,0,0,0,0,0,0,0,0,0,0,0,0,0,0,0,0,0,0,0,0,0,0,0,0,0,0,0,0,0,0,0,0,0,0,0,0,0,0,0,0,3,0,0,0,9
LGA52730,0,0,0,0,0,0,0,0,0,0,0,4,0,9,10,4,4,11,0,40,0,0,0,0,0,0,0,3,0,4,0,0,0,0,0,0,0,0,0,0,0,0,0,0,0,0,0,0,0,0,0,0,0,0,0,0,0,0,0,0,0,0,0,0,7,8,3,0,0,21,0,0,0,0,0,0,0,0,0,9,0,0,0,4,3,0,8,4,0,17,0,0,0,0,3,0,6,3,0,16,0,0,0,4,3,9,23,7,7,52,20,34,28,61,44,58,41,28,8,323,155,403,272,475,390,520,512,277,67,3084,0,0,0,0,0,0,0,0,0,0,132,334,214,421,284,315,294,123,41,2155,0,0,0,0,0,0,0,0,0,0,0,0,0,0,0,0,0,0,0,0,0,0,0,0,0,0,0,0,0,3,0,0,0,0,0,0,0,0,0,0,0,0,0,6,0,0,0,0,0,12
LGA52800,0,0,0,0,0,0,0,0,0,0,0,0,0,4,0,0,4,0,0,10,0,0,0,5,0,0,0,0,0,5,0,0,0,0,0,0,0,0,0,0,0,0,0,0,0,0,0,0,0,0,0,0,0,0,0,0,0,0,0,0,0,0,0,0,0,0,0,0,0,5,0,0,0,0,0,0,0,0,0,0,0,0,0,0,0,0,0,0,0,0,0,0,0,0,0,0,0,0,0,7,0,3,0,13,6,5,6,0,0,30,30,77,71,144,61,82,52,12,0,520,282,551,498,1102,429,405,234,61,10,3568,0,0,0,0,0,0,0,0,0,0,221,430,432,817,317,269,136,43,15,2691,0,0,0,0,0,0,0,0,0,0,0,0,0,0,0,0,0,0,0,0,0,0,0,5,0,0,0,0,0,5,0,0,0,0,0,0,0,0,0,0,0,0,0,0,0,0,0,0,0,0
LGA52870,0,0,0,0,0,0,0,0,0,0,0,0,0,8,8,3,3,3,0,31,0,0,0,0,0,0,0,0,0,4,0,0,0,6,0,0,0,0,0,6,0,0,0,0,0,0,0,0,0,0,0,0,0,0,0,0,0,0,0,0,0,0,0,0,0,0,0,0,0,5,0,0,0,0,0,0,0,0,0,10,0,0,0,0,3,0,3,0,0,12,0,0,0,0,0,0,5,0,0,11,0,0,0,7,3,8,7,4,0,34,6,22,17,49,38,38,38,28,0,234,146,375,296,555,410,472,511,224,47,3039,0,0,0,0,0,0,0,0,0,3,150,318,198,460,315,366,303,148,53,2310,0,0,0,0,0,0,0,0,0,0,0,0,0,0,0,0,0,0,0,0,0,0,0,0,0,0,0,0,0,0,0,0,0,0,0,0,0,0,0,0,0,0,0,0,0,0,3,0,0,6
LGA52940,0,0,0,0,0,0,0,0,0,0,0,0,0,0,0,0,0,0,0,0,0,0,0,0,0,0,0,0,0,0,0,0,0,0,0,0,0,0,0,0,0,0,0,0,0,0,0,0,0,0,0,0,0,0,0,0,0,0,0,0,0,0,0,0,0,0,0,0,0,0,0,0,0,0,0,0,0,0,0,0,0,0,0,0,0,0,0,0,0,0,0,0,0,0,0,0,0,0,0,6,0,0,0,0,0,0,0,0,0,0,3,3,5,3,5,3,7,3,0,38,29,51,37,63,53,47,64,23,3,374,0,0,0,0,0,0,0,0,0,0,17,48,19,62,22,32,47,19,4,277,0,0,0,0,0,0,0,0,0,0,0,0,0,0,0,0,0,0,0,0,0,0,0,0,0,0,0,0,0,0,0,0,0,0,0,0,0,0,0,0,0,0,0,0,0,0,0,0,0,0
LGA53010,0,0,0,0,0,0,0,0,0,0,0,0,0,0,0,0,0,0,0,0,0,0,0,0,0,0,0,0,0,0,0,0,0,0,0,0,0,0,0,0,0,0,0,0,0,0,0,0,0,0,0,0,0,0,0,0,0,0,0,0,0,0,0,0,0,0,0,0,0,0,0,0,0,0,0,0,0,0,0,0,0,0,0,0,0,0,0,0,0,0,0,0,0,0,0,0,0,0,0,0,0,0,0,0,0,0,0,0,0,0,3,4,4,19,13,9,9,7,0,68,25,41,23,90,44,56,52,25,0,353,0,0,0,0,0,0,0,0,0,0,23,38,17,51,27,39,33,11,0,242,0,0,0,0,0,0,0,0,0,0,0,0,0,0,0,0,0,0,0,0,0,0,0,0,0,0,0,0,0,0,0,0,0,0,0,0,0,0,0,0,0,0,0,0,0,0,0,0,0,0
LGA53080,0,0,0,0,0,0,0,0,0,0,0,0,0,0,0,0,0,0,0,0,0,0,0,0,0,0,0,0,0,0,0,0,0,0,0,0,0,0,0,0,0,0,0,6,0,0,0,0,0,6,0,0,0,0,0,0,0,0,0,0,0,0,0,0,0,0,0,0,0,0,0,0,0,0,0,0,0,0,0,0,0,0,0,0,0,0,0,0,0,0,0,0,0,0,0,0,0,0,0,0,0,0,0,3,0,0,0,0,0,4,6,5,10,17,18,19,7,8,0,79,24,27,36,75,55,67,53,25,5,372,0,0,0,0,0,0,0,0,0,0,4,15,21,38,33,39,21,12,0,185,0,0,0,0,0,0,0,0,0,0,0,0,0,0,0,0,0,0,0,0,0,0,0,0,0,0,0,0,0,0,0,0,0,0,0,0,0,0,0,0,0,0,0,0,0,0,0,0,0,0
LGA53150,0,3,0,0,0,3,0,0,0,10,0,0,4,12,6,7,7,0,0,32,0,0,0,0,0,0,0,0,0,0,0,0,0,0,0,0,0,0,0,0,0,0,0,0,0,0,0,0,0,5,0,0,0,0,0,0,0,0,0,0,5,5,3,5,0,5,8,4,0,26,0,0,0,0,0,0,0,0,0,0,0,0,0,3,0,3,3,0,0,16,0,0,0,0,0,0,0,0,0,10,0,5,3,23,18,10,15,4,11,88,7,15,3,54,26,16,11,16,24,173,188,480,443,761,576,506,438,216,103,3721,0,0,0,0,0,0,0,0,0,0,167,458,400,596,455,364,301,142,72,2951,0,0,0,0,0,0,0,0,0,0,0,0,0,5,0,0,0,0,0,4,0,5,0,8,0,0,0,0,0,9,0,0,0,0,0,0,0,0,0,3,0,0,0,6,0,5,3,0,0,25
LGA53220,0,0,0,3,4,4,0,0,0,12,0,0,8,29,8,9,0,0,0,58,0,0,0,6,0,0,0,0,0,7,0,0,0,0,0,0,0,0,0,0,0,0,0,4,0,0,0,0,0,7,0,0,0,3,0,0,0,0,0,3,0,0,0,0,0,0,0,0,0,3,0,0,0,5,0,0,0,0,0,6,0,0,0,0,0,0,0,0,0,5,0,0,0,22,16,5,0,0,0,48,0,4,4,94,28,15,3,0,0,154,16,57,126,915,339,229,32,3,0,1721,296,519,577,2864,1069,747,164,22,3,6256,0,0,0,0,0,0,0,0,0,0,228,383,299,830,191,135,54,19,3,2148,0,0,0,0,0,0,0,0,0,0,0,0,0,0,0,0,0,0,0,0,0,0,0,5,0,0,0,0,0,6,0,0,0,0,0,0,0,0,0,0,0,0,0,5,0,0,0,0,0,5
LGA53290,0,0,0,0,5,0,0,0,0,4,0,3,12,30,14,14,3,3,0,85,0,4,0,0,8,0,0,0,0,9,0,0,0,0,0,0,0,0,0,0,0,6,4,0,0,0,0,0,0,10,0,0,0,0,0,0,0,0,0,0,0,0,5,0,3,0,4,0,0,11,0,0,0,0,0,0,0,0,0,9,0,0,0,0,0,3,0,0,0,4,0,0,0,6,3,0,0,0,0,20,0,4,4,11,10,4,3,9,0,49,32,110,85,171,132,112,89,63,13,815,409,967,798,1552,965,981,752,446,112,6990,0,0,0,0,0,0,0,0,0,0,361,792,577,1164,685,620,514,324,125,5169,0,0,0,0,0,0,0,0,0,3,0,0,0,0,0,0,0,0,0,0,0,0,0,10,0,0,0,0,0,12,0,0,0,6,0,0,0,0,0,6,0,0,0,11,0,4,0,0,0,21
LGA53360,0,0,0,0,0,0,0,0,0,3,0,0,3,10,0,0,0,0,0,15,0,0,0,0,0,0,0,0,0,0,0,0,0,0,0,0,0,0,0,0,0,0,0,0,0,0,0,0,0,3,0,0,0,0,0,0,0,0,0,0,0,0,0,12,5,4,0,0,0,28,0,0,0,0,0,0,0,0,0,0,0,0,0,0,0,0,0,0,0,4,0,0,0,0,0,0,0,0,0,0,0,0,0,15,0,4,3,4,0,30,13,21,17,56,24,24,17,9,3,178,97,202,166,497,235,214,133,59,8,1613,0,0,0,0,0,0,0,0,0,0,77,152,124,335,126,106,66,28,7,1023,0,0,0,0,0,0,0,0,0,0,0,0,0,0,0,0,0,0,0,0,0,0,0,0,0,0,0,0,0,3,0,0,0,0,0,0,0,0,0,0,0,0,0,9,0,0,0,0,0,9
LGA53430,0,9,4,11,5,8,3,0,0,44,0,6,16,52,33,22,20,9,0,160,0,0,0,4,0,0,0,0,0,10,0,0,0,8,0,0,0,0,0,5,0,3,3,4,0,0,0,0,0,13,0,0,0,0,4,0,0,0,0,7,5,3,17,51,21,25,20,8,0,144,0,0,0,3,10,0,4,0,0,13,0,0,0,13,11,18,8,0,3,60,0,0,4,15,7,10,8,0,0,41,0,10,31,161,88,97,82,55,13,542,29,70,84,358,170,144,90,57,30,1035,878,1458,1513,4425,2121,2177,1702,902,335,15510,0,0,0,0,0,0,0,0,0,0,758,1255,1331,2885,1351,1339,1062,505,200,10696,0,0,0,0,0,0,0,0,0,0,0,0,0,3,4,7,3,3,3,32,0,0,5,22,4,5,0,3,0,32,0,0,0,0,0,0,0,0,0,3,0,3,9,45,22,23,8,3,0,115
LGA53570,0,0,0,0,0,0,0,0,0,0,0,0,0,0,5,3,4,0,0,17,0,0,0,5,0,0,0,0,0,3,0,0,0,14,0,0,0,0,0,14,0,0,0,0,0,0,0,0,0,0,0,0,0,0,0,0,0,0,0,0,0,0,0,0,0,0,0,4,0,9,0,0,0,3,4,7,0,0,0,13,0,0,0,3,5,0,4,0,0,13,0,0,0,0,3,0,0,0,0,15,0,0,15,57,7,6,10,13,0,111,4,24,21,62,54,48,54,33,7,301,126,269,255,555,417,471,510,269,42,2914,0,0,0,0,0,0,0,0,0,0,107,252,159,338,212,260,249,109,32,1711,0,0,0,0,0,0,0,0,0,0,0,0,0,0,0,0,0,0,0,0,0,0,0,0,0,0,0,0,0,5,0,0,0,0,0,0,0,0,0,4,0,0,0,0,0,0,0,0,0,6
LGA53640,0,0,0,0,0,0,0,0,0,0,0,0,6,4,5,0,0,0,0,10,0,0,0,0,0,0,0,0,0,0,0,0,0,0,0,0,0,0,0,0,0,0,0,0,0,0,0,0,0,0,0,0,0,0,0,0,0,0,0,0,0,0,0,0,0,0,0,0,0,0,0,0,0,0,0,0,0,0,0,0,0,0,0,0,0,0,0,0,0,0,0,0,0,0,0,0,0,0,0,0,0,0,0,0,0,0,0,0,0,5,3,12,3,19,5,9,8,0,0,65,56,77,51,164,83,112,86,22,5,650,0,0,0,0,0,0,0,0,0,0,46,60,35,109,56,55,41,10,7,418,0,0,0,0,0,0,0,0,0,0,0,0,0,0,0,0,0,0,0,0,0,0,0,0,0,0,0,0,0,0,0,0,0,0,0,0,0,0,0,0,0,0,0,0,0,0,0,0,0,0
LGA53710,0,0,0,0,0,0,0,0,0,0,0,0,0,0,0,0,0,0,0,0,0,0,0,0,0,0,0,0,0,0,0,0,0,0,0,0,0,0,0,0,0,0,0,0,0,0,0,0,0,0,0,0,0,0,0,0,0,0,0,0,0,0,0,0,0,0,0,0,0,0,0,0,0,0,0,0,0,0,0,0,0,0,0,0,0,0,0,0,0,0,0,0,0,3,0,0,0,0,0,3,0,0,0,0,0,0,3,3,0,4,0,4,7,9,8,5,11,8,0,63,24,61,41,98,64,73,86,36,12,486,0,0,0,0,0,0,0,0,0,0,19,62,28,66,43,57,50,21,11,360,0,0,0,0,0,0,0,0,0,0,0,0,0,0,0,0,0,0,0,0,0,0,0,0,0,0,0,0,0,0,0,0,0,0,0,0,0,0,0,0,0,0,0,0,0,0,0,0,0,0
LGA53780,4,49,105,186,135,154,108,35,0,766,3,44,123,206,185,133,60,30,3,779,5,39,74,342,139,63,31,20,0,726,3,10,0,78,7,5,7,0,0,111,0,39,84,86,10,4,5,0,0,239,0,8,7,41,20,8,7,4,0,94,7,10,27,37,24,33,25,12,0,163,0,17,16,92,41,43,24,7,4,243,0,0,0,18,15,24,26,14,5,96,0,14,29,70,57,34,11,5,0,223,12,192,325,786,367,279,178,110,28,2276,167,357,331,1036,481,315,242,127,104,3165,4340,9091,8462,18891,8278,6373,4954,2388,717,63485,0,63,165,440,88,45,24,10,0,836,3860,6688,4594,7118,3316,2579,2272,1067,459,31949,0,36,29,193,34,17,6,0,0,314,0,0,3,19,4,4,4,0,0,42,0,0,0,27,5,0,0,0,0,31,0,4,9,55,30,27,25,4,0,142,0,7,11,16,8,13,7,0,0,61
LGA53800,0,3,0,4,0,0,0,0,0,19,0,22,31,74,52,35,12,3,0,228,0,0,0,4,7,0,0,0,0,16,0,0,0,4,0,0,0,0,0,8,0,12,8,3,0,0,0,0,0,22,0,0,0,0,0,0,0,0,0,0,0,4,0,14,7,9,9,5,0,42,0,0,0,19,8,8,10,3,0,46,0,0,6,5,5,4,0,0,0,25,0,5,6,14,12,8,5,0,0,50,0,8,13,55,38,38,23,24,7,212,91,247,208,530,274,248,156,109,36,1904,1179,2812,2309,4675,2601,2602,1944,1023,355,19505,0,0,0,0,0,0,0,0,0,0,1040,2309,1905,3540,2005,1867,1466,764,321,15220,0,0,0,9,0,0,0,0,0,10,0,0,0,0,0,0,0,0,0,0,0,0,0,9,0,0,0,0,0,11,0,0,0,5,3,0,0,0,0,9,6,4,0,13,6,5,0,0,0,37
LGA53920,0,0,0,0,0,0,0,0,0,0,0,0,0,0,0,0,0,0,0,0,0,0,0,0,0,0,0,0,0,0,0,0,0,0,0,0,0,0,0,0,0,0,0,0,0,0,0,0,0,0,0,0,0,0,0,0,0,0,0,0,0,0,0,0,0,0,0,0,0,0,0,0,0,0,0,0,0,0,0,0,0,0,0,0,0,0,0,0,0,0,0,0,0,0,0,0,0,0,0,0,0,0,0,5,0,0,0,0,0,10,13,18,22,66,41,26,10,9,3,208,169,311,322,526,221,131,72,36,5,1788,0,0,0,0,0,0,0,0,0,0,132,247,305,471,164,107,65,19,7,1518,0,0,0,0,0,0,0,0,0,0,0,0,0,0,0,0,0,0,0,0,0,0,0,0,0,0,0,0,0,0,0,0,0,0,0,0,0,0,0,0,0,0,0,0,0,0,0,0,0,0
LGA53990,0,0,0,0,5,0,5,0,0,18,0,10,29,50,46,29,20,5,0,200,0,0,0,0,0,0,0,0,0,0,0,0,0,19,0,0,0,0,0,24,0,3,3,0,0,0,0,0,0,13,0,0,0,0,0,0,0,0,0,0,0,4,0,0,3,4,9,4,0,23,0,0,0,0,0,0,0,0,0,3,0,0,0,0,0,3,5,4,0,18,0,3,7,13,19,18,11,0,0,68,0,8,6,78,17,30,31,17,4,188,35,79,82,217,134,142,89,39,22,839,937,2234,1620,3422,1857,1833,1503,708,177,14285,0,0,0,0,0,0,0,0,0,0,744,1804,1269,2599,1358,1333,1052,483,147,10784,0,0,0,0,0,0,0,0,0,0,0,0,0,0,0,0,0,0,0,0,0,0,0,3,0,0,0,0,0,3,0,0,0,3,0,0,0,0,0,7,0,0,0,13,0,4,0,0,0,19
LGA54060,0,0,0,0,0,0,0,0,0,0,0,0,0,0,3,0,0,0,0,8,0,0,0,0,0,0,0,0,0,0,0,0,0,0,0,0,0,0,0,0,0,0,0,0,0,0,0,0,0,3,0,0,0,0,0,0,0,0,0,0,0,0,0,0,0,0,0,0,0,0,0,0,0,0,0,0,0,0,0,4,0,0,0,0,0,0,0,0,0,0,0,0,0,0,0,0,0,0,0,0,0,0,0,0,0,4,0,5,0,11,4,25,20,47,26,51,38,29,15,252,63,208,170,271,229,323,344,184,41,1831,0,0,0,0,0,0,0,0,0,0,58,191,117,234,177,234,233,109,33,1394,0,0,0,0,0,0,0,0,0,0,0,0,0,0,0,0,0,0,0,0,0,0,0,0,0,0,0,0,0,0,0,0,0,0,0,0,0,0,0,0,0,0,0,0,0,0,0,0,0,4
LGA54130,0,0,0,0,0,0,0,0,0,0,0,0,0,6,4,0,0,0,0,11,0,0,0,0,0,0,0,0,0,0,0,0,0,0,0,0,0,0,0,0,0,0,0,0,0,0,0,0,0,0,0,0,0,0,0,0,0,0,0,0,0,0,0,0,0,0,0,0,0,0,0,0,0,0,0,0,0,0,0,0,0,0,0,0,0,0,0,0,0,0,0,0,0,0,0,0,0,0,0,0,0,0,0,6,0,0,0,0,0,3,4,12,7,14,8,12,12,0,0,63,56,81,56,143,74,107,76,27,6,621,0,0,0,0,0,0,0,0,0,0,33,67,23,113,50,60,43,15,3,414,0,0,0,0,0,0,0,0,0,0,0,0,0,0,0,0,0,0,0,0,0,0,0,0,0,0,0,0,0,0,0,0,0,0,0,0,0,0,0,0,0,0,0,0,0,0,0,0,0,0
LGA54170,3,26,28,63,49,49,61,24,6,318,9,179,456,775,627,435,214,53,15,2760,0,5,14,49,3,11,19,9,0,110,0,3,4,23,3,3,3,0,0,39,0,12,24,25,3,0,0,0,0,71,0,0,0,10,0,5,3,0,0,27,13,56,56,89,51,46,36,15,8,366,0,7,14,37,50,23,32,5,3,181,3,19,42,91,115,72,87,43,10,481,0,0,55,152,150,171,71,22,8,632,9,112,182,570,361,414,361,169,35,2221,68,185,256,818,490,401,264,151,73,2710,4395,10978,10156,18478,11192,10413,8819,3731,1043,79198,0,0,0,16,3,5,7,5,0,34,3958,8822,6538,10807,5638,5190,4536,1828,813,48125,0,0,3,4,0,0,0,6,0,18,0,0,0,9,11,20,6,0,0,47,0,6,7,138,20,15,6,0,0,187,0,3,0,7,5,5,6,0,0,22,3,22,27,118,48,41,22,8,9,303
LGA54200,0,5,4,27,23,19,23,4,0,111,0,16,37,90,77,48,37,16,0,329,0,5,7,29,13,7,9,7,0,71,0,0,4,14,0,4,0,0,0,22,0,10,3,14,0,3,0,0,0,36,0,0,0,7,0,0,0,0,0,8,0,3,9,26,11,13,17,5,0,94,0,0,0,12,10,0,0,0,0,28,0,0,0,11,10,17,11,12,3,73,0,5,21,31,29,41,23,9,5,163,3,28,57,135,104,110,77,58,21,600,43,129,121,397,202,192,101,75,36,1298,1755,4125,3553,7044,3919,3531,2962,1686,539,29108,0,13,31,77,19,8,0,3,0,148,1508,3483,2595,4694,2425,2036,1779,929,345,19806,0,4,9,28,16,4,0,0,0,56,0,0,0,0,0,4,3,0,0,8,0,0,0,10,3,4,0,0,0,16,0,0,3,5,0,0,0,0,0,7,0,0,0,20,13,11,12,0,3,58
LGA54280,0,0,0,3,3,3,0,0,0,14,4,21,40,85,57,32,7,4,0,253,0,0,0,19,6,0,4,0,0,24,0,0,0,10,0,0,0,0,0,10,0,12,8,11,0,0,0,0,0,34,0,0,0,5,0,0,0,0,0,4,0,3,0,10,4,5,3,0,0,20,0,0,6,6,4,0,0,0,0,19,0,0,0,0,4,4,0,0,0,10,0,11,16,64,32,27,3,0,0,167,10,24,20,131,60,30,18,12,4,308,93,212,177,496,214,214,124,50,15,1596,1160,2203,1915,4793,2085,1879,991,354,60,15441,0,0,0,3,0,0,0,0,0,7,974,1610,1203,2570,1130,897,505,217,90,9198,0,0,0,4,0,0,0,0,0,4,0,0,0,0,0,0,0,0,0,6,0,3,0,15,0,0,0,0,0,27,0,0,4,3,0,0,0,0,0,13,0,0,0,7,3,8,0,0,0,19
LGA54310,0,3,0,5,0,0,0,0,0,16,0,6,14,55,34,17,5,0,0,128,0,0,0,13,9,5,0,0,0,29,0,0,0,11,0,0,0,0,0,15,0,9,12,10,0,0,0,0,0,35,0,0,0,3,0,0,0,0,0,3,0,0,0,13,3,0,0,0,0,18,0,0,0,14,4,4,0,0,0,23,0,0,0,0,3,0,0,0,0,10,0,0,3,19,5,7,0,0,0,39,0,10,11,87,36,19,12,4,0,177,130,263,210,868,305,206,74,10,0,2072,1010,1932,1321,4508,1730,1114,335,73,7,12032,0,0,0,4,0,0,0,0,0,4,765,1460,749,2316,837,398,139,32,0,6694,0,0,0,4,0,0,0,0,0,8,0,0,0,4,5,0,0,0,0,5,0,0,0,3,0,0,0,0,0,3,0,0,0,6,0,0,0,0,0,9,0,0,0,18,3,0,0,0,0,28
LGA54340,0,0,0,4,0,0,0,0,0,10,0,0,0,3,5,5,4,0,0,16,0,0,0,0,0,0,0,0,0,0,0,0,0,0,0,0,0,0,0,0,0,7,16,5,0,0,0,0,0,25,0,0,0,0,0,0,0,0,0,0,0,0,0,0,0,0,0,0,0,3,0,0,0,3,0,0,0,0,0,3,0,0,0,0,0,0,0,0,0,0,0,0,0,0,3,0,0,0,0,3,0,0,5,44,10,0,0,0,0,64,15,30,33,67,26,24,18,11,3,237,147,266,256,538,245,273,208,111,32,2085,0,0,0,6,3,0,0,0,0,8,111,189,179,296,149,158,142,76,46,1346,0,0,0,0,0,0,0,0,0,0,0,0,0,0,0,0,0,0,0,0,0,0,0,0,0,0,0,0,0,0,0,0,0,0,0,0,0,0,0,0,0,0,0,0,0,0,0,0,0,3
LGA54410,0,0,0,0,0,0,0,0,0,0,0,0,0,3,0,5,0,0,0,3,0,0,0,0,0,0,0,0,0,0,0,0,0,0,0,0,0,0,0,0,0,0,0,0,0,0,0,0,0,0,0,0,0,0,0,0,0,0,0,0,0,0,0,0,0,0,0,0,0,0,0,0,0,0,0,0,0,0,0,0,0,0,0,0,0,0,0,0,0,4,0,0,0,0,0,0,0,0,0,0,0,0,0,8,0,0,0,0,0,9,0,7,6,16,10,21,15,10,4,81,29,52,57,116,75,108,83,57,12,584,0,0,0,0,0,0,0,0,0,0,24,33,45,72,60,67,54,37,31,413,0,0,0,0,0,0,0,0,0,0,0,0,0,0,0,0,0,0,0,0,0,0,0,0,0,0,0,0,0,0,0,0,0,0,0,0,0,0,0,0,0,0,0,0,0,0,0,0,0,0
LGA54480,0,0,0,0,0,0,0,0,0,0,0,0,0,0,0,0,0,0,0,3,0,0,0,0,0,0,0,0,0,0,0,0,0,0,0,0,0,0,0,0,0,0,0,0,0,0,0,0,0,0,0,0,0,0,0,0,0,0,0,0,0,0,0,0,0,0,0,0,0,0,0,0,0,0,0,0,0,0,0,0,0,0,0,0,0,0,0,0,0,0,0,0,0,0,0,0,0,0,0,0,0,0,0,0,0,0,0,0,0,4,0,0,4,15,4,8,0,0,0,31,19,44,29,72,46,29,19,10,0,275,0,0,0,0,0,0,0,0,0,0,21,30,10,49,27,16,13,4,0,167,0,0,0,0,0,0,0,0,0,0,0,0,0,0,0,0,0,0,0,0,0,0,0,0,0,0,0,0,0,0,0,0,0,0,0,0,0,0,0,0,0,0,0,0,0,0,0,0,0,0
LGA54550,0,0,0,0,0,0,0,0,0,0,0,0,0,0,0,0,0,0,0,0,0,0,0,0,0,0,0,0,0,0,0,0,0,0,0,0,0,0,0,0,0,0,0,0,0,0,0,0,0,0,0,0,0,0,0,0,0,0,0,0,0,0,0,0,0,0,0,0,0,0,0,0,0,4,0,0,0,0,0,3,0,0,0,0,0,0,0,0,0,0,0,0,0,0,0,0,0,0,0,0,0,0,0,0,0,0,5,0,0,5,6,8,6,19,9,19,10,6,0,85,60,129,70,218,115,169,121,78,20,981,0,0,0,0,0,0,0,0,0,0,45,118,61,135,91,109,80,58,27,721,0,0,0,0,0,0,0,0,0,0,0,0,0,0,0,0,0,0,0,0,0,0,0,0,0,0,0,0,0,0,0,0,0,0,0,0,0,0,0,0,0,0,0,3,0,0,0,0,0,0
LGA54620,0,0,0,0,0,0,0,0,0,0,0,0,0,0,0,0,0,0,0,0,0,0,0,0,0,0,0,0,0,0,0,0,0,0,0,0,0,0,0,0,0,0,0,0,0,0,0,0,0,0,0,0,0,0,0,0,0,0,0,0,0,0,0,0,0,0,0,0,0,0,0,0,0,0,0,0,0,0,0,0,0,0,0,0,0,0,0,0,0,0,0,0,0,0,0,0,0,0,0,0,0,0,0,0,0,0,0,0,0,3,0,12,5,13,6,13,10,5,4,66,26,50,48,99,69,67,60,28,11,457,0,0,0,0,0,0,0,0,0,0,21,38,20,66,45,45,31,19,9,285,0,0,0,0,0,0,0,0,0,4,0,0,0,0,0,0,0,0,0,0,0,0,0,0,0,0,0,0,0,0,0,0,0,0,0,0,0,0,0,0,0,0,0,0,0,0,0,0,0,0
LGA54690,0,0,0,0,0,0,0,0,0,0,0,3,0,0,0,0,0,0,0,3,0,0,0,0,0,0,0,0,0,0,0,0,0,0,0,0,0,0,0,0,0,0,0,0,0,0,0,0,0,0,0,0,0,0,0,0,0,0,0,0,0,0,0,0,0,0,0,0,0,0,0,0,0,0,0,0,0,0,0,0,0,0,0,0,0,0,0,0,0,0,0,0,0,0,0,0,0,0,0,0,0,0,0,0,0,0,0,0,0,0,0,0,0,0,0,0,0,3,0,16,8,31,12,36,30,27,34,15,0,201,0,0,0,0,0,0,0,0,0,0,9,20,8,26,17,24,18,11,0,133,0,0,0,0,0,0,0,0,0,0,0,0,0,0,0,0,0,0,0,0,0,0,0,0,0,0,0,0,0,0,0,0,0,0,0,0,0,0,0,0,0,0,0,0,0,0,0,0,0,0
LGA54760,0,0,0,0,0,0,0,0,0,0,0,0,0,0,0,0,0,0,0,0,0,0,0,0,0,0,0,0,0,0,0,0,0,0,0,0,0,0,0,0,0,0,0,0,0,0,0,0,0,0,0,0,0,0,0,0,0,0,0,0,0,0,0,0,0,0,0,0,0,0,0,0,0,0,0,0,0,0,0,0,0,0,0,0,0,0,0,0,0,0,0,0,0,0,0,0,0,0,0,0,0,0,0,0,0,0,0,0,0,0,0,7,5,8,7,6,5,0,0,53,20,56,26,93,63,53,53,29,9,398,0,0,0,0,0,0,0,0,0,0,26,57,15,69,35,44,28,10,3,290,0,0,0,0,0,0,0,0,0,0,0,0,0,0,0,0,0,0,0,0,0,0,0,0,0,0,0,0,0,0,0,0,0,0,0,0,0,0,0,0,0,0,0,0,0,0,0,0,0,0
LGA54830,0,3,14,33,25,11,5,5,0,98,0,9,48,145,79,46,22,9,0,360,0,3,3,36,11,7,0,7,0,71,0,0,4,4,0,0,0,0,0,6,0,14,13,11,0,0,0,0,0,35,0,0,0,6,0,0,0,0,0,4,0,7,7,30,10,13,5,0,0,65,0,0,5,15,12,13,0,0,0,46,0,4,0,20,7,7,3,11,4,60,0,15,30,86,41,19,0,0,0,189,0,47,74,307,130,91,57,36,9,744,78,157,137,475,171,120,76,27,10,1256,1932,3457,2998,8007,2950,2031,1301,628,179,23482,0,0,0,3,0,0,0,0,0,5,1757,2567,1718,3946,1362,955,687,255,74,13319,0,0,0,20,3,0,0,0,0,33,0,0,0,4,4,4,0,0,0,16,0,0,0,15,0,3,0,0,0,26,0,3,0,10,4,0,0,0,0,16,0,7,3,19,3,4,5,0,0,44
LGA54900,0,0,0,0,0,0,0,0,0,0,0,0,0,5,3,0,0,0,0,12,0,0,0,0,0,0,0,0,0,0,0,0,0,0,0,0,0,0,0,0,0,0,0,0,0,0,0,0,0,0,0,0,0,0,0,0,0,0,0,0,0,0,0,0,0,0,0,0,0,0,0,0,0,0,0,0,0,0,0,0,0,0,0,0,0,0,0,0,0,0,0,0,0,0,0,0,0,0,0,0,0,0,0,0,0,0,0,0,0,0,3,4,6,11,9,8,7,3,0,56,49,84,68,162,97,108,70,31,3,680,0,0,0,0,0,0,0,0,0,0,42,64,39,121,54,69,41,15,10,458,0,0,0,0,0,0,0,0,0,0,0,0,0,0,0,0,0,0,0,0,0,0,0,0,0,0,0,0,0,0,0,0,0,0,0,0,0,0,0,0,0,0,0,0,0,0,0,0,0,0
LGA54970,0,0,0,0,0,0,0,0,0,0,0,0,0,8,0,4,0,0,0,7,0,0,0,0,0,0,0,0,0,0,0,0,0,0,0,0,0,0,0,0,0,0,0,3,0,0,0,0,0,3,0,0,0,0,0,0,0,0,0,0,0,0,0,0,0,0,0,0,0,0,0,0,0,0,0,0,0,0,0,0,0,0,0,0,0,0,0,0,0,0,0,0,0,0,0,0,0,0,0,0,0,0,0,9,3,0,0,0,0,12,6,9,28,175,83,50,11,0,0,372,24,47,90,391,174,142,38,5,0,916,0,0,0,0,0,0,0,0,0,0,14,33,32,95,32,35,8,3,0,258,0,0,0,0,0,0,0,0,0,0,0,0,0,0,0,0,0,0,0,0,0,0,0,0,0,0,0,0,0,0,0,0,0,0,0,0,0,0,0,0,0,0,0,0,0,0,0,0,0,0
LGA55040,0,0,0,0,0,0,0,0,0,0,0,0,0,0,4,0,0,0,0,8,0,0,0,0,0,0,0,0,0,0,0,0,0,0,0,0,0,0,0,0,0,0,6,3,0,0,0,0,0,5,0,0,0,0,0,0,0,0,0,0,0,0,0,0,0,0,0,0,0,0,0,0,0,0,0,0,0,0,0,0,0,0,0,0,0,0,0,0,0,4,0,0,0,0,0,0,0,0,0,0,0,3,0,11,0,4,0,0,0,18,11,14,56,187,48,37,4,3,0,365,48,93,129,410,131,111,51,11,4,979,0,0,0,0,0,0,0,0,0,0,39,56,37,90,49,39,20,4,0,345,0,0,0,0,0,0,0,0,0,0,0,0,0,0,0,0,0,0,0,0,0,0,0,0,0,0,0,0,0,0,0,0,0,0,0,0,0,0,0,0,0,0,0,0,0,0,0,0,0,4
LGA55110,0,3,7,0,12,12,10,6,0,57,0,48,97,162,163,137,60,29,5,706,0,8,6,7,10,5,4,4,0,50,0,0,0,16,0,0,0,0,0,16,0,25,19,21,3,0,0,0,0,75,0,0,0,0,0,0,4,0,0,11,0,12,16,27,10,30,21,15,3,141,6,7,8,20,0,7,5,0,0,50,0,8,19,44,34,38,32,37,9,219,0,12,12,45,34,30,11,16,0,165,3,32,50,150,100,118,127,91,16,699,112,216,242,753,449,377,327,260,135,2878,2398,5452,4752,9064,5229,5587,5983,3797,1108,43372,0,0,0,6,0,0,0,0,0,9,2260,4667,3490,6549,3323,3708,3995,2256,923,31169,0,0,0,3,0,0,3,0,0,10,0,0,0,3,0,0,0,0,0,12,0,8,3,25,6,0,0,0,0,42,0,0,3,18,0,5,0,0,0,23,4,12,5,34,9,23,15,0,0,106
LGA55180,0,0,0,0,0,0,0,0,0,5,0,0,0,0,0,0,3,0,0,13,0,0,0,0,0,0,0,0,0,3,0,0,0,7,0,0,0,0,0,7,0,0,0,0,0,0,0,0,0,3,0,0,0,0,0,0,0,0,0,0,0,0,0,0,0,0,0,0,0,5,0,0,0,0,0,0,0,0,0,0,0,0,0,0,4,0,0,4,0,4,0,0,0,3,0,3,0,0,0,9,0,0,8,52,10,12,16,3,0,96,8,36,33,77,68,57,50,28,8,364,218,547,487,912,617,739,614,337,98,4574,0,0,0,9,3,0,0,0,0,11,207,454,376,709,462,535,419,189,77,3427,0,0,0,0,0,0,0,0,0,0,0,0,0,0,0,0,0,0,0,0,0,0,0,0,0,0,0,0,0,0,0,0,0,0,0,0,0,0,0,0,0,0,0,8,0,3,4,0,0,12
LGA55250,0,0,0,0,0,0,0,0,0,0,0,0,0,4,0,0,0,0,0,4,0,0,0,0,0,0,0,0,0,0,0,0,0,0,0,0,0,0,0,0,0,0,0,0,0,0,0,0,0,4,0,0,0,0,0,0,0,0,0,0,0,0,0,0,0,0,0,0,0,0,0,0,0,0,0,0,0,0,0,0,0,0,0,0,0,0,0,0,0,0,0,0,0,0,0,5,0,0,0,7,0,0,0,7,0,0,0,0,0,10,9,7,31,84,24,19,11,3,0,181,43,47,92,280,87,94,57,19,0,717,0,0,0,0,0,0,0,0,0,0,19,46,58,82,39,40,18,12,0,309,0,0,0,0,0,0,0,0,0,0,0,0,0,0,0,0,0,0,0,0,0,0,0,0,0,0,0,0,0,0,0,0,0,0,0,0,0,0,0,0,0,0,0,0,0,0,0,0,0,4
LGA55320,0,51,88,220,115,90,113,42,16,732,0,34,115,188,188,130,100,44,19,825,0,14,20,61,48,30,61,19,4,252,4,11,4,43,12,4,11,0,0,90,6,19,25,19,9,6,11,3,0,94,0,0,0,14,3,4,5,0,0,22,5,35,39,69,33,27,36,15,0,262,0,5,12,40,35,29,12,0,0,138,0,4,9,29,27,28,27,23,3,147,0,0,26,55,51,51,25,13,5,234,12,109,127,394,198,230,213,151,44,1480,55,131,153,503,266,246,203,154,119,1831,2526,6608,6365,11687,6538,6103,5492,3080,1248,49641,0,0,0,3,6,0,0,0,0,10,2303,5371,4834,6951,3890,3606,3158,1879,1168,33154,0,5,5,35,10,0,4,0,0,54,0,0,0,11,6,12,7,0,0,44,0,4,12,65,15,4,3,0,0,105,3,0,3,13,0,0,0,0,0,18,5,16,13,68,35,25,17,0,4,173
LGA55390,0,0,0,0,0,0,0,0,0,0,0,0,0,0,0,0,0,0,0,5,0,0,0,0,0,0,0,0,0,0,0,0,0,0,0,0,0,0,0,0,0,0,0,0,0,0,0,0,0,0,0,0,0,0,0,0,0,0,0,0,0,0,0,0,0,0,0,0,0,0,0,0,0,0,0,0,0,0,0,0,0,0,0,0,0,0,0,0,0,0,0,0,0,0,0,0,0,0,0,0,0,0,0,6,0,0,0,0,0,8,0,0,16,75,19,15,14,0,0,133,3,8,50,192,60,40,30,6,0,394,0,0,0,0,0,0,0,0,0,0,3,11,13,22,15,17,5,6,0,93,0,0,0,0,0,0,0,0,0,0,0,0,0,0,0,0,0,0,0,0,0,0,0,0,0,0,0,0,0,0,0,0,0,0,0,0,0,0,0,0,0,0,0,0,0,0,0,0,0,0
LGA55460,0,0,0,0,0,0,0,0,0,0,0,0,0,4,0,4,0,0,0,6,0,0,0,0,0,0,0,0,0,0,0,0,0,0,0,0,0,0,0,0,0,0,0,0,0,0,0,0,0,0,0,0,0,0,0,0,0,0,0,0,0,0,0,0,0,0,0,0,0,0,0,0,0,0,0,3,0,0,0,4,0,0,0,0,0,0,0,0,0,0,0,0,0,0,0,0,0,0,0,3,0,0,0,7,7,4,0,0,0,23,10,19,22,65,25,29,26,19,3,218,92,197,184,384,211,232,194,87,31,1603,0,0,0,0,0,0,0,0,0,0,85,176,132,255,146,149,118,54,23,1137,0,0,0,0,0,0,0,0,0,4,0,0,0,0,0,0,0,0,0,0,0,0,0,0,0,0,0,0,0,0,0,0,0,0,0,0,0,0,0,0,0,0,0,0,0,0,0,0,0,0
LGA55530,0,0,0,0,0,0,0,0,0,0,0,0,0,0,0,0,0,0,0,0,0,0,0,0,0,0,0,0,0,0,0,0,0,0,0,0,0,0,0,0,0,0,0,0,0,0,0,0,0,0,0,0,0,0,0,0,0,0,0,0,0,0,0,0,0,0,0,0,0,0,0,0,0,0,0,0,0,0,0,0,0,0,0,0,0,0,0,0,0,0,0,0,0,0,0,0,0,0,0,0,0,0,0,0,0,0,0,0,0,0,0,0,3,4,3,10,5,5,0,38,15,25,15,40,29,49,34,17,8,230,0,0,0,0,0,0,0,0,0,0,18,16,8,30,20,16,16,12,0,139,0,0,0,0,0,0,0,0,0,0,0,0,0,0,0,0,0,0,0,0,0,0,0,0,0,0,0,0,0,0,0,0,0,0,0,0,0,0,0,0,0,0,0,0,0,0,0,0,0,0
LGA55600,0,0,0,0,0,0,0,0,0,0,0,0,0,3,0,4,0,0,0,11,0,0,0,0,0,0,0,0,0,0,0,0,0,0,0,0,0,0,0,0,0,0,0,0,0,0,0,0,0,0,0,0,0,0,0,0,0,0,0,0,0,0,0,0,0,0,4,0,0,4,0,0,0,0,0,0,0,0,0,0,0,0,0,0,0,0,0,0,0,0,0,0,0,0,0,0,0,0,0,3,0,0,0,0,0,0,0,0,0,3,4,20,18,34,21,25,12,10,0,145,65,156,122,243,160,179,139,76,17,1153,0,0,0,0,0,0,0,0,0,0,45,131,92,174,116,112,98,50,27,844,0,0,0,0,0,0,0,0,0,0,0,0,0,0,0,0,0,0,0,0,0,0,0,0,0,0,0,0,0,0,0,0,0,0,0,0,0,0,0,0,0,0,0,0,0,0,0,0,0,4
LGA55670,0,0,0,0,0,0,0,0,0,0,0,0,0,0,0,0,0,0,0,0,0,0,0,0,0,0,0,0,0,0,0,0,0,0,0,0,0,0,0,0,0,0,0,0,0,0,0,0,0,0,0,0,0,0,0,0,0,0,0,0,0,0,0,0,0,0,0,0,0,0,0,0,0,0,0,0,0,0,0,0,0,0,0,0,0,0,0,0,0,0,0,0,0,0,0,0,0,0,0,0,0,0,0,0,0,3,6,0,0,9,0,21,11,7,0,0,8,3,3,59,20,62,39,66,44,44,50,13,12,333,0,0,0,0,0,0,0,0,0,0,17,33,21,47,26,33,28,15,7,228,0,0,0,0,0,0,0,0,0,0,0,0,0,0,0,0,0,0,0,0,0,0,0,0,0,0,0,0,0,0,0,0,0,0,0,0,0,0,0,0,0,0,0,0,0,0,0,0,0,0
LGA55740,0,6,3,8,3,3,8,6,0,45,0,3,10,27,20,15,13,6,0,88,0,0,3,3,10,4,0,0,0,20,0,0,0,0,0,0,0,0,0,0,0,0,0,4,0,0,0,0,0,5,0,0,0,0,4,0,0,0,0,4,0,4,5,7,6,6,6,6,0,46,0,0,0,0,0,0,0,0,0,0,0,0,0,0,0,0,4,0,0,7,0,0,3,4,6,4,5,0,0,15,0,13,21,92,36,22,20,17,4,225,6,22,19,77,35,34,25,27,10,248,207,523,507,1039,652,568,491,289,82,4355,0,0,0,0,0,0,0,0,0,0,175,514,498,575,391,333,290,176,62,3006,0,0,0,4,0,0,0,0,0,0,0,0,0,0,0,0,0,0,0,6,0,0,0,17,0,0,0,0,0,21,0,0,0,0,0,0,0,0,0,0,0,0,0,17,5,5,0,0,0,31
LGA55810,0,0,0,0,0,0,0,0,0,0,0,0,0,0,0,0,0,0,0,0,0,0,0,0,0,0,0,0,0,0,0,0,0,0,0,0,0,0,0,0,0,0,0,0,0,0,0,0,0,0,0,0,0,0,0,0,0,0,0,0,0,0,0,0,0,0,0,0,0,0,0,0,0,0,0,0,0,0,0,0,0,0,0,0,0,0,0,0,0,0,0,0,0,0,0,0,0,0,0,0,0,0,0,5,0,0,0,0,0,3,10,30,15,42,34,22,19,9,0,178,18,45,31,86,63,52,38,17,0,363,0,0,0,0,0,0,0,0,0,0,14,15,6,30,11,18,10,3,0,106,0,0,0,0,0,0,0,0,0,0,0,0,0,0,0,0,0,0,0,0,0,0,0,0,0,0,0,0,0,0,0,0,0,0,0,0,0,0,0,0,0,0,0,0,0,0,0,0,0,0
LGA55880,0,0,0,0,0,0,0,0,0,0,0,0,0,0,0,0,0,0,0,0,0,0,0,0,0,0,0,0,0,0,0,0,0,0,0,0,0,0,0,0,0,0,0,0,0,0,0,0,0,0,0,0,0,0,0,0,0,0,0,0,0,0,0,0,0,0,0,0,0,0,0,0,0,0,0,0,0,0,0,0,0,0,0,0,0,0,0,0,0,0,0,0,0,0,0,0,0,0,0,0,0,0,0,0,0,0,0,0,0,3,0,0,0,3,4,4,0,0,0,21,18,22,8,56,45,49,30,13,4,244,0,0,0,0,0,0,0,0,0,0,13,21,12,37,19,32,23,5,8,174,0,0,0,0,0,0,0,0,0,0,0,0,0,0,0,0,0,0,0,0,0,0,0,0,0,0,0,0,0,0,0,0,0,0,0,0,0,0,0,0,0,0,0,0,0,0,0,0,0,0
LGA55950,0,0,0,0,0,0,0,0,0,0,0,0,0,0,0,0,0,0,0,0,0,0,0,0,0,0,0,0,0,0,0,0,0,0,0,0,0,0,0,0,0,0,0,0,0,0,0,0,0,0,0,0,0,0,0,0,0,0,0,0,0,0,0,0,0,0,0,0,0,0,0,0,0,0,0,0,0,0,0,0,0,0,0,0,0,0,0,0,0,0,0,0,0,0,0,0,0,0,0,0,0,0,0,0,0,0,0,0,0,0,9,6,8,8,5,5,0,6,3,41,30,45,28,63,43,40,37,20,6,313,0,0,0,0,0,0,0,0,0,0,13,30,11,46,29,35,24,20,0,207,0,0,0,0,0,0,0,0,0,0,0,0,0,0,0,0,0,0,0,0,0,0,0,0,0,0,0,0,0,0,0,0,0,0,0,0,0,0,0,0,0,0,0,0,0,0,0,0,0,0
LGA56090,0,5,0,4,6,9,4,0,0,24,0,14,16,68,57,22,17,4,4,213,0,0,0,3,3,7,4,0,0,20,0,0,0,5,0,0,0,0,0,5,0,3,4,5,3,0,0,0,0,16,0,0,0,3,0,0,0,0,0,6,0,8,3,15,11,23,16,8,5,90,0,0,3,19,16,14,3,0,0,52,0,0,4,3,8,14,7,12,0,49,0,0,6,14,24,19,12,4,3,84,0,12,20,87,64,91,61,46,15,390,27,87,81,270,155,173,77,63,29,961,977,2432,2368,5065,2885,2888,2217,1187,318,20336,0,0,0,0,0,0,0,0,0,6,859,2046,1711,3058,1872,1654,1364,635,229,13435,0,0,0,0,0,0,0,0,0,3,0,0,0,0,0,0,0,0,0,6,0,0,0,0,5,0,0,0,0,11,0,0,0,0,0,0,0,0,0,0,0,3,0,8,5,12,9,0,0,34
LGA56160,0,0,0,0,0,0,0,0,0,0,0,0,0,0,0,0,0,0,0,0,0,0,0,0,0,0,0,0,0,0,0,0,0,0,0,0,0,0,0,0,0,0,0,0,0,0,0,0,0,0,0,0,0,0,0,0,0,0,0,0,0,0,0,0,0,0,0,0,0,0,0,0,0,0,0,0,0,0,0,0,0,0,0,0,0,0,0,0,0,0,0,0,0,0,0,0,0,0,0,0,0,0,0,0,0,0,0,0,0,0,0,0,3,4,0,0,0,0,0,4,5,10,4,17,11,8,0,0,0,49,0,0,0,0,0,0,0,0,0,0,3,9,0,15,10,5,3,0,0,44,0,0,0,0,0,0,0,0,0,0,0,0,0,0,0,0,0,0,0,0,0,0,0,0,0,0,0,0,0,0,0,0,0,0,0,0,0,0,0,0,0,0,0,0,0,0,0,0,0,0
LGA56230,0,0,0,5,3,0,0,0,0,10,0,5,11,13,19,19,6,0,0,69,0,0,0,0,0,0,0,0,0,0,0,0,0,0,0,0,0,0,0,0,0,0,5,0,0,0,0,0,0,4,0,0,0,0,0,0,0,0,0,0,0,0,0,0,0,4,4,5,4,16,0,3,5,0,0,0,0,0,0,7,0,0,0,0,3,10,0,6,0,20,0,0,0,4,0,3,4,0,0,15,0,0,0,15,17,16,18,14,6,79,29,68,67,187,114,112,103,57,18,749,486,1192,908,1825,1139,1241,1247,731,204,8975,0,0,0,0,0,0,0,0,0,0,420,1041,828,1551,779,824,817,393,118,6773,0,0,0,0,0,0,0,0,0,0,0,0,0,0,0,0,0,0,0,0,0,0,0,0,0,0,0,0,0,0,0,0,0,0,0,0,0,0,0,0,0,0,0,0,8,3,3,0,0,18
LGA56300,0,0,0,0,0,0,0,0,0,0,0,0,0,0,0,0,4,0,0,9,0,0,0,0,0,0,0,0,0,0,0,0,0,0,0,0,0,0,0,0,0,0,0,0,0,0,0,0,0,0,0,0,0,0,0,0,0,0,0,0,0,0,0,0,0,0,0,0,0,0,0,0,0,0,0,0,0,0,0,0,0,0,0,0,0,0,0,0,0,0,0,0,0,0,0,0,0,0,0,0,0,3,0,0,0,0,4,0,0,9,3,13,8,21,26,14,20,13,0,115,23,74,48,132,97,130,180,79,15,790,0,0,0,0,0,0,0,0,0,0,22,59,25,78,50,97,92,40,10,482,0,0,0,0,0,0,0,0,0,0,0,0,0,0,0,0,0,0,0,0,0,0,0,0,0,0,0,0,0,0,0,0,0,0,0,0,0,0,0,0,0,0,0,0,0,0,0,0,0,0
LGA56370,0,0,0,0,0,0,0,0,0,0,0,0,0,0,0,0,0,0,0,5,0,0,0,0,0,0,0,0,0,0,0,0,0,0,0,0,0,0,0,0,0,0,0,0,0,0,0,0,0,0,0,0,0,0,0,0,0,0,0,0,0,0,0,0,0,0,0,0,0,0,0,0,0,0,0,0,0,0,0,0,0,0,0,0,0,0,0,0,0,0,0,0,0,0,0,0,0,0,0,0,0,0,0,0,0,0,0,0,0,0,0,6,8,14,8,17,7,8,6,76,24,50,26,95,53,66,54,34,17,415,0,0,0,0,0,0,0,0,0,0,24,39,13,52,34,36,28,31,14,279,0,0,0,0,0,0,0,0,0,0,0,0,0,0,0,0,0,0,0,0,0,0,0,0,0,0,0,0,0,0,0,0,0,0,0,0,0,0,0,0,0,0,0,0,0,0,0,0,0,0
LGA56460,0,0,0,0,0,0,3,0,0,3,0,3,4,10,4,9,6,0,0,31,0,0,0,0,0,0,0,0,0,0,0,0,0,0,0,0,0,0,0,0,0,0,0,0,0,0,0,0,0,0,0,0,0,0,0,0,0,0,0,0,0,0,0,0,0,0,0,0,0,4,0,0,0,0,4,0,0,0,0,4,0,0,0,0,0,0,0,0,0,0,0,0,0,3,0,0,0,0,0,12,0,3,0,21,5,3,6,6,0,50,16,32,35,61,35,35,32,18,0,269,104,307,296,505,306,310,304,157,59,2350,0,0,0,0,0,0,0,0,0,0,105,236,239,362,201,247,183,121,75,1770,0,0,0,0,0,0,0,0,0,0,0,0,0,0,0,0,0,0,0,0,0,0,0,0,0,0,0,0,0,0,0,0,0,0,0,0,0,0,0,0,0,0,0,0,0,0,0,0,0,0
LGA56580,0,19,18,35,25,16,20,14,4,151,0,8,34,50,57,37,33,10,3,233,0,3,5,9,17,13,4,9,3,62,0,0,3,12,10,3,3,0,0,34,0,6,3,7,6,0,0,0,0,17,0,0,0,4,0,0,0,0,0,0,8,32,29,27,16,10,9,5,4,141,0,0,0,8,18,3,0,0,0,29,0,0,0,5,9,3,10,5,4,33,0,0,0,16,12,11,7,3,0,51,4,32,30,68,49,60,40,14,7,309,12,27,23,77,39,38,53,30,23,326,485,1735,1609,2114,1487,1317,1204,713,257,10920,0,0,0,0,0,0,0,0,0,0,486,1220,1115,1246,893,760,728,443,231,7121,0,0,0,0,0,0,0,0,0,4,0,0,0,0,0,0,0,0,0,0,0,0,0,3,3,7,0,0,0,17,0,0,0,4,0,0,0,0,0,0,0,3,3,24,16,12,5,3,0,83
LGA56620,0,0,0,0,0,0,0,0,0,0,0,0,0,0,0,0,0,0,0,0,0,0,0,0,0,0,0,0,0,0,0,0,0,0,0,0,0,0,0,0,0,0,0,0,0,0,0,0,0,0,0,0,0,0,0,0,0,0,0,0,0,0,0,0,0,0,0,0,0,0,0,0,0,0,0,0,0,0,0,0,0,0,0,0,0,0,0,0,0,0,0,0,0,0,0,0,0,0,0,0,0,0,0,0,0,0,0,0,0,0,0,5,0,14,10,14,0,0,0,50,42,107,118,208,84,60,27,6,0,656,0,0,0,0,0,0,0,0,0,0,38,95,115,202,89,55,23,10,0,638,0,0,0,0,0,0,0,0,0,0,0,0,0,0,0,0,0,0,0,0,0,0,0,0,0,0,0,0,0,0,0,0,0,0,0,0,0,0,0,0,0,0,0,0,0,0,0,0,0,0
LGA56730,0,0,0,0,0,0,4,0,0,4,0,0,3,11,8,10,8,3,0,32,0,0,4,15,0,0,0,0,0,23,0,0,0,0,0,0,0,0,0,0,0,0,5,3,0,0,0,0,0,3,0,0,0,0,0,0,0,0,0,4,0,0,0,0,0,7,0,0,0,9,0,0,4,15,5,0,0,0,0,35,0,0,0,0,0,4,0,3,0,8,0,0,0,6,0,0,0,0,0,14,0,0,6,49,19,13,15,9,3,121,23,77,67,128,80,89,63,41,13,583,296,755,669,1343,700,813,727,346,91,5744,0,0,0,0,0,0,0,0,0,0,255,605,476,879,561,568,463,212,94,4106,0,0,0,0,0,0,0,0,0,0,0,0,0,0,0,0,0,0,0,0,0,0,0,0,0,0,0,0,0,0,0,0,0,3,0,0,0,0,0,3,0,0,0,0,0,4,0,0,0,3
LGA56790,0,0,0,0,0,0,0,0,0,0,0,0,0,0,0,0,3,0,0,6,0,0,0,0,0,0,0,0,0,0,0,0,0,0,0,0,0,0,0,0,0,0,0,0,0,0,0,0,0,0,0,0,0,0,0,0,0,0,0,0,0,0,0,0,0,0,3,0,0,3,0,0,0,0,0,0,0,0,0,0,0,0,0,0,0,5,0,0,0,4,0,0,0,0,0,0,0,0,0,0,0,0,0,0,0,3,0,4,6,17,6,31,21,46,37,34,58,26,12,267,63,197,119,280,227,307,326,157,37,1708,0,0,0,0,0,0,0,0,0,0,60,132,66,207,118,204,189,74,31,1072,0,0,0,0,0,0,0,0,0,0,0,0,0,0,0,0,0,0,0,0,0,0,0,0,0,0,0,0,0,0,0,0,0,0,0,0,0,0,0,0,0,0,0,0,0,0,0,0,0,3
LGA56860,0,0,0,0,0,0,0,0,0,0,0,0,0,0,0,0,0,0,0,4,0,0,0,0,0,0,0,0,0,0,0,0,0,0,0,0,0,0,0,0,0,0,0,0,0,0,0,0,0,0,0,0,0,0,0,0,0,0,0,0,0,0,0,0,0,0,0,0,0,0,0,0,0,0,0,0,0,0,0,0,0,0,0,0,0,0,0,0,0,0,0,0,0,0,0,0,0,0,0,0,0,0,0,0,0,0,0,0,0,0,0,0,7,6,3,6,8,3,0,27,3,13,19,24,14,23,22,3,5,136,0,0,0,0,0,0,0,0,0,0,6,7,10,6,10,17,12,4,0,82,0,0,0,0,0,0,0,0,0,0,0,0,0,0,0,0,0,0,0,0,0,0,0,0,0,0,0,0,0,0,0,0,0,0,0,0,0,0,0,0,0,0,0,0,0,0,0,0,0,0
LGA56930,0,0,0,0,0,0,0,0,0,5,0,0,0,0,0,3,4,0,0,17,0,0,0,0,0,4,0,0,0,3,0,0,0,0,0,0,0,0,0,0,0,0,0,0,0,0,0,0,0,0,0,0,0,0,0,0,0,0,0,0,0,0,4,0,0,0,3,0,0,5,0,0,0,0,0,0,0,0,0,0,0,0,0,0,0,0,0,0,0,0,0,0,0,0,3,0,0,0,0,4,0,0,0,0,6,4,0,0,0,13,0,0,4,5,3,6,0,4,0,24,35,73,105,113,97,105,84,54,23,684,0,0,0,0,0,0,0,0,0,0,18,109,167,78,70,66,63,39,20,617,0,0,0,0,0,0,0,0,0,0,0,0,0,0,0,0,0,0,0,0,0,0,0,0,0,0,0,0,0,0,0,0,0,0,0,0,0,0,0,0,0,0,0,0,0,0,3,0,0,8
LGA57000,0,0,0,0,0,0,0,0,0,0,0,0,0,5,0,0,0,0,0,5,0,0,0,0,0,0,0,0,0,0,0,0,0,0,0,0,0,0,0,0,0,0,0,0,0,0,0,0,0,0,0,0,0,0,0,0,0,0,0,0,0,0,0,0,0,0,0,0,0,0,0,0,0,0,0,0,0,0,0,0,0,0,0,0,0,0,0,0,0,0,0,0,0,0,0,4,0,0,0,4,0,0,0,0,0,0,0,0,0,9,0,13,16,48,20,24,8,8,4,132,7,37,34,116,62,78,28,17,4,390,0,0,0,0,0,0,0,0,0,0,7,22,13,26,26,30,13,3,8,148,0,0,0,0,0,0,0,0,0,0,0,0,0,0,0,0,0,0,0,0,0,0,0,0,0,0,0,0,0,0,0,0,0,0,0,0,0,0,0,0,0,0,0,0,0,0,0,0,0,0
LGA57080,3,6,55,131,14,14,11,6,0,257,0,0,39,92,37,31,11,3,0,218,4,0,14,45,6,0,0,3,0,70,0,0,3,42,3,0,0,0,0,53,3,8,12,54,6,0,0,0,0,86,0,0,0,11,0,0,4,0,0,18,0,9,20,52,18,19,18,0,0,136,7,9,22,51,12,10,8,0,0,122,0,0,6,18,3,0,3,4,0,37,0,0,10,39,10,8,6,4,0,74,14,25,94,610,71,51,48,18,3,929,37,49,225,806,199,152,93,49,12,1621,473,551,2288,7237,1485,1343,1006,491,123,14996,0,0,0,0,0,0,0,0,0,5,325,254,1090,1482,409,448,357,183,71,4624,0,0,7,19,0,0,0,0,0,31,0,0,0,6,0,4,0,0,0,17,0,9,13,130,10,4,0,0,0,173,0,0,4,5,0,0,0,0,0,9,0,0,5,42,7,15,5,0,0,71
LGA57140,0,0,0,0,0,0,0,0,0,0,0,0,0,0,0,0,0,0,0,0,0,0,0,0,0,0,0,0,0,0,0,0,0,0,0,0,0,0,0,0,0,0,0,0,0,0,0,0,0,0,0,0,0,0,0,0,0,0,0,0,0,0,0,0,0,0,0,0,0,0,0,0,0,0,0,0,0,0,0,0,0,0,0,0,0,0,0,0,0,0,0,0,0,0,0,0,0,0,0,0,0,0,0,0,0,0,0,0,0,4,0,0,3,9,3,8,6,0,0,28,24,69,52,87,61,90,84,50,10,534,0,0,0,0,0,0,0,0,0,0,24,50,25,75,46,60,55,38,8,382,0,0,0,0,0,0,0,0,0,0,0,0,0,0,0,0,0,0,0,0,0,0,0,0,0,0,0,0,0,0,0,0,0,0,0,0,0,0,0,0,0,0,0,0,0,0,0,0,0,0
LGA57210,0,0,0,0,0,0,0,0,0,0,0,0,3,7,4,0,0,0,0,22,0,0,0,0,0,0,0,0,0,4,0,0,0,0,0,0,0,0,0,0,0,0,3,0,0,0,0,0,0,3,0,0,0,0,0,0,0,0,0,0,0,0,0,3,0,3,10,0,0,10,0,0,0,0,0,0,0,0,0,4,0,0,0,0,4,3,0,0,0,9,0,0,0,0,0,0,0,0,0,5,0,0,0,6,8,9,16,4,0,44,16,36,28,52,45,46,47,22,18,320,132,350,266,520,388,447,434,192,49,2775,0,0,3,15,3,0,0,0,0,29,102,253,183,353,247,273,246,93,33,1781,0,0,0,0,0,0,0,0,0,0,0,0,0,0,0,0,0,0,0,0,0,0,0,0,0,0,0,0,0,0,0,0,0,0,0,0,0,0,0,0,0,0,0,0,0,0,0,0,0,4
LGA57280,0,5,0,3,3,0,6,0,0,23,0,3,10,32,32,13,0,0,0,102,0,3,0,18,4,4,0,0,0,33,0,0,0,0,0,0,0,0,0,0,0,7,4,0,0,3,0,0,0,13,0,0,0,0,0,5,0,0,0,9,0,0,0,3,0,3,4,0,0,10,0,0,3,5,0,0,0,0,0,8,0,0,0,0,0,3,0,0,0,4,0,0,7,12,26,14,0,0,0,65,0,10,7,46,28,35,12,0,0,140,67,152,141,507,198,182,46,7,0,1298,722,1228,858,3008,1130,959,247,61,13,8229,0,0,0,0,0,0,0,0,0,0,626,989,555,1687,497,365,114,25,14,4865,0,0,0,0,0,0,0,0,0,0,0,0,0,3,0,0,0,0,0,3,0,0,0,7,0,0,0,0,0,7,0,0,0,0,0,0,0,0,0,0,0,0,0,9,3,0,0,0,0,11
LGA57350,0,0,0,0,0,0,0,0,0,0,0,0,0,0,0,0,0,0,0,0,0,0,0,0,0,0,0,0,0,0,0,0,0,0,0,0,0,0,0,0,0,0,0,0,0,0,0,0,0,0,0,0,0,0,0,0,0,0,0,0,0,0,0,0,0,0,0,0,0,0,0,0,0,0,0,0,0,0,0,0,0,0,0,0,0,0,0,0,0,0,0,0,0,0,0,0,0,0,0,3,0,0,0,0,0,0,0,0,0,4,8,9,9,15,26,14,29,8,3,116,30,42,24,68,54,77,104,41,16,459,0,0,0,0,0,0,0,0,0,0,22,44,12,61,34,48,59,32,14,328,0,0,0,0,0,0,0,0,0,0,0,0,0,0,0,0,0,0,0,0,0,0,0,0,0,0,0,0,0,0,0,0,0,0,0,0,0,0,0,0,0,0,0,0,0,0,0,0,0,0
LGA57420,0,0,0,0,0,0,0,0,0,0,4,3,0,10,6,3,0,0,0,30,0,0,0,0,0,0,0,0,0,0,0,0,0,0,0,0,0,0,0,0,0,0,0,0,0,0,0,0,0,0,0,0,0,0,0,0,0,0,0,0,0,0,0,0,0,0,0,0,0,4,0,3,0,0,0,0,0,0,0,3,0,0,0,0,0,0,0,0,0,0,0,0,0,0,0,0,0,0,0,3,0,0,0,10,3,0,0,0,0,20,3,6,12,31,25,25,10,7,0,118,76,112,77,294,171,177,122,57,11,1095,0,0,0,0,0,0,0,0,0,0,67,104,60,173,75,92,61,46,9,686,0,0,0,0,0,0,0,0,0,0,0,0,0,0,0,0,0,0,0,0,0,0,0,0,0,0,0,0,0,0,0,0,0,0,0,0,0,0,0,0,0,0,0,0,0,0,0,0,0,4
LGA57490,0,9,10,28,32,22,9,6,0,106,7,91,198,411,283,168,67,32,9,1260,0,0,0,12,5,0,0,4,0,39,0,0,0,8,0,0,0,0,0,13,0,26,20,14,3,0,0,0,0,65,0,0,0,0,0,4,0,0,0,8,5,17,29,65,24,39,20,10,0,213,0,13,17,35,16,11,7,0,0,91,0,14,29,62,43,66,45,33,13,300,0,18,46,99,73,48,20,6,0,313,0,75,118,321,246,234,174,120,30,1319,175,422,549,1532,647,490,280,223,127,4453,4816,10329,8679,17806,8747,7755,5146,2947,853,67085,0,0,0,0,0,0,0,0,0,3,4115,8403,5974,11995,4847,3723,2928,1362,511,43853,0,3,0,16,0,0,0,0,0,19,0,0,0,19,9,19,7,3,0,60,0,4,0,30,9,7,0,3,0,65,0,5,0,8,3,0,0,0,0,19,0,12,3,72,30,16,13,3,0,151
LGA57630,0,0,0,0,0,0,0,0,0,0,0,0,0,0,0,0,0,0,0,0,0,0,0,0,0,0,0,0,0,0,0,0,0,0,0,0,0,0,0,0,0,0,0,0,0,0,0,0,0,0,0,0,0,0,0,0,0,0,0,0,0,0,0,0,0,0,0,0,0,0,0,0,0,0,0,0,0,0,0,0,0,0,0,0,0,0,0,0,0,0,0,0,0,0,0,0,0,0,0,0,0,0,0,0,0,0,0,0,0,0,0,0,4,12,5,3,0,4,0,29,0,0,6,19,10,16,15,15,0,70,0,0,0,0,0,0,0,0,0,0,0,0,0,0,8,9,3,0,0,21,0,0,0,0,0,0,0,0,0,0,0,0,0,0,0,0,0,0,0,0,0,0,0,0,0,0,0,0,0,0,0,0,0,0,0,0,0,0,0,0,0,0,0,0,0,0,0,0,0,0
LGA57700,0,5,13,9,14,3,4,0,0,53,0,17,42,96,73,41,12,8,0,290,0,0,0,16,3,3,0,0,0,23,0,0,0,0,0,0,0,0,0,3,0,9,0,3,0,0,0,0,0,13,0,0,0,0,0,0,0,0,0,0,0,4,3,14,4,11,5,8,0,51,0,0,0,5,5,0,0,0,0,16,0,0,0,9,6,8,5,3,0,33,0,7,21,45,24,11,4,0,0,105,0,13,24,139,46,46,24,15,4,321,33,83,79,262,138,107,54,29,12,797,1407,2718,1832,4682,2064,1690,1072,500,113,16069,0,0,0,12,0,0,0,0,0,14,1342,2258,1510,3303,1224,902,556,180,67,11334,0,0,4,3,0,0,0,0,0,5,0,0,0,3,0,0,0,0,0,3,0,0,0,6,0,0,0,0,0,8,0,3,0,4,0,0,0,0,0,10,0,3,6,9,3,5,0,0,0,36
LGA57770,0,0,0,0,0,0,0,0,0,0,0,0,0,0,0,0,0,0,0,4,0,0,0,0,0,0,0,0,0,0,0,0,0,0,0,0,0,0,0,0,0,0,0,0,0,0,0,0,0,0,0,0,0,0,0,0,0,0,0,0,0,0,0,0,0,0,0,0,0,0,0,0,0,0,0,0,0,0,0,0,0,0,0,0,0,0,0,0,0,0,0,0,0,0,0,0,0,0,0,0,0,0,0,13,0,0,0,5,0,16,7,9,5,22,10,13,10,9,0,88,35,51,31,135,68,86,81,39,0,520,0,0,0,0,0,0,0,0,0,0,20,39,24,78,39,48,41,13,3,305,0,0,0,0,0,0,0,0,0,0,0,0,0,0,0,0,0,0,0,0,0,0,0,0,0,0,0,0,0,0,0,0,0,0,0,0,0,0,0,0,0,0,0,0,0,0,0,0,0,0
LGA57840,3,12,31,105,37,30,28,15,4,264,6,15,45,128,53,51,39,10,5,344,0,6,5,41,17,6,8,0,0,92,0,0,0,17,0,0,6,0,0,29,5,14,8,22,3,0,3,0,0,61,5,0,0,7,4,3,0,3,0,20,5,19,21,27,15,16,18,7,0,131,0,6,10,31,23,19,12,0,0,90,0,0,5,3,6,10,10,6,0,40,0,4,8,41,14,17,6,0,0,93,11,48,68,372,111,77,82,44,18,829,31,62,110,321,128,124,110,96,71,1055,1042,2260,3079,6102,2538,2388,2263,1121,439,21244,0,0,0,8,4,0,3,0,0,18,915,1626,2147,3167,1498,1387,1383,734,404,13251,0,3,0,9,0,3,0,0,0,10,0,0,0,9,0,8,0,0,0,20,0,0,3,52,4,3,0,0,0,64,0,0,0,7,3,0,4,0,0,19,0,0,4,31,12,11,10,0,0,72
LGA57910,9,34,31,183,88,63,90,31,11,537,8,70,209,736,343,297,214,89,21,1992,0,11,45,187,64,42,38,21,12,418,3,12,6,94,18,6,3,4,0,148,12,61,62,68,24,10,10,0,0,249,0,4,6,54,18,16,3,0,0,107,11,41,57,147,80,69,48,16,9,480,5,63,110,410,404,382,224,63,30,1695,0,6,6,76,36,40,37,26,5,222,0,3,28,197,81,79,42,12,0,442,50,528,581,3040,841,573,441,245,78,6377,249,454,507,2137,740,541,399,331,188,5551,6893,12761,12213,35454,13918,11691,9163,5545,2235,109870,4,11,17,73,15,11,9,5,0,153,5990,9917,8734,17556,7701,6441,5339,3573,1774,67028,0,3,5,35,6,4,7,0,0,57,0,0,5,130,58,121,47,13,5,386,7,21,28,589,50,17,9,0,0,725,0,3,0,33,10,18,3,5,0,77,0,5,24,177,72,45,31,13,6,377
LGA57980,3,9,11,29,12,5,8,3,0,75,0,6,12,40,24,15,15,11,0,121,0,0,4,3,6,0,0,0,0,12,0,0,7,3,0,0,0,0,0,12,0,3,3,5,0,0,0,0,0,14,0,0,0,3,0,0,0,0,0,8,0,8,11,31,8,10,12,3,0,87,0,0,5,9,6,4,4,3,0,32,0,0,0,5,4,3,4,4,0,17,0,0,0,11,5,3,7,4,0,27,6,28,22,144,63,42,18,19,10,351,9,34,27,120,54,49,57,26,15,407,405,950,870,2382,1015,947,962,522,157,8219,0,0,0,0,0,0,0,0,0,0,351,712,678,1394,625,585,578,369,163,5450,0,0,0,0,0,0,0,0,0,0,0,0,0,3,0,5,0,4,4,19,0,6,0,29,3,0,4,0,0,39,0,0,0,0,0,0,0,0,0,0,0,4,5,24,9,7,4,8,0,57
LGA58050,0,16,45,74,72,61,32,17,5,327,3,53,147,357,227,164,79,38,3,1065,0,10,29,95,56,23,40,15,5,274,0,0,3,27,3,0,0,0,0,39,0,36,37,78,12,6,0,0,0,173,0,0,0,9,5,3,0,0,0,20,0,21,19,53,15,45,23,9,4,197,4,32,60,312,232,198,102,20,8,977,0,4,4,32,31,35,25,6,4,136,4,16,68,166,98,71,33,7,0,463,13,131,338,1092,429,322,220,109,33,2687,188,445,390,1320,625,459,263,166,89,3947,5851,11366,9912,22537,9670,8202,5306,2443,712,75992,0,18,37,181,45,24,6,6,0,312,5126,9072,6662,12636,5351,4111,2622,1260,429,47266,0,8,0,39,5,9,11,0,0,73,0,0,0,72,39,41,30,7,5,194,0,3,0,50,9,3,5,0,0,79,0,3,3,42,22,18,15,5,0,105,0,8,11,39,13,20,11,4,0,113
LGA58190,0,0,0,0,0,0,0,0,0,0,0,0,0,0,0,0,0,0,0,0,0,0,0,0,0,0,0,0,0,0,0,0,0,0,0,0,0,0,0,0,0,0,0,0,0,0,0,0,0,0,0,0,0,0,0,0,0,0,0,0,0,0,0,0,0,0,0,0,0,0,0,0,0,0,0,0,0,0,0,0,0,0,0,0,0,0,0,0,0,0,0,0,0,0,0,0,0,0,0,0,0,0,0,0,0,0,0,0,0,0,0,4,0,3,7,15,4,3,0,29,8,32,23,39,31,46,17,12,0,217,0,0,0,0,0,0,0,0,0,0,6,16,7,33,20,12,10,7,0,122,0,0,0,0,0,0,0,0,0,0,0,0,0,0,0,0,0,0,0,0,0,0,0,0,0,0,0,0,0,0,0,0,0,0,0,0,0,0,0,0,0,0,0,0,0,0,0,0,0,0
LGA58260,0,0,0,0,0,0,0,0,0,0,0,0,0,0,0,0,0,0,0,0,0,0,0,0,0,0,0,0,0,0,0,0,0,0,0,0,0,0,0,0,0,0,0,0,0,0,0,0,0,0,0,0,0,0,0,0,0,0,0,0,0,0,0,0,0,0,0,0,0,0,0,0,0,0,0,0,0,0,0,0,0,0,0,0,0,0,0,0,0,0,0,0,0,0,0,0,0,0,0,0,0,0,0,4,0,0,0,0,0,4,3,6,0,13,4,9,6,3,0,45,24,32,22,72,34,44,41,25,4,296,0,0,0,0,0,0,0,0,0,0,19,36,16,43,29,22,23,12,3,191,0,0,0,0,0,0,0,0,0,0,0,0,0,0,0,0,0,0,0,0,0,0,0,0,0,0,0,0,0,0,0,0,0,0,0,0,0,0,0,0,0,0,0,0,0,0,0,0,0,0
LGA58330,0,0,0,0,0,0,0,0,0,0,0,0,3,5,4,3,0,0,0,15,0,0,0,0,0,0,0,0,0,0,0,0,0,0,0,0,0,0,0,0,0,0,0,0,0,0,0,0,0,0,0,0,0,0,0,0,0,0,0,0,0,0,0,0,0,5,0,0,0,8,0,0,0,0,0,0,0,0,0,0,0,0,0,4,5,4,0,3,0,14,0,0,0,0,0,0,0,0,0,3,0,0,0,5,0,10,17,0,0,41,3,26,23,47,47,72,53,24,6,303,77,255,202,359,323,489,444,186,34,2370,0,0,0,0,0,0,0,0,0,0,78,183,139,266,221,276,217,87,16,1483,0,0,0,0,0,0,0,0,0,0,0,0,0,0,0,0,0,0,0,0,0,0,0,0,0,0,0,0,0,0,0,0,0,0,0,0,0,0,0,0,0,0,0,4,0,0,0,0,0,0
LGA58400,0,0,0,0,0,0,0,0,0,0,0,0,0,0,0,0,0,0,0,0,0,0,0,0,0,0,0,0,0,0,0,0,0,0,0,0,0,0,0,0,0,0,0,0,0,0,0,0,0,0,0,0,0,0,0,0,0,0,0,0,0,0,0,0,0,0,0,0,0,0,0,0,0,0,0,0,0,0,0,0,0,0,0,0,0,0,0,0,0,0,0,0,0,0,0,0,0,0,0,0,0,0,0,0,0,3,0,0,0,3,0,5,0,0,0,5,8,4,0,20,0,14,10,22,16,38,34,14,0,151,0,0,0,0,0,0,0,0,0,0,8,5,13,19,15,16,11,6,0,95,0,0,0,0,0,0,0,0,0,0,0,0,0,0,0,0,0,0,0,0,0,0,0,0,0,0,0,0,0,0,0,0,0,0,0,0,0,0,0,0,0,0,0,0,0,0,0,0,0,0
LGA58470,0,0,0,0,0,0,0,0,0,0,0,0,0,0,0,0,0,0,0,0,0,0,0,0,0,0,0,0,0,0,0,0,0,0,0,0,0,0,0,0,0,0,0,0,0,0,0,0,0,0,0,0,0,0,0,0,0,0,0,0,0,0,0,0,0,0,0,0,0,0,0,0,0,0,0,0,0,0,0,0,0,0,0,0,0,0,0,0,0,0,0,0,0,0,0,0,0,0,0,0,0,0,0,0,0,0,0,0,0,0,0,0,0,4,5,6,3,0,0,13,8,10,8,20,15,21,10,0,0,95,0,0,0,0,0,0,0,0,0,0,10,9,10,23,10,0,4,0,0,60,0,0,0,0,0,0,0,0,0,0,0,0,0,0,0,0,0,0,0,0,0,0,0,0,0,0,0,0,0,0,0,0,0,0,0,0,0,0,0,0,0,0,0,0,0,0,0,0,0,0
LGA58510,0,4,15,60,15,23,11,4,3,140,0,4,18,85,31,16,11,5,0,173,0,4,3,62,17,8,0,4,0,112,0,0,0,34,0,0,0,0,0,41,0,13,22,22,3,0,0,0,0,68,0,0,0,5,0,8,3,6,0,27,3,3,6,36,12,10,9,4,0,88,3,17,11,41,24,10,6,0,0,105,0,0,0,15,0,9,3,3,0,34,0,3,8,30,7,6,12,0,0,71,11,44,70,396,66,59,52,31,16,744,39,65,146,494,159,123,71,75,71,1239,991,1623,2229,6992,2204,1916,1404,707,343,18416,0,6,4,14,5,3,0,3,0,27,945,1222,1547,3059,1118,926,740,399,289,10248,5,3,6,25,0,4,0,0,0,44,0,0,0,7,0,4,0,0,0,13,0,9,7,55,7,0,4,0,0,77,0,3,3,5,6,0,5,0,0,19,0,0,7,48,8,8,5,3,0,81
LGA58540,0,0,0,0,0,0,0,0,0,0,0,0,0,0,0,0,0,0,0,0,0,0,0,0,0,0,0,0,0,0,0,0,0,0,0,0,0,0,0,0,0,0,0,0,0,0,0,0,0,0,0,0,0,0,0,0,0,0,0,0,0,0,0,0,0,0,0,0,0,0,0,0,0,0,0,0,0,0,0,0,0,0,0,0,0,0,0,0,0,0,0,0,0,0,0,0,0,0,0,0,0,0,0,0,0,0,0,0,0,0,0,5,5,10,13,8,11,4,0,45,17,47,34,83,65,77,57,29,6,424,0,0,0,0,0,0,0,0,0,0,12,39,19,59,32,48,28,19,3,263,0,0,0,0,0,0,0,0,0,0,0,0,0,0,0,0,0,0,0,0,0,0,0,0,0,0,0,0,0,0,0,0,0,0,0,0,0,0,0,0,0,0,0,0,0,0,0,0,0,0
LGA58570,5,5,7,60,29,5,7,3,0,118,0,3,20,135,33,25,12,0,0,230,0,4,0,16,4,3,0,0,0,26,0,0,0,34,4,0,0,0,0,40,0,0,6,14,0,0,0,0,0,36,0,0,0,13,0,0,3,3,0,22,4,18,13,44,20,13,12,6,0,126,0,10,14,59,55,46,44,16,5,249,0,0,0,16,10,6,7,6,0,38,0,0,3,35,11,0,4,0,0,51,3,27,33,329,84,69,34,27,9,616,25,43,87,521,131,106,55,35,19,1025,1007,1679,1828,7359,2397,1962,1217,554,221,18240,0,0,0,0,0,0,0,0,0,5,827,1462,1489,4048,1369,1125,639,255,134,11346,0,0,0,6,0,0,0,0,0,9,0,0,0,16,10,7,10,5,0,31,0,4,6,82,10,0,0,0,0,102,0,0,0,3,4,0,0,0,0,13,0,0,8,68,19,5,4,0,0,112
LGA58610,0,0,0,0,0,0,0,0,0,0,0,0,0,0,0,6,0,0,0,8,0,0,0,0,0,0,0,0,0,0,0,0,0,0,0,0,0,0,0,0,0,0,0,0,0,0,0,0,0,0,0,0,0,0,0,0,0,0,0,0,0,0,0,0,0,0,0,0,0,0,0,0,0,0,0,0,0,0,0,0,0,0,0,0,0,0,0,0,0,0,0,0,0,0,0,0,0,0,0,0,0,0,0,0,0,0,0,0,0,4,6,9,6,22,10,13,14,7,0,93,50,102,75,183,100,130,145,78,14,888,0,0,0,0,0,0,0,0,0,0,32,78,56,125,74,95,92,36,21,613,0,0,0,0,0,0,0,0,0,0,0,0,0,0,0,0,0,0,0,0,0,0,0,0,0,0,0,0,0,0,0,0,0,0,0,0,0,0,0,0,0,0,0,0,0,0,0,0,0,0
LGA58680,0,0,0,0,0,0,0,0,0,0,0,0,0,0,0,0,0,0,0,0,0,0,0,0,0,0,0,0,0,0,0,0,0,0,0,0,0,0,0,0,0,0,0,0,0,0,0,0,0,0,0,0,0,0,0,0,0,0,0,0,0,0,0,0,0,0,0,0,0,0,0,0,0,0,0,0,0,0,0,0,0,0,0,0,0,0,0,0,0,0,0,0,0,0,0,0,0,0,0,0,0,0,0,5,0,0,0,0,0,4,0,4,4,11,7,13,8,6,0,57,8,27,34,55,48,55,41,20,6,290,0,0,0,0,0,0,0,0,0,0,16,23,17,36,36,21,18,13,3,174,0,0,0,0,0,0,0,0,0,0,0,0,0,0,0,0,0,0,0,0,0,0,0,0,0,0,0,0,0,0,0,0,0,0,0,0,0,0,0,0,0,0,0,0,0,0,0,0,0,0
LGA58760,3,16,41,103,76,74,55,12,4,367,20,254,560,1061,781,372,166,67,11,3285,6,7,11,59,29,21,23,10,0,161,3,5,0,30,6,4,4,0,0,44,7,78,119,83,8,10,3,0,0,304,0,4,9,21,13,4,0,0,0,46,6,17,45,77,50,43,27,15,4,275,4,60,87,494,391,362,178,56,18,1644,0,17,65,134,83,60,52,27,12,445,0,13,102,238,178,157,49,18,5,759,10,196,512,1376,765,610,360,166,40,4031,242,559,546,1589,801,571,292,186,82,4862,7494,16189,13977,28836,14063,10667,6984,3582,1028,102807,0,26,58,163,65,34,21,4,0,370,6902,12578,8317,15147,5695,4203,3087,1629,621,58174,0,0,3,35,9,6,6,4,0,64,0,0,8,63,45,36,23,3,0,177,0,12,11,126,24,10,0,0,0,176,0,4,7,68,38,26,19,0,5,164,0,12,16,79,38,22,10,4,0,190
LGA58820,0,0,0,0,0,0,0,0,0,0,0,0,0,0,5,6,6,5,0,16,0,0,0,0,0,0,0,0,0,0,0,0,0,0,0,0,0,0,0,0,0,0,0,0,0,0,0,0,0,0,0,0,0,0,0,0,0,0,0,0,0,0,0,0,0,0,3,0,0,3,0,0,0,0,0,0,0,0,0,0,0,0,0,0,0,0,0,0,0,3,0,0,0,0,3,0,0,0,0,3,0,0,0,0,0,0,5,5,0,10,4,19,13,49,37,35,25,10,0,192,94,243,216,416,293,322,329,152,47,2114,0,0,0,0,0,0,0,0,0,0,94,229,174,325,198,216,211,76,39,1564,0,0,0,0,0,0,0,0,0,0,0,0,0,0,0,0,0,0,0,0,0,0,0,0,0,0,0,0,0,0,0,0,0,0,0,0,0,0,0,0,0,0,0,0,0,0,0,0,0,0
LGA58890,0,0,0,0,0,0,0,0,0,0,0,0,0,0,0,0,0,0,0,0,0,0,0,0,0,0,0,0,0,0,0,0,0,0,0,0,0,0,0,0,0,0,0,0,0,0,0,0,0,0,0,0,0,0,0,0,0,0,0,0,0,0,0,0,0,0,0,0,0,0,0,0,0,0,0,0,0,0,0,0,0,0,0,0,0,0,0,0,0,0,0,0,0,0,0,0,0,0,0,0,0,0,0,0,0,0,0,0,0,0,6,14,4,16,5,7,4,0,0,52,15,59,35,70,55,85,59,30,13,414,0,0,0,0,0,0,0,0,0,0,11,40,22,51,46,43,37,9,3,261,0,0,0,0,0,0,0,0,0,0,0,0,0,0,0,0,0,0,0,0,0,0,0,0,0,0,0,0,0,0,0,0,0,0,0,0,0,0,0,0,0,0,0,0,0,0,0,0,0,0
LGA59030,0,0,0,0,0,0,0,0,0,0,0,0,0,0,0,0,0,0,0,0,0,0,0,0,0,0,0,0,0,0,0,0,0,0,0,0,0,0,0,0,0,0,0,0,0,0,0,0,0,0,0,0,0,0,0,0,0,0,0,0,0,0,0,0,0,0,0,0,0,0,0,0,0,0,0,0,0,0,0,0,0,0,0,0,0,0,0,0,0,0,0,0,0,0,0,0,0,0,0,0,0,0,0,0,0,0,0,0,0,0,0,0,0,6,0,0,6,0,0,16,5,14,7,27,10,22,24,13,3,123,0,0,0,0,0,0,0,0,0,0,12,8,4,15,8,14,9,3,5,92,0,0,0,0,0,0,0,0,0,0,0,0,0,0,0,0,0,0,0,0,0,0,0,0,0,0,0,0,0,0,0,0,0,0,0,0,0,0,0,0,0,0,0,0,0,0,0,0,0,0
LGA59100,0,0,0,0,0,0,0,0,0,0,0,0,0,0,0,0,0,0,0,4,0,0,0,0,0,0,0,0,0,0,0,0,0,0,0,0,0,0,0,0,0,0,0,0,0,0,0,0,0,0,0,0,0,0,0,0,0,0,0,0,0,0,0,0,0,0,0,0,0,0,0,0,0,0,0,0,0,0,0,0,0,0,0,0,0,0,0,0,0,0,0,0,0,0,0,0,0,0,0,0,0,0,0,0,0,0,0,0,0,0,0,12,8,9,6,13,11,3,0,62,20,54,28,67,43,69,53,23,4,366,0,0,0,0,0,0,0,0,0,0,16,43,16,55,34,38,23,23,4,250,0,0,0,0,0,0,0,0,0,0,0,0,0,0,0,0,0,0,0,0,0,0,0,0,0,0,0,0,0,0,0,0,0,0,0,0,0,0,0,0,0,0,0,0,0,0,0,0,0,0
LGA59170,0,0,0,0,0,0,0,0,0,0,0,0,0,6,0,0,0,0,0,13,0,0,0,0,0,0,0,0,0,0,0,0,0,0,0,0,0,0,0,0,0,0,0,0,0,0,0,0,0,0,0,0,0,0,0,0,0,0,0,0,0,0,0,0,0,0,0,0,0,0,0,0,0,0,0,0,0,0,0,0,0,0,0,0,0,0,0,0,0,0,0,0,0,0,0,0,0,0,0,0,0,0,0,3,0,0,0,0,0,4,0,11,5,18,3,3,4,4,0,57,24,78,43,133,63,72,54,38,13,521,0,0,0,0,0,0,0,0,0,0,38,57,21,83,48,64,41,27,3,382,0,0,0,0,0,0,0,0,0,0,0,0,0,0,0,0,0,0,0,0,0,0,0,0,0,0,0,0,0,0,0,0,0,0,0,0,0,0,0,0,0,0,0,0,0,0,0,0,0,3
LGA59250,0,0,0,0,0,0,0,0,0,0,0,0,0,0,0,0,0,0,0,0,0,0,0,0,0,0,0,0,0,0,0,0,0,0,0,0,0,0,0,0,0,0,0,0,0,0,0,0,0,0,0,0,0,0,0,0,0,0,0,0,0,0,0,0,0,0,0,0,0,0,0,0,0,0,0,0,0,0,0,0,0,0,0,0,0,0,0,0,0,0,0,0,0,0,0,0,0,0,0,0,0,0,4,4,0,0,0,0,0,9,0,12,23,55,18,7,10,0,0,126,6,32,54,141,57,30,22,8,0,345,0,0,0,0,0,0,0,0,0,0,13,21,14,26,23,4,12,4,0,117,0,0,0,0,0,0,0,0,0,0,0,0,0,0,0,0,0,0,0,0,0,0,0,0,0,0,0,0,0,0,0,0,0,0,0,0,0,0,0,0,0,0,0,0,0,0,0,0,0,0
LGA59310,0,0,0,0,0,0,0,0,0,0,0,0,0,4,0,0,3,0,0,9,0,0,0,0,0,0,0,0,0,0,0,0,0,0,0,0,0,0,0,0,0,0,0,0,0,0,0,0,0,0,0,0,0,0,0,0,0,0,0,0,0,0,0,0,0,0,0,0,0,0,0,0,0,0,0,0,0,0,0,0,0,0,0,0,0,0,0,0,0,0,0,0,0,0,0,0,0,0,0,0,0,0,0,0,0,0,3,0,0,3,4,3,3,17,6,9,9,8,0,64,47,84,57,165,82,106,104,45,11,696,0,0,0,0,0,0,0,0,0,0,30,79,39,117,54,65,65,20,16,480,0,0,0,0,0,0,0,0,0,0,0,0,0,0,0,0,0,0,0,0,0,0,0,0,0,0,0,0,0,0,0,0,0,0,0,0,0,0,0,0,0,0,0,0,0,0,0,0,0,0
LGA59320,0,0,0,0,0,0,0,0,0,0,0,0,0,0,0,0,0,0,0,4,0,0,0,0,0,0,0,0,0,0,0,0,0,0,0,0,0,0,0,0,0,0,0,0,0,0,0,0,0,0,0,0,0,0,0,0,0,0,0,0,0,0,0,0,0,0,0,0,0,0,0,0,0,0,0,0,0,0,0,0,0,0,0,0,0,0,0,0,0,0,0,0,0,0,0,0,0,0,0,0,0,0,0,0,0,0,0,0,0,3,0,3,0,6,6,3,4,0,0,29,21,35,21,42,29,51,34,15,4,238,0,0,0,0,0,0,0,0,0,0,15,24,10,40,18,22,21,7,0,154,0,0,0,0,0,0,0,0,0,0,0,0,0,0,0,0,0,0,0,0,0,0,0,0,0,0,0,0,0,0,0,0,0,0,0,0,0,0,0,0,0,0,0,0,0,0,0,0,0,0
LGA59330,0,0,0,0,0,0,0,0,0,0,0,0,0,0,0,0,0,0,0,0,0,0,0,0,0,0,0,0,0,0,0,0,0,0,0,0,0,0,0,0,0,0,0,0,0,0,0,0,0,0,0,0,0,0,0,0,0,0,0,0,0,0,0,0,0,0,0,0,0,3,0,0,0,0,0,0,0,0,0,0,0,0,0,0,0,0,0,0,0,0,0,0,0,0,0,0,0,0,0,0,0,0,0,0,0,0,0,0,0,5,4,0,0,8,0,0,0,9,0,24,8,22,18,46,36,40,45,35,3,244,0,0,0,0,0,0,0,0,0,0,11,22,11,34,19,20,28,19,0,163,0,0,0,0,0,0,0,0,0,0,0,0,0,0,0,0,0,0,0,0,0,0,0,0,0,0,0,0,0,0,0,0,0,0,0,0,0,0,0,0,0,0,0,0,0,0,0,0,0,0
LGA59340,0,0,0,0,0,0,0,0,0,0,0,0,0,3,3,0,0,0,0,14,0,0,0,0,0,0,0,0,0,0,0,0,0,0,0,0,0,0,0,0,0,0,0,0,0,0,0,0,0,0,0,0,0,0,0,0,0,0,0,0,0,0,0,5,0,6,0,0,0,4,0,0,0,4,0,0,0,0,0,11,0,0,0,0,0,3,0,0,0,7,0,0,0,5,3,0,0,0,0,8,0,3,4,35,9,5,0,3,0,69,40,89,71,205,99,86,55,11,0,658,299,562,418,1133,507,452,256,80,7,3699,0,0,0,0,0,0,0,0,0,0,227,483,336,785,347,281,112,36,9,2617,0,0,0,0,0,0,0,0,0,0,0,0,0,0,0,0,0,0,0,0,0,0,0,0,0,0,0,0,0,0,0,0,0,3,0,0,0,0,0,4,0,0,0,0,0,0,0,0,0,3
LGA59350,0,0,0,0,0,0,0,0,0,0,0,0,0,7,0,0,0,0,0,5,0,0,0,0,0,0,0,0,0,0,0,0,0,0,0,0,0,0,0,0,0,0,0,0,0,0,0,0,0,0,0,0,0,0,0,0,0,0,0,0,0,0,0,0,0,0,0,0,0,0,0,0,0,0,0,0,0,0,0,0,0,0,0,0,0,0,0,0,0,0,0,0,0,0,0,0,0,0,0,0,0,0,0,5,0,0,0,0,0,5,0,0,18,67,19,11,6,0,0,117,6,9,30,123,32,19,16,4,0,242,0,0,0,0,0,0,0,0,0,0,3,3,7,12,10,3,8,6,0,57,0,0,0,0,0,0,0,0,0,0,0,0,0,0,0,0,0,0,0,0,0,0,0,0,0,0,0,0,0,0,0,0,0,0,0,0,0,0,0,0,0,0,0,0,0,0,0,0,0,0
LGA59360,0,0,0,0,0,0,0,0,0,0,0,0,0,0,0,0,0,0,0,0,0,0,0,0,0,0,0,0,0,0,0,0,0,0,0,0,0,0,0,0,0,0,0,0,0,0,0,0,0,0,0,0,0,0,0,0,0,0,0,0,0,0,0,0,0,0,0,0,0,0,0,0,0,0,0,0,0,0,0,0,0,0,0,0,0,0,0,0,0,0,0,0,0,4,0,0,0,0,0,6,0,0,0,3,0,0,0,0,0,6,0,3,7,63,33,36,12,6,0,158,21,38,45,229,137,143,77,29,9,731,0,0,0,0,0,0,0,0,0,0,14,36,18,66,55,49,43,20,4,305,0,0,0,0,0,0,0,0,0,0,0,0,0,0,0,0,0,0,0,0,0,0,0,0,0,0,0,0,0,0,0,0,0,0,0,0,0,0,0,0,0,0,0,0,0,0,0,0,0,0
LGA59370,0,0,0,0,0,0,0,0,0,0,0,0,0,4,0,5,4,0,0,13,0,0,0,0,0,0,0,0,0,0,0,0,0,0,0,0,0,0,0,0,0,0,0,0,0,0,0,0,0,0,0,0,0,0,0,0,0,0,0,0,0,0,0,0,0,0,0,0,0,6,0,0,0,0,0,0,0,0,0,0,0,0,0,0,0,0,0,0,0,3,0,0,0,0,0,0,0,0,0,4,0,0,0,3,0,0,3,6,0,16,4,10,12,29,23,33,36,21,11,189,51,189,119,278,186,314,355,188,52,1731,0,0,0,0,0,0,0,0,0,0,49,181,87,227,142,194,214,108,39,1256,0,0,0,0,0,0,0,0,0,0,0,0,0,0,0,0,0,0,0,0,0,0,0,0,0,0,0,0,0,0,0,0,0,0,0,0,0,0,0,0,0,0,0,0,0,0,0,0,0,5
LGA59499,0,0,0,0,0,0,0,0,0,3,0,3,0,14,8,4,4,0,0,35,0,0,0,0,0,0,0,0,0,0,0,0,0,0,0,0,0,0,0,0,0,0,0,0,0,0,0,0,0,0,0,0,0,0,0,0,0,0,0,0,0,0,0,14,4,6,4,0,0,21,0,0,0,4,5,0,0,0,0,5,0,0,0,0,0,0,0,3,0,9,0,0,0,3,6,0,0,0,0,6,3,0,10,49,9,15,7,3,0,102,31,31,87,456,250,169,93,35,9,1156,149,244,414,1753,842,667,444,118,14,4639,5,0,0,0,0,0,0,0,0,13,119,194,247,755,298,267,167,20,4,2061,0,0,0,0,0,0,0,0,0,0,0,0,0,0,0,0,0,0,0,0,0,0,0,5,0,0,0,0,0,5,0,0,0,0,0,0,0,0,0,4,3,0,0,6,0,0,0,0,0,13
LGA59799,0,0,0,0,0,0,0,0,0,0,0,0,0,0,8,0,0,0,0,3,0,0,0,0,0,0,0,0,0,0,0,0,0,0,0,0,0,0,0,0,0,0,0,4,0,0,0,0,0,4,0,0,0,0,0,0,0,0,0,0,0,0,0,0,0,0,0,0,0,4,0,0,0,0,0,0,0,0,0,0,0,0,0,0,0,0,0,0,0,0,0,0,0,0,0,0,0,0,0,0,0,0,0,9,5,5,0,0,0,14,0,0,14,110,46,25,4,0,0,197,0,0,30,262,103,55,14,0,0,455,0,0,0,0,0,0,0,0,0,0,0,0,4,14,0,3,4,0,0,24,0,0,0,0,0,0,0,0,0,0,0,0,0,0,0,0,0,0,0,0,0,0,0,0,0,0,0,0,0,0,0,0,0,0,0,0,0,0,0,0,0,0,0,0,0,0,0,0,0,0
