LGA_CODE_2021,F_AccomFoodS_Cert,F_AccomFoodS_ID_NS,F_AccomFoodS_ToT,F_TransPostWhse_PD,F_TransPostWhse_GD_GC,F_TransPostWhse_BD,F_TransPostWhse_AdD_D,F_TransPostWhse_Cert,F_TransPostWhse_ID_NS,F_TransPostWhse_ToT,F_InfoMedTelecom_PD,F_InfoMedTelecom_GD_GC,F_InfoMedTelecom_BD,F_InfoMedTelecom_AdD_D,F_InfoMedTelecom_Cert,F_InfoMedTelecom_ID_NS,F_InfoMedTelecom_ToT,F_FinInsurS_PD,F_FinInsurS_GD_GC,F_FinInsurS_BD,F_FinInsurS_AdD_D,F_FinInsurS_Cert,F_FinInsurS_ID_NS,F_FinInsurS_ToT,F_RentHirREserv_PD,F_RentHirREserv_GD_GC,F_RentHirREserv_BD,F_RentHirREserv_AdD_D,F_RentHirREserv_Cert,F_RentHirREserv_ID_NS,F_RentHirREserv_ToT,F_ProScieTechServ_PD,F_ProScieTechServ_GD_GC,F_ProScieTechServ_BD,F_ProScieTechServ_AdD_D,F_ProScieTechServ_Cert,F_ProScieTechServ_ID_NS,F_ProScieTechServ_ToT,F_AdminSupServ_PD,F_AdminSupServ_GD_GC,F_AdminSupServ_BD,F_AdminSupServ_AdD_D,F_AdminSupServ_Cert,F_AdminSupServ_ID_NS,F_AdminSupServ_ToT,F_PubAdmiSafety_PD,F_PubAdmiSafety_GD_GC,F_PubAdmiSafety_BD,F_PubAdmiSafety_AdD_D,F_PubAdmiSafety_Cert,F_PubAdmiSafety_ID_NS,F_PubAdmiSafety_ToT,F_EducTrain_PD,F_EducTrain_GD_GC,F_EducTrain_BD,F_EducTrain_AdD_D,F_EducTrain_Cert,F_EducTrain_ID_NS,F_EducTrain_ToT,F_HealthCareSocA_PD,F_HealthCareSocA_GD_GC,F_HealthCareSocA_BD,F_HealthCareSocA_AdD_D,F_HealthCareSocA_Cert,F_HealthCareSocA_ID_NS,F_HealthCareSocA_ToT,F_ArtRecServ_PD,F_ArtRecServ_GD_GC,F_ArtRecServ_BD,F_ArtRecServ_AdD_D,F_ArtRecServ_Cert,F_ArtRecServ_ID_NS,F_ArtRecServ_ToT,F_OthServ_PD,F_OthServ_GD_GC,F_OthServ_BD,F_OthServ_AdD_D,F_OthServ_Cert,F_OthServ_ID_NS,F_OthServ_ToT,F_ID_NS_PD,F_ID_NS_GD_GC,F_ID_NS_BD,F_ID_NS_AdD_D,F_ID_NS_Cert,F_ID_NS_ID_NS,F_ID_NS_ToT,F_ToT_PD,F_ToT_GD_GC,F_ToT_BD,F_ToT_AdD_D,F_ToT_Cert,F_ToT_ID_NS,F_ToT_ToT,P_AgriForestFish_PD,P_AgriForestFish_GD_GC,P_AgriForestFish_BD,P_AgriForestFish_AdD_D,P_AgriForestFish_Cert,P_AgriForestFish_ID_NS,P_AgriForestFish_ToT,P_Min_PD,P_Min_GD_GC,P_Min_BD,P_Min_AdD_D,P_Min_Cert,P_Min_ID_NS,P_Min_ToT,P_Mnfg_PD,P_Mnfg_GD_GC,P_Mnfg_BD,P_Mnfg_AdD_D,P_Mnfg_Cert,P_Mnfg_ID_NS,P_Mnfg_ToT,P_EGW_WS_PD,P_EGW_WS_GD_GC,P_EGW_WS_BD,P_EGW_WS_AdD_D,P_EGW_WS_Cert,P_EGW_WS_ID_NS,P_EGW_WS_ToT,P_Cnstn_PD,P_Cnstn_GD_GC,P_Cnstn_BD,P_Cnstn_AdD_D,P_Cnstn_Cert,P_Cnstn_ID_NS,P_Cnstn_ToT,P_WTrade_PD,P_WTrade_GD_GC,P_WTrade_BD,P_WTrade_AdD_D,P_WTrade_Cert,P_WTrade_ID_NS,P_WTrade_ToT,P_RTrade_PD,P_RTrade_GD_GC,P_RTrade_BD,P_RTrade_AdD_D,P_RTrade_Cert,P_RTrade_ID_NS,P_RTrade_ToT,P_AccomFoodS_PD,P_AccomFoodS_GD_GC,P_AccomFoodS_BD,P_AccomFoodS_AdD_D,P_AccomFoodS_Cert,P_AccomFoodS_ID_NS,P_AccomFoodS_ToT,P_TransPostWhse_PD,P_TransPostWhse_GD_GC,P_TransPostWhse_BD,P_TransPostWhse_AdD_D,P_TransPostWhse_Cert,P_TransPostWhse_ID_NS,P_TransPostWhse_ToT,P_InfoMedTelecom_PD,P_InfoMedTelecom_GD_GC,P_InfoMedTelecom_BD,P_InfoMedTelecom_AdD_D,P_InfoMedTelecom_Cert,P_InfoMedTelecom_ID_NS,P_InfoMedTelecom_ToT,P_FinInsurS_PD,P_FinInsurS_GD_GC,P_FinInsurS_BD,P_FinInsurS_AdD_D,P_FinInsurS_Cert,P_FinInsurS_ID_NS,P_FinInsurS_ToT,P_RentHirREserv_PD,P_RentHirREserv_GD_GC,P_RentHirREserv_BD,P_RentHirREserv_AdD_D,P_RentHirREserv_Cert,P_RentHirREserv_ID_NS,P_RentHirREserv_ToT,P_ProScieTechServ_PD,P_ProScieTechServ_GD_GC,P_ProScieTechServ_BD,P_ProScieTechServ_AdD_D,P_ProScieTechServ_Cert,P_ProScieTechServ_ID_NS,P_ProScieTechServ_ToT,P_AdminSupServ_PD,P_AdminSupServ_GD_GC,P_AdminSupServ_BD,P_AdminSupServ_AdD_D,P_AdminSupServ_Cert,P_AdminSupServ_ID_NS,P_AdminSupServ_ToT,P_PubAdmiSafety_PD,P_PubAdmiSafety_GD_GC,P_PubAdmiSafety_BD,P_PubAdmiSafety_AdD_D,P_PubAdmiSafety_Cert,P_PubAdmiSafety_ID_NS,P_PubAdmiSafety_ToT,P_EducTrain_PD
LGA50080,178,11,342,4,0,17,18,38,0,74,0,0,10,4,17,0,31,0,6,8,26,39,3,94,0,0,8,16,55,7,93,41,13,112,67,77,6,316,0,6,18,33,74,7,134,25,23,115,80,104,11,358,88,128,403,148,250,17,1034,132,103,632,394,608,64,1929,5,3,19,21,35,3,87,4,3,27,60,141,5,250,5,7,25,28,42,21,128,336,319,1638,1160,2244,232,5920,21,7,114,97,324,34,603,3,6,26,38,224,3,299,10,6,59,71,358,29,533,0,3,15,29,101,0,149,3,5,50,117,866,21,1069,3,4,21,31,152,0,218,11,11,98,113,628,41,894,12,10,102,107,337,17,578,7,7,46,55,219,11,346,5,5,26,12,32,3,76,3,5,35,44,64,9,167,3,0,21,35,96,9,168,71,22,232,121,121,12,576,0,6,29,55,151,6,252,45,35,201,192,351,33,859,133
LGA50210,278,22,610,31,7,78,84,172,18,385,4,0,17,15,19,4,68,39,13,105,81,104,13,353,4,3,36,60,73,5,181,114,37,314,139,191,25,819,31,12,110,81,200,26,451,98,42,288,189,235,29,874,240,254,892,309,617,41,2353,389,227,1582,851,1228,126,4401,11,0,49,42,80,4,191,19,10,73,121,327,27,572,32,11,114,93,178,110,532,1241,685,4505,2732,4830,561,14551,16,7,53,37,77,14,193,153,33,397,262,1008,59,1912,105,27,363,333,1034,54,1919,27,8,96,60,182,10,384,84,20,334,338,1791,70,2643,70,8,161,155,485,25,907,135,22,500,354,969,89,2071,68,9,227,255,540,39,1134,133,21,327,391,678,75,1634,30,4,79,54,59,12,236,84,23,200,136,150,18,606,13,5,81,87,166,14,368,309,84,804,324,419,45,1990,51,18,181,153,400,34,830,190,82,501,409,637,51,1873,352
LGA50250,34,6,75,3,0,5,0,13,3,22,0,0,0,0,0,0,0,0,0,4,0,3,0,4,0,0,6,3,6,0,14,0,0,6,4,6,0,12,0,0,9,6,26,5,57,4,6,17,19,29,0,72,11,18,88,26,48,3,195,10,13,42,28,29,0,118,0,0,0,0,4,0,3,0,0,0,9,17,0,34,0,0,8,6,14,3,31,45,48,254,194,372,41,950,3,0,7,4,15,3,27,30,18,137,138,902,37,1265,0,0,3,7,5,3,15,0,0,0,0,6,0,8,4,3,13,25,146,6,207,0,0,3,0,35,0,38,0,0,7,9,21,0,42,6,0,32,30,71,3,145,4,0,4,13,34,3,56,0,0,0,0,0,0,5,0,0,4,0,3,0,7,0,0,6,9,12,0,28,0,0,9,7,15,0,29,5,3,8,18,46,5,80,9,3,24,31,50,0,114,13
LGA50280,137,17,321,0,0,7,3,10,4,32,0,0,3,8,0,0,11,0,0,8,15,10,3,38,0,0,11,11,14,0,53,16,8,72,31,18,8,157,7,0,36,20,55,3,121,11,7,51,17,32,3,125,40,56,234,58,104,7,497,53,47,209,123,117,15,567,0,0,22,8,7,0,46,3,3,21,21,59,9,113,7,5,35,23,25,11,104,180,174,1055,546,848,120,2925,13,12,94,66,135,19,335,11,3,71,50,247,14,398,24,23,193,86,188,13,533,0,0,0,6,29,6,48,9,8,65,51,437,24,593,3,6,17,13,32,5,76,12,5,116,78,179,23,414,11,10,139,118,247,29,556,0,3,18,30,50,7,106,7,5,12,5,10,0,34,3,7,12,17,11,9,59,5,0,29,19,30,0,87,44,11,140,61,43,8,305,9,0,60,31,116,4,217,22,12,74,46,71,3,237,60
LGA50350,58,5,111,3,0,24,10,15,0,57,3,0,14,7,6,0,37,7,4,35,20,13,0,76,4,0,10,4,16,0,39,39,25,110,37,35,3,260,6,3,17,17,30,7,76,37,26,111,32,50,9,268,74,97,221,55,78,13,537,92,53,285,134,165,12,741,5,8,23,6,9,3,59,12,3,29,21,51,8,125,11,0,28,12,10,6,71,325,241,1099,477,717,77,2937,5,0,8,3,4,0,20,43,12,116,62,151,10,391,13,0,54,42,136,15,257,5,3,28,8,20,0,60,10,9,68,80,322,15,501,3,0,23,17,77,5,130,19,9,80,55,154,7,322,11,0,43,28,108,6,197,8,6,53,34,85,4,199,10,0,32,20,11,0,76,22,7,65,40,18,4,154,9,0,25,12,31,0,77,94,48,272,81,74,7,570,8,3,35,20,60,9,139,67,41,197,80,126,8,518,113
LGA50420,234,36,668,31,3,73,50,80,15,259,8,10,51,17,14,0,105,34,20,186,74,81,10,413,11,3,61,50,52,3,179,230,77,597,141,157,18,1218,32,14,121,92,103,18,376,173,104,490,153,141,26,1088,340,294,855,219,264,33,2012,425,219,1363,544,612,97,3257,29,6,113,57,69,4,282,35,11,131,123,250,26,580,46,19,137,67,71,57,397,1701,883,5230,2132,2688,416,13040,8,0,33,13,24,4,78,249,76,628,177,548,37,1711,74,22,280,167,468,44,1059,38,15,124,36,86,4,313,93,25,396,331,1114,55,2013,46,13,176,94,210,12,548,144,26,524,289,516,55,1562,79,14,382,349,456,63,1345,89,29,295,214,360,54,1042,21,17,129,63,63,9,307,79,41,374,135,133,17,785,26,10,121,85,104,7,359,540,155,1531,351,327,48,2943,65,26,243,167,235,29,760,302,161,876,356,372,51,2123,537
LGA50490,137,30,499,13,4,47,44,75,4,188,9,0,16,12,7,3,41,27,10,89,47,54,6,227,8,0,32,35,41,8,127,106,33,279,62,112,22,613,32,6,102,65,85,14,301,73,33,191,79,93,16,481,128,110,352,86,144,18,845,200,103,731,349,390,53,1820,21,3,61,45,62,16,206,17,6,80,52,111,16,288,24,4,68,52,44,54,249,818,374,2716,1314,1766,320,7314,0,0,17,4,15,0,43,143,30,382,156,535,44,1290,57,18,182,115,289,30,690,11,4,39,20,56,0,146,82,16,264,177,649,38,1219,38,16,104,63,173,18,401,85,22,324,168,346,30,971,59,14,305,304,319,49,1061,87,20,220,214,305,30,874,21,7,49,33,30,6,141,54,6,157,73,75,17,384,17,5,70,60,89,15,250,259,58,711,186,220,35,1481,69,13,183,91,172,25,555,137,58,336,175,246,30,973,221
LGA50560,8,3,11,0,0,3,0,0,0,3,0,0,0,0,0,0,3,0,0,3,0,3,0,5,0,0,0,0,0,0,0,0,0,5,0,7,0,8,0,0,0,4,0,0,5,5,0,0,3,0,0,16,6,7,16,5,7,0,33,0,0,15,10,17,0,38,0,0,0,0,3,0,5,0,0,0,4,3,0,6,0,0,0,0,3,0,11,7,13,64,43,68,7,198,0,0,35,15,39,5,86,0,0,0,3,17,0,22,0,0,3,3,9,4,13,0,0,0,0,0,0,0,0,0,6,6,13,0,25,0,0,0,3,0,0,10,0,0,3,8,9,0,18,0,0,0,0,12,3,13,0,0,3,5,6,0,12,0,0,0,0,0,0,3,0,0,3,0,3,0,5,0,0,0,0,0,0,0,0,0,4,0,5,0,13,0,0,0,4,3,0,8,8,0,5,9,7,0,24,6
LGA50630,5,0,9,0,0,0,0,0,0,7,0,0,0,0,0,0,0,0,0,0,0,0,0,0,0,0,0,0,0,0,0,0,0,0,0,0,0,10,0,0,0,0,0,0,0,0,0,4,4,8,0,16,0,7,17,3,8,3,33,0,0,10,11,10,3,30,0,0,0,0,0,0,0,0,0,0,6,5,0,12,0,0,0,0,0,4,11,5,9,54,33,81,15,195,0,0,6,4,13,0,28,4,0,16,12,103,7,146,3,0,7,0,30,0,46,0,0,0,0,3,0,3,0,0,0,5,21,0,28,0,0,0,0,4,0,4,0,0,0,0,11,0,14,0,0,4,3,7,0,9,0,0,0,0,3,0,4,0,0,0,0,0,0,0,0,0,0,0,0,0,0,0,0,0,0,0,0,0,3,0,0,3,0,0,11,0,0,0,0,8,0,4,0,0,3,0,17,0,25,0
LGA50770,6,0,14,0,0,0,0,3,0,5,0,0,0,0,0,0,0,0,0,4,0,0,0,4,0,0,0,0,0,0,0,0,0,4,0,4,0,12,0,0,0,0,0,0,4,0,0,8,5,5,0,13,0,3,17,0,7,0,31,0,0,18,11,13,0,45,0,0,0,0,0,0,0,0,0,0,0,6,0,9,0,0,0,0,6,0,6,6,8,82,48,93,4,242,5,0,38,38,94,5,174,0,0,11,0,22,3,35,0,0,0,0,10,0,12,0,0,0,0,0,0,3,0,0,0,3,12,0,19,0,0,0,0,7,0,7,0,0,0,4,15,0,28,0,4,0,0,8,0,12,0,0,0,0,6,4,9,0,0,0,0,0,0,0,0,0,4,0,0,0,4,0,0,0,0,0,0,0,0,0,4,0,7,0,11,0,0,0,0,0,0,4,0,0,10,4,5,0,24,0
LGA50840,30,3,52,0,0,0,6,5,0,10,0,0,3,0,0,0,3,0,0,5,0,4,0,7,0,0,3,7,0,0,16,5,0,5,5,15,0,29,0,0,4,3,13,0,19,3,0,18,6,15,0,39,8,16,66,20,39,0,153,3,8,52,46,58,3,176,0,0,6,3,5,0,10,0,0,4,5,18,5,30,0,0,0,3,8,3,8,25,46,213,161,285,24,754,0,8,22,25,57,13,122,13,6,48,26,172,6,269,3,0,8,5,36,3,51,0,0,0,0,26,6,36,3,0,10,12,84,3,103,0,0,0,4,9,0,16,0,0,16,22,56,0,98,0,4,5,12,46,8,72,0,0,3,4,16,0,25,0,0,0,0,0,0,3,0,0,5,0,9,0,15,0,0,3,7,0,0,14,5,4,11,10,20,3,59,0,0,4,9,22,0,38,9,6,28,16,30,0,82,6
LGA50910,6,0,4,0,0,0,0,0,0,3,0,0,0,0,0,0,0,0,0,0,0,0,0,0,0,0,0,0,0,0,0,0,0,4,0,0,0,3,0,0,0,0,0,0,0,0,0,0,0,5,0,3,0,8,6,5,14,0,21,0,0,8,0,8,0,20,0,0,0,0,0,0,0,0,0,0,0,4,0,3,0,0,0,0,0,0,5,4,4,31,16,44,4,113,0,0,21,7,29,7,63,0,0,0,0,5,0,5,0,0,0,0,3,0,3,0,0,0,0,0,0,0,0,0,0,0,7,0,7,0,0,3,0,10,0,9,0,0,0,3,10,0,12,0,0,0,0,6,0,4,0,0,0,0,4,0,3,0,0,0,0,0,0,0,0,0,0,0,0,0,3,0,0,0,0,0,0,0,0,0,6,0,3,0,10,0,0,0,0,0,0,0,0,0,0,0,7,0,13,0
LGA50980,69,14,260,6,9,12,28,31,8,95,0,0,12,4,7,0,29,0,0,8,6,7,0,27,0,0,3,16,20,4,49,15,11,36,15,25,5,102,5,5,29,13,31,8,91,12,22,84,46,71,3,235,76,71,251,81,118,20,622,119,93,352,172,169,38,938,6,0,18,10,16,3,59,6,5,21,17,30,3,87,10,5,26,11,26,31,104,281,227,1054,566,763,154,3040,7,3,43,29,70,3,158,7,5,10,19,102,6,142,7,0,12,13,47,0,81,3,0,7,11,51,4,76,3,3,30,41,332,18,429,0,0,8,8,34,0,50,18,5,67,62,146,25,323,26,4,161,97,157,27,473,16,12,57,75,154,16,334,0,4,23,7,13,0,54,0,3,13,6,12,0,38,0,0,6,18,31,8,74,26,12,81,24,43,9,189,4,5,39,33,95,10,179,26,33,158,107,160,17,498,89
LGA51080,0,0,3,0,0,0,0,0,0,0,0,0,0,0,0,0,0,0,0,0,0,0,0,0,0,0,0,0,0,0,0,0,0,7,0,0,0,10,0,0,0,0,0,0,0,0,0,0,3,3,0,7,0,0,16,4,10,0,30,3,5,11,0,5,0,21,0,0,0,0,0,0,0,0,0,0,0,5,0,5,0,0,0,4,0,0,7,9,3,55,27,38,5,130,0,0,26,19,57,6,105,0,0,0,0,3,0,3,0,0,0,0,0,0,0,0,0,0,0,0,0,0,0,0,0,4,9,0,14,0,0,0,0,5,0,5,0,0,7,0,4,0,9,0,0,0,5,0,0,4,0,0,0,0,4,0,3,0,0,0,0,0,0,0,0,0,0,0,0,0,0,0,0,0,0,0,0,0,0,0,4,0,0,0,7,0,0,0,0,0,0,0,0,0,4,9,9,0,21,0
LGA51120,5,0,5,0,0,0,0,0,0,0,0,0,0,0,0,0,0,0,0,0,0,0,0,0,0,0,0,0,0,0,0,0,0,0,0,0,0,5,0,0,0,0,0,0,0,0,0,0,4,0,0,9,0,3,15,6,8,0,30,0,3,6,4,9,0,17,0,0,0,0,0,0,0,0,0,0,0,3,0,8,0,0,0,0,3,0,0,0,16,35,21,40,3,113,0,7,22,13,30,7,75,0,0,0,0,5,0,5,0,0,3,0,0,0,8,0,0,0,0,0,0,0,0,0,0,0,19,0,19,0,0,5,0,6,0,9,0,0,0,4,5,0,4,0,0,0,0,9,0,9,0,0,0,0,4,0,11,0,0,0,0,3,0,3,0,0,0,0,0,0,0,0,0,0,0,0,0,0,0,0,0,0,0,0,6,0,0,0,0,0,0,0,0,0,3,6,10,0,18,0
LGA51190,175,9,316,0,0,8,14,34,5,64,0,0,11,4,8,0,29,0,0,14,23,30,3,74,0,0,11,12,39,9,73,11,10,75,38,53,9,199,3,4,19,21,63,6,119,22,18,80,39,118,3,283,63,111,312,114,205,24,828,91,76,528,262,505,41,1497,0,3,13,10,28,5,56,6,6,36,30,138,3,223,3,4,17,17,42,23,105,253,262,1357,785,1972,188,4815,8,0,20,18,50,9,102,19,11,74,82,421,20,629,31,16,128,86,475,31,761,10,6,20,27,122,10,190,15,5,74,118,776,35,1018,4,0,23,22,93,3,145,10,10,96,96,462,28,703,15,7,93,78,277,27,497,13,6,40,49,187,19,308,0,0,29,11,26,3,78,3,3,28,56,45,6,145,3,0,22,36,67,9,134,32,19,179,83,108,18,440,11,4,32,36,133,9,221,44,29,141,80,206,10,509,94
LGA51260,292,33,655,0,3,15,15,37,4,71,0,3,15,3,6,0,33,6,6,22,29,33,9,97,3,0,30,38,56,18,142,19,19,148,74,95,8,361,10,12,66,53,134,10,282,20,19,85,47,72,3,248,81,150,442,137,254,19,1073,101,119,588,299,451,50,1610,6,0,20,24,28,6,83,9,9,37,54,189,17,307,3,4,51,36,52,39,187,312,384,1967,1249,2296,286,6492,8,10,95,78,199,29,414,20,12,109,103,656,34,937,19,23,176,117,363,21,721,6,0,17,16,79,3,131,11,8,117,194,1115,50,1498,6,3,26,28,93,7,164,18,6,154,172,547,43,945,33,15,235,232,556,50,1124,6,10,30,42,178,7,278,5,5,25,7,16,6,65,17,4,61,64,44,9,194,3,4,53,63,91,23,241,54,31,296,126,162,17,683,10,20,85,86,254,21,467,38,30,157,108,196,13,543,108
LGA51310,40,7,176,6,0,27,12,11,0,68,11,8,31,3,0,4,58,26,12,116,37,17,3,209,4,11,48,22,15,7,110,181,59,481,63,41,10,845,19,7,61,24,27,4,136,84,41,157,32,18,5,338,212,157,427,79,66,16,961,403,137,843,183,70,46,1678,14,12,66,18,7,0,112,18,4,58,42,41,4,170,30,11,73,22,24,14,165,1212,516,2962,687,474,145,5997,6,3,26,9,0,0,42,319,54,567,67,85,12,1096,58,11,120,29,75,12,303,36,3,66,12,5,0,124,73,14,248,115,230,16,696,41,14,97,38,28,3,230,52,11,240,70,88,16,485,25,12,135,65,94,16,346,26,3,94,41,35,9,211,21,7,79,20,8,7,146,79,45,298,87,35,10,553,19,14,134,54,33,11,268,519,127,1224,150,89,27,2127,32,17,101,44,46,6,254,148,57,288,70,47,11,627,370
LGA51330,276,32,1066,46,13,124,62,88,5,342,20,6,58,13,14,5,115,69,16,192,74,44,16,409,20,4,84,49,45,15,215,325,81,704,120,123,20,1376,94,31,192,114,134,20,580,204,94,453,138,141,21,1052,472,300,1129,274,397,47,2619,648,270,2070,757,703,132,4584,22,14,94,53,67,9,258,53,27,171,125,214,18,611,97,15,210,95,109,95,631,2630,975,7069,2586,2951,538,16752,25,0,55,16,28,5,136,373,69,771,202,495,42,1948,188,39,543,226,627,38,1667,79,12,194,39,94,9,431,197,27,583,297,1090,86,2277,134,15,324,132,295,31,927,325,56,908,390,634,95,2404,203,28,735,597,612,86,2259,289,45,625,410,433,62,1868,44,12,157,51,49,8,322,153,40,392,140,92,22,828,53,9,156,95,97,19,428,880,148,1863,319,282,70,3556,172,39,396,222,317,42,1184,453,157,879,335,395,54,2272,866
LGA51400,80,3,124,0,0,9,6,22,0,38,0,0,0,0,7,0,10,0,0,7,17,11,0,40,0,0,4,4,25,0,37,8,3,44,10,58,5,129,0,0,25,15,48,0,89,6,8,50,37,53,8,163,40,75,229,62,162,16,582,75,62,355,178,319,26,1018,0,3,9,5,22,0,41,9,9,27,37,80,5,155,4,0,13,11,31,22,78,152,172,909,497,1246,121,3107,5,6,32,22,92,5,156,15,7,75,72,338,5,506,11,7,73,59,277,19,446,8,0,8,22,83,0,120,4,3,39,67,501,24,643,3,0,11,13,66,0,94,5,0,63,51,241,15,382,0,5,32,27,122,4,187,3,0,29,27,117,8,187,0,0,3,9,14,0,28,0,3,18,20,19,0,64,0,0,11,8,30,5,54,17,5,93,39,93,8,254,0,6,32,14,87,8,148,11,18,90,76,150,9,352,64
LGA51470,5,0,5,0,0,0,0,0,0,0,0,0,0,0,0,0,0,0,0,0,0,0,0,0,0,0,0,0,0,0,0,0,0,0,0,0,0,0,0,0,0,0,0,0,3,0,0,0,3,0,0,6,0,5,5,0,3,0,18,0,0,6,0,0,0,10,0,0,0,0,0,0,0,0,0,0,0,3,0,4,0,0,0,0,0,0,0,5,4,21,4,24,6,69,0,0,5,5,25,4,33,0,0,0,0,6,0,7,0,0,0,0,0,0,0,0,0,0,0,0,0,0,0,0,0,0,6,0,10,0,0,0,0,7,0,9,0,0,0,0,7,0,6,0,0,0,0,5,0,5,0,0,0,0,0,0,3,0,0,0,0,0,0,0,0,0,0,0,0,0,0,0,0,0,0,0,0,0,0,0,3,0,4,0,4,0,0,0,0,0,0,3,0,0,0,9,3,0,12,0
LGA51540,25,3,54,0,0,9,8,4,0,16,0,0,0,0,0,0,0,0,0,0,3,4,0,6,0,0,0,0,4,0,6,3,4,4,3,7,0,21,4,0,14,3,10,0,26,4,3,18,11,22,3,69,7,7,51,14,30,0,115,9,14,41,19,44,8,138,0,0,3,5,3,0,11,0,0,3,3,10,0,12,0,0,5,4,4,7,25,35,31,198,92,235,51,642,0,0,25,17,79,15,138,0,0,4,3,58,3,72,0,0,0,4,16,0,24,0,0,6,7,24,0,34,0,0,4,7,83,4,94,0,0,0,0,7,6,11,0,0,15,8,51,10,89,5,0,23,5,59,3,97,0,0,11,9,38,0,67,0,0,0,0,0,0,5,0,0,0,3,8,0,13,0,0,5,7,4,0,11,3,4,11,3,16,0,30,4,0,18,13,32,0,60,10,5,33,30,49,5,130,13
LGA51610,3,0,5,0,0,0,0,4,0,0,0,0,0,0,0,0,0,0,0,0,0,0,0,0,0,0,0,0,4,0,4,0,0,6,3,4,0,11,0,0,0,3,0,0,6,0,0,0,8,6,0,9,0,6,17,11,15,4,56,0,5,22,15,13,3,51,0,0,0,0,0,0,0,0,0,0,0,10,0,14,0,0,0,0,0,0,3,7,10,75,53,79,14,233,3,0,14,7,29,7,66,0,0,0,4,29,4,37,0,0,0,4,14,0,15,0,0,0,0,3,0,3,0,0,4,4,33,0,47,0,0,3,0,8,0,16,0,0,4,3,15,0,27,0,0,0,0,6,0,12,0,0,0,0,17,0,21,0,0,0,0,0,0,4,0,0,0,0,3,0,0,0,0,0,4,4,0,4,0,0,8,3,8,0,20,0,0,0,3,5,0,10,0,0,4,8,17,0,32,4
LGA51680,19,6,34,0,0,3,7,16,3,23,0,0,0,0,0,0,0,0,0,3,6,4,0,22,0,0,5,3,7,3,13,4,0,13,14,23,3,54,0,5,0,8,10,3,21,4,5,13,16,21,4,59,7,13,58,15,41,6,145,10,8,50,48,52,6,186,0,0,4,3,3,0,10,0,0,6,8,18,3,38,0,0,0,0,22,9,34,31,38,196,197,348,55,869,7,0,31,19,64,10,124,4,0,19,37,151,8,221,0,0,8,16,67,0,100,0,0,4,9,10,0,21,0,0,16,24,159,13,213,0,0,8,13,30,0,57,4,0,6,14,47,8,77,0,0,6,10,27,6,45,0,0,6,13,48,5,66,0,0,0,0,4,0,9,0,0,10,10,8,0,29,0,0,5,3,10,3,19,5,0,21,27,39,5,98,3,5,4,9,25,9,48,7,9,22,37,50,4,124,7
LGA51710,0,5,4,0,0,3,0,5,0,8,0,0,0,0,0,0,0,0,0,0,0,0,0,0,0,0,0,0,0,0,0,0,0,0,0,0,0,9,0,0,0,3,7,0,7,14,11,16,20,30,0,90,7,4,14,4,11,0,37,0,0,4,4,5,0,17,0,0,0,0,0,0,7,0,0,0,0,0,0,0,0,0,0,0,0,0,5,20,11,52,41,75,12,219,0,0,0,0,0,0,3,0,0,10,10,35,0,51,0,0,0,0,0,0,0,0,0,3,0,17,0,18,0,0,5,6,28,7,44,0,0,0,0,3,0,3,0,0,0,0,3,0,8,0,0,6,0,4,5,10,3,0,8,3,21,3,34,0,0,0,0,0,0,0,0,0,0,0,0,0,0,0,0,0,0,0,0,0,3,0,0,4,0,0,12,0,0,0,6,15,0,20,16,13,37,30,72,3,172,3
LGA51750,15,4,64,5,3,8,6,3,0,22,9,3,8,4,0,0,17,8,5,42,9,0,0,64,3,0,25,6,4,3,47,79,24,165,20,8,9,305,4,8,22,6,5,4,47,28,9,62,11,8,0,118,101,46,137,28,21,5,344,126,59,313,52,28,13,597,8,0,27,6,7,7,47,4,0,21,17,12,3,55,12,6,29,7,4,11,68,452,196,1084,230,152,66,2171,3,4,15,7,3,0,32,107,18,185,21,17,4,359,16,13,62,9,11,3,104,10,6,18,3,0,0,38,30,6,89,27,54,4,209,9,4,34,14,9,0,70,22,7,112,34,43,5,226,11,0,67,17,26,4,135,11,3,27,14,12,4,78,11,5,21,3,3,0,41,34,9,118,26,4,6,197,12,8,68,23,16,4,125,196,59,456,42,20,16,789,10,10,45,13,14,4,87,56,19,101,16,22,3,216,145
LGA51820,356,39,855,18,11,94,103,170,16,415,10,8,35,16,18,4,83,48,21,210,141,160,23,606,16,9,68,81,119,19,299,241,81,716,227,282,40,1581,26,14,148,140,185,27,543,155,109,573,228,289,40,1392,469,477,1540,484,745,78,3797,583,434,2548,1091,1316,168,6138,23,9,110,62,107,15,331,31,24,185,204,540,29,1015,51,17,192,130,204,112,708,1993,1326,7870,3876,5899,782,21749,23,7,47,35,84,17,213,264,67,730,380,1333,79,2857,167,53,638,435,1552,106,2950,59,18,136,78,223,15,534,147,44,571,536,2704,150,4143,79,20,243,174,516,36,1069,154,40,656,520,1193,93,2663,75,11,418,355,698,69,1627,94,38,339,323,862,71,1721,32,5,111,54,70,4,278,100,43,413,248,229,39,1067,20,12,130,140,242,24,566,597,149,1687,575,620,101,3724,49,29,291,233,429,54,1082,311,186,1005,528,820,81,2935,736
LGA51860,5,0,11,0,0,0,0,0,0,3,0,0,0,0,4,0,4,0,0,0,0,0,0,0,0,0,0,0,0,0,0,0,0,0,0,0,0,0,0,0,0,0,0,0,6,4,5,0,0,6,0,12,3,0,10,0,5,0,20,0,0,0,0,0,0,5,0,0,0,0,0,0,0,0,0,0,0,0,0,0,0,0,3,0,0,0,8,8,6,19,9,22,8,71,0,0,0,0,5,0,5,0,0,0,0,0,0,0,0,0,0,0,0,0,0,0,0,0,4,9,0,7,0,0,0,0,12,0,14,0,0,0,0,0,0,5,0,0,3,0,7,0,9,0,0,3,0,8,0,14,0,0,3,0,0,0,10,0,0,0,0,3,0,3,0,0,0,0,0,0,0,0,0,0,0,0,0,0,0,0,0,0,0,0,0,0,0,0,0,3,3,8,4,5,0,3,12,4,25,3
LGA51890,55,4,72,0,0,0,3,11,0,16,0,0,0,0,0,0,5,0,0,0,0,9,0,11,0,0,0,0,3,0,6,0,0,5,5,16,0,22,0,0,0,5,11,0,14,7,0,3,14,29,0,62,5,19,61,34,88,4,206,4,9,56,40,120,12,237,0,0,0,0,11,0,12,0,0,0,13,38,0,57,0,0,3,5,11,5,18,19,36,154,154,557,37,959,0,0,0,7,11,0,25,0,4,18,31,304,17,361,6,0,6,14,141,3,171,0,0,9,9,141,0,167,0,0,3,11,128,6,144,0,0,0,6,13,0,14,0,0,14,6,88,10,116,0,0,4,12,71,3,95,0,0,0,3,49,3,51,0,0,0,0,0,0,0,0,0,0,0,9,0,13,0,0,0,0,9,0,12,0,0,4,13,31,0,52,0,0,0,5,30,0,35,4,4,8,18,67,0,107,12
LGA51960,16,0,11,0,0,0,0,7,0,3,0,0,0,0,0,0,0,0,0,0,0,0,0,3,0,0,0,0,9,0,6,0,0,0,0,0,0,5,0,0,0,5,8,0,7,0,0,0,6,12,0,22,0,7,15,11,18,8,66,0,0,9,10,7,3,32,0,0,0,0,0,0,3,0,0,0,0,0,0,5,0,0,0,0,5,5,15,5,11,46,42,138,32,275,0,0,0,0,4,0,4,14,0,36,26,226,17,317,0,0,3,3,28,0,37,0,0,0,0,0,0,0,0,0,0,4,25,4,28,0,0,0,3,7,0,8,0,0,4,3,8,0,25,0,0,0,3,12,0,17,0,0,5,4,15,6,22,0,0,0,0,0,0,0,0,0,0,0,0,0,3,0,0,0,0,11,0,9,0,0,0,0,6,0,10,0,0,0,5,10,0,15,0,0,5,8,32,4,48,0
LGA52030,3,6,7,0,0,0,0,0,0,5,0,0,0,0,0,0,0,0,0,0,0,0,0,0,0,0,0,0,0,0,0,0,0,0,0,0,0,5,0,0,0,0,0,0,0,0,0,5,3,4,0,12,0,4,12,0,5,0,18,0,0,0,0,0,0,0,0,0,0,0,0,0,0,0,0,0,3,0,0,6,0,0,4,0,4,0,6,3,4,39,19,40,8,111,0,0,16,9,34,8,72,0,0,0,0,18,0,18,0,0,0,0,5,0,4,0,0,0,0,3,0,3,0,0,0,0,16,4,17,0,0,0,0,3,0,9,0,0,5,0,3,0,11,0,0,0,0,9,0,10,0,0,0,0,3,0,3,0,0,0,0,0,0,0,0,0,0,0,0,0,0,0,0,0,0,0,0,5,0,0,0,0,0,0,3,0,0,0,0,6,0,3,0,0,5,4,13,0,16,0
LGA52100,4,0,15,0,0,0,0,0,0,4,0,0,0,0,0,0,0,0,0,0,4,0,0,9,0,0,0,0,0,0,0,0,0,0,0,0,0,6,0,0,0,0,0,0,0,0,0,5,4,3,0,8,4,3,16,4,5,0,32,0,0,6,10,9,0,25,0,0,0,0,0,0,0,0,0,0,0,6,0,4,0,0,0,0,0,0,0,7,7,45,33,55,3,149,0,0,19,14,38,0,76,0,0,0,0,5,0,5,0,0,0,0,4,0,4,0,0,0,0,0,0,0,0,0,0,0,10,0,16,0,0,0,0,15,0,22,0,0,4,4,10,0,14,0,0,0,4,4,0,13,4,0,0,0,10,0,17,0,0,0,0,0,0,0,0,0,0,5,0,0,5,0,0,0,0,0,0,0,0,0,3,0,0,0,4,0,0,0,0,0,0,0,0,0,7,4,15,0,20,4
LGA52170,8,4,44,0,0,6,0,3,0,14,0,7,13,5,0,0,23,4,5,32,5,5,0,56,3,3,35,3,6,3,55,53,10,138,18,12,0,238,3,5,12,3,0,0,21,23,3,34,0,3,4,67,57,35,112,22,14,0,238,92,38,254,36,20,16,450,7,0,21,0,0,0,31,7,0,20,8,8,0,45,10,8,25,4,3,10,57,298,131,870,147,117,48,1611,4,3,31,0,9,3,51,63,12,155,8,23,3,263,11,4,39,18,16,6,91,3,4,17,0,0,0,33,14,5,65,24,51,0,170,6,3,22,4,4,0,35,17,6,78,21,17,0,137,7,0,47,8,24,4,94,8,0,26,18,10,5,59,6,7,20,0,4,0,36,35,17,114,24,9,10,204,11,5,84,21,21,6,144,149,23,334,36,20,7,572,7,5,22,4,6,3,48,50,7,55,13,5,5,141,85
LGA52240,6,0,9,0,0,0,0,5,0,8,0,0,0,0,0,0,0,0,0,0,0,0,0,3,0,0,0,0,0,0,0,0,0,4,0,0,0,4,0,0,0,0,0,0,0,0,0,0,3,0,0,5,0,4,7,0,7,0,24,0,0,6,0,9,0,17,0,0,0,0,0,0,0,0,0,0,4,0,0,4,0,0,0,0,3,0,3,0,7,37,21,56,14,138,0,0,28,25,72,6,134,0,0,0,0,3,0,4,0,0,4,6,5,0,25,0,0,0,0,0,0,0,0,0,0,5,8,0,10,0,0,0,0,0,0,6,0,0,0,0,0,0,4,0,0,0,0,7,0,6,0,0,0,0,5,3,12,0,0,0,0,0,0,0,0,0,0,0,0,0,3,0,0,0,0,0,0,0,0,0,4,0,0,0,4,0,0,0,0,0,0,0,0,0,5,3,10,0,14,0
LGA52310,3,0,7,0,0,0,0,0,0,4,0,0,0,0,0,0,0,0,0,0,0,0,0,0,0,0,0,0,0,0,0,3,0,0,0,0,0,7,0,0,4,0,0,0,3,0,0,3,0,4,0,8,0,3,4,8,4,0,23,0,4,11,4,8,0,29,0,0,0,0,0,0,0,0,0,0,0,0,0,3,0,0,0,0,3,0,9,3,6,31,16,52,3,110,0,3,12,13,33,4,68,0,0,0,0,7,0,7,0,0,0,0,0,0,7,0,0,0,0,0,0,0,0,0,0,4,5,0,10,0,0,0,0,0,0,3,0,0,0,6,8,0,16,0,0,0,0,7,0,10,0,0,0,0,5,0,10,0,0,0,0,0,0,0,0,0,0,0,0,0,0,0,0,0,0,0,0,0,5,0,0,0,0,0,3,0,0,4,0,0,0,3,0,0,6,0,6,0,11,0
LGA52380,0,0,6,0,0,0,0,0,0,0,0,0,0,0,0,0,0,0,0,0,0,0,0,0,0,0,0,0,0,0,0,0,0,0,0,0,0,0,0,0,0,0,0,0,0,0,0,0,3,0,0,4,0,0,0,0,0,3,5,0,0,0,0,0,0,0,0,0,0,0,0,0,0,0,0,0,0,0,0,0,0,0,0,0,0,0,0,0,0,4,4,8,4,17,0,0,0,0,0,0,0,0,0,0,0,21,4,31,0,0,0,0,0,0,0,0,0,0,0,0,0,0,0,0,0,0,0,0,0,0,0,0,0,0,0,0,0,0,0,0,0,0,0,0,0,0,3,0,0,6,0,0,0,0,0,0,0,0,0,0,0,0,0,0,0,0,0,0,0,0,0,0,0,0,0,0,0,0,0,0,0,0,0,0,0,0,0,0,0,4,0,4,6,0,5,3,0,0,11,0
LGA52450,0,0,0,0,0,0,0,0,0,0,0,0,0,0,5,0,3,0,0,0,0,0,0,0,0,0,0,0,0,0,0,0,0,0,0,0,0,0,0,0,0,0,0,0,0,0,0,5,3,6,0,8,4,0,17,0,15,0,40,0,6,8,4,6,0,21,0,0,0,0,0,0,0,0,0,0,0,3,0,3,0,0,0,0,0,0,0,5,8,41,14,55,3,123,0,0,19,11,39,3,76,0,0,0,0,6,3,10,0,0,3,0,16,3,26,0,0,0,0,8,0,8,0,0,0,0,14,0,16,0,0,0,0,7,0,12,0,0,3,0,5,0,11,0,0,0,0,0,0,7,0,0,0,0,4,0,5,0,0,0,0,5,0,3,0,0,0,0,5,0,5,0,0,0,0,0,0,0,0,0,0,0,5,0,5,0,0,0,0,0,0,0,0,0,3,3,7,0,12,3
LGA52520,5,0,11,0,0,0,0,0,0,3,0,0,0,0,0,0,0,0,0,4,0,0,0,6,0,0,0,0,0,0,0,0,0,0,0,0,0,3,0,0,0,0,0,0,4,0,0,0,0,3,0,5,0,4,21,4,5,0,37,5,0,11,3,7,0,28,0,0,4,0,0,0,4,0,0,0,0,3,0,4,0,0,0,0,0,0,0,7,7,62,27,49,10,164,0,0,29,16,51,0,97,0,0,5,0,3,0,13,0,0,8,3,19,11,43,0,0,0,0,0,0,0,0,0,0,0,8,0,7,0,0,6,0,11,0,13,0,0,0,5,8,0,9,0,0,4,0,7,0,11,0,0,0,0,0,0,4,0,0,0,0,0,0,0,0,0,4,0,0,0,3,0,0,0,0,0,0,0,0,0,0,0,0,3,7,0,0,0,0,0,0,3,0,0,0,0,3,0,10,0
LGA52590,19,0,49,0,0,0,5,8,0,13,0,0,0,0,0,0,0,0,0,0,3,0,0,8,0,0,0,3,3,0,5,0,0,11,5,4,0,21,0,0,4,0,0,0,6,0,0,7,5,10,3,28,0,15,36,15,16,4,80,3,3,24,14,21,3,65,0,0,5,0,4,0,10,0,0,0,0,10,0,12,0,0,4,4,6,0,13,12,21,126,91,155,24,438,0,6,38,32,85,13,171,0,0,8,16,61,3,92,0,0,0,4,19,4,25,0,0,0,3,14,0,22,0,4,6,9,69,3,86,0,0,6,0,5,0,13,0,0,3,10,35,0,49,3,0,11,22,35,4,77,0,0,0,5,16,0,21,0,0,0,0,0,0,0,0,0,0,3,6,0,7,0,0,0,9,7,3,13,0,0,11,5,9,0,29,0,0,4,0,3,3,15,0,0,20,15,30,3,65,4
LGA52660,70,3,102,0,3,4,14,28,0,43,0,0,3,5,7,0,16,0,0,3,10,18,0,39,0,4,4,6,26,5,43,0,4,32,17,31,0,81,0,0,7,8,27,0,44,7,11,30,22,60,0,127,13,34,131,57,125,7,366,18,35,192,115,230,15,606,0,0,4,4,16,5,32,0,3,13,19,70,10,104,0,0,14,10,22,17,67,62,96,547,369,1032,86,2190,7,3,24,12,57,7,111,8,4,37,49,307,3,410,14,0,47,53,354,13,482,0,4,16,17,85,7,130,4,4,34,47,410,13,507,0,0,8,13,45,4,71,12,0,35,40,212,9,307,3,0,25,26,100,6,154,3,0,10,27,113,10,172,0,0,4,7,12,0,29,0,0,12,18,23,0,58,0,4,4,15,41,3,68,5,8,67,34,65,8,191,0,0,13,7,58,3,79,10,7,52,43,108,4,225,14
LGA52730,41,7,88,0,0,6,5,4,0,15,0,0,0,4,0,0,6,0,0,3,0,0,0,11,0,0,0,3,0,4,8,9,0,23,12,13,0,58,0,0,7,10,11,0,26,7,4,22,8,8,5,53,29,23,69,25,33,4,179,29,23,70,47,52,9,228,0,0,4,0,3,0,18,5,0,7,9,13,4,35,7,4,5,9,4,9,36,97,68,299,187,248,47,960,6,6,34,24,51,7,132,8,6,15,8,56,6,84,6,0,43,12,39,5,102,0,0,5,0,4,0,8,0,0,18,19,145,0,181,0,0,5,0,15,0,21,3,0,24,23,40,3,92,7,3,23,20,71,10,138,0,0,10,5,25,3,43,0,0,3,4,5,0,12,0,0,12,0,7,0,25,0,0,0,8,8,4,19,13,8,58,18,23,5,126,3,0,15,18,25,4,60,10,10,37,20,36,7,119,34
LGA52800,6,3,28,0,0,0,0,4,3,5,0,0,0,0,0,0,5,0,0,0,0,4,0,3,0,0,0,0,3,0,5,0,0,0,0,3,0,12,0,0,0,0,13,0,18,3,6,18,20,31,0,76,20,23,81,10,47,5,187,25,15,78,20,49,3,189,3,0,11,3,10,5,25,0,0,4,8,15,0,23,0,0,0,0,3,12,22,59,40,229,99,215,35,675,0,0,5,13,26,8,50,0,0,0,0,24,0,25,0,0,0,0,7,0,5,0,0,4,0,7,3,15,0,0,7,4,64,5,82,0,0,0,0,6,0,6,6,0,14,11,32,5,64,9,0,9,14,23,3,55,7,3,4,6,23,5,42,0,0,0,0,4,0,4,0,0,0,0,4,0,3,0,0,0,5,8,0,4,3,0,0,0,8,0,15,0,0,0,4,22,0,28,3,6,28,30,86,8,168,26
LGA52870,32,0,51,0,0,4,3,13,4,22,0,0,0,0,0,0,0,0,0,0,3,3,4,11,0,0,0,4,5,0,15,0,5,18,11,7,0,37,0,3,3,5,12,3,29,0,6,22,10,27,0,59,10,20,55,22,34,3,150,14,17,58,36,76,9,217,0,0,5,0,8,0,10,0,0,6,4,17,4,34,0,0,8,0,9,5,26,39,58,248,166,345,44,901,5,5,45,31,86,12,184,8,3,14,29,146,6,211,0,0,12,14,52,3,86,0,0,4,14,17,0,34,0,0,4,18,118,4,150,0,0,5,4,13,0,25,0,0,13,13,51,5,91,3,0,15,19,41,9,81,0,0,4,7,37,3,58,0,0,0,4,4,0,7,0,5,0,3,7,4,17,0,0,4,7,13,0,24,5,5,28,12,16,0,64,0,3,12,13,35,4,69,0,10,37,25,41,0,115,17
LGA52940,0,0,5,0,0,0,0,0,0,4,0,0,0,0,0,0,0,0,0,0,0,0,0,0,0,0,0,0,0,0,0,0,0,0,0,0,0,0,0,0,0,0,0,0,0,0,0,0,5,0,0,5,0,0,12,0,7,0,21,0,0,9,7,3,0,21,0,0,0,0,0,0,0,0,0,0,0,0,0,0,0,0,0,0,0,0,0,3,3,28,19,19,0,78,0,3,10,12,34,7,64,0,0,0,0,6,0,6,0,0,0,0,3,0,6,0,0,0,0,0,0,0,0,0,0,0,5,0,3,0,0,0,0,3,0,9,0,0,0,0,0,0,4,0,0,0,0,0,0,0,0,0,0,0,3,0,8,0,0,0,0,0,0,0,0,0,0,0,0,0,0,0,0,0,0,0,0,0,0,0,0,0,0,0,3,0,0,0,0,0,0,0,0,0,0,4,10,0,18,0
LGA53010,0,0,0,0,0,0,0,0,0,3,0,0,0,0,0,0,0,0,0,0,0,0,0,4,0,0,0,0,0,0,0,0,0,0,0,0,0,0,0,0,0,0,0,0,0,0,0,0,4,4,0,10,0,0,10,0,3,0,18,0,0,7,0,9,0,18,0,0,0,0,0,0,0,0,0,0,0,5,0,5,0,0,0,0,0,0,0,0,0,37,15,28,5,87,4,0,27,6,33,7,74,0,0,0,0,0,0,0,0,0,0,0,0,0,0,0,0,0,0,0,0,0,0,0,0,0,5,0,3,0,0,0,0,7,0,5,0,0,4,0,0,0,4,0,0,0,0,0,0,0,0,0,0,0,0,0,3,0,0,0,0,0,0,0,0,0,0,0,0,0,4,0,0,0,0,0,0,0,0,0,6,0,0,0,6,0,0,0,0,0,0,0,0,0,0,8,8,0,16,0
LGA53080,4,4,10,0,0,0,0,0,0,0,0,0,0,0,0,0,0,0,0,0,0,0,0,0,0,0,0,0,0,0,0,0,0,0,0,0,0,0,0,0,0,0,0,0,0,0,0,0,0,0,0,0,0,0,0,0,6,0,7,0,0,3,0,3,0,11,0,0,0,0,0,0,0,0,0,0,0,0,0,0,0,0,0,0,3,0,7,3,5,14,5,20,9,55,0,0,4,0,3,0,4,0,0,5,4,8,0,16,0,0,0,0,0,0,0,0,0,0,0,0,0,0,0,0,0,0,5,0,11,0,0,0,0,0,0,0,0,0,0,0,7,0,13,0,0,4,0,15,7,28,0,0,0,0,0,0,0,0,0,0,0,0,0,0,0,0,0,0,0,0,0,0,0,0,0,0,0,0,0,0,0,0,0,0,0,0,0,0,0,0,0,0,0,0,3,4,0,0,15,0
LGA53150,23,8,64,0,0,9,6,6,0,20,9,0,14,0,4,0,30,4,6,17,9,6,0,36,0,0,17,10,11,0,33,30,12,84,22,20,6,169,4,0,10,4,13,0,31,24,9,56,3,11,4,103,67,62,146,23,22,0,317,83,45,217,46,36,12,441,7,8,17,3,0,0,41,3,0,13,5,18,0,45,3,0,16,7,9,6,43,251,167,755,191,210,45,1621,3,0,14,0,3,0,19,33,8,118,25,38,6,231,3,4,39,13,42,3,106,7,0,17,0,3,0,25,14,6,56,35,83,5,196,4,0,30,7,10,0,50,7,7,60,21,39,9,137,0,4,27,27,52,8,119,4,4,20,26,23,5,79,9,4,20,5,6,0,42,12,10,49,21,8,4,100,0,0,27,12,24,0,79,86,24,232,42,30,7,422,3,0,21,4,15,0,52,43,22,95,15,36,7,212,103
LGA53220,22,5,53,0,0,5,6,11,0,19,0,0,0,0,0,0,3,0,0,0,0,0,0,0,0,0,10,6,7,5,19,5,0,12,5,9,0,32,0,0,19,18,28,4,68,4,0,11,14,27,0,58,7,8,61,16,24,7,128,8,10,37,27,40,7,122,0,0,0,3,13,0,14,0,3,6,8,11,0,26,0,0,0,4,5,7,8,57,28,258,190,402,54,980,0,0,7,9,34,5,51,56,18,204,175,1067,49,1563,0,0,5,3,21,0,34,0,0,3,3,23,0,32,13,0,29,35,215,8,295,0,0,7,7,63,0,77,4,0,22,18,42,6,82,5,0,32,18,54,5,116,0,0,7,10,36,0,58,0,0,0,0,0,0,3,0,0,0,0,0,0,0,0,0,13,9,28,5,50,10,0,23,16,43,0,86,0,0,27,19,59,10,112,10,9,20,28,39,5,102,20
LGA53290,71,7,122,0,0,18,12,32,4,62,0,0,0,0,5,0,9,3,0,9,5,13,0,30,0,0,5,8,13,6,30,5,3,23,11,26,0,72,0,0,4,5,16,8,42,8,4,33,25,25,5,98,14,47,153,63,85,5,362,12,22,118,73,140,10,378,6,0,4,0,10,5,19,0,0,3,22,58,0,89,0,0,17,13,23,8,61,58,102,517,349,775,95,1892,11,15,129,92,317,45,606,0,4,8,11,107,10,142,4,0,15,7,73,3,105,3,0,6,7,39,0,55,0,0,9,28,229,24,286,0,0,16,24,111,5,159,3,4,26,37,139,15,221,4,0,16,31,116,13,181,3,0,29,43,219,16,307,0,0,0,0,9,0,14,3,4,15,8,13,0,49,0,0,8,9,23,3,39,8,0,43,26,44,4,129,0,0,6,5,38,7,62,10,13,61,50,77,3,208,26
LGA53360,33,11,94,0,0,15,10,14,3,46,0,0,0,0,0,0,0,0,0,4,0,3,0,5,0,0,8,3,7,0,15,0,3,6,5,10,4,31,0,0,8,8,12,5,32,4,4,16,0,26,0,53,7,14,39,7,17,0,78,10,3,28,13,19,5,74,3,0,6,5,0,0,11,0,0,0,5,11,0,18,4,0,7,0,7,4,29,40,25,191,92,190,35,573,4,0,8,5,10,4,31,0,0,4,7,35,0,45,0,0,8,3,10,0,23,0,0,0,0,11,0,8,4,0,9,16,81,5,111,0,0,3,0,7,0,13,0,0,19,13,36,10,82,9,0,48,26,61,11,154,7,0,24,22,44,7,106,0,0,0,0,3,0,3,0,0,4,0,3,0,5,0,0,8,3,10,0,25,3,3,20,23,67,3,123,0,0,13,6,27,0,51,12,4,32,17,53,0,117,4
LGA53430,103,14,333,10,8,33,18,26,0,95,11,0,40,6,10,0,72,10,3,43,35,11,4,106,6,4,28,18,19,11,83,180,53,409,61,46,9,752,11,7,49,29,37,8,131,105,45,187,48,50,13,443,344,226,533,125,96,21,1342,319,138,826,226,190,34,1726,30,12,96,20,26,5,187,23,11,84,43,102,5,264,37,10,99,30,26,28,232,1204,580,2966,868,939,168,6722,8,3,49,19,26,0,108,154,40,306,74,189,17,779,62,17,151,97,217,7,556,26,9,55,22,30,0,145,36,20,201,147,438,18,867,18,4,70,31,58,7,191,32,15,202,91,170,22,534,30,12,212,110,212,26,601,28,14,94,90,135,12,385,21,8,86,22,22,0,152,39,9,111,47,26,4,244,12,4,68,43,36,15,176,421,84,910,151,122,26,1710,16,6,100,52,92,12,272,183,85,338,125,128,16,882,548
LGA53570,10,6,25,0,0,4,9,6,6,16,0,0,0,0,0,0,0,0,0,0,0,0,0,5,0,0,0,3,7,0,14,5,0,8,5,11,0,30,0,0,8,4,8,4,27,5,0,14,11,9,0,36,3,10,34,15,15,0,81,7,3,30,24,17,0,89,0,0,4,3,0,0,8,0,0,0,8,15,0,24,0,0,5,4,5,11,27,29,28,186,132,209,47,639,19,12,93,60,128,41,345,8,0,23,14,127,4,170,4,0,7,6,53,4,70,0,0,0,0,11,0,16,3,0,3,11,125,7,156,0,0,0,0,14,4,19,0,0,10,5,31,5,58,0,3,8,6,16,3,38,0,0,4,10,23,8,40,0,0,0,0,6,0,9,0,0,0,4,0,0,8,0,0,0,3,6,0,16,4,0,13,7,13,3,47,0,0,6,11,21,5,43,3,0,16,19,25,0,70,4
LGA53640,0,0,9,0,0,0,0,0,0,0,0,0,0,0,0,0,0,0,0,0,0,0,0,0,0,0,0,0,0,0,0,0,0,4,0,0,0,0,0,0,0,0,0,0,3,0,0,3,0,4,0,10,3,0,11,7,6,0,32,4,0,12,0,6,0,16,0,0,0,0,0,0,0,0,0,0,0,0,0,6,0,0,0,0,0,0,6,9,10,51,24,44,7,141,5,0,41,19,51,10,129,0,0,0,0,0,0,0,0,0,0,0,3,0,7,0,0,0,0,0,0,0,0,0,0,0,18,0,20,0,0,3,0,19,0,27,0,0,0,0,5,0,6,0,0,0,0,0,0,6,0,0,0,0,7,0,7,0,0,0,0,0,0,0,0,0,0,0,0,0,0,0,0,0,0,0,0,0,0,0,0,0,0,0,5,0,0,0,0,5,0,8,0,0,3,3,6,0,17,3
LGA53710,4,0,3,0,0,0,0,0,0,3,0,0,0,0,0,0,0,0,0,0,0,0,0,3,0,0,0,0,0,0,0,0,0,3,0,5,0,6,0,0,0,0,0,0,0,0,0,3,3,4,0,8,3,0,5,0,10,0,22,3,0,11,9,4,6,25,0,0,0,0,0,0,0,0,0,0,0,8,0,8,0,0,0,0,0,0,0,0,4,27,22,55,15,124,0,4,9,7,31,9,59,0,0,0,0,7,0,12,0,0,3,0,0,0,3,0,0,0,0,0,0,0,0,0,0,0,13,0,21,0,0,3,0,5,0,11,0,0,0,0,4,0,9,0,0,0,0,3,0,8,0,0,0,0,4,0,11,0,0,0,0,0,0,0,0,0,0,0,0,0,3,0,0,0,0,0,0,0,0,0,4,0,5,0,7,0,0,0,0,3,0,0,0,0,3,8,9,0,16,3
LGA53780,393,36,947,48,9,114,85,193,15,458,11,5,30,11,26,0,85,47,21,178,83,116,13,458,16,3,63,55,89,10,237,163,44,465,171,206,29,1076,51,10,171,116,193,27,581,128,56,364,194,261,37,1039,350,252,968,373,660,66,2659,451,233,1953,1016,1366,177,5203,14,3,98,57,91,5,277,39,17,140,157,351,30,730,60,14,183,96,188,117,652,1733,764,5970,3172,5413,691,17749,16,3,40,33,74,4,163,218,42,550,278,1017,64,2171,187,29,545,364,1233,88,2446,49,14,101,62,174,13,405,155,31,445,345,2027,104,3105,77,20,240,180,531,27,1066,230,37,747,469,1154,113,2755,113,23,419,466,784,70,1875,211,37,561,543,892,95,2336,40,12,110,68,83,5,316,112,33,308,157,168,27,797,43,3,114,86,208,17,469,452,93,1187,436,450,79,2689,98,22,305,227,433,56,1151,280,108,717,449,668,81,2300,552
LGA53800,170,17,286,7,4,18,18,59,6,113,3,8,5,8,13,0,32,3,4,6,26,48,5,96,0,4,7,14,30,6,57,9,22,84,43,81,6,244,0,0,12,25,62,3,100,17,21,92,100,138,10,371,80,121,476,167,353,30,1224,114,117,626,377,555,52,1851,3,4,9,9,19,3,49,0,3,17,67,137,7,234,4,4,21,30,60,19,136,257,329,1566,1091,2292,216,5751,3,0,67,64,249,29,417,17,9,48,89,615,25,794,3,0,22,26,228,9,284,0,0,5,18,86,5,118,0,4,40,111,868,22,1049,3,4,37,20,190,7,264,24,6,90,95,523,33,781,9,3,69,77,305,32,493,19,5,57,98,419,24,628,0,8,15,16,34,0,75,7,6,21,48,55,7,147,6,4,8,23,59,6,98,36,32,179,103,176,17,535,0,4,19,43,160,10,237,36,41,175,208,342,25,831,124
LGA53920,4,0,14,0,0,0,0,0,0,0,0,0,0,0,0,0,0,0,0,0,0,0,0,0,0,0,0,0,0,0,0,0,0,0,0,0,0,0,0,0,6,4,3,0,6,0,0,7,0,9,0,25,8,11,37,0,19,3,89,3,4,16,3,24,3,57,0,0,0,0,0,0,3,0,0,0,0,0,0,5,0,0,0,0,3,8,10,16,22,84,22,82,19,241,0,0,4,4,13,0,19,3,0,0,0,17,0,24,0,0,0,0,0,0,3,0,0,0,0,0,0,0,0,0,3,0,18,4,26,0,0,0,0,0,0,3,0,0,3,0,7,0,16,0,0,9,8,17,0,30,0,0,0,5,3,0,7,0,0,0,0,4,0,4,0,0,0,0,0,0,0,0,0,0,0,5,0,8,0,0,5,0,0,0,10,0,0,4,5,9,0,18,10,6,10,10,24,0,51,14
LGA53990,114,5,160,0,0,6,8,42,4,63,0,0,4,0,7,0,12,0,0,7,24,20,5,62,0,4,3,10,40,3,55,8,9,49,32,57,3,159,0,3,12,11,53,4,83,11,12,55,49,98,3,227,37,106,309,113,246,12,819,60,43,327,192,492,31,1143,0,0,12,13,38,0,55,6,4,16,48,110,3,186,0,0,12,12,36,23,86,152,195,1068,716,1929,149,4210,5,7,58,48,147,24,295,24,6,89,100,672,28,915,29,16,229,147,731,54,1193,8,3,14,22,151,6,208,15,6,60,94,718,31,921,0,0,10,16,108,0,135,8,6,71,74,322,26,510,0,0,27,32,176,10,249,7,0,13,31,166,11,233,0,0,6,5,17,0,30,3,0,17,42,29,9,96,0,4,5,15,63,7,92,17,11,111,60,122,10,324,3,4,15,20,98,3,141,20,16,97,110,206,16,457,54
LGA54060,18,3,35,0,0,0,7,5,0,7,0,0,0,0,0,0,0,0,0,0,0,0,0,0,0,0,0,7,3,0,7,0,0,4,0,5,0,13,0,0,4,0,4,0,9,0,0,5,4,9,0,23,4,8,31,13,23,3,87,3,3,25,24,30,6,90,0,0,0,4,0,0,4,0,0,0,4,11,0,14,0,0,0,0,8,7,14,11,19,100,97,157,26,409,0,0,19,17,34,9,88,3,0,6,5,85,3,108,0,0,0,6,29,0,41,0,0,0,0,14,0,13,0,0,0,18,53,5,83,0,0,0,3,3,0,9,0,0,4,10,43,4,63,0,0,0,11,34,0,55,0,0,3,9,23,0,39,0,0,0,0,0,0,0,0,0,0,0,0,0,0,0,0,0,8,5,0,14,5,0,15,0,7,0,28,0,0,4,5,7,0,13,3,5,8,6,15,0,40,5
LGA54130,4,0,11,0,0,0,0,0,0,3,0,0,0,0,0,0,3,0,0,0,0,0,0,0,0,0,0,0,0,0,0,0,0,4,3,0,0,4,0,0,0,0,5,0,5,0,0,0,4,6,0,5,0,3,19,0,10,0,39,0,0,4,0,3,0,13,0,0,0,0,0,0,0,0,0,0,0,0,0,0,0,0,0,0,0,0,5,0,4,59,27,55,8,154,4,5,45,16,67,8,139,0,0,0,0,5,4,3,0,0,0,0,0,0,3,0,0,0,0,4,0,6,0,0,5,0,16,4,23,0,0,0,0,3,0,5,0,0,4,3,5,0,6,0,0,0,3,15,0,21,0,0,0,0,5,0,10,0,0,0,0,0,0,3,0,0,0,0,0,0,0,0,0,0,0,0,0,3,0,0,3,3,0,0,8,0,0,0,0,6,0,7,0,0,0,3,9,5,18,0
LGA54170,426,50,921,21,18,103,85,110,10,347,13,3,86,37,32,3,179,55,35,318,256,247,38,959,10,10,124,150,163,24,488,302,135,1094,397,404,50,2391,40,28,222,187,268,40,789,244,185,778,335,353,57,1957,705,876,2688,821,987,104,6179,737,518,3244,1467,1485,252,7706,23,16,164,89,131,15,439,55,45,251,305,621,41,1303,48,26,248,164,207,103,795,2568,2064,11014,5483,7063,995,29184,11,6,55,49,85,12,213,423,158,1251,570,1658,97,4150,148,40,461,393,1193,63,2303,94,31,248,125,282,22,802,167,79,954,968,4641,186,6991,67,27,355,192,559,40,1235,138,48,833,596,1424,138,3181,62,17,386,345,856,85,1749,102,48,370,339,682,59,1598,33,15,198,124,181,8,561,167,91,753,542,388,66,2013,39,18,257,261,303,43,918,907,286,2851,967,919,139,6063,78,46,407,313,617,64,1516,461,322,1472,861,1054,131,4302,1149
LGA54200,196,11,356,15,12,57,72,155,13,319,3,0,21,14,15,0,64,11,3,52,65,60,7,197,3,6,22,30,74,11,147,66,23,280,94,138,25,623,11,10,48,51,97,13,230,58,50,209,115,161,16,617,200,207,649,237,391,36,1721,164,140,859,481,597,64,2304,6,7,62,31,64,3,172,18,12,55,115,218,13,427,18,7,66,47,97,37,275,676,519,2910,1792,3026,345,9272,7,6,30,27,60,5,138,106,46,348,212,892,49,1663,48,23,177,179,650,37,1118,8,0,37,44,111,5,216,34,11,190,235,1235,51,1761,33,16,96,105,371,18,643,39,14,224,189,584,53,1100,21,5,126,98,330,21,599,49,20,178,212,588,42,1088,10,5,49,40,56,3,159,27,7,106,99,89,15,346,12,6,42,64,138,17,274,175,55,641,233,293,48,1453,22,18,83,92,230,19,455,118,85,356,248,390,37,1234,290
LGA54280,110,23,232,0,0,15,17,59,4,100,0,0,5,0,5,0,12,0,0,14,11,17,0,38,0,0,3,20,41,10,80,15,9,65,31,54,6,179,3,3,15,19,57,8,111,20,7,64,63,98,13,263,53,86,315,72,182,13,728,90,55,325,189,220,26,912,0,0,9,18,25,4,52,0,3,16,33,106,3,166,7,3,14,23,49,26,121,263,197,1156,706,1563,197,4086,0,0,3,8,13,4,24,183,44,465,247,1649,74,2659,15,3,55,57,276,15,428,4,0,6,3,79,3,104,3,0,50,57,541,19,670,0,0,19,19,214,3,264,17,11,53,51,255,30,405,13,0,87,56,182,26,359,11,4,47,51,233,20,357,0,0,12,0,14,0,33,5,4,16,21,21,0,58,0,0,8,30,114,12,169,34,11,124,53,121,9,355,3,3,23,31,97,9,162,38,16,109,117,209,15,509,88
LGA54310,68,13,182,0,3,15,28,65,3,121,0,0,6,3,4,0,18,0,0,6,3,8,0,21,0,0,7,19,38,3,78,7,6,31,18,30,0,96,0,4,28,29,64,11,135,20,16,79,64,81,12,270,53,68,280,69,145,11,628,60,64,213,93,121,14,566,0,0,11,10,19,7,47,4,0,28,34,73,0,140,8,3,19,18,40,21,98,204,189,1006,570,1192,138,3299,0,0,0,3,15,0,9,69,32,311,242,1505,56,2213,14,5,46,25,130,6,236,14,5,30,19,84,5,158,9,3,49,79,604,20,776,0,0,11,12,85,6,113,18,0,79,38,164,21,324,10,0,82,60,146,20,318,9,4,59,76,211,19,380,0,0,10,6,9,0,34,0,0,6,6,14,0,27,4,0,24,23,82,5,140,10,13,56,40,77,4,197,5,10,30,44,143,19,250,32,23,131,135,177,16,515,69
LGA54340,18,0,28,0,0,0,0,4,0,3,0,0,0,0,0,0,0,0,0,0,0,3,0,4,0,0,0,0,6,0,4,0,0,0,4,3,0,11,0,0,0,0,7,0,3,3,5,12,4,9,0,27,9,12,38,12,35,3,107,6,7,45,25,26,3,113,0,0,0,0,3,0,8,0,0,0,3,13,0,19,0,0,0,0,5,0,8,21,22,114,66,185,27,436,0,0,13,18,71,10,111,0,0,0,0,7,0,7,0,0,8,5,58,21,89,0,0,0,0,15,0,15,0,0,0,6,40,0,45,0,3,4,4,33,4,43,0,0,6,4,43,4,61,0,0,9,3,24,0,32,0,0,3,3,20,0,24,0,0,0,0,5,0,3,0,0,0,0,5,0,10,0,0,0,3,8,0,7,0,0,9,4,10,0,25,0,0,0,0,13,0,15,4,6,14,10,28,0,60,15
LGA54410,6,0,12,0,0,0,0,0,0,0,0,0,0,0,0,0,0,0,0,0,0,0,0,3,0,0,0,0,0,0,0,0,0,0,0,0,0,0,0,0,0,0,0,0,0,0,0,6,0,5,0,9,0,0,20,3,9,0,32,6,0,13,6,11,0,27,0,0,0,0,4,0,4,0,0,0,0,4,0,4,0,0,0,0,6,0,0,7,3,43,11,52,3,122,0,0,11,4,31,5,50,0,0,0,0,11,0,7,0,0,0,0,11,0,14,0,0,0,0,8,0,8,0,0,0,0,14,0,13,0,0,0,0,0,0,3,0,0,3,0,3,0,5,0,0,0,0,11,0,15,0,0,0,0,6,0,5,0,0,0,0,0,0,0,0,0,0,0,0,0,3,0,0,0,0,0,0,3,0,0,5,0,0,0,3,0,0,0,0,0,0,4,0,0,8,0,11,0,21,0
LGA54480,0,0,0,0,0,0,0,0,0,0,0,0,0,0,0,0,0,0,0,0,0,0,0,0,0,0,0,0,0,0,0,0,0,0,0,0,0,0,0,0,0,0,0,0,0,0,0,0,0,0,0,3,0,4,3,3,10,0,18,0,0,8,3,0,0,12,0,0,0,0,0,0,0,0,0,0,0,0,0,0,0,0,0,0,0,0,0,0,4,26,11,14,0,65,3,4,28,19,30,6,87,0,0,0,0,3,0,3,0,0,0,0,0,0,0,0,0,0,0,0,0,0,0,0,0,0,0,0,0,0,0,0,0,0,0,0,0,0,0,0,0,0,0,0,0,0,0,0,0,4,0,0,0,0,0,0,0,0,0,0,0,0,0,0,0,0,0,0,0,0,0,0,0,0,0,0,0,0,0,0,0,0,0,0,0,0,0,0,0,0,0,0,0,0,0,5,5,0,9,0
LGA54550,3,0,5,0,0,0,0,0,0,9,0,0,0,0,0,0,0,0,0,0,3,0,0,8,0,0,0,0,0,0,0,0,0,8,0,3,0,13,0,0,0,0,0,0,0,0,0,3,3,6,0,6,0,5,30,3,5,0,51,3,0,19,9,12,0,40,0,0,0,0,0,0,0,3,0,4,3,0,0,11,0,0,7,0,4,0,6,8,10,120,47,69,15,267,0,6,79,41,89,20,230,0,0,0,0,4,0,3,0,0,0,0,13,4,21,0,0,0,0,4,0,4,0,0,0,4,12,0,23,0,0,0,3,4,0,9,0,0,5,3,9,0,18,0,0,0,9,8,0,16,0,0,5,0,5,0,15,0,0,0,0,0,0,0,0,0,0,3,0,0,8,0,0,0,0,0,0,0,0,5,13,0,3,0,19,0,0,0,0,3,0,3,0,0,9,5,7,3,20,0
LGA54620,5,4,8,0,0,0,4,0,0,6,0,0,0,0,0,0,0,0,0,0,0,0,0,0,0,0,0,0,0,0,0,0,0,4,0,0,0,4,0,0,3,0,0,0,0,0,0,5,6,0,0,4,3,0,8,5,5,0,17,0,0,8,3,3,0,12,0,0,0,0,0,0,0,0,0,0,0,0,0,3,0,0,0,0,0,0,4,9,5,36,30,32,4,107,3,0,21,16,30,5,77,0,0,6,0,3,0,10,0,0,0,3,7,0,6,0,0,0,0,4,0,4,0,0,0,0,7,0,12,0,0,0,0,0,0,5,0,0,3,4,5,0,6,0,0,0,0,9,4,10,0,0,0,4,3,0,7,0,0,0,0,0,0,0,0,0,0,0,0,0,0,0,0,0,0,0,0,0,0,0,4,0,0,0,6,0,0,0,0,0,0,3,0,0,0,3,4,0,12,3
LGA54690,0,0,0,0,0,0,0,0,0,0,0,0,0,0,0,0,0,0,0,0,0,0,0,0,0,0,0,0,0,0,0,0,0,0,0,0,0,0,0,0,0,0,3,0,3,0,0,0,0,9,0,5,0,0,5,0,3,0,13,0,0,4,0,0,0,3,0,0,0,0,0,0,0,0,0,0,0,0,0,0,0,0,0,0,0,0,0,0,0,9,5,25,5,47,0,0,10,0,13,4,30,0,0,0,0,4,0,4,0,0,0,0,0,0,0,0,0,0,0,0,0,0,0,0,0,0,0,0,0,0,0,0,0,5,0,3,0,0,0,0,4,4,9,0,0,0,0,0,0,0,0,0,0,0,3,0,5,0,0,0,0,0,0,0,0,0,0,0,0,0,0,0,0,0,0,0,0,0,0,0,0,0,0,0,0,0,0,0,0,3,0,3,0,0,0,0,9,0,13,0
LGA54760,4,0,5,0,0,0,0,0,0,0,0,0,0,0,0,0,0,0,0,0,3,4,0,0,0,0,0,0,0,0,0,0,0,0,0,0,0,3,0,0,0,0,0,0,0,0,0,5,0,0,0,8,0,4,17,5,3,5,31,0,0,10,0,0,0,17,0,0,0,0,0,0,0,0,0,0,0,0,0,0,0,0,0,0,0,0,0,3,5,46,16,31,3,107,0,8,25,14,43,0,90,0,0,0,0,0,0,0,0,0,0,0,0,0,0,0,0,0,0,0,0,3,0,0,0,0,7,0,3,0,0,0,0,5,0,7,0,0,3,0,4,0,5,0,0,0,0,4,0,7,0,0,0,0,0,0,7,0,0,0,0,0,0,0,0,0,0,3,4,0,7,0,0,0,0,0,0,0,0,0,0,0,0,0,3,0,0,0,0,3,0,3,0,0,9,3,6,0,19,7
LGA54830,167,17,328,8,3,31,31,72,9,153,9,3,7,0,5,0,31,18,4,53,36,84,9,198,0,0,23,30,29,6,86,54,11,149,46,78,6,347,14,6,65,57,107,18,265,39,18,128,73,143,18,411,101,121,326,144,225,19,935,142,111,740,428,684,66,2173,8,3,31,10,31,3,88,11,12,45,69,159,7,292,12,8,40,39,85,33,220,490,336,2040,1266,2503,262,6900,5,0,21,10,50,0,97,60,10,183,118,561,29,952,42,14,243,148,639,45,1133,12,0,44,22,87,8,170,32,12,168,135,904,43,1289,17,6,57,56,198,13,350,52,13,195,160,509,31,968,32,5,121,119,309,34,619,34,5,126,159,316,37,683,9,3,36,10,36,3,99,27,6,95,51,105,9,304,3,5,31,43,77,10,173,127,32,348,129,197,19,838,25,4,110,79,198,22,433,81,33,256,182,396,36,984,142
LGA54900,3,0,8,0,0,0,4,0,0,8,0,0,0,0,0,0,0,0,0,4,0,3,0,6,0,0,0,0,0,0,3,0,0,0,0,0,0,0,0,0,0,0,0,0,0,0,0,0,3,3,0,8,0,5,14,4,8,0,34,0,0,9,10,3,0,29,0,0,4,0,0,0,4,0,0,0,0,4,0,4,0,0,0,0,0,0,0,0,6,80,41,46,11,186,0,0,36,29,73,15,154,0,0,0,0,0,0,0,0,0,0,0,0,0,5,0,0,0,0,0,0,0,0,0,0,0,19,0,19,0,0,4,0,11,3,17,0,0,4,6,16,0,20,0,0,4,5,3,0,15,0,0,0,4,12,0,22,0,0,0,0,0,0,0,0,0,4,0,3,0,7,0,0,0,0,0,0,3,0,0,0,0,0,0,0,0,0,0,0,0,0,0,0,0,5,4,6,0,21,3
LGA54970,0,0,4,0,0,0,0,0,0,3,0,0,0,0,0,0,0,0,0,0,0,0,0,0,0,0,0,0,0,0,0,0,0,0,0,0,0,0,0,0,0,0,0,0,0,0,0,0,0,4,0,8,0,0,8,0,0,3,13,0,0,4,0,0,5,11,0,0,0,0,0,0,0,0,0,0,0,0,0,0,0,0,0,0,0,0,0,0,0,26,14,33,4,86,0,0,0,0,4,0,4,9,4,33,36,103,4,187,0,0,0,0,3,0,6,0,0,0,0,0,0,0,0,0,0,0,6,0,7,0,0,0,0,0,0,0,0,0,0,0,0,0,0,0,0,10,0,9,0,13,0,0,0,0,6,0,7,0,0,0,0,0,0,0,0,0,0,0,0,0,0,0,0,0,0,0,0,0,0,0,0,0,0,0,5,0,0,0,0,0,0,4,0,0,4,5,14,0,16,0
LGA55040,3,0,9,0,0,0,0,0,0,0,0,0,0,0,0,0,0,0,0,0,0,0,0,0,0,0,0,0,3,0,8,0,0,0,0,0,0,0,0,0,0,0,5,0,6,0,0,3,6,0,0,12,4,3,8,3,6,0,33,0,0,0,7,6,0,16,0,0,0,0,0,0,0,0,0,0,0,0,0,0,0,0,0,0,0,0,0,8,7,28,31,54,4,136,0,0,0,0,9,0,5,9,0,21,24,97,6,149,0,0,3,7,27,0,37,0,0,0,0,4,0,4,0,0,0,4,15,0,18,0,0,0,0,0,0,0,0,0,0,0,4,0,4,0,0,0,4,12,0,18,0,0,0,5,5,0,10,0,0,0,0,0,0,0,0,0,0,0,0,0,0,0,0,0,0,0,0,9,0,0,0,0,0,0,6,0,0,0,3,15,4,23,0,0,4,12,6,0,28,4
LGA55110,354,38,624,9,0,27,44,80,10,158,3,4,11,5,13,7,38,7,5,41,64,59,13,190,4,4,30,54,119,17,228,37,35,144,120,157,10,504,8,12,63,77,208,16,379,39,36,183,116,226,30,631,137,249,837,323,583,58,2182,163,157,983,743,1272,102,3417,8,3,32,32,79,12,158,6,9,53,133,323,21,551,14,5,53,73,129,75,342,524,565,2951,2369,4775,545,11722,3,4,31,27,81,9,142,64,28,256,399,1811,87,2654,67,29,231,232,1192,54,1793,7,3,37,49,198,8,306,18,20,131,283,1701,74,2234,14,0,36,54,183,10,306,44,5,221,298,1015,96,1683,22,14,162,181,642,65,1083,25,7,81,124,391,32,649,6,3,19,11,46,3,93,19,5,68,112,95,14,306,7,8,54,95,196,25,378,90,46,319,243,313,32,1033,17,12,100,122,388,32,665,85,72,306,279,507,55,1300,212
LGA55180,49,3,108,0,0,3,0,7,0,21,0,0,0,0,0,0,3,0,0,4,0,5,0,9,0,0,0,0,8,0,13,3,0,18,4,10,4,38,0,0,6,7,13,0,27,4,3,23,12,23,3,76,21,20,85,25,63,8,220,14,11,74,59,109,9,278,0,5,4,6,12,0,18,0,0,6,8,30,0,38,3,0,8,4,14,7,41,66,52,317,217,517,74,1234,11,7,87,63,247,26,438,0,0,7,7,59,4,75,4,0,9,15,71,5,105,0,0,0,6,9,0,12,0,0,7,12,150,7,175,0,0,0,3,32,3,41,0,3,22,15,112,16,167,4,4,34,39,82,12,174,0,0,9,7,57,0,78,0,0,0,0,4,0,12,0,0,4,0,7,0,10,0,0,3,7,10,4,22,10,3,26,16,21,5,76,0,0,11,6,25,4,51,12,8,42,52,76,3,190,28
LGA55250,3,0,14,0,0,0,0,0,0,0,0,0,0,0,0,0,0,0,0,0,0,0,0,0,0,0,0,0,0,0,0,0,0,0,0,0,0,0,0,0,0,0,3,0,0,0,0,4,0,0,0,5,5,0,10,0,8,0,24,4,0,4,8,5,0,19,0,0,0,0,0,0,0,0,0,0,0,0,0,0,0,0,0,0,0,3,4,8,0,35,14,30,4,97,0,0,0,0,6,0,8,11,0,11,3,64,3,95,0,0,0,0,0,0,0,0,0,0,0,0,0,0,0,0,0,0,7,0,8,0,0,0,0,0,0,0,0,0,8,7,5,0,17,0,0,12,6,19,0,41,0,0,0,0,4,0,7,0,0,0,0,0,0,0,0,0,0,0,0,0,0,0,0,0,0,0,0,0,0,0,0,0,0,0,5,0,0,0,0,0,0,7,0,0,7,4,3,0,13,11
LGA55320,222,27,706,33,18,104,62,84,13,318,11,10,66,14,19,3,119,68,29,257,114,77,9,551,22,5,142,96,124,19,410,373,123,1014,217,185,41,1961,29,13,126,71,86,17,350,205,128,525,172,169,30,1222,674,545,1768,396,408,71,3864,785,437,2458,694,616,125,5127,31,14,131,53,70,7,313,44,26,195,162,249,19,698,65,19,233,87,89,92,587,2783,1531,8785,2818,3069,585,19576,27,8,71,21,40,9,162,540,141,1157,260,597,41,2729,214,50,600,240,629,40,1775,76,36,193,73,90,7,480,176,54,771,406,1381,81,2877,102,26,314,128,268,26,869,161,47,875,370,645,89,2187,94,20,501,254,432,57,1358,129,45,406,243,374,51,1248,40,16,159,54,52,9,325,169,79,567,256,141,30,1243,73,14,314,191,227,27,847,969,260,2620,504,397,85,4837,83,31,260,129,234,33,765,398,244,1019,390,401,60,2513,1118
LGA55390,3,0,3,0,0,0,0,0,0,0,0,0,0,0,0,0,0,0,0,0,0,0,0,0,0,0,0,0,0,0,0,0,0,0,0,0,0,0,0,0,0,0,5,0,5,0,0,0,0,3,0,7,0,0,0,0,0,5,7,0,0,0,4,0,0,3,0,0,0,0,0,0,0,0,0,0,0,0,0,0,0,0,0,0,0,0,0,3,0,8,4,13,5,27,0,0,0,0,0,0,0,4,0,12,10,62,0,90,0,0,0,0,0,0,0,0,0,0,0,0,0,0,0,0,4,0,7,0,11,0,0,0,0,0,0,0,0,0,0,0,0,0,0,0,0,0,0,10,0,7,0,0,0,0,0,0,0,0,0,0,0,0,0,0,0,0,0,0,0,0,0,0,0,0,0,0,0,0,0,0,0,0,0,0,0,0,0,0,0,10,0,6,0,0,3,0,5,0,6,0
LGA55460,17,7,20,0,0,0,0,4,0,8,0,0,0,0,0,0,0,0,0,0,0,3,0,3,0,0,0,0,0,0,0,0,0,4,0,11,0,17,0,0,0,0,3,0,6,4,0,8,6,0,0,27,3,7,42,7,28,3,86,0,8,27,23,27,3,86,0,0,0,0,0,0,7,0,0,0,0,14,0,22,0,0,0,0,0,0,0,17,19,108,48,154,22,371,6,0,28,8,50,3,94,0,0,3,0,19,0,23,0,0,0,0,20,4,27,0,0,4,0,30,0,35,3,0,5,0,38,4,44,0,0,3,4,35,0,39,0,0,4,6,27,6,45,0,0,5,3,24,4,32,0,0,0,4,41,3,53,0,0,0,0,6,0,10,0,0,0,0,0,0,11,0,0,0,0,0,0,0,3,0,10,0,8,0,22,0,0,0,0,15,0,16,10,0,18,15,13,0,63,3
LGA55530,0,0,0,0,0,0,0,4,0,4,0,0,0,0,0,0,0,0,0,0,0,0,0,0,0,0,0,0,0,0,0,0,0,0,0,0,0,4,0,0,0,0,0,0,0,0,0,0,0,0,0,0,0,0,0,0,4,0,3,0,0,5,0,4,0,7,0,0,0,0,0,0,0,0,0,0,0,0,0,0,0,0,0,0,0,0,0,0,3,21,11,20,0,49,0,3,23,5,19,0,47,0,0,3,0,0,0,3,0,0,0,0,3,0,10,0,0,0,0,0,0,0,0,0,0,0,0,0,0,0,0,0,0,3,0,0,0,0,0,0,0,0,5,0,0,0,0,3,0,3,0,0,0,0,3,0,3,0,0,0,0,0,0,0,0,0,0,0,0,0,0,0,0,0,0,0,0,0,0,0,0,0,0,0,4,0,0,0,0,0,0,0,4,0,3,0,6,0,11,0
LGA55600,4,4,8,0,0,0,0,7,0,8,0,0,0,0,0,0,0,0,0,7,0,0,0,14,0,0,0,0,0,0,0,0,0,3,0,6,0,5,0,0,0,0,8,0,9,0,0,3,5,9,0,21,4,7,36,5,24,0,84,4,4,15,14,23,0,56,0,0,0,0,0,0,0,0,0,0,0,4,0,10,0,0,0,5,0,3,4,14,14,93,41,110,16,291,3,0,42,22,65,10,148,0,0,0,0,10,0,10,0,0,0,0,3,0,11,0,0,0,3,7,4,10,0,0,4,0,27,0,34,0,0,0,8,22,0,29,0,0,0,4,20,4,33,0,0,0,0,3,0,4,0,0,0,0,15,0,23,0,0,0,0,0,0,0,0,0,9,0,8,0,12,0,0,0,0,0,0,0,3,0,4,3,3,0,13,0,0,0,0,9,0,9,0,0,3,6,17,0,32,4
LGA55670,0,0,0,0,0,0,0,0,0,0,0,0,0,0,0,0,0,0,0,0,0,0,0,0,0,0,0,0,0,0,0,0,0,0,0,0,0,0,0,0,0,0,0,0,0,0,0,4,0,0,0,3,4,5,6,3,8,3,32,0,0,5,0,7,0,12,0,0,0,0,0,0,0,0,0,0,0,0,0,0,0,0,0,0,0,0,0,5,6,21,12,25,6,73,0,0,10,4,17,4,43,0,0,0,0,0,0,0,0,0,0,0,0,0,0,0,0,0,0,0,0,0,0,0,0,0,3,0,3,0,0,0,0,5,0,5,0,0,0,0,9,0,12,0,0,0,0,0,0,0,0,0,0,0,0,0,3,0,0,0,0,0,0,0,0,0,0,0,0,0,0,0,0,0,0,0,0,0,0,0,0,0,0,0,0,0,0,4,0,0,0,3,0,0,4,0,8,3,10,4
LGA55740,21,4,75,0,0,4,0,0,0,15,3,0,5,0,0,0,14,6,3,19,11,5,0,46,0,0,12,11,9,0,38,45,11,114,24,7,12,211,3,4,17,7,12,5,46,26,3,48,5,7,0,90,79,43,145,24,13,6,309,121,40,234,47,35,14,489,4,0,9,4,0,0,25,9,9,27,6,21,0,68,14,5,22,5,7,7,58,369,148,835,197,156,48,1755,4,0,15,3,10,0,39,82,14,144,11,24,5,273,15,8,41,18,27,0,111,8,3,15,0,3,0,35,30,10,57,29,60,3,182,10,4,39,9,9,3,74,20,4,86,35,42,7,193,8,4,49,37,34,3,136,11,3,37,9,15,0,74,9,0,12,9,3,4,30,24,8,65,20,3,3,128,15,3,47,21,17,3,104,154,34,274,35,14,18,531,3,4,33,9,20,5,72,39,14,101,9,19,0,184,120
LGA55810,0,0,5,0,0,0,0,0,0,0,0,0,0,0,0,0,0,0,0,0,0,0,0,0,0,0,0,0,0,0,0,0,0,0,0,0,0,0,0,0,0,0,0,0,5,0,0,0,3,3,0,4,3,0,6,0,0,0,14,0,0,3,3,0,0,6,0,0,0,0,0,0,0,0,0,0,0,0,0,0,0,0,0,0,0,0,3,3,0,19,9,13,4,52,0,0,0,0,4,0,8,0,0,4,4,18,3,31,0,0,0,0,0,0,0,0,0,0,0,0,0,0,0,0,0,0,5,0,10,0,0,0,0,0,0,0,0,0,0,0,8,0,4,0,0,5,0,0,0,0,0,0,0,0,3,0,3,0,0,0,0,0,0,0,0,0,0,0,0,0,0,0,0,0,0,0,0,0,0,0,0,0,0,0,0,0,0,0,0,0,0,5,0,0,6,3,3,4,11,3
LGA55880,0,0,0,0,0,0,0,3,0,3,0,0,0,0,0,0,0,0,0,0,0,0,0,0,0,0,0,0,0,0,0,0,0,0,0,0,0,0,0,0,0,0,0,0,0,0,0,0,0,0,0,5,0,0,7,0,3,0,10,0,3,3,0,3,0,14,0,0,0,0,0,0,0,0,0,0,0,3,0,3,0,0,0,0,0,0,3,0,5,22,6,28,4,61,0,0,12,10,25,3,50,0,0,0,0,0,0,0,0,0,0,0,0,0,0,0,0,0,0,0,0,0,0,0,0,0,10,0,7,0,0,0,0,6,0,6,0,0,0,0,4,0,7,0,0,0,0,0,0,0,0,0,0,0,3,0,6,0,0,0,0,0,0,0,0,0,0,0,0,0,0,0,0,0,0,0,0,0,0,0,0,0,0,0,4,0,0,0,0,0,0,0,0,0,0,0,0,0,4,0
LGA55950,0,0,0,0,0,0,0,0,0,0,0,0,0,0,0,0,0,0,0,0,0,0,0,3,0,0,0,0,0,0,0,0,0,0,0,0,0,0,0,0,0,0,0,0,0,0,0,3,0,0,0,4,0,4,12,5,5,0,20,0,0,5,0,0,0,6,0,0,0,0,0,0,0,0,0,0,0,0,0,0,0,0,0,0,0,0,3,0,4,22,15,16,3,60,0,0,6,5,26,0,39,0,0,0,0,8,0,10,0,0,0,0,0,0,0,0,0,0,0,0,0,0,0,0,0,0,6,0,7,0,0,0,0,6,0,6,0,0,0,4,0,0,5,0,0,0,0,0,0,0,0,0,0,0,3,0,5,0,0,0,0,0,0,0,0,0,0,0,0,0,3,0,0,0,0,0,0,0,0,0,0,0,0,0,5,0,0,0,0,0,0,0,0,0,3,0,6,0,9,0
LGA56090,126,12,203,0,9,31,27,63,8,130,0,0,20,4,13,0,37,6,10,21,33,25,5,105,7,0,12,28,43,6,94,45,29,160,72,100,13,416,3,4,35,37,51,10,142,62,46,146,114,135,4,507,142,147,476,178,238,32,1214,117,109,547,293,372,57,1497,10,3,39,17,26,3,101,3,11,47,68,186,12,328,10,7,47,39,63,23,185,470,413,1868,1188,1922,236,6092,10,4,24,16,44,7,103,71,47,259,160,655,30,1223,23,14,86,91,405,17,645,13,4,25,15,69,3,130,11,7,79,171,783,33,1088,10,3,53,60,236,10,377,14,6,134,116,367,28,667,4,6,43,50,217,19,329,8,11,77,103,291,19,512,8,0,33,19,39,0,99,19,9,65,65,45,5,207,5,4,25,49,92,7,183,121,47,389,163,204,32,953,3,6,67,57,147,9,298,104,93,249,233,348,22,1050,221
LGA56160,0,0,3,0,0,0,0,0,0,0,0,0,0,0,0,0,0,0,0,0,0,0,0,0,0,0,0,0,0,0,0,0,0,0,0,0,0,0,0,0,0,0,0,0,0,0,0,0,0,4,0,6,0,0,0,0,4,0,7,0,0,0,0,0,0,0,0,0,0,0,0,0,0,0,0,0,0,0,0,0,0,0,0,0,0,0,0,0,0,0,0,8,0,10,0,0,0,4,0,0,6,0,0,0,0,0,0,0,0,0,0,0,0,0,0,0,0,0,0,0,0,0,0,0,0,0,0,0,0,0,0,0,0,0,0,0,0,0,0,0,0,0,0,0,0,0,0,0,0,5,0,0,0,0,0,0,0,0,0,0,0,0,0,0,0,0,0,0,0,0,0,0,0,0,0,0,0,0,0,0,0,0,0,0,0,0,0,0,0,0,0,0,0,5,0,0,3,0,4,0
LGA56230,70,5,122,0,0,6,3,17,0,26,0,0,0,0,0,0,0,0,0,4,13,9,0,23,0,0,0,12,27,8,45,12,5,20,13,48,3,101,0,0,7,11,37,5,58,0,7,20,35,51,3,111,23,44,110,62,119,18,367,17,20,131,115,210,14,513,0,0,5,11,17,5,38,3,0,16,19,75,7,118,0,0,7,9,36,6,61,61,94,414,404,1031,112,2121,0,0,29,22,58,19,130,3,4,42,73,460,16,605,16,7,34,59,348,16,477,0,0,7,6,42,7,54,0,0,15,37,330,12,397,0,0,4,9,43,0,51,5,0,21,33,198,15,272,0,5,23,27,111,13,177,3,0,3,10,69,10,96,0,0,0,3,7,0,18,0,0,9,15,11,0,37,0,0,7,16,41,8,73,21,13,42,29,80,9,184,0,0,8,21,76,4,111,6,11,33,59,127,8,235,25
LGA56300,10,0,16,0,0,0,0,0,0,3,0,0,0,0,0,0,0,0,0,0,0,0,0,0,0,0,0,5,3,0,4,0,0,3,5,0,0,6,0,0,0,4,5,0,9,0,0,3,0,0,0,5,0,7,7,4,8,0,25,8,4,9,14,8,0,44,0,0,0,0,0,0,0,0,0,0,0,4,0,4,5,0,0,0,0,0,5,16,19,47,45,52,5,189,0,0,14,7,26,3,55,0,0,6,0,11,0,21,0,0,3,3,18,5,33,0,0,0,0,0,0,0,0,0,5,4,21,0,27,0,0,0,0,0,0,3,0,0,0,3,8,0,9,0,0,7,9,13,3,28,0,0,0,3,5,0,9,0,0,0,0,0,0,3,0,0,0,0,0,0,0,0,0,0,5,3,0,9,0,0,9,9,4,0,16,0,0,0,5,5,0,9,3,4,5,3,14,0,31,7
LGA56370,0,0,3,0,0,0,0,0,0,0,0,0,0,0,0,0,0,0,0,0,0,0,0,0,0,0,0,0,0,0,0,0,0,4,0,0,0,3,0,0,0,0,0,0,0,0,0,0,0,8,0,11,3,0,13,0,0,0,20,0,0,4,6,3,0,16,0,0,0,0,0,0,0,0,0,0,0,0,0,0,0,0,0,0,0,0,6,3,6,31,17,24,6,90,0,0,17,9,31,3,61,0,0,0,0,0,0,5,0,0,0,0,5,0,3,0,0,0,0,0,0,0,0,0,0,0,6,0,13,0,0,4,0,0,0,5,0,0,0,0,0,0,0,0,0,3,3,3,0,6,0,0,0,0,0,0,0,0,0,0,0,0,0,0,0,0,0,0,0,0,0,0,0,0,0,0,0,0,0,0,4,0,0,0,3,0,0,0,0,0,0,0,0,0,0,0,8,0,12,3
LGA56460,14,4,22,0,0,3,6,3,0,16,0,0,0,0,4,0,3,0,0,0,4,12,4,22,0,0,0,3,3,0,8,0,0,6,3,10,0,22,0,0,0,4,0,0,5,3,0,10,5,20,0,43,7,18,56,20,41,4,143,9,5,89,39,70,8,225,0,0,4,0,3,0,6,0,0,0,13,13,0,27,0,0,0,5,11,8,16,24,37,200,128,251,30,673,8,3,41,20,76,12,155,0,0,10,0,21,0,32,0,0,5,7,28,11,46,0,0,0,0,18,0,23,0,0,4,5,62,4,80,0,0,9,3,28,0,43,0,0,8,16,45,10,74,0,0,4,8,17,6,33,0,0,8,11,27,0,43,0,0,0,3,4,0,7,4,0,3,17,14,0,32,0,0,3,3,10,0,14,0,0,11,3,11,0,31,0,0,0,4,9,0,11,7,7,23,20,41,0,96,10
LGA56580,20,0,105,3,0,18,7,0,4,32,10,0,23,3,0,0,33,19,13,70,22,7,4,126,16,3,49,28,8,0,105,152,46,343,43,19,11,608,7,6,21,15,11,5,61,69,17,104,14,11,4,216,204,78,282,54,39,10,675,334,105,678,103,56,20,1296,14,12,28,5,8,0,70,13,0,53,14,26,3,112,24,5,69,13,6,6,136,998,338,2105,404,271,88,4203,15,3,16,8,3,6,43,247,43,382,31,37,8,747,39,11,108,28,29,5,210,28,14,53,3,5,0,101,59,17,159,44,93,13,374,17,3,63,17,23,6,125,33,11,187,39,49,10,337,19,5,108,33,57,8,231,15,6,60,13,11,4,111,14,8,41,11,3,0,80,62,34,216,40,9,6,373,37,13,129,57,30,6,273,399,94,879,105,45,20,1546,17,13,53,20,22,5,126,124,23,190,62,77,13,491,363
LGA56620,0,0,0,0,0,0,0,0,0,0,0,0,0,0,0,0,0,0,0,0,0,0,0,0,0,0,0,0,0,0,0,0,0,0,0,0,0,0,0,0,0,0,0,0,0,0,0,0,0,0,0,3,4,6,13,0,3,0,27,0,0,4,0,7,0,15,0,0,0,0,5,0,3,0,0,4,0,0,0,3,0,0,0,0,0,0,0,5,9,26,8,19,0,62,0,0,0,0,0,0,0,0,0,0,0,0,0,3,0,0,0,0,0,0,0,0,0,0,0,0,0,0,0,0,0,0,0,0,0,0,0,0,0,0,0,0,0,0,0,0,8,0,9,0,0,0,0,0,0,0,0,0,0,0,0,0,0,0,0,0,0,5,0,5,0,0,0,0,0,0,0,0,0,0,0,0,0,0,0,0,0,0,0,0,0,0,0,0,5,0,0,5,0,0,5,6,11,0,20,6
LGA56730,40,6,68,0,0,4,3,12,0,25,0,4,0,0,0,0,5,0,0,10,0,8,0,26,0,0,0,5,10,4,20,5,7,10,12,25,5,63,0,0,3,6,14,9,30,9,8,32,28,63,6,150,22,25,78,29,66,11,225,36,17,91,79,101,18,330,0,0,3,0,5,3,13,0,0,3,8,39,4,50,0,0,5,3,12,15,37,75,63,302,230,544,93,1308,3,0,25,14,46,12,102,0,3,15,16,107,5,144,0,0,13,9,101,5,128,4,0,7,7,52,0,64,5,0,4,21,179,8,221,0,0,7,6,52,0,72,0,3,16,25,123,8,176,0,0,14,14,70,8,106,0,5,3,10,87,8,112,0,3,0,0,4,0,13,0,0,13,6,11,0,27,0,0,0,5,18,8,34,13,12,36,16,41,5,114,0,0,5,10,26,9,49,19,7,51,52,134,14,283,29
LGA56790,15,10,44,0,0,0,3,0,0,6,0,0,0,0,0,0,0,0,0,0,0,0,0,0,0,0,0,0,0,0,4,0,5,0,0,3,0,6,0,0,0,0,7,0,13,0,0,5,4,9,0,19,4,11,28,8,24,0,77,6,4,21,12,21,4,68,3,0,0,0,0,0,5,0,0,0,4,9,0,9,0,0,0,0,5,0,9,10,23,78,66,125,28,326,5,5,26,10,69,12,125,0,0,5,0,35,3,46,0,0,0,3,0,0,10,0,0,0,0,0,0,0,0,3,0,7,50,4,64,0,0,0,3,6,0,5,0,0,5,5,19,6,26,0,0,17,19,36,9,83,0,0,0,5,14,0,21,0,0,0,0,0,0,0,0,0,0,0,0,0,0,0,0,0,3,5,0,9,0,5,3,0,0,0,9,0,0,6,0,14,0,20,0,0,9,15,13,0,38,3
LGA56860,0,0,0,0,0,0,0,0,0,0,0,0,0,0,0,0,0,0,0,0,0,0,0,0,0,0,0,0,0,0,0,0,0,0,0,0,0,0,0,0,0,0,0,0,0,0,0,0,0,3,0,4,0,0,0,0,4,0,3,0,0,7,0,4,0,8,0,0,0,0,0,0,0,0,0,0,0,0,0,0,0,0,0,0,0,0,0,0,0,6,12,10,3,32,0,0,0,0,7,0,14,0,0,0,0,0,0,4,0,0,0,0,0,0,0,0,0,0,0,0,0,0,0,0,0,0,0,0,0,0,0,0,0,6,0,6,0,0,0,0,0,0,0,0,0,0,0,0,0,4,0,0,0,0,0,0,0,0,0,0,0,0,0,0,0,0,0,0,0,0,0,0,0,0,0,0,0,0,0,0,0,0,0,0,0,0,0,0,0,0,0,0,0,0,0,0,6,0,11,0
LGA56930,0,0,7,0,0,0,0,3,0,3,0,0,0,0,0,0,0,7,0,8,0,0,0,10,0,0,9,5,0,0,12,9,6,25,5,0,0,44,0,0,4,0,0,0,3,3,0,0,0,0,0,7,6,0,21,0,3,0,33,9,0,38,0,0,0,65,0,0,0,0,0,0,3,0,0,3,0,0,0,9,0,0,7,0,0,0,10,50,11,132,18,20,7,239,4,0,3,0,0,0,7,10,0,19,4,4,0,31,0,0,8,3,0,0,17,4,0,5,0,0,0,7,9,0,8,4,6,0,25,0,0,5,0,0,0,12,5,0,10,7,3,0,27,0,0,14,0,3,0,16,0,0,0,0,3,0,0,0,0,3,0,0,0,3,9,0,25,3,4,5,49,4,0,16,9,3,5,28,18,4,59,13,0,0,103,0,0,5,4,0,0,7,4,0,6,3,0,0,18,15
LGA57000,5,0,10,0,0,0,0,3,0,0,0,0,0,0,0,0,0,0,0,0,0,0,0,0,0,0,0,0,0,0,0,0,0,0,0,0,0,0,0,0,0,0,0,0,0,0,0,3,0,3,0,8,0,0,4,0,4,0,8,0,0,6,0,5,0,6,0,0,0,0,0,0,4,0,0,0,0,0,0,0,0,0,0,0,0,0,0,3,4,12,11,24,4,62,0,0,9,8,11,0,38,9,0,11,8,24,0,48,0,0,0,0,0,0,0,0,0,0,0,0,0,0,0,0,0,0,7,0,7,0,0,0,0,0,0,0,0,0,0,0,0,0,0,0,0,0,4,8,0,13,0,0,0,0,0,0,3,0,0,0,0,0,0,0,0,0,0,0,0,0,0,0,0,0,0,0,0,0,0,0,0,0,0,0,0,0,0,0,0,5,0,3,0,0,3,0,8,0,11,0
LGA57080,134,31,776,13,0,29,13,12,0,77,12,0,30,7,8,0,62,39,11,89,42,35,4,213,10,0,33,15,15,5,84,246,49,458,52,45,29,883,38,4,135,39,26,10,249,71,29,153,35,38,8,332,223,50,253,45,37,16,628,315,69,568,163,111,26,1254,15,7,58,16,22,3,126,17,9,54,35,60,3,184,45,3,93,28,15,28,216,1313,297,2829,852,725,198,6212,6,0,19,7,4,3,45,348,41,598,118,231,21,1356,62,7,137,58,74,11,354,40,3,73,10,19,4,151,86,6,237,77,208,28,635,34,9,88,24,41,11,208,109,19,297,88,153,26,689,120,20,608,374,287,47,1462,59,13,135,72,69,16,367,25,0,71,24,22,0,148,89,23,219,76,55,7,464,21,6,90,33,46,8,198,639,104,1176,140,115,51,2228,71,17,223,76,55,10,454,150,60,299,86,99,9,700,431
LGA57140,0,0,4,0,0,0,0,0,0,4,0,0,0,0,0,0,0,0,0,0,0,0,0,3,0,0,0,0,0,0,0,0,0,0,0,0,0,3,0,0,0,0,0,0,0,0,0,0,4,3,0,11,0,0,7,0,0,0,14,0,0,7,9,8,0,35,0,0,0,0,0,0,0,0,0,0,0,0,0,0,0,0,0,0,4,0,5,0,3,33,27,43,5,112,0,0,10,9,32,6,55,0,0,0,0,8,0,9,0,0,0,0,4,0,6,0,0,0,0,0,0,0,0,0,0,0,6,0,6,0,0,0,3,4,0,12,0,0,0,0,9,0,9,0,0,0,0,0,0,4,0,0,0,0,11,0,8,0,0,0,0,0,0,0,0,0,0,0,0,0,3,0,0,0,0,0,0,0,0,0,4,0,0,0,9,0,0,0,0,0,0,0,0,0,5,3,15,0,20,0
LGA57210,15,0,33,0,0,5,0,13,0,18,0,0,0,0,0,0,0,0,0,0,0,8,0,12,0,0,0,0,4,0,3,0,4,11,9,9,0,24,0,0,0,0,15,0,17,0,0,13,12,19,5,52,9,9,41,25,43,0,122,4,9,43,44,50,6,156,0,0,3,4,0,0,13,0,0,0,0,11,0,14,0,0,10,3,14,3,26,24,30,183,146,285,40,707,3,5,68,41,149,19,287,0,0,0,8,33,4,45,0,4,26,5,50,9,92,0,0,0,0,4,0,7,0,0,10,8,59,4,77,5,0,11,0,23,0,32,3,0,7,17,57,5,92,3,0,10,11,29,0,52,0,0,6,5,42,3,52,0,0,0,0,0,0,0,0,0,0,0,8,0,12,0,0,0,0,3,0,9,5,4,21,15,16,0,50,0,0,0,3,23,0,30,0,0,18,20,57,3,106,16
LGA57280,27,8,79,3,0,24,33,44,5,113,0,0,4,0,0,0,9,0,0,8,3,8,0,19,0,0,10,13,31,4,52,7,4,19,11,14,5,58,0,0,25,14,19,0,61,9,6,47,42,66,7,177,27,40,175,34,79,12,366,30,33,198,87,130,15,485,0,4,3,8,8,0,18,10,0,13,12,41,0,74,4,0,18,9,27,18,72,109,101,675,398,811,98,2192,0,0,0,0,6,0,7,35,19,127,173,1086,37,1480,3,0,15,13,191,4,227,0,0,3,12,52,4,74,6,0,22,39,240,15,325,0,5,10,20,97,5,129,13,3,33,33,106,11,193,6,0,27,34,58,12,145,15,12,73,98,265,14,475,0,0,3,0,9,0,20,0,0,8,3,8,0,24,3,0,14,17,63,4,98,14,6,51,18,38,5,124,4,0,36,22,52,0,117,18,11,71,78,128,9,318,42
LGA57350,0,0,3,0,0,0,0,3,0,3,0,0,0,0,0,0,0,0,0,0,0,0,0,0,0,0,0,0,0,0,0,0,0,4,0,0,0,3,0,0,0,0,0,0,0,0,3,3,0,0,0,6,0,5,7,3,8,0,20,0,0,9,3,6,0,22,0,0,0,0,0,0,0,0,0,0,0,0,0,0,0,0,0,0,0,0,0,3,9,32,20,27,0,82,3,4,13,0,26,0,52,0,0,0,0,0,0,0,0,0,0,0,0,0,0,0,0,0,0,0,0,0,0,0,0,0,5,0,10,0,0,0,0,0,0,0,0,0,0,4,6,0,10,0,0,0,0,3,0,6,0,0,0,0,3,0,5,0,0,0,0,0,0,0,0,0,0,0,0,0,0,0,0,0,0,0,0,3,0,0,4,0,0,0,3,0,0,0,0,0,0,0,0,3,5,0,3,0,8,0
LGA57420,3,6,16,0,0,0,0,0,0,6,0,0,0,0,0,0,0,0,0,0,0,0,0,0,0,0,0,5,4,0,4,0,0,0,0,0,0,8,0,0,0,0,0,0,0,0,0,8,7,9,0,15,3,0,19,3,10,4,46,0,0,21,6,9,5,39,0,0,0,0,0,0,5,0,0,0,0,3,0,4,0,0,0,0,0,0,4,18,6,87,55,79,13,251,0,4,29,19,47,7,101,8,3,32,23,106,4,176,0,0,0,0,0,0,3,0,0,0,0,3,0,3,0,0,3,0,24,0,26,0,0,0,0,9,0,8,0,0,6,6,6,0,22,0,0,4,8,12,4,27,0,0,0,0,8,0,12,0,0,0,0,0,0,0,0,0,0,0,0,0,0,0,0,0,5,3,0,8,4,0,7,3,0,0,14,0,0,0,0,3,0,9,0,0,8,10,15,4,29,3
LGA57490,568,36,902,6,3,41,85,167,19,327,0,8,19,19,34,0,73,14,12,87,117,194,21,446,4,11,48,87,142,17,309,66,36,286,181,308,18,900,11,15,105,161,339,31,660,87,78,368,396,546,34,1505,251,387,1285,552,1139,95,3713,277,303,1600,1250,1997,182,5622,9,9,53,47,132,12,258,12,16,75,185,561,41,886,16,14,110,115,231,102,588,858,951,4832,4149,8405,788,19983,5,5,26,29,112,13,185,85,50,352,466,2483,93,3535,75,37,325,471,2174,86,3173,20,4,75,88,349,9,543,38,17,259,478,3216,140,4147,23,7,99,138,514,22,808,43,19,339,458,1599,124,2582,24,11,185,245,1010,58,1531,41,15,150,284,810,68,1370,3,10,51,54,96,7,223,30,18,136,188,242,28,642,14,9,70,127,267,20,506,166,73,638,450,693,59,2080,22,20,152,233,653,50,1128,205,151,733,1094,1831,121,4129,357
LGA57630,0,0,0,0,0,0,0,0,0,0,0,0,0,0,0,0,0,0,0,0,0,0,0,0,0,0,0,0,0,0,0,0,0,0,0,0,0,0,0,0,0,0,0,0,0,0,0,0,0,3,0,4,0,0,0,0,0,0,0,0,0,0,0,0,0,0,0,0,0,0,0,0,0,0,0,0,0,0,0,0,0,0,0,0,0,0,0,0,0,4,0,6,0,16,0,0,0,4,0,0,9,0,0,3,0,5,0,9,0,0,0,0,0,0,0,0,0,0,0,0,0,0,0,0,0,0,6,0,6,0,0,0,0,0,0,0,0,0,0,0,0,0,0,0,0,0,0,0,0,0,0,0,0,0,0,0,0,0,0,0,0,0,0,0,0,0,0,0,0,0,0,0,0,0,0,0,0,0,0,0,0,0,0,0,0,0,0,0,0,0,0,0,0,0,0,0,9,0,6,0
LGA57700,111,15,178,4,0,19,29,65,0,124,0,0,0,3,9,0,17,5,0,19,30,40,0,101,0,0,10,25,24,6,63,22,16,97,52,110,15,307,4,5,24,36,65,3,137,31,21,82,80,104,7,328,45,77,267,135,240,17,782,59,88,397,310,379,55,1284,0,0,13,18,49,5,84,4,3,27,58,180,7,273,10,0,31,37,67,31,181,215,239,1179,1080,2021,211,4948,4,3,40,34,81,14,167,29,15,87,105,615,19,861,17,8,83,113,538,28,782,3,0,22,25,77,3,135,11,12,59,125,923,37,1163,15,6,28,45,206,16,315,21,15,85,121,383,42,658,3,4,30,41,195,18,292,11,7,71,114,296,13,511,0,0,8,6,18,0,35,10,0,26,48,58,0,147,0,0,20,42,68,6,134,46,23,203,98,192,24,581,9,8,28,53,169,7,271,41,41,136,171,252,20,661,63
LGA57770,13,3,45,0,0,0,0,0,0,3,0,0,0,0,0,0,0,0,0,0,0,0,0,0,0,0,0,0,0,0,0,0,0,0,0,0,0,0,0,0,0,4,0,0,8,0,0,8,6,4,0,18,0,0,9,0,5,0,13,0,0,3,5,0,0,5,0,0,6,0,0,0,9,0,0,0,0,4,0,6,0,0,0,0,0,0,5,14,3,54,28,43,9,141,0,0,0,0,5,0,8,0,0,5,3,34,0,45,0,0,0,0,7,0,11,0,0,0,0,7,0,7,0,0,0,3,17,0,22,0,0,0,0,0,0,0,3,0,6,4,9,0,21,6,0,27,10,21,4,70,4,0,0,3,4,0,12,0,0,0,0,0,0,0,0,0,0,0,0,0,3,0,0,0,3,0,0,3,0,0,0,0,0,0,0,0,0,7,3,5,0,17,0,0,10,6,10,0,30,0
LGA57840,94,14,376,9,3,60,19,27,0,124,8,6,47,11,16,0,87,51,19,148,63,42,10,324,16,6,63,42,38,11,174,255,68,569,96,68,16,1077,24,12,88,33,50,4,207,108,46,279,65,54,11,571,341,232,708,136,133,21,1575,412,159,1099,274,243,54,2242,25,5,81,21,30,6,172,27,20,95,51,102,12,299,40,12,95,42,36,29,252,1548,674,4184,1135,1164,230,8932,10,4,31,18,18,0,81,276,78,678,115,234,30,1414,87,24,226,80,142,11,575,45,6,87,17,23,4,188,83,35,363,158,420,25,1098,40,9,127,54,74,11,324,91,30,400,130,248,26,922,51,9,301,150,222,30,744,75,15,197,97,134,15,533,29,11,96,24,41,6,201,122,48,345,137,65,17,726,36,17,151,105,77,16,396,629,158,1447,225,167,49,2676,46,20,166,72,91,13,408,222,90,504,128,134,17,1093,597
LGA57910,562,98,2096,74,21,245,118,162,30,639,39,34,204,44,59,11,389,146,78,539,311,261,39,1378,40,27,246,174,193,44,722,757,310,2216,514,433,91,4314,213,53,587,301,364,78,1593,462,271,1309,395,381,59,2881,1051,1022,2966,781,850,134,6804,1753,781,5317,1776,1809,326,11762,68,43,349,139,172,11,780,97,46,449,445,736,74,1843,127,44,473,220,253,182,1312,5871,3037,18691,7046,8001,1443,44088,54,16,123,55,58,20,318,936,226,2362,611,1600,112,5847,309,69,913,492,1081,104,2969,191,44,390,134,238,15,1014,348,125,1648,1128,3845,259,7347,173,47,639,254,473,62,1661,589,119,1928,979,1610,196,5425,328,60,1338,1001,1212,179,4110,337,75,983,614,775,119,2914,120,56,448,141,200,25,990,331,187,1317,646,398,71,2952,89,44,555,339,363,64,1462,1959,576,5493,1218,906,222,10367,406,93,1018,534,763,133,2947,857,466,2314,871,960,128,5601,1674
LGA57980,37,3,128,11,0,14,10,6,0,38,7,3,26,5,3,0,40,23,3,49,16,6,4,99,11,0,22,15,9,0,55,165,42,335,44,35,6,628,0,10,33,8,14,3,60,56,21,113,13,10,7,219,199,93,231,44,33,5,603,280,81,591,92,62,29,1141,11,7,46,10,7,0,79,10,10,33,18,26,3,103,22,11,47,11,7,16,111,930,318,1921,380,326,100,3980,6,0,21,0,4,0,37,208,47,299,35,48,7,647,32,9,70,28,37,8,185,20,6,40,6,9,3,89,23,10,134,56,76,7,308,27,6,59,14,21,5,130,51,6,154,35,73,16,336,18,0,107,41,68,5,250,23,3,54,21,29,4,133,14,6,50,10,13,4,91,54,30,138,33,13,9,278,28,4,58,27,21,0,136,458,94,804,83,63,16,1527,8,14,60,22,24,3,117,99,36,204,35,32,6,415,333
LGA58050,533,49,1078,37,8,134,128,300,36,641,18,9,49,24,39,9,137,46,20,167,160,201,36,625,18,7,69,107,160,29,393,140,65,515,251,363,27,1363,31,7,174,161,332,54,767,142,103,511,358,466,41,1621,327,378,1301,489,939,90,3524,466,339,2267,1421,2049,235,6770,16,12,93,75,140,13,347,33,20,177,262,641,22,1148,44,17,189,149,268,134,803,1619,1114,6897,4760,8561,993,23939,15,5,91,73,160,17,366,185,73,612,484,2236,96,3682,110,36,458,427,1794,99,2929,35,11,93,91,265,18,509,109,44,493,557,3011,138,4349,69,28,260,234,901,45,1543,186,48,745,661,1784,163,3586,89,25,402,417,1024,92,2054,164,40,513,588,1282,130,2724,39,18,108,85,145,19,411,105,32,301,266,281,51,1025,22,13,143,178,309,40,706,335,125,1194,542,709,78,2991,54,19,287,259,666,88,1364,280,176,925,747,1144,89,3362,450
LGA58190,0,0,0,0,0,0,0,0,0,0,0,0,0,0,0,0,0,0,0,0,0,0,0,0,0,0,0,0,0,0,0,0,0,0,0,0,0,0,0,0,0,0,0,0,0,0,0,0,0,0,0,4,0,0,9,0,3,0,13,0,0,4,0,0,0,0,0,0,0,0,0,0,0,0,0,0,0,0,0,0,0,0,0,0,0,0,0,0,0,20,3,13,5,38,0,0,18,6,17,0,46,0,0,0,0,5,0,5,0,0,0,0,0,0,0,0,0,0,0,0,0,0,0,0,0,0,0,0,5,0,0,0,0,0,0,0,0,0,0,0,4,0,4,0,0,0,0,0,0,0,0,0,0,0,0,0,0,0,0,0,0,0,0,0,0,0,0,0,0,0,0,0,0,0,0,0,0,0,0,0,0,0,0,0,0,0,0,0,0,0,0,0,0,0,0,0,5,0,9,0
LGA58260,0,0,0,0,0,0,4,0,0,4,0,0,0,0,0,0,0,0,0,0,0,0,0,0,0,0,0,0,0,0,0,0,0,0,0,0,0,0,0,0,0,0,0,0,0,0,0,0,3,0,0,4,3,0,5,6,4,0,11,0,0,0,4,0,0,12,0,0,0,0,0,0,0,0,0,0,0,0,0,0,0,0,0,0,0,0,0,5,8,16,8,22,4,62,0,0,15,7,19,0,49,0,0,0,0,4,0,7,0,0,0,0,0,0,0,0,0,0,0,7,0,8,0,0,0,0,4,0,4,0,0,0,0,6,0,5,0,0,0,0,0,0,3,0,0,0,0,0,0,0,0,0,0,3,3,0,5,0,0,0,0,0,0,0,0,0,0,0,0,0,0,0,0,0,0,0,0,0,0,0,0,0,0,0,0,0,0,0,0,0,0,0,0,0,0,6,0,4,11,3
LGA58330,8,4,19,0,0,0,3,5,5,16,0,0,0,0,0,0,0,0,0,0,4,4,0,12,0,0,0,3,8,0,18,3,5,9,8,5,0,33,0,0,0,5,7,4,17,3,7,11,12,23,3,56,12,11,26,15,28,4,93,4,15,26,46,56,3,154,0,0,4,0,3,0,10,0,0,3,5,12,0,16,0,0,3,3,8,8,18,30,45,117,131,232,36,593,4,0,11,13,34,0,62,0,4,5,14,109,5,133,0,0,5,8,39,0,50,0,0,5,0,3,0,6,3,0,9,13,85,4,116,0,0,0,8,22,0,31,0,0,5,4,33,4,46,0,0,4,7,16,8,34,0,0,0,3,28,11,42,0,0,0,0,0,0,4,0,0,5,4,6,0,17,0,0,0,9,10,0,21,6,5,17,13,18,0,55,0,0,4,7,14,4,33,3,8,21,26,45,3,112,12
LGA58400,0,0,0,0,0,0,0,0,0,0,0,0,0,0,0,0,0,0,0,0,0,0,0,0,0,0,0,0,0,0,0,0,0,0,0,0,0,0,0,0,0,0,0,0,0,0,0,0,0,0,0,5,0,0,0,0,0,0,6,0,0,3,0,4,0,7,0,0,0,0,0,0,0,0,0,0,0,4,0,4,0,0,0,0,0,0,0,0,0,3,6,14,3,30,0,0,3,3,15,0,25,0,0,0,0,3,0,3,0,0,0,0,0,0,0,0,0,0,0,0,0,0,0,0,0,0,3,0,3,0,0,0,0,5,0,4,0,0,0,0,0,0,0,0,0,0,0,0,0,0,0,0,0,0,0,0,3,0,0,0,0,0,0,0,0,0,0,0,0,0,0,0,0,0,0,0,0,0,0,0,0,0,0,0,0,0,0,0,0,0,0,0,0,0,0,3,0,0,10,0
LGA58470,0,0,0,0,0,0,0,0,0,0,0,0,0,0,0,0,0,0,0,0,0,0,0,0,0,0,0,0,0,0,0,0,0,0,0,0,0,0,0,0,0,0,0,0,0,0,0,0,0,0,0,3,0,0,3,0,0,0,5,3,0,0,0,0,0,0,0,0,0,0,0,0,0,0,0,0,0,0,0,0,0,0,0,0,0,0,0,3,0,4,5,3,0,18,0,0,0,0,10,0,16,0,0,0,0,0,0,5,0,0,0,0,0,0,0,0,0,0,0,0,0,0,0,0,0,0,0,0,0,0,0,0,0,0,0,0,0,0,0,0,0,0,0,0,0,0,0,0,0,0,0,0,0,0,0,0,0,0,0,0,0,0,0,0,0,0,0,0,0,0,0,0,0,0,0,0,0,0,0,0,0,0,0,0,0,0,0,0,0,0,0,0,0,0,4,0,5,0,11,0
LGA58510,131,15,511,28,3,54,29,31,4,157,11,4,26,11,8,0,59,27,15,85,39,38,9,213,17,4,42,27,38,9,133,186,59,429,89,80,14,850,37,15,106,71,71,8,311,107,57,257,69,67,9,565,251,165,464,104,113,7,1100,295,122,847,269,273,40,1843,21,6,67,28,39,5,167,13,13,80,63,102,12,285,22,3,77,32,31,29,197,1243,513,3307,1158,1336,192,7744,5,0,11,11,10,0,43,226,52,537,122,328,26,1285,63,15,181,72,202,11,543,33,6,77,21,33,4,173,92,18,281,128,550,19,1088,29,7,121,39,90,8,294,88,15,302,146,262,33,844,69,13,335,264,282,33,988,79,22,190,114,164,36,605,30,5,66,32,24,6,159,60,22,201,82,57,15,436,28,16,86,54,68,12,255,441,109,1061,211,181,41,2042,71,15,205,117,116,16,542,204,107,485,146,168,21,1130,416
LGA58540,0,0,0,0,0,0,0,0,0,5,0,0,0,0,0,0,0,0,0,0,0,0,0,0,0,0,0,0,0,0,0,0,0,3,0,0,0,7,0,0,0,0,0,0,0,0,0,3,6,0,0,8,0,6,8,0,8,0,17,0,0,6,0,0,0,9,0,0,3,0,0,0,3,0,0,0,0,5,0,7,0,0,0,0,0,0,5,4,6,35,22,38,0,111,0,0,18,17,49,3,87,0,0,0,0,6,0,6,0,0,0,0,6,0,6,0,0,0,0,0,0,0,0,0,0,0,4,0,4,0,0,6,3,9,0,14,0,0,0,0,4,0,4,0,0,0,0,3,0,6,0,0,0,0,0,0,5,0,0,0,0,0,0,0,0,0,0,0,0,0,0,0,0,0,0,0,0,3,0,0,3,0,0,0,7,0,0,0,0,0,0,0,0,0,3,6,0,0,14,0
LGA58570,124,18,547,10,4,52,23,18,8,105,17,17,69,13,14,6,121,36,18,152,41,34,13,292,10,0,61,20,39,5,139,269,100,644,103,71,20,1206,28,16,124,35,40,3,247,146,68,331,80,54,13,699,280,218,506,81,84,20,1191,423,177,978,215,181,37,2013,33,11,118,37,34,5,245,29,11,98,63,97,4,303,38,12,108,34,25,25,238,1562,735,4171,1111,1052,210,8832,4,0,30,10,8,0,56,284,72,700,104,220,21,1398,50,21,170,69,118,15,435,57,19,108,27,30,8,243,96,39,327,164,387,22,1025,36,13,126,42,85,0,298,72,22,359,154,212,32,849,58,14,382,274,281,45,1058,47,18,153,67,87,25,388,26,23,137,29,28,3,255,78,50,326,107,65,14,645,25,8,126,59,75,11,306,645,197,1634,259,181,49,2970,50,13,201,76,108,14,457,261,132,586,147,145,24,1293,473
LGA58610,0,0,3,0,0,0,0,0,0,0,0,0,0,0,0,0,0,0,0,0,0,0,0,4,0,0,0,0,0,0,0,0,0,9,0,3,0,10,0,0,0,0,0,0,0,0,3,5,3,9,0,14,3,5,13,3,9,0,34,0,3,17,8,14,3,49,0,0,0,0,0,0,0,0,0,0,0,6,0,10,0,0,0,0,3,0,3,9,14,66,30,75,11,191,0,4,12,18,50,0,86,0,0,0,4,6,0,6,0,0,13,0,7,0,27,0,0,0,0,0,0,0,0,0,0,4,17,0,21,0,0,3,0,4,0,12,0,0,0,0,10,0,20,0,0,0,0,3,0,7,0,0,0,0,11,0,14,0,0,0,0,0,0,0,0,0,0,0,0,0,4,0,0,0,0,0,0,8,0,0,8,0,4,0,17,0,0,0,0,0,0,0,0,6,6,4,14,0,25,3
LGA58680,4,0,0,0,0,0,0,0,0,0,0,0,0,0,0,0,0,0,0,0,0,0,0,0,0,0,0,0,0,0,0,0,0,0,0,0,0,0,0,0,0,0,0,0,0,0,0,0,0,3,0,6,0,0,5,0,3,0,9,0,0,3,3,5,0,7,0,0,0,0,0,0,0,0,0,0,0,0,0,4,0,0,0,0,0,0,4,0,0,14,19,17,4,53,0,0,7,8,22,0,38,0,0,3,4,16,0,18,0,0,3,0,7,0,14,0,0,0,0,0,0,0,0,0,0,0,8,0,8,0,0,0,0,0,0,0,0,0,0,0,0,0,0,0,0,0,0,4,0,0,0,0,0,0,3,0,3,0,0,0,0,0,0,0,0,0,0,0,0,0,0,0,0,0,0,0,0,0,0,0,3,0,0,0,3,0,0,0,0,0,0,0,0,0,0,0,3,0,6,0
LGA58760,708,78,1512,17,10,120,101,192,28,463,16,11,76,40,42,11,196,61,34,294,296,332,33,1056,10,10,85,162,190,50,503,183,86,849,384,456,68,2037,33,26,251,268,518,48,1140,145,130,657,455,523,67,1977,467,592,2082,858,1286,148,5444,632,523,3352,2209,2856,312,9885,26,13,134,84,199,12,464,41,27,275,425,954,64,1780,53,24,245,214,337,207,1082,2022,1628,10176,7163,11310,1424,33720,15,9,103,69,235,49,477,249,67,808,677,2846,145,4786,106,40,523,492,1783,112,3055,54,25,160,118,417,21,799,114,43,708,1017,5749,216,7843,68,22,308,244,805,53,1500,224,77,1025,873,2441,223,4864,97,33,548,564,1406,135,2789,116,36,477,472,1074,112,2293,43,13,179,118,213,19,587,142,66,569,523,470,54,1823,24,11,155,247,332,59,825,526,187,1950,932,961,150,4699,85,42,392,432,1067,79,2096,311,220,1245,1055,1375,140,4346,724
LGA58820,8,5,16,0,0,0,0,9,0,10,0,0,0,0,0,0,0,0,0,3,7,4,0,6,0,0,0,0,0,0,5,0,0,5,0,7,0,13,0,0,3,3,8,4,10,0,0,0,6,17,0,40,3,11,23,14,28,0,80,0,0,28,25,47,13,116,0,0,0,0,4,0,10,0,0,0,4,11,0,17,0,0,0,0,8,7,13,12,13,96,91,242,32,485,4,0,7,13,27,9,57,0,0,5,15,122,9,156,0,0,15,9,104,10,139,0,0,0,0,11,0,13,0,0,5,11,107,8,133,0,0,0,3,10,0,12,5,0,8,9,26,8,51,0,0,3,3,16,8,24,0,0,0,5,19,0,23,0,0,0,0,0,0,0,0,0,3,8,3,0,13,0,0,0,0,10,0,10,0,0,5,5,14,0,21,0,0,3,4,17,3,24,4,0,6,17,33,0,57,4
LGA58890,0,0,6,0,0,0,0,0,0,0,0,0,0,0,0,0,0,0,0,0,0,0,0,0,0,0,0,0,0,0,0,0,0,3,0,0,0,9,0,0,0,0,0,0,0,0,0,0,0,9,0,7,0,0,12,3,6,0,16,0,0,3,5,4,0,16,0,0,0,0,0,0,0,0,0,0,0,5,0,5,0,0,0,0,0,0,0,7,6,36,17,37,3,101,0,4,27,10,49,11,100,0,0,0,0,8,0,6,0,0,0,0,8,0,8,0,0,0,0,0,0,0,0,0,0,0,3,0,3,0,0,0,0,0,0,3,0,0,0,0,4,0,6,0,0,0,0,5,0,3,0,0,0,0,0,0,7,0,0,0,0,0,0,0,0,0,0,0,0,0,0,0,0,0,0,0,0,0,0,0,0,0,5,0,9,0,0,0,0,0,0,0,0,0,4,0,11,0,12,0
LGA59030,0,0,0,0,0,0,0,0,0,4,0,0,0,0,0,0,0,0,0,0,0,0,0,0,0,0,0,0,0,0,0,0,0,0,0,0,0,0,0,0,0,0,0,0,0,0,0,0,0,4,0,3,0,0,0,0,0,0,3,0,0,0,0,0,0,0,0,0,0,0,0,0,0,0,0,0,0,0,0,0,0,0,0,0,0,0,0,0,0,11,3,16,0,30,0,0,7,4,6,0,19,0,0,0,4,5,0,10,0,0,0,0,0,0,0,0,0,0,0,5,0,5,0,0,0,0,6,0,6,0,0,0,0,0,0,6,0,0,0,0,4,0,4,0,0,0,0,0,0,0,0,0,0,0,5,0,4,0,0,0,0,0,0,0,0,0,0,0,0,0,0,0,0,0,0,0,0,0,0,0,0,0,0,0,0,0,0,0,0,0,0,0,0,0,0,4,9,0,8,0
LGA59100,0,0,3,0,0,0,0,5,0,3,0,0,0,0,0,0,0,0,0,0,0,0,0,0,0,0,0,0,0,0,0,0,0,0,0,0,0,0,0,0,0,0,0,0,0,0,0,0,0,4,0,5,0,7,7,4,3,0,19,0,0,4,0,4,0,11,0,0,0,0,0,0,0,0,0,0,0,0,0,0,0,0,3,0,4,0,5,0,7,26,18,31,0,82,0,0,13,12,26,6,54,0,0,0,0,5,0,7,0,0,0,0,0,0,5,0,0,0,0,0,0,0,0,0,0,0,0,0,0,0,0,0,0,6,0,3,0,0,0,0,0,0,5,0,0,0,0,0,0,3,0,0,0,0,5,0,3,0,0,0,0,5,0,5,0,0,4,0,0,0,4,0,0,0,0,0,0,0,0,0,0,0,0,0,0,0,0,0,0,0,0,0,0,0,5,0,7,0,15,0
LGA59170,5,0,14,0,0,0,0,0,0,0,0,0,0,0,0,0,0,0,0,0,0,0,0,0,0,0,0,0,0,0,0,4,0,0,0,0,0,4,0,0,0,0,0,0,5,0,0,0,5,4,0,4,0,0,16,7,4,0,33,3,0,10,4,8,0,32,0,0,0,0,0,0,0,0,0,0,0,0,0,5,0,0,0,0,0,0,6,8,8,54,34,44,7,160,3,0,34,32,47,13,122,0,0,5,4,8,0,19,0,0,0,0,11,3,14,0,0,0,0,0,0,0,0,0,0,3,10,0,8,0,0,3,0,7,0,13,0,0,0,0,5,6,10,0,0,5,3,9,0,15,0,0,0,0,3,0,7,0,0,0,0,0,0,0,0,0,0,0,0,0,0,0,0,0,0,0,0,0,4,0,0,0,0,0,4,0,0,0,0,0,0,3,0,0,0,7,9,0,12,0
LGA59250,0,0,8,0,0,0,0,0,0,0,0,0,0,0,0,0,0,0,0,0,0,0,0,0,0,0,0,0,0,0,0,0,0,0,0,0,0,0,0,0,0,0,0,0,0,0,0,0,0,7,0,6,0,0,3,0,0,0,8,0,0,0,6,0,0,3,0,0,0,0,0,0,0,0,0,0,0,0,0,0,0,0,0,0,0,4,4,5,0,15,4,15,3,38,0,0,3,0,7,0,11,0,0,10,5,36,3,49,0,0,0,0,0,0,0,0,0,0,0,0,0,0,0,0,0,5,4,0,7,0,0,0,0,0,0,0,0,0,0,0,5,0,3,0,0,3,0,0,0,8,0,0,0,0,0,0,0,0,0,0,0,0,0,0,0,0,0,0,0,0,0,0,0,0,0,0,0,0,0,0,0,0,0,0,4,0,0,0,0,0,0,3,0,0,0,6,6,0,10,0
LGA59310,6,0,3,0,0,0,4,3,0,8,0,0,0,0,0,0,0,0,0,0,0,4,0,3,0,0,0,0,0,0,0,0,0,3,0,0,0,0,0,0,0,0,3,0,3,0,0,4,4,10,0,12,0,7,15,3,6,0,39,0,0,9,5,4,3,24,0,0,0,0,0,0,0,0,0,0,5,4,0,7,0,0,0,0,0,0,7,5,13,39,31,70,4,159,0,6,17,17,40,0,77,0,3,0,0,7,0,12,0,0,0,0,8,0,7,0,0,0,0,3,0,3,0,0,0,0,3,0,5,0,0,9,0,28,0,35,0,0,0,0,6,0,10,0,0,0,0,8,0,9,0,0,0,4,13,0,19,0,0,0,0,0,0,3,0,0,0,0,4,0,6,0,0,0,0,0,0,0,0,0,3,0,4,0,3,0,0,0,0,7,0,6,0,0,0,4,14,4,19,0
LGA59320,0,0,0,0,0,0,0,0,0,0,0,0,0,0,0,0,0,0,0,0,0,0,0,0,0,0,0,0,0,0,0,0,0,0,0,0,0,3,0,0,0,0,0,0,0,0,0,0,0,3,0,8,0,0,13,0,0,0,17,0,0,0,4,0,0,11,0,0,0,0,0,0,0,0,0,0,0,0,0,0,0,0,0,0,0,3,3,0,0,19,14,28,3,65,0,0,15,9,15,9,49,0,0,0,0,6,0,4,0,0,0,0,6,0,3,0,0,0,0,0,0,0,0,0,0,0,3,0,3,0,0,0,0,4,0,4,0,0,0,0,4,0,3,0,0,0,0,0,0,0,0,0,0,0,6,0,6,0,0,0,0,0,0,0,0,0,0,0,0,0,0,0,0,0,0,0,0,0,0,0,0,0,3,0,0,0,0,0,0,0,0,0,0,0,5,0,3,0,10,0
LGA59330,0,0,0,0,0,0,0,0,0,0,0,0,0,0,0,0,0,0,0,0,0,0,0,0,0,0,0,0,0,0,0,0,0,0,0,0,0,0,0,0,0,0,0,0,0,0,0,0,0,7,0,9,0,0,9,0,7,0,12,0,0,7,0,0,0,6,0,0,0,0,0,0,0,0,0,0,0,0,0,0,0,0,0,0,0,0,0,0,0,19,9,20,6,58,0,0,7,4,17,0,30,0,0,0,0,0,0,0,0,0,0,0,0,0,0,0,0,0,0,0,0,0,0,0,0,0,0,0,0,0,0,0,0,0,0,9,0,0,0,0,4,0,3,0,0,0,0,0,0,0,0,0,0,0,3,0,3,0,0,0,0,0,0,0,0,0,0,0,0,0,0,0,0,0,0,0,0,0,0,0,0,0,0,0,0,0,0,0,0,0,0,0,0,0,0,0,6,3,14,3
LGA59340,34,4,76,0,4,10,6,9,0,34,0,0,3,0,0,0,4,0,0,0,3,0,0,13,0,0,0,4,0,0,3,5,0,19,10,9,0,42,5,4,9,13,18,4,44,15,3,33,21,40,0,112,17,16,96,31,38,7,216,27,30,118,64,47,16,305,0,0,4,0,3,0,15,3,0,11,4,10,0,34,0,0,4,4,12,12,38,92,69,388,200,292,68,1102,16,9,52,20,83,11,185,0,0,8,10,47,3,68,0,0,4,5,17,0,25,3,0,3,0,32,3,39,6,6,9,11,109,6,135,0,0,0,3,15,0,21,7,0,25,5,59,9,107,5,0,37,24,66,8,141,0,4,32,29,47,0,116,0,0,4,3,3,0,16,4,0,3,6,5,0,15,0,0,3,3,9,0,13,16,0,23,11,12,0,71,8,0,13,13,45,3,81,16,14,63,49,91,4,234,23
LGA59350,0,0,0,0,0,0,0,0,0,0,0,0,0,0,0,0,0,0,0,0,0,0,0,0,0,0,0,0,0,0,0,0,0,0,0,0,0,0,0,0,0,0,0,0,0,0,0,0,0,0,0,0,0,0,0,0,5,0,4,0,0,0,0,0,0,0,0,0,0,0,0,0,0,0,0,0,0,0,0,0,0,0,0,0,0,0,0,0,0,6,0,7,0,20,0,0,0,0,0,0,6,0,0,5,0,30,3,38,0,0,0,0,0,0,0,0,0,0,0,0,0,0,0,0,0,0,5,0,9,0,0,0,0,0,0,0,0,0,0,0,0,0,3,0,0,0,0,3,0,3,0,0,0,0,0,0,0,0,0,0,0,0,0,0,0,0,0,0,0,0,0,0,0,0,0,0,0,0,0,0,0,0,0,0,0,0,0,0,0,0,0,0,0,0,3,0,0,3,3,0
LGA59360,8,0,9,0,0,0,3,0,0,4,0,0,0,0,0,0,0,0,0,0,0,0,0,0,0,0,0,0,0,0,0,0,0,0,0,0,0,4,0,0,0,0,0,0,0,0,0,5,0,3,0,10,0,3,8,3,4,0,20,3,0,8,3,8,0,23,0,0,0,0,0,0,0,0,0,0,0,3,0,5,0,0,0,0,0,3,3,3,3,34,30,43,7,122,0,0,10,3,21,4,42,0,4,11,13,77,7,113,0,0,0,0,5,0,5,0,0,0,0,0,0,0,0,0,6,0,8,0,14,0,0,0,0,0,0,0,0,0,4,0,8,0,12,0,0,7,0,11,0,20,0,0,0,6,7,0,11,0,0,0,0,0,0,0,0,0,0,0,0,0,0,0,0,0,0,0,0,0,0,0,0,0,0,0,0,0,0,0,0,0,0,4,0,0,8,4,4,0,21,0
LGA59370,9,3,23,0,0,0,4,0,0,0,0,0,0,0,0,0,0,0,0,0,0,0,0,0,0,0,0,0,0,0,3,4,0,9,9,10,4,30,0,0,5,4,0,0,4,0,3,7,17,10,0,31,4,13,31,8,20,0,79,11,7,26,26,40,4,118,0,0,3,0,4,0,11,0,0,0,0,8,0,12,0,0,4,5,3,5,22,29,27,114,93,142,24,426,4,0,28,22,39,8,101,0,0,3,7,30,3,43,0,0,6,4,15,0,18,0,0,0,0,16,0,17,5,0,3,3,43,0,51,0,0,6,0,24,0,31,0,0,4,5,26,3,34,0,0,8,8,18,4,37,0,0,0,4,20,0,27,0,0,0,0,0,0,0,0,0,0,3,0,0,6,0,0,0,4,4,0,9,10,0,20,9,9,4,51,0,0,4,4,5,0,18,5,3,12,18,19,0,62,4
LGA59499,33,0,84,0,0,12,5,6,3,26,0,0,4,0,0,0,7,0,0,4,0,3,0,10,0,0,0,4,0,0,4,6,3,16,8,0,0,39,3,0,6,8,17,0,23,0,0,13,0,8,0,25,13,4,14,5,4,0,46,0,14,39,15,27,7,101,0,0,3,0,0,0,9,0,0,0,0,11,0,15,0,0,6,0,7,7,22,48,26,182,95,159,25,532,5,0,21,16,22,0,66,11,0,19,19,80,9,136,0,0,10,7,24,0,41,0,0,3,0,8,0,13,0,0,9,6,77,0,94,3,0,4,7,0,0,16,4,0,7,14,24,0,51,13,0,40,31,60,0,148,0,0,10,8,30,3,60,0,0,3,0,3,0,9,4,0,3,3,11,0,17,0,0,0,0,0,0,6,10,7,46,9,12,0,78,3,0,16,5,27,3,49,5,4,23,8,15,6,49,11
LGA59799,0,0,0,0,0,0,0,0,0,3,0,0,0,0,0,0,0,0,0,0,0,0,0,0,0,0,0,0,0,0,0,0,0,0,0,0,0,0,0,0,0,0,0,0,0,0,0,0,0,0,0,0,0,0,0,0,0,0,0,0,0,0,0,0,0,0,0,0,0,0,0,0,0,0,0,0,0,0,0,0,0,0,0,3,0,0,5,0,0,3,9,9,0,23,0,0,7,0,14,5,27,4,0,8,11,36,3,57,0,0,0,0,3,0,4,0,0,0,0,8,0,5,0,0,0,0,21,0,25,0,0,0,0,0,0,0,0,0,0,0,0,0,0,0,0,0,0,6,0,6,0,0,12,3,9,5,27,0,0,0,0,0,0,0,0,0,0,0,0,0,0,0,0,0,0,0,0,0,0,0,0,0,0,0,3,0,0,0,3,5,0,4,0,0,0,0,0,0,0,0
