LGA_CODE_2021,D_0_4_FPEFT_MPEFT,D_0_4_FPEFT_MPEPT,D_0_4_FPEFT_MPEAW,D_0_4_FPEFT_MPEHNS,D_0_4_FPEFT_MPET,D_0_4_FPEFT_MPULFTW,D_0_4_FPEFT_MPULPTW,D_0_4_FPEFT_MPUT,D_0_4_FPEFT_MPTLF,D_0_4_FPEFT_MPNLF,D_0_4_FPEFT_MPLFSNS,D_0_4_FPEFT_T,D_0_4_FPEPT_MPEFT,D_0_4_FPEPT_MPEPT,D_0_4_FPEPT_MPEAW,D_0_4_FPEPT_MPEHNS,D_0_4_FPEPT_MPET,D_0_4_FPEPT_MPULFTW,D_0_4_FPEPT_MPULPTW,D_0_4_FPEPT_MPUT,D_0_4_FPEPT_MPTLF,D_0_4_FPEPT_MPNLF,D_0_4_FPEPT_MPLFSNS,D_0_4_FPEPT_T,D_0_4_FPEAW_MPEFT,D_0_4_FPEAW_MPEPT,D_0_4_FPEAW_MPEAW,D_0_4_FPEAW_MPEHNS,D_0_4_FPEAW_MPET,D_0_4_FPEAW_MPULFTW,D_0_4_FPEAW_MPULPTW,D_0_4_FPEAW_MPUT,D_0_4_FPEAW_MPTLF,D_0_4_FPEAW_MPNLF,D_0_4_FPEAW_MPLFSNS,D_0_4_FPEAW_T,D_0_4_FPHNS_MPEFT,D_0_4_FPHNS_MPEPT,D_0_4_FPHNS_MPEAW,D_0_4_FPHNS_MPEHNS,D_0_4_FPHNS_MPET,D_0_4_FPHNS_MPULFTW,D_0_4_FPHNS_MPULPTW,D_0_4_FPHNS_MPUT,D_0_4_FPHNS_MPTLF,D_0_4_FPHNS_MPNLF,D_0_4_FPHNS_MPLFSNS,D_0_4_FPHNS_T,D_0_4_FPET_MPEFT,D_0_4_FPET_MPEPT,D_0_4_FPET_MPEAW,D_0_4_FPET_MPEHNS,D_0_4_FPET_MPET,D_0_4_FPET_MPULFTW,D_0_4_FPET_MPULPTW,D_0_4_FPET_MPUT,D_0_4_FPET_MPTLF,D_0_4_FPET_MPNLF,D_0_4_FPET_MPLFSNS,D_0_4_FPET_T,D_0_4_FPULFTW_MPEFT,D_0_4_FPULFTW_MPEPT,D_0_4_FPULFTW_MP_EAW,D_0_4_FPULFTW_MP_E_HW_NS,D_0_4_FPULFTW_MPET,D_0_4_FPULFTW_MPULFTW,D_0_4_FPULFTW_MPULPTW,D_0_4_FPULFTW_MPUT,D_0_4_FPULFTW_MPTLF,D_0_4_FPULFTW_MPNLF,D_0_4_FPULFTW_MPLFSNS,D_0_4_FPULFTW_T,D_0_4_FPULPTW_MPEFT,D_0_4_FPULPTW_MPEPT,D_0_4_FPULPTW_MPEAW,D_0_4_FPULPTW_MPEm_HW_NS,D_0_4_FPULPTW_MPET,D_0_4_FPULPTW_MPULFTW,D_0_4_FPULPTW_MPULPTW,D_0_4_FPULPTW_MPUT,D_0_4_FPULPTW_MPTLF,D_0_4_FPULPTW_MPNLF,D_0_4_FPULPTW_MPLFSNS,D_0_4_FPULPTW_T,D_0_4_FPUT_MPEFT,D_0_4_FPUT_MPEPT,D_0_4_FPUT_MPEAW,D_0_4_FPUT_MP_E_HNS,D_0_4_FPUT_MPET,D_0_4_FPUT_MPULFTW,D_0_4_FPUT_MPULPTW,D_0_4_FPUT_MPUT,D_0_4_FPUT_MPTLF,D_0_4_FPUT_MPNLF,D_0_4_FPUT_MPLFSNS,D_0_4_FPUT_T,D_0_4_FPTLF_MPEFT,D_0_4_FPTLF_MPEPT,D_0_4_FPTLF_MPEAW,D_0_4_FPTLF_MPEHNS,D_0_4_FPTLF_MPET,D_0_4_FPTLF_MPULFTW,D_0_4_FPTLF_MPULPTW,D_0_4_FPTLF_MPUT,D_0_4_FPTLF_MPTLF,D_0_4_FPTLF_MPNLF,D_0_4_FPTLF_MPLFSNS,D_0_4_FPTLF_T,D_0_4_FPNLF_MPEFT,D_0_4_FPNLF_MPEPT,D_0_4_FPNLF_MPEAW,D_0_4_FPNLF_MP_E_HNS,D_0_4_FPNLF_MPET,D_0_4_FPNLF_MPUEmpLfFTW,D_0_4_FPNLF_MPUEmpLfPTW,D_0_4_FPNLF_MPUT,D_0_4_FPNLF_MPTLF,D_0_4_FPNLF_MPNLF,D_0_4_FPNLF_MPLFSNS,D_0_4_FPNLF_T,D_0_4_FPLFSNS_MPEFT,D_0_4_FPLFSNS_MPEPT,D_0_4_FPLFSNS_MPEAW,D_0_4_FPLFSNS_MP_E_HNS,D_0_4_FPLFSNS_MPET,D_0_4_FPLFSNS_MPULFTW,D_0_4_FPLFSNS_MPULPTW,D_0_4_FPLFSNS_MPUT,D_0_4_FPLFSNS_MPTLF,D_0_4_FPLFSNS_MPNLF,D_0_4_FPLFSNS_MPLFSNS,D_0_4_FPLFSNS_T,D_0_4_FPT_MPEFT,D_0_4_FPT_MPEPT,D_0_4_FPT_MPEAW,D_0_4_FPT_MPEHNS,D_0_4_FPT_MPET,D_0_4_FPT_MPULFTW,D_0_4_FPT_MPULPTW,D_0_4_FPT_MPUT,D_0_4_FPT_MPTLF,D_0_4_FPT_MPNLF,D_0_4_FPT_MPLFSNS,D_0_4_FPT_T,D_5_9_FPEFT_MPEFT,D_5_9_FPEFT_MPEPT,D_5_9_FPEFT_MPEAW,D_5_9_FPEFT_MPEHNS,D_5_9_FPEFT_MPET,D_5_9_FPEFT_MPULFTW,D_5_9_FPEFT_MPULPTW,D_5_9_FPEFT_MPUT,D_5_9_FPEFT_MPTLF,D_5_9_FPEFT_MPNLF,D_5_9_FPEFT_MPLFSNS,D_5_9_FPEFT_T,D_5_9_FPEPT_MPEFT,D_5_9_FPEPT_MPEPT,D_5_9_FPEPT_MPEAW,D_5_9_FPEPT_MPEHNS,D_5_9_FPEPT_MPET,D_5_9_FPEPT_MPULFTW,D_5_9_FPEPT_MPULPTW,D_5_9_FPEPT_MPUT,D_5_9_FPEPT_MPTLF,D_5_9_FPEPT_MPNLF,D_5_9_FPEPT_MPLFSNS,D_5_9_FPEPT_T,D_5_9_FPEAW_MPEFT,D_5_9_FPEAW_MPEPT,D_5_9_FPEAW_MPEAW,D_5_9_FPEAW_MPEHNS,D_5_9_FPEAW_MPET,D_5_9_FPEAW_MPULFTW,D_5_9_FPEAW_MPULPTW,D_5_9_FPEAW_MPUT,D_5_9_FPEAW_MPTLF,D_5_9_FPEAW_MPNLF,D_5_9_FPEAW_MPLFSNS,D_5_9_FPEAW_T,D_5_9_FPHNS_MPEFT,D_5_9_FPHNS_MPEPT,D_5_9_FPHNS_MPEAW,D_5_9_FPHNS_MPEHNS,D_5_9_FPHNS_MPET,D_5_9_FPHNS_MPULFTW,D_5_9_FPHNS_MPULPTW,D_5_9_FPHNS_MPUT,D_5_9_FPHNS_MPTLF,D_5_9_FPHNS_MPNLF,D_5_9_FPHNS_MPLFSNS,D_5_9_FPHNS_T,D_5_9_FPET_MPEFT,D_5_9_FPET_MPEPT,D_5_9_FPET_MPEAW,D_5_9_FPET_MP_E_HNS,D_5_9_FPET_MPET,D_5_9_FPET_MPULFTW,D_5_9_FPET_MPULPTW,D_5_9_FPET_MPUT
LGA50080,97,16,3,0,115,0,0,0,115,8,0,127,488,89,8,4,585,3,4,7,587,17,6,611,98,14,3,0,115,0,0,0,115,4,0,121,4,0,0,3,11,0,0,0,11,0,0,11,683,114,20,12,831,4,4,5,835,31,4,870,0,0,0,0,0,0,0,0,0,0,0,0,15,0,0,0,15,0,0,0,15,0,0,15,15,0,0,0,15,0,0,0,15,0,0,15,695,114,20,12,843,4,4,5,854,31,4,883,404,59,15,7,486,7,5,13,495,33,4,533,4,0,0,3,0,0,0,0,0,3,8,17,1107,174,27,18,1329,9,7,24,1348,66,14,1432,244,54,7,0,305,0,0,0,307,14,0,325,613,103,20,9,743,4,0,4,746,12,0,766,21,0,3,0,23,0,0,0,23,3,0,23,3,0,0,3,4,0,0,0,4,0,0,4,883,155,33,11,1074,4,4,9
LGA50210,741,94,21,6,865,13,6,17,879,32,0,909,1559,216,38,12,1822,11,3,16,1836,48,8,1886,350,53,55,6,465,7,0,4,470,10,0,484,27,4,0,18,42,3,0,3,47,0,6,57,2680,363,113,40,3194,32,6,39,3237,83,6,3331,44,4,0,5,51,0,0,0,56,0,0,55,105,12,4,0,121,3,6,12,133,4,0,142,142,17,4,3,169,10,6,15,191,7,0,196,2824,378,123,41,3367,39,15,56,3423,91,6,3528,1576,204,55,49,1884,65,9,75,1959,150,8,2112,12,0,0,4,19,0,0,0,19,0,17,35,4405,585,179,97,5268,107,22,132,5399,243,28,5677,1096,145,24,17,1281,10,6,15,1298,46,3,1341,1879,230,34,13,2155,27,4,34,2189,55,4,2246,98,27,14,0,133,0,4,7,142,7,0,146,18,5,0,16,37,4,0,4,42,0,6,45,3089,405,70,43,3607,43,9,56
LGA50250,36,0,0,0,42,0,0,0,42,4,0,52,102,13,11,0,123,0,0,0,123,0,0,123,21,0,15,0,38,0,0,0,38,0,0,38,0,0,0,0,3,0,0,0,3,0,0,5,159,14,25,9,210,0,0,0,210,8,0,214,7,0,0,0,7,0,0,0,3,0,0,3,8,0,3,0,11,0,0,0,11,0,0,11,6,0,3,0,14,0,0,0,16,0,0,16,167,14,25,7,223,0,0,0,220,8,0,231,111,11,18,5,146,0,0,3,150,3,4,154,0,0,0,0,0,0,0,0,0,0,0,0,283,27,46,13,367,3,0,3,371,13,4,385,95,6,7,4,108,0,0,0,110,9,0,120,151,7,20,5,176,0,0,0,176,0,0,176,15,0,4,0,17,0,0,0,17,0,0,17,7,0,0,3,8,0,0,0,8,0,0,8,263,13,26,8,314,0,0,0
LGA50280,50,11,3,0,64,0,0,0,64,0,0,69,231,48,12,0,295,0,0,0,298,12,0,307,40,9,22,0,73,0,0,0,73,0,0,71,3,0,0,0,3,0,0,0,3,0,0,4,326,75,37,4,436,0,0,0,438,13,0,452,3,0,0,0,3,0,0,0,3,0,0,3,4,4,0,0,7,0,0,0,7,0,0,7,3,4,0,0,6,0,0,0,6,0,0,6,325,78,37,4,444,0,0,0,443,13,0,462,165,27,16,15,217,4,0,4,223,13,0,232,0,0,0,3,3,0,0,0,3,0,0,8,489,110,50,17,665,0,0,5,670,29,3,699,119,22,6,0,150,4,0,4,151,3,0,162,330,72,22,4,423,0,0,0,425,18,0,439,15,0,8,0,27,0,0,0,27,0,0,27,0,0,0,3,5,0,0,0,5,0,0,10,465,92,37,4,598,3,0,3
LGA50350,101,20,5,0,126,3,0,4,125,6,0,138,285,44,5,0,337,0,0,0,336,4,0,344,75,14,13,0,100,0,0,0,100,0,0,103,0,0,0,0,5,0,0,0,5,0,0,5,466,79,20,6,562,3,0,4,570,18,0,585,0,0,0,0,0,4,0,4,3,0,0,3,6,0,0,0,6,0,0,0,6,0,0,6,10,0,0,0,10,4,0,4,14,0,0,14,473,79,20,6,576,6,0,6,580,18,0,598,131,21,4,6,157,8,0,8,167,17,0,182,0,0,0,0,4,0,0,0,4,0,0,4,605,101,22,5,734,14,0,18,752,33,0,782,122,26,0,0,159,3,3,4,161,14,0,175,260,50,6,0,316,0,0,7,320,3,0,326,16,0,0,0,18,0,0,0,18,3,0,23,5,0,0,0,5,0,0,0,5,0,0,5,403,77,12,0,494,6,6,9
LGA50420,411,63,5,0,484,10,4,11,493,22,4,518,1068,149,25,12,1255,10,3,9,1261,27,6,1291,333,46,31,0,404,8,0,8,412,3,0,419,12,5,3,14,37,0,0,0,37,0,0,35,1821,265,59,31,2178,24,4,27,2202,56,4,2267,17,0,0,0,17,0,0,0,19,0,0,18,43,11,0,0,47,3,0,3,51,0,0,51,58,11,0,0,64,5,0,5,66,3,0,70,1880,276,59,31,2246,23,4,26,2269,55,4,2337,681,127,28,19,855,19,0,20,872,71,0,950,4,0,0,3,7,0,0,0,7,0,9,17,2562,401,87,47,3105,45,4,47,3149,129,16,3298,558,87,16,3,651,15,0,15,667,38,0,708,995,109,13,0,1116,14,6,21,1133,24,4,1164,42,3,3,0,57,0,0,0,57,4,0,55,6,3,0,11,14,0,0,0,17,3,0,22,1597,201,35,14,1842,26,6,36
LGA50490,232,36,6,0,273,9,3,10,278,18,0,305,494,78,10,8,583,6,0,7,598,14,0,614,136,12,11,0,162,0,0,0,166,9,0,168,12,0,0,12,26,0,0,0,26,0,0,26,871,125,24,21,1044,16,0,19,1070,39,0,1108,10,6,0,0,17,0,0,0,22,0,0,22,37,5,5,0,48,4,0,4,50,0,0,52,48,14,5,0,65,6,0,6,69,0,0,72,915,143,27,28,1110,24,0,26,1138,38,3,1180,473,113,14,13,613,12,9,26,640,75,0,725,0,0,0,3,6,0,0,0,6,0,15,21,1394,255,41,39,1732,37,15,52,1783,121,16,1922,339,50,13,6,397,0,3,9,403,24,0,430,478,77,6,7,568,5,5,9,573,13,6,589,16,6,0,0,28,0,0,0,28,3,0,28,6,0,0,5,12,0,0,0,12,0,0,16,836,128,18,18,999,9,11,19
LGA50560,3,0,0,0,5,0,0,0,5,0,0,10,10,4,0,0,16,0,0,0,20,0,0,20,3,0,0,0,3,0,0,0,3,0,0,3,0,0,0,0,0,0,0,0,0,0,0,0,22,5,0,0,27,0,0,0,34,0,0,33,0,0,0,0,0,0,0,0,0,0,0,0,0,0,0,0,0,0,0,0,0,0,0,0,0,0,0,0,0,0,0,0,0,0,0,0,22,5,0,0,27,0,0,0,34,0,0,33,13,0,0,0,13,0,0,0,12,0,0,12,0,0,0,0,0,0,0,0,0,0,0,0,37,5,0,0,42,0,0,0,45,0,0,46,6,0,0,0,8,0,0,0,8,0,0,12,25,0,0,5,29,0,0,0,27,0,0,33,0,0,0,0,0,0,0,0,0,0,0,0,0,0,0,0,0,0,0,0,0,0,0,0,34,0,0,5,36,0,0,0
LGA50630,14,0,0,0,19,0,0,0,18,0,0,16,8,4,0,0,15,0,0,0,11,0,0,11,5,0,0,0,8,0,0,0,8,0,0,8,0,0,0,6,6,0,0,0,6,0,0,6,29,3,0,6,36,3,0,3,41,0,0,41,4,0,0,0,4,0,0,0,4,0,0,4,0,0,0,0,0,0,0,0,0,0,0,0,4,0,0,0,4,0,0,0,4,0,0,4,33,3,0,6,41,3,0,3,46,0,0,47,27,8,3,0,32,5,0,5,38,0,0,38,0,0,0,0,0,0,0,0,0,0,0,0,57,8,5,6,74,3,0,3,78,0,0,82,21,0,0,0,20,0,0,0,20,5,4,28,18,0,8,0,33,4,0,4,33,0,0,36,0,0,0,0,0,0,0,0,0,0,0,0,0,0,0,0,0,0,0,0,0,0,0,0,37,3,8,3,51,4,0,4
LGA50770,7,0,0,0,13,0,0,0,13,0,0,13,27,10,0,0,33,0,0,0,33,0,0,34,0,0,0,0,4,0,0,0,4,0,0,4,0,0,0,0,3,0,0,0,3,0,0,3,39,9,0,0,44,0,0,0,44,0,0,52,0,0,0,0,0,0,0,0,0,0,0,0,0,0,0,0,0,0,0,0,0,0,0,0,0,0,0,0,0,0,0,0,0,0,0,0,36,9,0,0,45,0,0,0,45,0,0,51,27,3,0,0,32,0,0,0,32,0,0,34,0,0,0,0,0,0,0,0,0,0,0,0,61,11,0,3,78,0,0,0,78,0,0,82,14,5,0,0,21,0,0,0,21,4,0,23,36,3,0,0,37,0,0,0,37,3,0,37,0,3,0,0,3,0,0,0,3,0,0,3,0,0,0,0,0,0,0,0,0,0,0,0,55,12,0,0,62,0,0,0
LGA50840,10,0,0,0,14,0,0,0,15,0,0,16,49,15,0,0,63,0,0,0,63,0,0,67,0,0,4,5,7,0,0,0,7,0,0,8,0,0,0,0,0,0,0,0,3,0,0,3,64,14,6,4,91,3,0,3,90,4,0,99,0,0,0,0,0,0,0,0,0,4,0,4,0,0,0,0,0,0,0,0,0,0,0,0,0,0,0,0,0,0,0,0,0,7,0,3,65,14,6,4,89,3,0,3,89,6,0,103,56,6,5,0,66,4,0,4,66,6,0,75,0,0,0,0,0,0,0,0,0,0,0,0,124,19,7,4,156,4,0,4,159,17,0,176,27,4,0,0,32,3,0,3,32,0,0,32,86,12,3,3,106,0,0,0,106,0,0,108,0,0,0,0,3,0,0,0,3,0,0,4,0,0,0,0,4,0,0,0,4,0,0,4,116,16,7,5,144,3,0,3
LGA50910,5,0,0,0,5,0,0,0,5,0,0,3,17,0,0,0,16,0,0,0,16,0,0,16,3,0,0,0,0,0,0,0,0,0,0,0,0,0,0,3,3,0,0,0,3,0,0,3,21,0,0,3,29,0,0,0,29,0,0,31,0,0,0,0,0,0,0,0,0,0,0,0,4,0,0,0,4,0,0,0,4,0,0,4,4,0,0,0,4,0,0,0,4,0,0,4,25,0,0,3,30,0,0,0,30,0,0,31,7,0,0,0,7,0,0,0,7,0,0,7,0,0,0,0,0,0,0,0,0,0,0,0,35,0,0,3,41,0,0,0,41,0,0,43,5,0,0,0,5,0,0,0,5,0,0,10,27,0,0,0,27,0,0,0,27,0,0,27,0,0,4,0,4,0,0,0,4,0,0,4,0,0,0,0,0,0,0,0,0,0,0,0,35,0,4,0,36,0,0,0
LGA50980,122,17,7,4,147,0,0,0,151,9,0,155,214,20,7,3,249,3,0,3,249,9,4,262,73,9,6,0,86,0,0,0,92,9,0,99,4,0,0,0,4,0,0,0,4,0,3,11,413,47,20,8,488,6,0,6,496,23,10,530,4,0,0,0,4,10,0,10,10,0,0,10,0,0,0,0,4,0,0,6,9,0,0,9,7,0,0,0,3,9,0,7,15,0,0,15,422,47,23,8,494,15,0,16,516,23,10,550,116,12,7,9,147,18,5,22,166,57,0,228,0,0,0,0,0,0,0,0,0,0,9,9,537,60,32,12,638,32,3,34,681,86,21,776,231,41,3,3,277,0,3,0,287,23,0,310,240,30,7,5,284,3,0,3,290,4,0,293,11,0,7,0,26,0,0,0,26,0,0,30,4,3,0,0,6,0,0,0,6,6,3,13,480,72,21,13,596,7,5,8
LGA51080,0,0,0,0,0,0,0,0,0,0,0,0,22,0,0,0,22,0,0,0,22,0,0,27,3,0,0,0,3,0,0,0,3,0,0,3,0,0,0,0,0,0,0,0,0,0,0,0,31,0,0,0,31,0,0,0,34,3,0,35,0,0,0,0,0,0,0,0,0,0,0,0,0,0,0,0,0,0,0,0,0,0,0,0,0,0,0,0,0,0,0,0,0,0,0,0,31,0,0,0,31,0,0,0,34,3,0,35,4,0,0,0,10,0,0,0,10,0,0,10,0,0,0,0,0,0,0,0,0,0,0,0,36,0,0,0,37,0,0,0,39,3,0,42,8,0,0,0,8,0,0,0,8,0,0,8,32,0,0,0,33,0,0,0,33,6,0,36,0,0,0,0,0,0,0,0,0,0,0,0,0,0,0,0,0,0,0,0,0,0,0,0,42,0,0,0,46,0,0,0
LGA51120,10,0,0,0,10,0,0,0,10,0,0,10,13,0,0,0,13,0,0,0,13,0,0,13,0,0,0,0,0,0,0,0,0,0,0,0,0,0,0,0,0,0,0,0,0,0,0,0,25,0,0,0,25,0,0,0,25,0,0,25,0,0,0,0,0,0,0,0,0,0,0,0,0,0,0,0,0,0,0,0,0,0,0,0,0,0,0,0,0,0,0,0,0,0,0,0,25,0,0,0,25,0,0,0,25,0,0,25,21,0,0,0,27,0,0,0,27,0,0,27,0,0,0,0,0,0,0,0,0,0,0,0,45,0,0,0,47,0,0,0,47,0,0,47,13,0,0,0,16,0,0,0,16,0,0,16,15,0,0,0,20,0,0,0,20,0,0,20,0,0,0,0,0,0,0,0,0,0,0,0,0,0,0,0,0,0,0,0,0,0,0,0,27,0,0,0,28,0,0,0
LGA51190,90,16,6,0,106,0,3,5,110,10,0,124,353,42,11,6,409,5,0,9,419,15,0,434,60,16,13,0,94,0,0,0,95,0,0,100,5,0,0,6,10,0,0,0,10,0,0,11,499,79,29,6,617,8,4,12,635,30,0,665,0,0,0,0,0,0,0,0,3,0,0,3,13,0,0,0,20,3,0,3,22,0,0,22,12,0,0,0,22,3,0,3,22,0,0,27,516,83,29,13,638,15,4,15,657,31,0,691,309,35,22,11,375,8,3,14,384,32,0,416,0,0,0,0,0,0,0,0,0,0,0,0,821,116,49,24,1017,24,6,25,1041,63,0,1106,145,27,5,0,178,4,0,0,182,13,0,192,422,46,10,6,478,0,0,0,480,16,0,504,10,5,5,0,20,0,0,0,20,3,0,24,3,0,0,5,7,0,0,0,7,0,7,11,584,74,22,6,688,4,4,3
LGA51260,151,41,8,0,195,0,0,0,195,17,0,215,518,76,20,5,613,9,0,11,626,12,0,642,75,15,16,0,110,0,0,5,112,0,0,111,4,0,0,6,10,0,0,0,10,0,0,10,745,131,45,10,929,8,3,13,943,38,0,981,6,0,0,0,3,0,0,0,3,0,0,11,20,0,8,0,22,0,0,0,25,3,0,27,24,0,8,0,32,0,0,0,29,3,0,36,771,127,52,10,962,11,3,13,976,36,0,1010,345,51,22,0,426,4,0,4,429,25,0,457,3,0,0,0,3,0,0,0,5,0,7,9,1121,182,74,14,1389,13,3,16,1408,65,7,1479,299,45,10,3,355,0,4,4,362,25,0,384,776,84,45,13,909,3,0,0,919,29,0,948,30,10,8,0,51,0,0,0,51,0,0,50,12,0,0,13,24,0,0,0,24,0,0,24,1112,143,63,24,1341,3,4,6
LGA51310,180,24,5,0,213,4,0,4,213,13,3,233,474,47,9,0,534,0,0,0,538,10,0,546,91,19,23,0,128,0,0,0,128,3,0,133,9,0,0,3,11,0,0,0,11,0,0,14,747,92,37,9,885,4,5,5,896,22,5,919,10,0,0,0,9,0,0,0,9,0,0,9,24,0,0,0,24,0,0,0,24,0,0,24,37,0,0,0,38,0,0,0,38,0,0,38,784,97,37,9,919,10,5,7,932,22,5,960,230,25,0,0,259,0,0,4,261,11,0,271,0,0,0,0,0,0,0,0,0,0,6,10,1019,121,36,6,1183,11,7,13,1195,36,7,1234,369,51,4,0,422,8,3,7,428,23,0,451,752,57,12,8,823,7,3,7,828,7,0,835,30,3,11,0,40,0,0,0,40,0,0,42,3,0,0,9,13,0,0,0,13,0,0,13,1150,106,20,9,1288,14,5,20
LGA51330,681,91,8,3,784,15,9,17,800,31,0,834,1104,213,29,18,1358,19,6,24,1383,48,4,1437,273,38,35,0,342,4,0,4,349,9,0,351,7,0,0,11,22,0,0,0,22,0,0,29,2064,343,68,33,2505,37,14,49,2554,87,6,2645,54,11,0,0,68,8,0,8,70,0,0,70,76,16,0,0,97,5,0,5,97,0,0,105,131,29,0,0,161,10,0,10,173,0,0,175,2192,376,68,38,2675,42,14,57,2727,86,6,2822,1044,244,34,28,1354,44,17,63,1418,134,8,1562,7,0,0,19,21,0,0,0,21,0,10,33,3245,620,96,84,4046,88,28,116,4168,228,20,4409,1010,130,15,5,1156,20,3,26,1179,58,0,1241,1451,238,11,11,1709,28,7,31,1742,58,4,1801,60,13,11,0,83,0,0,0,85,0,0,83,15,0,0,9,26,0,0,0,26,0,9,30,2533,372,38,26,2973,51,9,62
LGA51400,84,4,0,0,89,3,0,6,93,4,0,97,259,26,17,3,306,0,0,3,305,4,0,309,71,3,6,0,84,0,0,0,84,0,0,87,0,0,0,6,6,0,0,0,6,0,0,4,410,38,29,11,481,4,3,10,486,13,0,500,5,0,0,0,5,0,0,0,5,0,0,5,3,0,0,0,3,0,0,0,3,0,0,4,10,0,0,0,10,0,0,0,10,0,0,8,419,38,29,11,487,4,3,10,492,11,0,511,203,20,11,5,233,0,0,0,234,10,0,249,0,3,0,3,8,0,0,0,8,0,0,8,626,59,33,12,728,5,3,9,733,25,0,760,174,24,4,0,194,7,0,8,197,9,0,213,385,33,25,0,448,0,0,0,448,6,0,455,21,0,3,0,26,0,0,0,26,0,0,26,0,0,0,3,6,0,0,0,6,0,0,6,571,60,36,9,675,7,0,8
LGA51470,4,0,0,0,4,0,0,0,4,0,0,4,0,0,0,0,6,0,0,0,6,0,0,6,0,0,0,0,0,0,0,0,0,0,0,0,0,0,0,0,0,0,0,0,0,0,0,0,4,0,0,0,8,0,0,0,8,0,0,8,0,0,0,0,0,0,0,0,0,0,0,0,0,0,0,0,0,0,0,0,0,0,0,0,0,0,0,0,0,0,0,0,0,0,0,0,4,0,0,0,8,0,0,0,8,0,0,8,9,3,0,0,10,0,0,0,10,0,0,11,0,0,0,0,0,0,0,0,0,0,0,0,16,6,0,0,18,0,0,0,18,0,0,16,0,0,3,0,3,0,0,0,3,0,0,3,4,0,0,0,3,0,0,0,3,0,0,3,0,4,0,0,4,0,0,0,4,0,0,4,0,0,0,0,0,0,0,0,0,0,0,0,8,3,5,0,14,0,0,0
LGA51540,31,3,0,0,37,0,0,0,37,3,0,39,45,10,0,0,55,0,0,0,52,3,0,57,19,0,0,0,24,4,0,4,23,0,0,23,0,0,0,0,0,0,0,0,0,0,0,0,95,13,4,0,114,3,0,3,116,10,0,127,0,0,0,0,0,0,0,0,0,0,0,0,3,0,0,0,3,0,0,0,6,0,0,6,3,0,0,0,3,0,0,0,6,0,0,6,99,13,4,0,116,5,0,5,117,10,0,128,37,5,3,0,42,7,0,7,50,17,0,67,0,0,0,0,0,0,0,0,0,0,0,0,135,19,9,0,162,8,0,8,170,30,0,194,48,3,0,0,48,0,0,0,48,8,0,56,40,11,0,0,53,4,0,4,56,10,0,60,5,0,0,0,5,0,0,0,5,0,0,5,0,0,0,0,0,0,0,0,0,0,0,0,92,14,0,0,113,4,0,4
LGA51610,10,0,0,0,10,0,0,0,10,0,0,10,18,0,0,0,26,0,0,0,26,0,0,26,3,0,0,0,3,0,0,0,3,0,0,3,0,0,0,0,0,0,0,0,0,0,0,0,34,0,0,0,39,0,0,0,39,0,0,39,0,0,0,0,0,0,0,0,0,0,0,0,0,0,0,0,0,0,0,0,0,0,0,0,0,0,0,0,0,0,0,0,0,0,0,0,34,0,0,0,39,0,0,0,39,0,0,39,19,0,0,0,17,0,0,0,17,0,0,17,0,0,0,0,0,0,0,0,0,0,0,0,46,0,0,0,54,0,0,0,54,0,0,54,27,0,0,0,30,0,0,0,30,0,0,29,17,0,6,0,23,0,0,0,23,0,0,23,0,0,0,0,0,0,0,0,0,0,0,0,0,0,0,0,0,0,0,0,0,0,0,0,43,0,5,0,52,0,0,0
LGA51680,37,4,0,0,37,0,0,0,37,4,0,42,49,8,3,0,66,0,0,0,66,0,0,65,13,0,0,0,13,0,0,0,13,0,0,19,0,0,0,4,4,0,0,0,4,0,0,4,97,15,3,3,120,0,0,0,120,10,0,133,0,0,0,0,0,0,0,0,0,0,0,0,3,0,0,0,3,0,0,0,3,0,0,3,3,0,0,0,3,0,0,0,3,0,0,3,104,15,3,3,125,0,0,0,125,10,0,132,61,3,10,0,75,0,0,0,75,5,0,80,0,0,0,0,0,0,0,0,0,0,0,0,161,18,13,5,196,0,0,0,196,17,0,217,49,5,0,0,61,0,0,0,59,8,0,64,90,8,4,5,110,0,0,0,111,6,0,114,7,0,0,0,7,0,0,0,7,0,0,7,4,0,0,0,4,0,0,0,4,0,0,4,149,20,3,7,178,0,0,0
LGA51710,12,0,0,0,12,0,0,0,12,0,0,12,17,0,0,0,21,0,0,0,21,0,0,21,8,0,0,0,8,0,0,0,8,0,0,8,0,0,0,0,0,0,0,0,0,0,0,0,38,0,0,0,40,0,0,0,40,0,0,40,0,0,0,0,0,0,0,0,0,0,0,0,0,0,0,0,0,0,0,0,0,0,0,0,0,0,0,0,0,0,0,0,0,0,0,0,37,0,0,0,44,0,0,0,44,0,0,44,16,0,0,0,15,0,0,0,15,0,0,15,0,0,0,0,0,0,0,0,0,0,0,0,55,6,0,0,65,0,0,0,65,0,0,65,27,6,0,0,29,0,0,0,29,0,0,34,33,0,0,0,34,0,0,0,34,0,0,34,0,0,0,0,0,0,0,0,0,0,0,0,0,0,0,0,0,0,0,0,0,0,0,0,63,8,0,0,65,0,0,0
LGA51750,46,11,0,0,59,0,0,0,62,4,0,63,121,17,5,0,134,0,0,0,139,0,0,139,37,5,0,0,47,0,0,0,47,0,0,47,0,0,0,0,0,0,0,0,0,0,0,0,212,29,8,0,245,0,0,4,246,6,0,253,0,0,0,0,0,0,0,0,0,0,0,0,0,6,0,0,5,0,0,0,5,0,0,5,0,6,0,0,5,0,0,0,5,0,0,5,213,31,8,0,248,0,0,4,253,6,0,261,80,9,3,0,93,0,0,0,94,4,4,101,0,0,0,0,0,0,0,0,0,0,0,0,294,37,7,0,344,3,0,7,347,10,4,363,110,7,0,0,123,0,0,0,123,8,0,134,147,19,4,0,171,0,0,0,172,0,0,172,3,0,0,0,8,0,0,0,8,0,0,8,0,0,0,0,0,0,0,0,0,0,0,0,268,25,8,0,304,3,0,3
LGA51820,824,114,22,7,966,10,6,10,974,43,0,1018,2188,221,54,10,2486,11,3,16,2498,50,3,2555,620,59,80,0,759,0,0,3,765,13,0,781,17,0,0,14,34,0,0,0,34,0,5,37,3648,402,162,35,4240,19,5,29,4271,111,12,4388,24,7,3,0,31,0,0,0,35,5,0,38,84,10,0,3,99,0,0,0,106,0,0,110,107,14,3,3,128,4,0,4,140,4,0,145,3754,415,164,34,4370,28,5,35,4410,120,12,4535,1397,137,58,23,1616,24,7,34,1644,99,8,1752,9,0,0,3,13,5,0,5,13,0,13,25,5158,552,222,64,5996,56,20,70,6068,218,29,6314,1180,134,24,8,1342,16,11,32,1373,68,0,1440,2354,223,67,15,2665,12,8,21,2678,59,4,2743,126,15,14,0,156,0,0,0,156,4,0,158,17,0,0,16,38,0,0,0,38,0,4,39,3681,372,102,43,4194,33,21,46
LGA51860,9,0,0,0,9,0,0,0,9,0,0,9,3,4,0,0,8,0,0,0,8,0,0,8,0,0,0,0,0,0,0,0,0,0,0,0,0,0,0,0,0,0,0,0,0,0,0,0,15,4,0,0,22,0,0,0,22,0,0,22,0,0,0,0,0,0,0,0,0,0,0,0,0,0,0,0,0,0,0,0,0,0,0,0,0,0,0,0,0,0,0,0,0,0,0,0,15,4,0,0,22,0,0,0,22,0,0,22,8,4,0,0,9,0,0,0,9,0,0,9,0,0,0,0,0,0,0,0,0,0,0,0,22,5,0,0,32,0,0,0,32,0,0,32,13,0,0,0,14,0,0,0,14,0,0,11,11,3,0,0,11,0,0,0,11,5,0,15,0,0,0,0,0,0,0,0,0,0,0,0,0,0,0,0,0,0,0,0,0,0,0,0,20,7,0,0,26,0,0,0
LGA51890,20,4,0,4,26,0,0,0,29,0,0,32,86,13,4,0,108,0,0,0,105,3,0,109,11,3,5,0,19,0,0,0,19,0,0,19,0,0,0,0,4,0,0,0,4,0,0,4,125,19,6,8,155,4,0,4,154,4,0,160,0,0,0,0,0,0,0,0,0,0,0,0,4,0,0,0,4,0,0,0,4,0,0,4,4,0,0,0,4,0,0,0,4,0,0,4,126,19,6,8,162,4,0,4,157,4,0,165,85,9,11,7,109,3,0,4,115,19,3,136,0,0,0,0,3,0,0,0,3,0,0,3,215,24,12,15,270,8,0,9,275,23,3,308,45,0,0,3,48,0,0,0,55,0,0,51,131,3,5,0,143,0,0,0,145,9,0,151,8,0,0,0,9,0,0,0,9,0,0,9,3,0,0,0,3,0,0,0,3,0,0,4,186,9,8,6,202,6,0,6
LGA51960,21,4,0,0,21,0,0,3,23,0,0,24,30,4,0,0,38,0,0,0,38,0,0,38,4,0,5,0,7,0,0,0,7,0,0,7,0,0,0,0,0,0,0,0,0,0,0,0,51,8,9,0,68,0,0,3,67,0,0,70,0,3,0,0,3,0,0,0,3,0,0,3,0,0,0,0,0,0,0,0,0,0,0,5,0,3,0,0,6,0,0,0,6,0,0,4,56,12,9,0,71,0,0,3,71,0,0,72,52,3,4,0,57,0,0,0,58,13,0,67,0,0,0,0,0,0,0,0,0,0,0,0,104,15,11,0,126,0,3,0,130,11,0,144,21,4,0,0,25,0,0,0,29,0,0,28,25,0,3,0,36,0,0,0,36,0,0,36,0,0,4,0,4,0,0,0,4,0,0,4,0,0,0,0,0,0,0,0,0,0,0,0,54,4,8,0,61,0,0,0
LGA52030,3,0,0,0,3,0,0,0,3,0,0,3,19,6,0,0,22,0,0,0,22,0,0,22,5,0,0,0,5,0,0,0,5,0,0,5,0,0,0,0,0,0,0,0,0,0,0,0,27,6,0,0,31,0,0,0,31,0,0,31,0,0,0,0,0,0,0,0,0,0,0,0,0,0,0,0,0,0,0,0,0,0,0,0,0,0,0,0,0,0,0,0,0,0,0,0,27,6,0,0,31,0,0,0,31,0,0,31,12,0,0,0,12,0,0,0,12,0,0,14,0,0,0,0,0,0,0,0,0,0,0,0,33,6,0,0,41,0,0,0,41,0,0,44,8,0,0,0,8,0,0,0,8,0,0,10,12,0,0,0,9,0,0,0,9,0,0,9,0,0,0,0,0,0,0,0,0,0,0,0,5,0,0,0,5,0,0,0,5,0,0,5,24,0,0,0,25,0,0,0
LGA52100,14,0,0,0,14,0,0,0,14,0,0,14,21,3,0,0,17,3,0,3,24,0,0,24,0,0,0,0,0,0,0,0,0,0,0,0,0,0,0,0,0,0,0,0,0,0,0,0,37,3,0,0,38,3,0,3,43,0,0,43,0,0,0,0,0,0,0,0,0,0,0,0,0,0,0,0,0,0,0,0,0,0,0,0,0,0,0,0,0,0,0,0,0,0,0,0,39,3,0,0,43,3,0,3,45,0,0,45,6,0,0,0,12,0,0,0,11,0,0,11,0,0,0,0,0,0,0,0,0,0,0,0,43,8,0,0,51,5,0,5,56,0,0,56,19,0,0,0,17,0,0,0,17,0,0,17,22,4,0,0,26,3,0,3,29,0,0,29,4,0,0,0,4,0,0,0,4,0,0,4,0,0,0,0,0,0,0,0,0,0,0,0,45,6,0,0,50,3,0,3
LGA52170,47,7,0,0,48,0,0,0,49,0,0,51,111,10,3,0,124,0,0,0,124,0,0,124,26,0,5,0,26,0,0,0,26,0,0,30,0,0,0,0,0,0,0,0,0,0,0,0,180,12,5,0,204,0,0,0,203,3,0,204,0,0,0,0,0,0,0,0,0,0,0,0,7,0,0,0,7,0,0,0,7,0,0,7,7,0,0,0,7,0,0,0,7,0,0,7,188,12,5,0,214,0,0,0,214,3,0,216,80,7,0,0,92,0,0,0,95,5,0,96,0,0,0,0,0,0,0,0,0,0,0,0,271,22,9,0,308,0,0,0,307,3,0,312,60,9,0,0,70,0,0,0,70,8,0,80,121,4,4,0,133,0,0,0,130,0,0,129,5,0,4,0,10,0,0,0,10,0,0,10,3,0,0,0,3,0,0,0,3,0,0,3,186,13,4,0,209,0,0,5
LGA52240,0,0,0,0,0,0,0,0,0,0,0,0,12,0,0,0,17,0,0,0,17,0,0,17,7,0,0,0,3,0,0,0,3,0,0,3,0,0,0,0,0,0,0,0,0,0,0,0,22,4,0,0,28,0,0,0,28,0,0,28,0,0,0,0,0,0,0,0,0,0,0,0,0,0,0,0,0,0,0,0,0,0,0,0,0,0,0,0,0,0,0,0,0,0,0,0,22,4,0,0,28,0,0,0,28,0,0,28,16,0,4,3,22,0,0,0,20,3,0,26,0,0,0,0,0,0,0,0,0,0,0,0,37,4,0,3,46,0,0,0,48,3,0,50,4,0,0,0,6,0,0,0,6,4,0,12,22,0,0,0,24,0,0,0,24,0,0,24,0,0,0,0,0,0,0,0,0,0,0,0,0,0,0,0,0,0,0,0,0,0,0,0,36,6,0,0,37,0,0,0
LGA52310,3,0,0,0,3,0,0,0,3,0,0,0,5,0,0,0,9,0,0,0,9,0,0,9,0,0,0,0,0,0,0,0,0,0,0,0,0,0,0,0,0,0,0,0,0,0,0,0,8,0,0,0,12,0,0,0,12,0,0,13,0,0,0,0,0,0,0,0,0,0,0,0,0,0,0,0,0,0,0,0,0,0,0,0,0,0,0,0,0,0,0,0,0,0,0,0,10,0,0,0,12,0,0,0,12,0,0,14,3,0,0,0,3,0,0,0,3,0,0,3,0,0,0,0,0,0,0,0,0,0,0,0,19,0,0,0,17,0,0,0,17,0,0,20,11,0,0,0,11,0,0,0,11,5,0,15,7,0,0,0,7,0,0,0,7,4,0,10,0,0,0,0,0,0,0,0,0,0,0,0,0,0,0,0,0,0,0,0,0,0,0,0,21,0,0,0,18,0,0,0
LGA52380,0,0,0,0,0,0,0,0,0,0,0,0,0,0,0,0,0,0,0,0,0,0,0,0,0,0,0,0,0,0,0,0,0,0,0,0,0,0,0,0,0,0,0,0,0,0,0,0,0,0,0,0,0,0,0,0,0,0,0,0,0,0,0,0,0,0,0,0,0,0,0,0,0,0,0,0,0,0,0,0,0,0,0,0,0,0,0,0,0,0,0,0,0,0,0,0,0,0,0,0,0,0,0,0,0,0,0,0,0,0,0,0,0,0,0,0,0,0,0,0,0,0,0,0,0,0,0,0,0,0,0,0,0,0,0,0,0,0,0,0,0,0,0,0,0,0,0,0,0,0,0,0,0,0,0,0,0,0,0,0,0,0,0,0,0,0,0,0,0,0,0,0,0,0,0,0,0,0,0,0,0,0,0,0,0,0,0,0,0,0,0,0,0,0,0,0,0,0,0,0
LGA52450,4,0,0,0,4,0,0,0,4,0,0,4,17,0,0,0,17,0,0,0,17,0,0,17,9,0,0,0,10,0,0,0,10,0,0,10,0,0,0,0,0,0,0,0,0,0,0,0,36,0,0,0,36,0,0,0,36,0,0,36,0,0,0,0,0,0,0,0,0,0,0,0,0,0,0,0,0,0,0,0,0,0,0,0,0,0,0,0,0,0,0,0,0,0,0,0,36,0,0,0,36,0,0,0,36,0,0,36,27,0,5,0,34,0,0,0,34,0,0,34,0,0,0,0,0,0,0,0,0,0,0,0,62,0,5,0,72,0,0,0,72,0,0,72,15,0,0,0,12,0,0,0,12,0,0,12,32,5,0,0,33,0,0,0,33,0,0,33,0,0,0,0,0,0,0,0,0,0,0,0,0,0,0,0,0,0,0,0,0,0,0,0,47,6,0,0,50,0,0,0
LGA52520,6,0,0,0,6,0,0,0,6,0,0,6,39,0,0,0,39,0,0,0,39,0,0,39,8,0,0,0,6,0,0,0,6,0,0,6,0,0,0,0,0,0,0,0,0,0,0,0,48,0,0,0,53,0,0,0,53,0,0,53,0,0,0,0,0,0,0,0,0,0,0,0,0,0,0,0,0,0,0,0,0,0,0,0,0,0,0,0,0,0,0,0,0,0,0,0,48,0,0,0,53,0,0,0,53,0,0,53,27,0,0,0,30,0,0,0,30,0,0,30,0,0,0,0,0,0,0,0,0,0,0,0,77,0,0,0,79,0,0,0,79,0,0,79,15,0,0,0,15,0,0,0,15,0,0,15,26,3,0,0,27,0,0,0,27,0,0,27,4,0,0,0,5,0,0,0,5,0,0,5,4,0,0,0,0,0,0,0,0,0,0,0,43,8,0,0,51,0,0,0
LGA52590,17,0,0,0,15,0,0,0,15,0,0,15,44,8,0,0,58,0,0,0,59,0,0,59,6,5,0,0,7,0,0,0,7,0,0,7,3,0,0,0,4,0,0,0,4,0,0,4,74,10,0,3,87,0,0,0,83,0,0,83,0,0,0,0,0,0,0,0,0,0,0,0,0,0,0,0,0,0,0,0,0,0,0,0,5,0,0,0,5,0,0,0,5,0,0,5,76,10,0,3,89,0,0,0,89,0,0,89,25,3,0,0,32,0,0,0,32,0,0,32,0,0,0,0,0,0,0,0,0,0,0,0,98,11,0,0,117,0,0,0,120,0,0,122,15,4,0,0,19,0,0,0,19,0,0,24,56,6,0,0,60,0,0,0,60,0,0,60,0,0,0,0,8,0,0,0,8,0,0,8,0,0,0,0,0,0,0,0,0,0,0,0,74,10,0,0,86,0,0,0
LGA52660,59,11,0,0,73,0,0,0,73,0,0,74,240,26,16,5,279,0,0,0,279,3,0,284,61,4,7,0,71,4,0,4,78,0,0,78,0,0,0,0,3,0,0,0,3,0,0,3,361,41,20,7,431,7,0,7,429,7,0,440,3,0,0,0,3,0,0,0,3,0,0,3,9,0,0,0,9,5,0,5,13,0,0,13,12,0,0,0,12,5,0,5,20,0,0,20,371,41,20,7,439,9,0,9,453,7,0,457,199,20,15,11,242,8,0,9,251,0,0,254,0,0,0,3,3,0,0,0,3,0,8,6,571,64,36,19,683,16,0,18,702,9,6,720,108,17,9,0,129,0,0,0,131,7,0,140,338,32,9,0,382,3,4,7,387,3,0,392,9,0,4,0,17,0,0,0,17,0,0,17,4,0,0,0,4,0,0,0,4,0,0,5,464,50,18,6,531,8,4,3
LGA52730,15,3,0,0,19,0,0,0,19,7,0,26,66,22,4,0,91,0,0,0,91,3,0,92,15,0,3,0,17,0,0,0,17,0,0,19,0,0,0,0,3,0,0,0,3,0,0,3,89,23,6,3,128,0,0,0,128,12,0,137,0,0,0,0,0,0,0,0,0,0,0,0,3,0,0,0,0,0,0,0,0,0,0,0,3,0,0,0,0,0,0,0,0,0,0,0,93,26,6,3,131,0,0,0,131,12,0,140,40,13,8,0,58,0,0,0,58,9,0,62,0,0,0,0,0,0,0,0,0,0,0,0,133,38,14,3,191,0,0,0,191,17,0,208,45,14,0,0,56,3,0,3,62,8,0,69,82,33,0,0,124,0,0,0,124,8,0,131,4,0,5,0,7,0,0,0,7,0,0,7,3,0,0,4,3,0,0,0,3,0,0,3,132,47,4,3,187,3,0,3
LGA52800,36,0,4,0,45,0,0,0,45,9,0,57,22,14,0,0,37,0,0,3,37,6,0,42,11,0,0,0,6,0,0,0,6,0,0,9,0,0,0,5,5,0,0,0,5,0,0,4,65,21,4,5,90,0,0,3,91,20,0,114,0,0,0,0,0,0,0,0,0,0,0,0,7,0,0,0,7,0,0,0,3,0,0,3,3,0,0,0,3,0,0,0,4,0,0,4,71,21,4,5,95,4,0,0,99,20,0,115,28,8,0,3,43,8,0,6,49,128,0,173,0,3,0,0,3,0,0,0,3,0,3,8,99,28,4,3,136,8,0,12,148,142,3,296,63,6,0,0,67,0,0,0,67,4,0,69,22,12,0,0,32,0,0,0,35,18,0,45,3,4,0,0,6,0,0,0,6,0,0,10,0,0,0,4,4,0,0,0,4,0,0,5,87,18,0,4,105,0,0,0
LGA52870,14,3,0,0,15,0,0,0,15,0,0,15,65,3,8,0,74,0,0,0,74,0,0,77,17,5,0,0,22,0,0,0,22,0,0,22,0,0,0,3,4,0,0,0,4,0,0,4,93,8,5,7,115,0,0,0,115,0,0,120,3,0,0,0,3,0,0,0,3,0,0,3,0,0,0,0,0,0,0,0,0,0,0,0,3,0,0,0,3,0,0,0,3,0,0,3,94,8,5,7,117,0,0,0,117,0,0,120,83,13,5,0,102,0,0,0,102,5,0,104,0,0,0,0,0,0,0,0,0,0,0,0,183,25,12,7,216,0,0,0,217,8,0,227,38,7,0,0,41,0,0,0,41,0,0,44,102,6,0,0,116,0,0,0,116,4,0,120,3,0,4,0,11,0,0,0,11,0,0,11,0,0,0,9,9,0,0,0,9,0,0,9,141,13,8,7,169,0,0,0
LGA52940,3,0,0,0,3,0,0,0,3,0,0,3,21,0,0,0,21,0,0,0,21,0,0,21,0,0,6,0,0,0,0,0,0,0,0,0,0,0,0,0,0,0,0,0,0,0,0,0,21,0,6,0,24,0,0,0,24,0,0,24,0,0,0,0,0,0,0,0,0,0,0,0,0,0,0,0,0,0,0,0,0,0,0,0,0,0,0,0,0,0,0,0,0,0,0,0,21,0,6,0,24,0,0,0,24,0,0,24,0,0,0,0,4,0,0,0,4,0,0,4,0,0,0,0,0,0,0,0,0,0,0,0,28,0,6,0,27,0,0,0,27,0,0,27,10,0,0,0,10,0,0,0,10,0,0,10,18,0,0,0,17,0,0,0,17,0,0,17,0,0,3,0,7,0,0,0,7,0,0,7,0,0,0,0,0,0,0,0,0,0,0,0,27,0,3,0,31,0,0,0
LGA53010,3,0,0,0,3,0,0,0,3,0,0,3,15,0,0,0,17,0,0,0,17,0,0,17,4,3,0,0,6,0,0,0,6,0,0,6,0,0,0,0,0,0,0,0,0,0,0,0,22,3,0,0,29,0,0,0,29,0,0,29,0,0,0,0,0,0,0,0,0,0,0,0,0,0,0,0,0,0,0,0,0,0,0,0,0,0,0,0,0,0,0,0,0,0,0,0,22,3,0,0,29,0,0,0,29,0,0,29,10,0,0,0,13,0,0,0,13,5,0,17,0,0,0,0,0,0,0,0,0,0,0,0,35,3,3,0,40,0,0,0,40,5,0,42,0,0,0,0,0,0,0,0,0,0,0,0,32,5,0,0,38,0,0,0,38,0,0,38,0,0,0,0,0,0,0,0,0,0,0,0,0,0,0,0,0,0,0,0,0,0,0,0,32,3,0,0,33,0,0,0
LGA53080,0,0,0,0,0,0,0,0,0,0,0,0,0,0,0,0,5,0,0,0,5,0,0,0,0,0,0,0,0,0,0,0,0,0,0,0,0,0,0,0,0,0,0,0,0,0,0,0,0,0,0,0,6,0,0,0,6,7,0,7,0,0,0,0,0,0,0,0,0,0,0,0,0,0,0,0,0,0,0,0,0,0,0,0,0,0,0,0,0,0,0,0,0,0,0,0,0,0,0,0,6,0,0,0,6,7,0,7,0,0,0,0,0,0,0,0,7,0,0,3,0,0,0,0,0,0,0,0,0,0,4,4,0,0,0,0,8,0,0,0,7,6,4,11,0,0,0,0,0,0,0,0,0,0,0,0,0,0,0,0,0,0,0,0,0,3,0,3,0,0,0,0,0,0,0,0,0,0,0,0,0,0,0,0,0,0,0,0,0,0,0,0,0,0,0,0,0,0,0,0
LGA53150,39,9,0,0,43,0,0,0,43,4,0,50,125,15,0,0,140,0,0,0,140,0,0,147,32,0,3,0,38,0,0,0,38,0,0,38,0,0,0,0,0,0,0,0,0,0,0,0,195,22,3,0,224,0,0,0,224,6,0,232,0,0,0,0,0,0,0,0,0,0,0,0,3,0,0,0,3,0,0,0,3,0,0,3,3,0,0,0,3,0,0,0,3,0,0,3,199,22,3,0,224,0,0,0,224,6,0,237,69,7,0,0,70,0,0,0,72,0,0,74,0,0,0,0,0,0,0,0,0,0,0,0,265,23,3,0,297,0,0,0,295,6,0,304,70,13,0,0,75,0,0,0,75,11,0,85,173,13,0,0,191,0,0,0,191,4,0,197,11,0,0,0,11,0,0,0,11,0,0,11,0,0,0,0,0,0,0,0,0,0,0,0,245,28,0,4,275,0,0,0
LGA53220,72,5,4,0,81,4,4,5,84,0,0,86,79,11,6,0,104,0,0,0,102,0,0,102,24,4,9,0,36,0,0,0,36,0,0,36,4,0,0,0,3,0,0,0,3,0,0,7,177,20,22,4,227,4,3,11,236,5,0,237,4,0,0,0,4,6,0,6,6,0,0,11,0,0,0,0,0,0,3,3,3,0,0,3,4,0,0,0,4,6,3,3,11,0,0,14,183,20,22,4,228,9,3,12,246,4,0,249,80,12,8,0,95,4,3,6,103,30,0,133,0,0,0,3,3,0,0,0,3,0,6,7,265,28,32,7,329,13,8,15,348,39,6,392,115,11,3,0,131,0,0,0,131,0,0,134,86,7,6,0,105,0,0,0,105,4,0,111,8,0,0,0,12,0,0,0,12,0,0,12,0,0,0,0,5,0,0,0,5,0,0,5,212,13,10,3,247,0,0,0
LGA53290,34,3,0,0,39,0,0,0,39,6,0,43,240,15,8,0,256,0,0,0,258,0,0,263,37,8,5,0,40,0,0,0,40,0,0,45,0,0,0,6,11,0,0,0,11,0,0,13,308,18,11,8,348,0,0,0,349,6,0,360,0,0,0,0,0,0,0,0,0,0,0,0,0,0,0,0,0,0,0,0,0,0,0,0,0,0,0,0,0,0,0,0,0,0,0,0,310,18,11,8,345,0,0,0,352,13,0,360,144,8,17,0,165,3,0,0,169,15,0,188,0,0,0,0,0,0,0,0,0,0,0,0,452,27,24,11,513,3,0,3,520,29,0,549,98,3,0,0,107,0,0,4,107,0,0,111,315,25,15,3,351,0,0,0,351,4,0,354,10,0,0,0,12,0,0,0,12,0,0,12,11,0,0,0,8,0,0,0,8,0,0,8,429,25,13,7,475,0,3,0
LGA53360,12,0,0,0,9,0,0,0,9,0,0,8,36,4,0,5,47,0,0,0,47,0,0,47,3,0,3,0,3,0,0,0,3,4,0,7,0,0,0,0,0,0,0,0,0,0,0,0,47,3,6,5,63,0,0,0,63,4,0,65,0,0,0,0,0,0,0,0,0,0,0,0,0,0,0,0,0,0,0,0,0,0,0,0,0,0,0,0,0,0,0,0,0,0,0,0,47,3,6,5,63,0,0,0,63,4,0,65,46,4,3,0,57,0,0,0,57,11,0,64,0,0,0,0,0,0,0,0,0,0,0,0,96,7,10,6,115,0,0,0,115,14,0,127,36,4,0,0,40,0,0,0,41,0,0,49,60,8,0,0,75,0,0,0,78,0,0,78,0,0,0,0,4,0,0,0,4,0,0,3,0,0,0,0,0,0,0,0,0,0,0,0,97,13,5,0,121,0,9,9
LGA53430,150,25,4,0,180,4,0,4,181,10,0,194,465,106,14,0,592,5,7,7,602,10,0,607,168,17,24,0,207,0,0,0,207,3,3,213,10,0,0,5,13,0,0,0,13,0,0,13,791,148,44,8,989,12,7,11,1003,25,3,1031,0,0,0,0,0,0,0,0,3,0,0,3,5,0,0,0,14,0,0,6,11,0,0,11,7,0,0,0,14,0,0,3,15,0,0,17,801,150,42,8,1005,12,7,13,1018,31,3,1044,231,32,27,0,286,6,0,6,293,16,0,307,0,0,0,0,0,0,0,0,0,5,7,9,1026,184,71,17,1291,12,7,20,1311,48,6,1365,192,31,0,0,232,0,0,0,233,21,0,259,421,70,8,8,507,3,4,9,513,16,0,525,22,3,3,0,33,0,0,0,33,0,0,33,0,0,0,0,3,0,0,0,3,0,0,3,639,106,15,8,772,3,6,10
LGA53570,22,0,0,0,22,0,0,0,22,4,0,26,45,6,3,0,51,0,0,0,51,3,0,55,5,0,6,0,9,0,0,0,9,0,0,9,0,0,0,0,0,0,0,0,0,0,0,0,76,6,11,0,88,0,0,0,88,9,0,91,0,0,0,0,0,0,0,0,0,0,0,0,0,0,0,0,0,0,0,0,0,0,0,5,0,0,0,0,0,0,0,0,0,0,0,5,78,6,11,0,87,0,0,0,87,5,0,92,34,8,3,0,49,0,0,0,50,3,0,51,0,0,0,0,0,0,0,0,0,0,0,0,113,12,9,4,135,0,0,0,137,7,0,144,17,0,3,0,24,0,0,0,24,0,0,24,67,0,8,0,78,0,0,0,78,3,0,80,5,0,3,0,5,0,0,0,5,0,0,5,0,0,0,6,6,0,0,0,6,4,0,6,90,6,12,7,116,0,0,0
LGA53640,6,0,0,0,6,0,0,0,6,0,0,6,37,5,0,0,34,0,0,0,34,0,0,34,3,0,0,0,3,0,0,0,3,0,0,3,0,0,0,0,5,0,0,0,5,0,0,5,52,5,0,0,58,0,0,0,58,0,0,58,0,0,0,0,0,0,0,0,0,0,0,0,0,0,0,0,0,0,0,0,0,0,0,0,0,0,0,0,0,0,0,0,0,0,0,0,52,5,0,0,58,0,0,0,58,0,0,58,20,0,0,0,24,0,0,0,25,0,0,25,0,0,0,0,0,0,0,0,0,0,0,0,69,0,4,0,78,0,0,0,83,0,0,83,13,3,0,0,16,0,0,0,16,0,0,16,20,0,0,0,23,0,0,0,23,0,0,23,0,0,0,0,0,0,0,0,0,0,0,0,0,0,0,4,4,0,0,0,4,0,0,4,34,3,0,4,41,0,0,0
LGA53710,0,0,0,0,0,0,0,0,0,0,0,0,14,0,0,0,15,0,0,0,15,0,0,15,3,0,0,0,0,0,0,0,4,0,0,4,0,0,0,0,0,0,0,0,0,0,0,0,15,4,0,0,17,0,0,0,22,0,0,22,0,0,0,0,0,0,0,0,0,0,0,0,0,0,0,0,0,0,0,0,0,0,0,0,0,0,0,0,0,0,0,0,0,0,0,0,15,4,0,0,17,0,0,0,22,0,0,22,18,0,0,0,18,0,0,0,18,0,0,18,0,0,0,0,0,0,0,0,0,0,0,0,31,4,0,0,34,0,0,0,34,0,0,34,13,0,0,0,11,0,0,0,11,0,0,11,26,0,0,0,28,0,0,0,28,0,0,28,0,0,0,0,3,0,0,0,3,0,0,3,0,0,0,0,0,0,0,0,0,0,0,0,41,4,0,0,42,0,0,0
LGA53780,798,112,20,9,939,16,9,17,959,53,3,1014,1415,261,34,14,1730,19,0,22,1755,55,5,1811,327,53,47,0,432,0,0,6,434,12,0,448,24,4,0,22,46,0,0,0,46,0,5,56,2571,430,100,47,3146,36,12,46,3194,123,18,3337,55,7,0,0,66,10,4,12,73,8,0,85,105,24,0,4,128,6,3,12,136,8,0,145,154,33,0,9,191,15,9,23,216,18,0,231,2722,457,101,56,3335,56,14,72,3412,144,18,3562,1971,414,83,56,2525,102,13,120,2652,295,14,2951,19,0,0,25,53,0,0,0,47,7,37,94,4717,877,186,139,5916,158,34,190,6106,435,59,6607,1293,178,18,3,1502,32,10,36,1539,60,0,1601,1869,299,35,21,2232,31,8,37,2270,67,4,2342,94,27,13,0,134,0,0,4,134,8,0,140,29,4,0,33,61,0,0,0,66,0,3,71,3288,506,73,58,3926,60,17,78
LGA53800,151,19,9,0,172,6,0,6,184,8,0,194,459,71,19,8,558,5,0,5,559,13,0,579,99,17,19,0,135,0,0,0,135,3,0,136,4,0,0,0,12,0,0,0,12,0,0,6,714,105,41,11,876,12,0,16,885,31,0,920,0,0,0,0,6,6,0,6,3,0,0,7,18,0,0,0,25,0,0,0,25,0,0,25,19,3,0,0,25,4,0,4,28,0,0,33,730,109,39,15,903,12,0,18,915,32,0,943,366,61,20,13,464,20,7,26,490,56,4,557,0,0,0,0,0,0,0,0,0,0,5,5,1100,169,64,27,1363,32,7,45,1405,90,4,1503,328,42,10,0,375,9,0,8,387,32,0,417,607,82,14,3,712,12,0,8,718,26,0,743,33,7,12,0,51,0,0,0,51,0,0,50,0,0,3,3,12,0,0,0,12,5,0,13,965,129,36,15,1143,17,6,22
LGA53920,7,3,0,0,8,4,0,4,15,4,0,19,3,8,0,0,7,0,0,0,7,5,0,11,0,0,0,0,3,0,0,0,3,0,0,3,0,0,0,0,0,0,0,0,0,3,0,0,17,10,0,4,27,4,0,4,30,6,0,37,0,0,0,0,0,6,0,6,6,0,0,7,0,0,0,0,0,0,3,3,4,0,0,4,0,0,0,0,0,6,3,6,12,0,0,13,16,10,0,4,33,7,3,11,44,4,0,50,11,10,0,0,26,16,0,22,42,68,0,110,0,0,0,0,0,0,0,0,0,0,4,8,24,23,0,4,52,28,4,32,85,71,8,171,12,9,0,0,21,0,0,0,21,0,0,21,7,10,0,4,24,0,0,0,23,4,0,27,0,0,0,0,0,0,0,0,0,0,0,0,0,0,0,0,0,0,0,0,0,0,0,0,24,15,0,7,40,0,0,0
LGA53990,152,8,11,0,172,0,0,0,174,11,0,182,393,42,17,0,453,9,0,7,457,3,0,464,95,5,11,5,115,0,0,0,115,0,0,121,5,0,0,3,11,0,0,0,11,0,0,9,640,60,37,6,748,6,3,12,756,16,0,774,0,0,0,0,0,0,0,0,3,0,0,8,17,0,0,0,17,0,0,0,17,0,0,17,20,0,0,0,20,0,0,0,19,0,0,22,662,60,37,6,773,11,3,14,786,15,0,800,339,26,24,9,400,4,4,8,414,34,0,445,0,0,0,0,3,0,0,0,3,0,0,3,1004,91,60,19,1172,17,4,20,1194,57,0,1252,247,22,10,3,287,0,0,0,291,15,0,301,563,31,19,4,618,6,0,3,625,18,0,640,29,0,5,3,38,0,0,0,38,0,0,38,5,0,0,3,10,0,0,0,10,0,0,5,840,61,30,12,947,6,6,9
LGA54060,4,0,0,0,5,0,0,0,5,4,0,11,18,0,0,0,23,0,0,0,23,0,0,23,0,4,0,0,6,0,0,0,6,0,0,6,0,0,0,0,0,0,0,0,0,0,0,0,25,3,3,0,34,0,0,0,34,4,0,37,0,0,0,0,0,0,0,0,0,0,0,0,0,0,0,0,0,0,0,0,6,0,0,6,0,0,0,0,0,0,0,0,6,0,0,6,26,3,3,0,31,0,0,0,36,4,0,41,27,0,3,0,38,0,0,0,38,0,0,40,0,0,0,0,0,0,0,0,0,0,0,0,54,6,8,0,72,0,0,0,73,8,0,82,12,7,0,0,20,0,0,0,20,0,0,22,39,10,3,0,50,3,0,3,50,0,0,53,0,0,0,0,0,0,0,0,0,0,0,0,0,0,0,4,7,0,0,0,7,0,0,7,59,18,3,4,74,3,0,3
LGA54130,10,0,0,0,13,0,0,0,13,0,0,13,19,0,0,0,26,0,0,0,26,0,0,26,6,0,0,0,6,0,0,0,6,0,0,6,0,0,0,0,0,0,0,0,0,0,0,0,39,5,0,0,43,0,0,0,43,0,0,43,0,0,0,0,0,0,0,0,0,0,0,0,0,0,0,0,0,0,0,0,0,0,0,0,0,0,0,0,0,0,0,0,0,0,0,0,39,5,0,0,43,0,0,0,43,0,0,43,22,0,0,0,28,0,0,0,28,0,0,28,0,0,0,0,0,0,0,0,0,0,0,0,65,9,0,0,69,0,0,0,72,0,0,74,13,0,0,0,13,0,0,0,13,0,0,13,13,4,0,5,21,0,0,0,21,0,0,18,0,0,0,0,0,0,0,0,0,0,0,0,0,0,0,0,0,0,0,0,0,0,0,0,34,4,0,5,37,0,0,0
LGA54170,881,112,20,4,1016,10,0,11,1028,39,0,1064,2658,278,63,17,3017,14,0,19,3037,31,0,3077,770,65,106,6,941,5,0,5,945,15,6,964,47,0,0,14,68,0,0,0,68,0,4,71,4360,452,185,45,5042,29,4,37,5078,88,7,5176,17,3,0,0,24,0,0,0,27,5,0,26,89,8,3,0,98,0,0,0,103,0,0,100,108,12,3,0,125,0,6,6,127,4,0,126,4466,466,188,48,5168,29,5,37,5206,92,7,5307,1361,138,80,19,1596,23,5,31,1629,57,3,1689,13,0,0,9,26,0,0,0,26,0,13,36,5845,606,266,72,6788,58,9,70,6856,151,24,7036,1655,199,29,6,1893,11,11,24,1916,78,0,1989,3560,319,80,11,3972,33,3,30,4006,64,11,4069,180,23,17,0,217,4,0,4,223,8,0,233,34,0,0,19,61,0,0,0,61,0,9,67,5421,547,129,48,6141,46,11,58
LGA54200,340,42,5,3,391,3,0,9,402,7,0,408,834,96,17,6,948,5,0,3,956,8,9,971,243,40,30,0,315,0,0,0,319,3,0,315,10,0,0,5,11,0,0,0,11,0,0,11,1427,179,54,16,1672,13,0,11,1680,24,9,1711,9,0,0,0,11,0,0,0,10,0,0,14,42,0,0,0,39,7,0,7,45,0,0,48,47,3,0,0,50,7,0,3,56,0,0,55,1476,185,56,16,1722,18,5,15,1741,24,9,1773,623,77,51,15,757,14,8,22,780,49,0,830,3,5,0,9,18,0,0,0,18,3,5,22,2100,261,104,37,2497,31,8,35,2533,72,13,2626,531,49,10,6,592,3,3,4,597,29,0,630,1119,127,27,7,1286,3,0,5,1287,18,5,1311,57,13,12,0,83,0,0,0,83,0,0,83,8,0,0,3,14,0,0,0,14,0,0,14,1710,193,45,17,1974,5,8,10
LGA54280,229,20,8,0,260,0,0,0,258,14,0,269,496,34,21,3,551,0,0,0,549,3,0,557,119,12,9,11,147,0,0,0,147,6,0,152,3,4,0,4,15,0,0,0,15,0,0,14,841,71,37,14,967,3,0,3,970,17,4,994,6,0,0,0,6,0,0,0,6,0,0,6,12,5,4,0,17,0,0,0,20,0,0,20,14,5,4,0,21,0,0,0,23,0,0,23,855,74,44,21,991,0,0,0,993,17,4,1019,486,23,20,20,548,10,0,13,561,17,0,580,7,0,0,0,7,0,0,0,7,0,19,18,1347,97,60,38,1547,16,3,15,1560,39,20,1617,391,31,14,0,435,0,0,0,436,8,0,441,534,34,15,5,593,4,0,5,596,7,4,605,35,6,0,5,39,0,0,0,39,4,0,42,14,0,0,4,11,0,0,0,13,0,0,19,970,68,31,5,1075,8,0,14
LGA54310,203,21,9,0,233,3,0,3,231,17,0,247,377,34,16,10,443,0,0,0,438,3,0,447,115,3,26,0,153,0,0,0,153,3,0,157,3,0,0,3,9,0,0,0,9,0,0,13,699,59,55,16,833,3,0,3,830,30,0,860,9,0,0,0,8,5,0,5,10,0,0,10,15,0,0,0,12,0,0,0,16,0,0,16,18,0,4,0,26,5,0,6,28,0,0,28,717,65,56,16,854,10,0,4,861,30,0,889,396,28,34,13,462,3,0,3,465,22,0,491,3,0,0,0,3,0,0,0,3,0,6,8,1116,92,85,30,1318,9,0,15,1330,49,11,1387,342,29,22,0,395,5,0,5,401,16,0,420,545,44,25,10,623,0,0,0,623,3,0,633,40,0,8,0,49,0,0,0,49,0,0,49,4,0,0,8,15,0,0,0,15,0,0,15,937,74,54,21,1089,5,0,5
LGA54340,11,3,0,0,16,0,0,0,16,4,0,19,45,9,0,0,53,3,0,3,54,3,0,52,9,0,3,0,10,0,0,0,10,0,0,10,0,0,0,0,0,0,0,0,0,0,0,0,67,8,3,0,78,3,0,3,79,10,0,86,0,0,0,0,0,0,0,0,0,0,0,0,0,0,0,0,0,0,0,0,0,0,0,6,0,0,0,0,0,0,0,0,0,0,0,6,67,8,3,0,79,0,0,0,80,9,0,91,59,10,3,0,78,0,0,0,78,6,0,85,0,0,0,0,0,0,0,0,0,0,6,8,123,24,6,3,158,0,0,5,159,16,6,178,19,0,0,6,31,0,0,0,31,11,0,35,53,7,0,0,61,5,0,5,67,4,0,64,0,0,0,0,0,0,0,0,0,0,0,0,3,0,0,0,3,0,0,0,3,0,0,3,75,9,0,6,93,5,0,5
LGA54410,0,0,0,0,4,0,0,0,4,0,0,4,8,0,0,4,12,0,0,0,12,0,0,14,4,0,0,0,8,0,0,0,8,0,0,8,0,0,0,0,0,0,0,0,0,0,0,0,14,0,0,4,20,0,0,0,20,0,0,26,0,0,0,0,0,0,0,0,0,0,0,0,0,0,0,0,0,0,0,0,0,0,0,0,0,0,0,0,0,0,0,0,0,0,0,0,14,0,0,4,20,0,0,0,20,0,0,26,10,0,0,0,13,0,0,0,13,0,0,18,0,0,0,0,0,0,0,0,0,0,0,0,28,4,0,4,35,0,0,0,35,5,0,43,7,4,0,0,12,0,0,0,12,0,0,12,11,0,0,0,14,0,0,0,14,4,0,15,0,0,0,0,0,0,0,0,0,0,0,0,0,0,0,0,0,0,0,0,0,0,0,0,20,3,0,0,19,0,0,0
LGA54480,6,0,0,0,6,0,0,0,6,0,0,6,13,0,0,0,13,0,0,0,13,0,0,13,4,0,0,0,6,0,0,0,6,0,0,6,0,0,0,0,0,0,0,0,0,0,0,0,24,0,0,0,26,0,0,0,26,0,0,26,5,0,0,0,5,0,0,0,5,0,0,5,0,0,0,0,0,0,0,0,0,0,0,0,5,0,0,0,5,0,0,0,5,0,0,5,29,0,0,0,25,0,0,0,25,0,0,25,15,0,0,0,15,0,0,0,15,0,0,15,0,0,0,0,0,0,0,0,0,0,0,0,41,0,0,0,38,0,0,0,38,0,0,38,12,0,0,0,12,0,0,0,12,0,0,12,12,0,0,0,12,0,0,0,12,0,0,12,0,0,0,0,0,0,0,0,0,0,0,0,0,0,0,0,0,0,0,0,0,0,0,0,29,0,0,0,33,0,0,0
LGA54550,11,0,0,0,13,0,0,0,13,0,0,13,33,6,0,0,43,0,0,0,43,0,0,43,3,6,3,0,12,0,0,0,12,0,0,12,0,0,0,0,0,0,0,0,0,0,0,0,49,11,3,0,70,0,0,0,70,0,0,70,0,0,0,0,0,0,0,0,0,0,0,0,0,0,0,0,0,0,0,0,0,0,0,0,0,0,0,0,0,0,0,0,0,0,0,0,49,11,3,0,70,0,0,0,70,0,0,70,15,0,0,0,19,0,0,0,19,8,0,22,0,0,0,0,0,0,0,0,0,0,0,0,63,11,5,5,83,0,0,0,83,8,0,90,32,3,0,0,33,0,0,0,33,0,0,31,53,14,0,0,63,0,0,0,66,3,0,61,0,4,0,0,4,0,0,0,4,0,0,4,4,0,0,0,4,0,0,0,4,0,0,4,86,19,0,0,105,0,0,0
LGA54620,6,0,0,0,6,0,0,0,6,0,0,6,19,0,0,0,19,0,0,0,19,0,0,19,3,0,0,0,3,0,0,0,3,0,0,3,0,0,0,0,0,0,0,0,0,0,0,0,29,0,0,0,29,0,0,0,29,0,0,29,0,0,0,0,0,0,0,0,0,0,0,0,0,0,0,0,0,0,0,0,0,0,0,0,0,0,0,0,0,0,0,0,0,0,0,0,29,0,0,0,29,0,0,0,29,0,0,29,4,0,0,0,4,0,0,0,4,0,0,4,0,0,0,0,0,0,0,0,0,0,0,0,29,0,0,0,29,0,0,0,29,0,0,29,9,0,0,0,9,0,0,0,9,0,0,9,16,0,0,0,21,0,0,0,21,0,0,21,0,0,0,0,0,0,0,0,0,0,0,0,0,0,0,0,0,0,0,0,0,0,0,0,26,0,0,0,29,0,0,0
LGA54690,0,0,0,0,0,0,0,0,0,0,0,0,11,0,0,0,11,0,0,0,11,0,0,10,0,0,0,0,0,0,0,0,0,0,0,0,0,0,0,0,0,0,0,0,0,0,0,0,9,0,0,0,9,0,0,0,9,0,0,10,0,0,0,0,0,0,0,0,0,0,0,0,0,0,0,0,0,0,0,0,0,0,0,0,0,0,0,0,0,0,0,0,0,0,0,0,9,0,0,0,9,0,0,0,9,0,0,10,0,0,0,0,0,0,0,0,0,0,0,0,0,0,0,0,0,0,0,0,0,0,0,0,13,0,0,0,13,0,0,0,13,0,0,13,0,0,0,0,0,0,0,0,0,0,0,0,16,0,0,0,16,0,0,0,16,0,0,16,0,0,0,0,0,0,0,0,0,0,0,0,0,0,0,0,0,0,0,0,0,0,0,0,18,0,0,0,18,0,0,0
LGA54760,8,0,0,0,8,0,0,0,8,0,0,8,10,4,0,0,15,0,0,0,15,0,0,15,6,0,0,0,4,0,0,0,4,0,0,4,0,0,0,0,0,0,0,0,0,0,0,0,23,4,0,0,26,0,0,0,26,0,0,26,0,0,0,0,0,0,0,0,0,0,0,0,0,0,0,0,0,0,0,0,0,0,0,0,0,0,0,0,0,0,0,0,0,0,0,0,23,4,0,0,26,0,0,0,26,0,0,26,11,0,0,0,12,0,0,0,12,0,0,15,0,0,0,0,0,0,0,0,0,0,0,0,28,4,0,0,32,0,0,0,32,0,0,33,8,0,0,0,8,0,0,0,8,0,0,8,27,0,0,0,28,0,0,0,28,0,0,27,0,0,0,0,0,0,0,0,0,0,0,0,0,0,0,0,0,0,0,0,0,0,0,0,34,0,0,0,37,0,0,0
LGA54830,341,36,11,7,390,3,0,5,400,18,3,421,772,78,17,7,880,8,3,10,891,22,0,912,193,32,20,4,246,3,0,3,255,10,0,259,0,0,0,10,11,0,0,0,11,0,6,16,1308,149,46,30,1536,16,0,17,1554,46,8,1605,6,0,3,0,16,3,0,3,17,3,0,19,52,8,0,3,67,4,0,4,63,0,0,68,62,8,4,9,78,3,0,3,80,8,0,90,1368,162,49,37,1618,21,0,22,1638,51,8,1698,737,95,42,29,901,32,5,34,938,69,4,1013,7,0,0,4,14,0,0,0,14,0,5,15,2112,255,95,72,2532,53,9,61,2590,121,10,2722,447,48,11,4,516,14,0,14,526,19,4,552,790,81,21,7,903,4,4,7,917,37,0,952,49,7,3,4,58,0,0,0,58,3,0,61,3,0,0,10,17,0,0,0,17,0,3,16,1282,135,41,28,1496,23,4,22
LGA54900,10,0,0,0,11,0,0,0,11,0,0,11,43,0,0,0,44,0,0,0,44,0,0,44,7,0,0,0,7,0,0,0,7,0,0,7,0,0,0,0,0,0,0,0,0,0,0,0,55,4,0,0,62,0,0,0,62,0,0,62,0,0,0,0,0,0,0,0,0,0,0,0,0,0,0,0,0,0,0,0,0,0,0,0,0,0,0,0,0,0,0,0,0,0,0,0,55,4,0,0,62,0,0,0,62,0,0,62,22,0,0,0,27,0,0,0,27,4,0,29,0,0,0,0,0,0,0,0,0,0,0,0,76,3,0,0,84,0,0,0,84,4,0,85,16,0,0,0,18,0,0,0,18,0,0,18,36,3,0,0,41,0,0,0,41,0,0,41,0,0,0,0,0,0,0,0,0,0,0,0,0,0,0,0,0,0,0,0,0,0,0,0,54,3,0,0,58,0,0,0
LGA54970,0,0,0,0,0,0,0,0,0,0,0,0,3,0,0,0,3,0,0,0,3,0,0,3,0,0,0,0,0,0,0,0,0,0,0,0,0,0,0,0,0,0,0,0,0,0,0,0,0,0,0,0,0,0,0,0,0,0,0,0,0,0,0,0,0,0,0,0,0,0,0,0,4,0,0,0,4,0,0,0,4,0,0,4,4,0,0,0,4,0,0,0,4,0,0,4,5,0,0,0,5,0,0,0,5,0,0,5,0,4,0,0,3,5,0,5,3,11,0,10,0,0,0,0,0,0,0,0,0,0,0,0,7,4,0,0,9,5,0,5,14,11,0,21,0,0,0,0,0,0,0,0,0,0,0,0,0,0,0,0,0,0,0,0,0,0,0,0,0,0,0,0,0,0,0,0,0,0,0,0,0,0,0,0,0,0,0,0,0,0,0,0,0,0,0,0,0,0,0,0
LGA55040,17,0,0,0,13,0,0,0,13,0,0,13,14,0,0,0,14,0,0,0,14,0,0,14,3,0,0,0,4,0,0,0,4,0,0,4,0,0,0,0,0,0,0,0,0,0,0,0,32,0,3,0,37,0,0,0,37,0,0,37,0,0,0,0,0,0,0,0,0,0,0,0,5,0,0,0,5,0,0,0,5,0,0,5,5,0,0,0,5,0,0,0,5,0,0,5,30,0,3,0,36,0,0,0,36,0,0,36,8,8,0,3,20,0,0,0,20,0,0,20,4,0,0,0,4,0,0,0,4,0,0,4,41,7,3,3,54,0,0,0,54,0,0,56,15,7,0,0,22,0,0,0,22,0,0,22,13,0,5,0,21,0,0,0,21,0,0,21,0,3,5,0,4,0,0,0,4,0,0,4,0,0,0,0,0,0,0,0,0,0,0,0,34,11,7,0,45,0,0,0
LGA55110,253,40,13,0,308,0,0,0,313,22,3,335,864,100,42,10,1020,14,4,16,1030,30,4,1069,189,30,41,3,260,3,0,3,267,4,0,269,13,0,4,12,29,0,0,0,29,9,3,41,1317,171,102,26,1617,17,3,24,1642,70,7,1713,14,0,4,0,16,11,0,11,20,3,0,27,46,8,0,4,52,4,0,4,53,0,0,53,52,8,3,4,68,10,0,10,76,3,0,78,1375,175,103,33,1681,32,3,35,1719,67,7,1794,822,115,64,32,1028,19,12,33,1054,125,3,1184,4,0,0,9,7,0,0,0,7,0,8,20,2194,291,166,64,2722,47,13,66,2784,189,18,2998,486,49,24,4,567,5,4,10,574,40,0,612,1068,121,48,17,1252,14,0,17,1271,36,0,1305,47,12,17,5,71,3,0,3,73,0,0,77,6,0,0,8,26,0,0,4,26,5,3,33,1610,183,83,37,1916,23,5,33
LGA55180,23,5,0,0,30,0,0,0,34,0,0,35,104,14,3,3,124,0,0,0,124,6,0,128,5,6,0,0,14,0,0,0,14,5,0,20,3,0,0,3,4,0,0,0,4,0,0,4,147,26,3,7,173,0,0,5,178,11,0,191,0,0,0,0,0,0,0,0,0,0,0,0,5,0,0,0,5,0,0,0,5,0,0,5,5,0,0,0,5,0,0,0,5,0,0,5,146,26,3,7,176,0,0,5,175,11,0,187,76,13,6,5,103,5,0,3,107,16,0,119,0,0,0,0,0,0,0,0,0,0,0,0,227,34,6,12,276,3,3,4,284,19,0,305,43,10,0,0,55,0,0,0,55,0,0,58,152,8,5,0,173,0,0,0,174,11,0,180,0,3,5,0,11,0,0,0,11,0,0,17,3,0,0,3,0,0,0,0,0,6,0,6,200,27,11,3,243,0,0,0
LGA55250,3,0,0,0,3,0,0,0,3,3,0,12,3,0,0,0,3,0,0,0,3,0,0,3,0,0,0,0,7,0,0,0,7,0,0,7,0,0,0,0,0,0,0,0,0,0,0,0,5,0,0,0,10,0,0,0,10,3,0,16,0,0,0,0,0,0,0,0,0,0,0,0,0,0,0,0,0,0,0,0,0,0,0,0,0,0,0,0,0,0,0,0,0,0,0,0,5,0,0,0,10,0,0,0,10,3,0,16,4,0,0,0,4,0,0,0,8,11,0,19,0,0,0,0,0,0,0,0,0,0,0,0,14,0,0,0,15,0,0,0,17,15,0,32,4,3,0,0,8,0,0,0,8,0,0,8,0,0,0,0,0,0,0,0,0,0,0,0,0,0,0,0,0,0,0,0,0,0,0,0,0,0,0,0,0,0,0,0,0,0,0,0,4,3,0,0,8,0,0,0
LGA55320,544,83,7,0,643,5,4,5,647,33,0,681,1620,181,21,7,1833,10,4,12,1847,31,0,1878,372,49,39,0,467,4,0,4,472,4,0,480,13,0,0,9,27,0,0,0,27,0,4,29,2558,315,70,17,2965,20,3,26,2986,69,4,3060,18,4,3,0,26,0,0,0,26,0,0,26,53,11,0,0,63,5,0,3,67,0,0,66,69,13,6,0,87,5,0,3,93,0,0,94,2627,332,71,23,3051,23,6,24,3077,66,4,3157,816,100,40,10,964,18,0,24,986,56,8,1058,0,0,0,4,3,0,0,0,3,0,3,8,3442,430,112,34,4025,37,12,48,4072,126,15,4221,1059,137,10,9,1214,16,5,19,1231,57,0,1285,2179,215,31,8,2426,16,0,18,2448,39,0,2487,81,12,6,0,103,3,0,3,112,0,0,108,16,0,0,9,29,0,0,0,29,0,0,27,3335,363,44,24,3768,35,6,40
LGA55390,0,0,0,0,0,0,0,0,0,0,0,0,0,0,0,0,0,0,0,0,0,0,0,0,0,0,0,0,0,0,0,0,0,0,0,0,0,0,0,0,0,0,0,0,0,0,0,0,0,0,0,0,0,0,0,0,0,0,0,0,0,0,0,0,0,0,0,0,0,0,0,0,0,0,0,0,0,0,0,0,0,0,0,0,0,0,0,0,0,0,0,0,0,0,0,0,0,0,0,0,0,0,0,0,0,0,0,0,0,0,0,0,0,0,0,0,0,0,0,0,0,0,0,0,0,0,0,0,0,0,0,0,0,0,0,0,0,0,0,0,0,0,0,5,0,0,0,0,0,0,0,0,0,0,0,0,0,0,0,0,0,0,0,0,0,3,0,3,0,0,0,0,0,0,0,0,0,0,0,0,0,0,0,0,0,0,0,0,0,0,0,0,0,0,0,0,0,0,0,0
LGA55460,14,4,0,0,15,0,0,0,15,0,0,15,46,0,0,0,51,0,0,0,49,0,0,51,13,0,0,0,21,0,0,0,21,0,0,21,0,0,0,0,0,0,0,0,0,0,0,3,73,8,0,3,84,4,0,4,87,5,0,89,0,0,0,0,0,0,0,0,0,0,0,0,0,0,0,0,0,0,0,0,0,0,0,0,0,0,0,0,0,0,0,0,0,0,0,0,78,8,0,3,86,4,0,4,84,5,0,91,32,6,0,0,44,0,0,0,44,5,0,44,0,0,0,3,3,0,0,0,3,0,0,3,107,14,5,6,130,4,0,4,132,6,0,139,35,5,0,0,35,0,0,0,33,0,0,33,54,3,0,0,59,0,0,0,59,6,0,57,0,0,0,0,0,0,0,0,0,0,0,0,0,0,0,0,0,0,0,0,0,0,0,0,85,10,0,0,92,0,0,0
LGA55530,0,0,0,0,0,0,0,0,0,0,0,0,8,0,0,0,8,0,0,0,8,0,0,8,10,0,0,0,12,0,0,0,12,0,0,12,0,0,0,0,0,0,0,0,0,0,0,0,22,0,0,0,23,0,0,0,23,0,0,23,0,0,0,0,0,0,0,0,0,0,0,0,0,0,0,0,0,0,0,0,0,0,0,0,0,0,0,0,0,0,0,0,0,0,0,0,21,0,0,0,23,0,0,0,23,0,0,23,5,0,0,0,5,0,0,0,5,0,0,5,0,0,0,0,0,0,0,0,0,0,0,0,33,0,0,0,33,0,0,0,33,0,0,33,3,0,0,0,3,0,0,0,3,0,0,3,11,0,3,0,17,0,0,0,17,0,0,17,0,0,0,0,0,0,0,0,0,0,0,0,0,0,0,0,0,0,0,0,0,0,0,0,19,0,3,0,23,0,0,0
LGA55600,6,4,0,0,9,0,0,0,9,3,0,14,18,0,0,0,22,4,0,4,25,0,0,25,6,0,0,0,6,0,0,0,6,0,0,6,0,0,0,0,0,0,0,0,0,0,0,0,40,3,0,0,44,4,0,4,45,3,0,42,0,0,0,0,0,0,0,0,0,0,0,0,4,0,0,0,4,0,0,0,4,0,0,4,4,0,0,0,4,0,0,0,4,0,0,4,41,3,0,0,44,4,0,4,47,3,0,47,18,3,0,0,20,0,0,0,23,0,0,23,0,0,0,0,0,0,0,0,0,0,0,0,61,4,4,0,69,4,0,3,73,4,0,76,11,0,0,0,11,0,0,0,11,0,0,11,37,0,0,0,38,0,0,0,37,0,0,37,4,0,0,0,4,0,0,0,4,0,0,4,0,0,0,4,4,0,0,0,4,0,0,4,56,0,0,4,55,0,0,0
LGA55670,0,0,0,0,5,0,0,0,5,0,0,4,10,0,0,0,8,0,0,0,8,0,0,8,4,0,0,0,4,0,0,0,4,0,0,4,0,0,0,0,0,0,0,0,0,0,0,0,10,0,0,0,12,0,0,0,12,0,0,17,0,0,0,0,0,0,0,0,0,0,0,0,0,0,0,0,0,0,0,0,0,0,0,0,0,0,0,0,0,0,0,0,0,0,0,0,10,0,0,0,12,0,0,0,12,0,0,17,12,0,0,0,12,3,0,3,9,0,4,16,0,0,0,0,0,0,0,0,0,0,0,0,20,0,0,0,23,3,0,3,25,4,4,30,0,0,0,0,8,0,0,0,8,0,0,3,9,0,0,0,15,0,0,0,15,0,0,15,0,0,0,0,0,0,0,0,0,0,0,0,0,0,0,0,0,0,0,0,0,0,0,0,16,0,0,0,16,0,0,0
LGA55740,44,11,0,0,54,0,0,0,60,0,0,57,112,19,7,0,135,0,0,0,135,4,0,136,38,4,3,0,42,0,0,0,46,3,0,48,0,0,0,0,0,0,0,0,0,0,0,0,196,35,9,0,238,3,0,3,237,8,0,248,0,0,0,0,0,0,0,0,0,0,0,0,5,0,0,0,5,0,0,0,5,0,0,5,5,0,0,0,5,0,0,0,5,0,0,5,197,35,9,0,242,3,0,3,244,8,0,250,68,8,10,0,84,5,0,5,85,3,0,86,0,0,0,0,0,0,0,0,0,0,0,0,265,43,16,0,327,6,0,6,329,12,0,343,95,15,0,0,110,0,0,0,110,3,0,111,161,22,4,0,189,3,0,3,190,9,0,196,0,0,0,0,0,0,0,0,4,0,0,6,0,0,0,4,4,0,0,0,4,0,0,4,263,32,4,0,307,5,0,5
LGA55810,8,0,0,0,8,0,0,0,8,0,0,8,0,0,0,0,0,0,0,0,0,0,0,0,0,0,0,0,0,0,0,0,0,0,0,0,0,0,0,0,0,0,0,0,0,0,0,0,6,0,0,0,6,0,0,0,6,0,0,8,3,0,0,0,3,0,0,0,3,0,0,3,0,0,0,0,0,0,0,0,0,0,0,0,3,0,0,0,3,0,0,0,3,0,0,3,6,0,0,0,6,0,0,0,6,0,0,8,0,0,0,0,0,0,0,0,0,0,0,9,0,0,0,0,0,0,0,0,0,0,0,0,9,0,0,0,9,0,0,0,13,4,0,15,0,0,0,0,0,0,0,0,0,0,0,7,0,0,0,0,0,0,0,0,0,0,0,0,0,0,0,0,0,0,0,0,0,0,0,0,0,0,0,0,0,0,0,0,0,0,0,0,3,0,0,0,3,0,0,0
LGA55880,6,0,0,0,6,0,0,0,6,0,0,6,11,0,0,0,11,0,0,0,11,0,0,11,0,0,0,0,0,0,0,0,0,0,0,0,0,0,0,0,0,0,0,0,0,0,0,0,19,0,0,0,19,0,0,0,19,0,0,19,0,0,0,0,0,0,0,0,0,0,0,0,0,0,0,0,0,0,0,0,0,0,0,0,0,0,0,0,0,0,0,0,0,0,0,0,19,0,0,0,19,0,0,0,19,0,0,19,9,0,0,0,9,0,0,0,9,0,0,9,0,0,0,0,0,0,0,0,0,0,0,0,31,0,0,0,31,0,0,0,31,0,0,31,4,0,0,0,4,0,0,0,4,0,0,4,11,0,0,0,11,0,0,0,11,0,0,11,0,0,0,0,0,0,0,0,0,0,0,0,0,0,0,0,0,0,0,0,0,0,0,0,15,0,0,0,15,0,0,0
LGA55950,0,0,0,0,3,0,0,0,3,0,0,3,17,0,0,0,17,0,0,0,17,0,0,17,7,0,0,0,7,0,0,0,7,0,0,7,0,0,0,0,0,0,0,0,0,0,0,0,20,0,0,0,19,0,0,0,19,0,0,19,0,0,0,0,0,0,0,0,0,0,0,0,0,0,0,0,0,0,0,0,0,0,0,0,0,0,0,0,0,0,0,0,0,0,0,0,20,0,0,0,19,0,0,0,19,0,0,19,6,0,0,0,10,0,0,0,10,0,0,13,0,0,0,0,0,0,0,0,0,0,0,0,28,5,0,0,27,0,0,0,27,0,0,31,9,0,0,0,3,0,0,0,3,0,0,3,18,0,0,0,18,0,0,0,18,0,0,18,0,0,0,0,0,0,0,0,0,0,0,0,0,0,0,0,0,0,0,0,0,0,0,0,24,0,0,0,19,0,0,0
LGA56090,155,17,3,0,174,0,0,0,179,9,0,184,465,48,14,0,532,4,0,4,537,16,0,552,151,13,19,0,185,0,0,0,185,3,0,187,4,0,0,8,9,0,0,0,9,0,0,7,778,81,39,5,908,5,0,5,908,31,0,936,0,0,0,0,0,0,0,0,3,0,0,3,10,0,0,0,12,0,0,0,14,0,0,14,12,0,0,0,17,0,0,0,18,0,0,20,789,81,39,12,918,5,0,5,927,29,0,960,350,38,33,7,429,7,0,7,435,12,0,455,3,3,0,5,11,0,0,0,11,0,0,14,1143,123,70,24,1360,13,0,13,1376,41,6,1426,302,40,6,4,347,4,0,4,348,22,3,377,643,71,24,6,735,5,0,5,740,20,0,762,30,0,3,0,37,0,0,0,37,0,0,36,0,0,0,8,9,0,0,0,9,0,3,7,972,108,35,13,1132,11,0,11
LGA56160,0,0,0,0,0,0,0,0,0,0,0,0,0,0,0,0,0,0,0,0,0,0,0,0,0,0,0,0,0,0,0,0,0,0,0,0,0,0,0,0,0,0,0,0,0,0,0,0,0,0,0,0,0,0,0,0,0,0,0,0,0,0,0,0,0,0,0,0,0,0,0,0,0,0,0,0,0,0,0,0,0,0,0,0,0,0,0,0,0,0,0,0,0,0,0,0,0,0,0,0,0,0,0,0,0,0,0,0,0,0,0,0,0,0,0,0,0,0,0,0,0,0,0,0,0,0,0,0,0,0,0,0,6,0,0,0,6,0,0,0,6,0,0,6,0,0,0,0,0,0,0,0,0,0,0,0,0,0,0,0,0,0,0,0,0,0,0,0,0,0,0,0,0,0,0,0,0,0,0,0,0,0,0,0,0,0,0,0,0,0,0,0,3,0,0,0,3,0,0,0
LGA56230,67,4,5,0,76,0,0,0,79,7,0,85,158,23,7,0,190,0,0,0,192,14,0,199,38,7,3,0,49,0,0,0,49,0,0,49,0,0,0,0,0,0,0,0,0,0,0,3,263,32,16,5,314,3,0,7,323,17,0,342,0,0,0,4,4,0,0,0,4,0,0,4,8,0,0,7,12,0,0,0,12,0,0,14,8,0,0,5,16,0,0,0,16,0,0,16,271,32,19,8,331,3,0,7,338,17,0,355,170,17,21,9,216,9,4,9,224,10,3,234,3,0,0,3,6,0,0,0,6,0,0,8,448,54,36,21,552,8,4,10,568,32,3,602,107,11,0,0,125,0,0,0,129,10,0,138,199,14,19,4,240,6,0,4,245,9,0,253,14,0,5,5,23,0,0,0,23,0,0,22,0,0,0,0,4,0,0,0,4,0,0,0,323,29,28,9,391,3,0,4
LGA56300,8,0,0,0,9,0,0,0,9,0,0,9,6,4,0,0,11,0,0,0,11,0,0,11,3,0,0,0,3,0,0,0,3,0,0,3,0,0,0,0,0,0,0,0,0,0,0,0,22,0,0,0,21,0,0,0,21,0,0,27,0,0,0,0,0,0,0,0,0,0,0,0,0,0,0,0,0,0,0,0,0,0,0,0,0,0,0,0,0,0,0,0,0,0,0,0,22,0,0,0,21,0,0,0,21,0,0,27,7,0,0,0,11,0,0,0,14,0,0,14,0,0,0,0,0,0,0,0,0,0,0,0,30,4,0,0,34,0,0,0,37,0,0,37,17,0,3,0,18,0,0,0,18,0,0,18,11,12,0,0,24,0,0,0,24,0,0,27,0,0,0,0,0,0,0,0,0,0,0,0,0,0,0,0,0,0,0,0,0,0,0,0,26,12,3,0,38,0,0,0
LGA56370,3,0,0,0,6,0,0,0,6,0,0,6,14,0,0,0,14,0,0,0,14,0,0,14,3,0,0,0,3,0,0,0,3,0,0,3,0,0,0,0,0,0,0,0,0,0,0,0,22,0,0,0,21,0,0,0,21,0,0,21,0,0,0,0,0,0,0,0,0,0,0,0,0,0,0,0,0,0,0,0,0,0,0,0,0,0,0,0,0,0,0,0,0,0,0,0,22,0,0,0,21,0,0,0,21,0,0,21,8,0,0,0,8,0,0,0,8,4,0,12,0,0,0,0,0,0,0,0,0,0,0,0,33,0,0,0,35,0,0,0,35,4,0,39,9,0,0,0,9,0,0,0,12,0,0,12,31,0,0,0,31,0,0,0,31,0,0,31,0,0,0,0,0,0,0,0,0,0,0,0,0,0,0,0,0,0,0,0,0,0,0,0,35,0,0,0,35,0,0,0
LGA56460,17,4,0,0,22,0,0,0,22,0,0,28,53,4,0,0,53,0,0,0,53,0,0,60,10,0,0,0,8,0,0,0,8,0,0,12,0,0,0,0,0,0,0,0,0,0,0,0,80,8,5,0,91,0,0,0,91,3,0,98,0,0,0,0,0,0,0,0,0,0,0,0,0,0,0,0,0,0,0,0,0,0,0,0,0,0,0,0,0,0,0,0,0,0,0,0,77,8,5,0,95,0,0,0,95,3,0,96,38,3,3,0,44,4,0,4,48,4,0,53,0,0,0,0,0,0,0,0,0,0,0,0,117,11,6,3,138,4,0,4,144,11,4,151,45,0,0,0,47,0,0,0,45,3,0,52,67,10,0,0,79,3,0,3,78,4,0,88,6,0,0,0,6,0,0,0,7,0,0,7,0,0,0,3,3,0,0,0,3,0,0,3,113,9,0,3,128,8,0,8
LGA56580,141,17,3,0,156,0,0,0,160,7,0,164,312,32,5,0,356,0,0,0,357,6,0,369,74,6,5,0,87,0,0,0,87,0,0,87,4,0,0,6,12,0,0,0,12,0,0,12,536,58,12,5,619,0,0,0,620,16,0,631,7,0,0,0,7,0,0,0,7,0,0,7,11,0,0,0,11,0,0,0,11,0,0,10,15,0,0,0,15,0,0,0,15,0,0,15,548,58,12,5,631,0,0,0,631,15,0,647,187,14,6,0,205,0,0,0,205,15,0,216,0,0,0,0,0,0,0,0,0,0,0,0,735,67,20,12,836,0,0,0,836,23,0,863,301,24,3,0,327,3,0,3,332,22,0,355,511,32,6,0,551,7,0,7,560,9,0,562,23,0,0,0,23,0,0,0,23,0,0,23,9,0,0,0,10,0,0,0,10,0,0,10,840,59,13,3,910,5,0,11
LGA56620,4,0,0,0,4,0,0,0,4,0,0,4,0,0,0,0,0,0,0,0,0,0,0,0,0,0,0,0,0,0,0,0,0,0,0,0,0,0,0,0,0,0,0,0,0,0,0,0,8,0,0,0,8,0,0,0,8,0,0,8,0,0,0,0,0,0,0,0,0,0,0,0,0,0,0,0,0,0,0,0,0,0,0,0,0,0,0,0,0,0,0,0,0,0,0,0,8,0,0,0,8,0,0,0,4,0,0,7,0,0,0,0,4,5,0,9,9,37,0,43,0,0,0,0,0,0,0,0,0,0,0,0,7,0,0,0,5,7,0,5,16,32,0,49,0,0,0,0,0,0,0,0,0,0,0,3,0,0,0,0,0,3,0,3,6,0,0,4,0,0,0,0,0,0,0,0,0,0,0,0,0,0,0,0,0,0,0,0,0,0,0,0,0,0,0,0,0,3,0,3
LGA56730,37,3,0,0,44,0,0,0,48,4,0,50,78,13,5,4,95,0,0,0,101,4,0,106,21,0,9,0,32,0,0,0,32,6,0,31,3,0,0,0,9,0,0,0,9,0,0,6,143,11,20,3,181,0,5,5,175,16,0,192,0,0,0,0,0,0,0,0,0,0,0,0,3,0,0,0,3,0,0,0,3,0,0,3,6,0,0,0,6,0,0,0,7,0,0,7,150,11,20,3,188,0,5,3,185,16,0,204,95,14,4,3,116,8,0,8,125,15,0,140,0,0,0,0,0,0,0,0,0,0,5,0,244,27,22,4,299,11,5,9,313,33,3,349,106,10,0,0,114,0,3,7,116,12,0,126,134,23,5,4,161,0,0,0,166,6,0,168,4,0,0,0,4,0,0,0,4,0,0,4,0,0,0,0,0,0,0,0,0,0,0,0,240,31,3,4,282,0,5,5
LGA56790,8,5,0,0,7,0,0,0,7,0,0,7,28,0,0,0,29,0,0,0,29,4,0,33,3,0,0,0,4,0,0,0,4,0,0,5,0,0,0,0,0,0,0,0,0,3,0,3,36,4,3,3,45,0,0,0,45,8,0,50,0,0,0,0,0,0,0,0,0,0,0,0,0,0,0,0,5,0,0,0,3,0,0,3,0,0,0,0,5,0,0,0,3,0,0,3,36,5,3,3,45,0,0,0,49,8,0,52,20,4,0,3,35,0,0,0,30,0,0,30,0,0,0,0,0,0,0,0,0,0,0,0,63,9,9,7,78,0,0,3,81,8,0,85,15,3,0,0,14,0,0,0,14,0,0,14,46,6,3,0,53,0,0,0,53,3,0,59,0,0,0,0,4,0,0,0,4,0,0,4,0,0,0,0,0,0,0,0,0,0,0,0,63,3,9,0,71,0,0,0
LGA56860,0,0,0,0,0,0,0,0,0,0,0,0,0,0,0,0,0,0,0,0,0,0,0,0,0,0,0,0,0,0,0,0,0,0,0,0,0,0,0,0,0,0,0,0,0,0,0,0,4,0,0,0,4,0,0,0,4,0,0,4,0,0,0,0,0,0,0,0,0,0,0,0,0,0,0,0,0,0,0,0,0,0,0,0,0,0,0,0,0,0,0,0,0,0,0,0,4,0,0,0,4,0,0,0,4,0,0,4,5,0,0,0,5,0,0,0,5,0,0,5,0,0,0,0,0,0,0,0,0,0,0,0,4,0,0,0,4,0,0,0,4,0,0,4,0,0,0,0,0,0,0,0,0,0,0,0,3,0,0,0,3,0,0,0,3,0,0,3,0,0,0,0,0,0,0,0,0,0,0,0,0,0,0,0,0,0,0,0,0,0,0,0,6,0,0,0,6,0,0,0
LGA56930,9,0,0,0,6,0,0,0,6,0,0,9,8,5,0,0,15,0,0,0,15,0,0,15,0,0,0,0,3,0,0,0,3,0,0,3,0,0,0,0,0,0,0,0,0,0,0,0,20,7,0,0,26,0,0,0,26,0,0,26,0,0,0,0,0,0,0,0,0,0,0,0,0,0,0,0,0,0,0,0,0,0,0,0,0,0,0,0,0,0,0,0,0,0,0,0,20,7,0,0,26,0,0,0,26,0,0,26,21,4,0,0,24,0,0,0,24,0,0,24,0,0,0,0,0,0,0,0,0,0,0,0,40,8,0,0,47,0,0,0,47,0,0,46,10,0,0,0,16,0,0,0,16,0,0,14,15,4,0,0,16,0,0,0,16,0,0,16,0,0,0,0,0,0,0,0,0,0,0,0,0,0,0,0,0,0,0,0,0,0,0,0,27,8,0,0,33,0,0,0
LGA57000,0,0,0,0,0,0,0,0,0,0,0,0,8,0,0,0,8,0,0,0,8,0,0,8,3,0,0,0,3,0,0,0,3,0,0,3,0,0,0,0,0,0,0,0,0,0,0,0,12,0,0,0,12,0,0,0,12,0,0,12,0,0,0,0,0,0,0,0,0,0,0,0,0,0,0,0,0,0,0,0,0,0,0,0,0,0,0,0,0,0,0,0,0,0,0,0,12,0,0,0,12,0,0,0,12,0,0,12,0,0,0,0,0,0,0,0,0,0,0,0,0,0,0,0,0,0,0,0,0,0,0,0,16,0,0,0,16,0,0,0,16,0,0,16,0,0,0,0,0,0,0,0,0,0,0,0,15,0,0,0,15,0,0,0,15,0,0,15,0,0,0,0,0,0,0,0,0,0,0,0,0,0,0,0,0,0,0,0,0,0,0,0,12,0,0,0,12,0,0,0
LGA57080,98,10,0,3,112,5,0,4,115,17,0,132,115,33,4,4,153,3,0,3,161,5,0,165,52,10,4,0,67,4,0,4,68,3,0,68,0,0,0,4,3,0,0,0,7,0,0,4,264,49,6,3,332,10,0,12,345,25,0,367,17,0,0,0,14,0,0,0,14,3,0,20,28,0,0,0,28,0,0,0,28,0,0,28,44,0,0,0,45,0,0,0,45,3,0,49,306,52,6,3,379,10,0,12,387,30,0,422,223,50,6,0,277,8,3,8,292,28,0,320,0,0,0,6,0,0,0,0,0,0,0,5,526,102,14,14,662,14,3,22,683,58,7,747,89,10,0,0,99,0,0,0,105,12,0,113,77,27,3,0,110,0,0,0,113,4,0,114,4,0,0,0,8,0,0,0,8,0,0,8,4,0,0,3,6,0,0,0,6,0,0,5,175,39,8,3,217,5,0,5
LGA57140,3,0,0,0,3,0,0,0,3,0,0,3,13,0,0,0,13,0,0,0,13,0,0,14,0,0,0,0,0,0,0,0,0,0,0,0,0,0,0,0,0,0,0,0,0,0,0,0,20,0,0,0,16,0,0,0,16,0,0,17,0,0,0,0,0,0,0,0,0,0,0,0,0,0,0,0,0,0,0,0,0,0,0,0,0,0,0,0,0,0,0,0,0,0,0,0,20,0,0,0,16,0,0,0,16,0,0,17,9,0,0,0,14,0,0,0,14,3,0,19,0,0,0,0,0,0,0,0,0,0,0,0,25,0,0,0,30,0,0,0,30,10,0,36,7,0,0,0,7,0,0,0,7,4,0,8,12,0,0,0,18,0,0,0,18,3,0,14,0,0,0,0,0,0,0,0,0,0,0,0,0,0,0,0,0,0,0,0,0,0,0,0,20,0,0,0,24,0,0,0
LGA57210,18,0,0,0,26,0,0,0,26,3,0,22,53,0,4,0,58,0,0,0,58,5,0,60,12,0,0,0,11,0,0,0,11,0,0,11,0,0,0,0,5,0,0,0,5,0,0,5,89,3,4,0,96,0,0,0,96,3,0,103,0,0,0,0,0,0,0,0,0,0,0,0,0,0,0,0,0,0,0,0,0,0,0,0,0,0,0,0,0,0,0,0,0,0,0,0,89,3,4,0,96,0,0,0,96,3,0,103,44,9,4,4,62,0,0,0,59,11,0,76,0,0,0,0,0,0,0,0,0,0,0,0,131,12,11,10,159,0,0,0,162,12,0,177,39,4,0,3,49,0,0,0,49,4,0,50,65,4,6,8,78,0,0,0,78,4,0,79,0,0,0,0,0,0,0,0,0,0,0,0,0,0,0,10,8,0,0,0,8,0,0,8,104,7,10,13,127,0,0,0
LGA57280,222,10,7,7,245,0,0,0,245,16,0,259,240,22,19,6,283,0,0,0,283,7,5,293,77,4,12,0,94,0,0,0,92,0,0,97,9,3,0,6,16,0,0,0,16,0,0,16,551,35,35,15,639,0,0,0,642,15,3,669,0,0,0,0,0,0,0,0,0,0,0,4,11,5,0,6,19,0,0,0,20,0,0,20,14,5,0,6,20,0,0,0,18,0,0,20,561,41,40,22,658,4,0,4,661,22,3,688,250,22,20,10,307,6,4,10,311,27,0,338,6,0,0,3,3,0,0,0,3,0,12,19,811,62,58,35,968,9,4,17,983,48,15,1045,251,12,10,0,279,8,0,9,287,9,0,292,299,26,18,0,337,0,0,0,341,9,3,345,24,3,5,0,29,0,0,0,29,0,0,27,8,0,0,7,12,0,0,0,12,0,0,12,577,36,28,10,655,11,0,10
LGA57350,0,0,0,0,0,0,0,0,0,0,0,0,9,0,0,0,9,0,0,0,9,0,0,9,9,0,0,0,10,0,0,0,10,0,0,10,0,0,0,0,0,0,0,0,0,0,0,0,16,0,0,0,16,0,0,0,16,0,0,16,0,0,0,0,0,0,0,0,0,0,0,0,0,0,0,0,0,0,0,0,0,0,0,0,0,0,0,0,0,0,0,0,0,0,0,0,16,0,0,0,16,0,0,0,16,0,0,16,13,0,0,0,13,0,0,0,10,0,0,9,0,0,0,0,0,0,0,0,0,0,0,0,26,0,0,0,30,0,0,0,34,0,0,32,0,0,0,0,0,0,0,0,0,0,0,3,14,0,0,0,18,0,0,0,18,0,0,18,0,0,0,0,0,0,0,0,0,0,0,0,0,0,0,0,0,0,0,0,0,0,0,0,15,0,0,0,17,0,0,0
LGA57420,10,0,0,0,10,0,0,0,10,0,0,8,43,3,0,0,54,0,0,0,54,5,0,55,8,0,0,0,11,0,0,0,11,0,0,11,0,0,0,4,4,0,0,0,4,0,0,4,63,4,0,4,73,0,0,0,73,0,0,74,0,0,0,0,0,0,0,0,0,0,0,0,0,0,0,0,0,0,0,0,0,0,0,0,0,0,0,0,0,0,0,0,0,0,0,0,60,4,0,4,73,0,0,0,73,0,0,76,28,3,0,0,39,0,0,0,39,0,0,39,0,0,0,0,0,0,0,0,0,0,0,0,87,14,8,7,110,0,0,0,110,0,0,112,14,4,0,0,12,0,0,0,12,3,0,17,38,0,6,4,47,0,0,0,47,0,0,50,0,0,0,0,3,0,0,0,3,0,0,3,0,0,0,3,3,0,0,0,3,0,0,3,53,3,5,5,65,0,0,0
LGA57490,671,85,24,9,783,7,3,10,797,48,5,850,1717,182,66,17,1980,21,4,26,2007,67,6,2078,454,50,92,3,602,5,4,6,609,30,5,643,30,0,0,27,65,0,0,0,65,4,7,68,2873,324,183,51,3431,33,12,47,3481,147,13,3635,31,0,0,0,34,0,0,0,38,5,0,39,98,10,10,7,122,6,3,9,134,6,0,139,128,8,10,7,155,9,4,16,171,10,0,178,3005,333,196,55,3590,46,16,58,3650,151,13,3815,1748,180,141,71,2141,48,3,46,2189,158,8,2354,6,0,0,4,13,0,0,0,13,0,23,40,4762,518,334,125,5743,91,16,109,5851,314,46,6207,1190,120,41,11,1364,25,5,25,1387,75,0,1466,2115,210,71,16,2423,30,3,32,2455,81,0,2537,130,17,14,0,169,0,0,6,174,7,0,182,22,3,0,17,43,6,0,6,41,0,10,50,3466,356,131,47,3991,55,10,69
LGA57630,0,0,0,0,0,0,0,0,0,0,0,0,0,0,0,0,0,0,0,0,0,0,0,0,0,0,0,0,0,0,0,0,0,0,0,0,0,0,0,0,0,0,0,0,0,0,0,0,0,0,0,0,0,0,0,0,0,0,0,0,0,0,0,0,0,0,0,0,0,0,0,0,0,0,0,0,0,0,0,0,0,0,0,0,0,0,0,0,0,0,0,0,0,0,0,0,0,0,0,0,0,0,0,0,0,0,0,0,0,0,0,0,0,0,0,0,0,0,0,0,0,0,0,0,0,0,0,0,0,0,0,0,0,0,0,0,0,0,0,0,0,0,0,0,0,0,0,0,0,0,0,0,0,0,0,0,0,0,0,0,0,0,0,0,0,0,0,0,0,0,0,0,0,0,0,0,0,0,0,0,0,0,0,0,0,0,0,0,0,0,0,0,0,0,0,0,0,0,0,0
LGA57700,287,36,6,0,328,3,0,3,330,22,0,352,644,45,24,4,724,5,0,5,728,6,0,737,138,12,33,0,182,0,0,0,182,3,0,187,5,0,0,4,18,0,0,0,18,0,4,22,1083,93,63,11,1244,8,0,7,1257,27,6,1290,3,3,0,0,3,0,0,0,7,0,0,7,32,3,0,0,37,0,0,0,37,4,0,41,35,7,0,0,41,0,0,0,45,5,0,46,1112,96,66,11,1288,8,0,11,1300,34,7,1341,556,49,40,30,679,9,6,19,694,22,10,725,0,0,0,0,8,0,0,0,8,0,3,13,1681,148,105,47,1977,17,9,26,2007,60,21,2078,398,35,14,0,452,4,0,4,454,10,0,463,712,57,34,10,809,4,0,4,812,8,0,823,43,4,12,0,58,0,0,0,61,3,0,63,6,4,0,0,16,0,0,0,16,0,0,16,1163,102,61,17,1332,13,0,13
LGA57770,0,0,0,0,0,0,0,0,0,0,0,0,10,4,0,0,9,0,0,0,9,0,0,9,0,0,0,0,0,0,0,0,0,0,0,0,0,0,0,0,0,0,0,0,0,0,0,0,10,4,0,0,13,0,0,0,13,0,0,13,0,0,0,0,0,0,0,0,0,0,0,0,0,0,0,0,0,0,0,0,0,0,0,0,0,0,0,0,0,0,0,0,0,0,0,0,12,4,0,0,10,0,0,0,10,0,0,10,12,0,5,0,20,0,0,0,20,3,0,18,0,0,0,0,0,0,0,0,0,0,0,0,23,4,4,0,29,0,0,0,29,3,0,31,4,0,0,0,4,0,0,0,4,3,0,8,19,0,0,0,19,0,0,0,19,0,0,19,0,0,0,0,0,0,0,0,0,0,0,0,0,0,0,0,0,0,0,0,0,0,0,0,26,0,0,0,26,0,0,0
LGA57840,216,37,9,0,262,4,0,5,266,16,0,281,574,70,3,4,648,6,0,5,658,14,0,666,166,27,24,0,206,0,0,0,206,4,0,215,4,0,0,12,17,0,0,0,17,0,0,14,956,133,32,12,1138,7,0,9,1148,31,4,1177,9,0,0,0,9,0,0,0,9,0,0,9,29,3,0,0,33,0,0,0,34,0,0,39,37,3,0,0,40,0,0,0,43,0,0,44,997,134,32,12,1175,7,3,8,1192,36,4,1228,330,55,13,6,396,4,3,9,405,30,6,433,0,0,0,4,6,0,0,0,6,3,4,13,1327,188,48,24,1580,7,7,18,1597,67,10,1672,330,42,7,0,380,6,0,3,385,24,0,409,590,66,10,0,665,4,5,11,672,19,5,695,37,0,0,0,40,0,0,0,40,0,0,40,5,0,0,3,12,0,0,0,12,0,0,11,960,113,18,7,1096,11,5,16
LGA57910,1317,232,39,10,1594,45,14,52,1649,85,0,1732,3644,535,77,17,4273,25,7,33,4301,74,12,4387,978,96,119,8,1197,6,3,9,1204,23,0,1224,45,6,0,31,79,0,0,0,78,0,7,87,5977,863,229,68,7134,76,21,97,7233,181,18,7428,56,9,0,0,69,4,0,7,81,6,0,80,165,14,3,7,187,5,0,4,194,5,3,201,219,24,3,6,257,11,5,15,272,12,3,286,6200,888,232,75,7393,84,28,108,7503,188,22,7716,2219,377,85,49,2730,61,36,100,2827,255,7,3088,6,0,3,14,28,0,0,0,26,0,31,59,8428,1272,315,137,10143,144,66,211,10352,444,58,10861,2112,306,26,11,2455,30,6,33,2494,121,0,2613,3713,416,58,20,4210,35,3,39,4250,85,9,4345,169,16,16,5,202,0,0,0,207,3,0,208,20,0,0,27,56,0,3,3,56,5,10,70,6018,743,106,62,6922,68,14,83
LGA57980,98,17,0,0,123,0,0,3,127,17,0,140,220,42,0,0,267,6,0,6,269,6,0,275,62,4,5,0,71,0,0,0,71,0,0,71,0,0,0,0,5,0,0,0,5,0,0,5,383,72,6,0,458,7,4,7,468,17,0,485,3,0,0,0,6,0,0,0,6,0,0,6,9,0,0,0,15,0,0,0,15,0,0,15,17,0,0,0,16,0,0,0,16,0,0,16,396,71,6,0,478,7,4,7,490,17,0,508,156,11,5,0,166,0,3,3,170,10,0,181,0,0,0,0,0,0,0,0,0,0,0,0,545,82,10,4,649,7,3,6,660,31,0,685,172,29,0,0,202,5,0,3,209,8,0,217,274,28,7,0,301,3,0,3,311,5,0,313,9,0,0,0,9,0,0,0,9,0,0,9,0,0,0,0,3,0,0,0,3,0,0,3,461,52,3,0,515,7,0,5
LGA58050,1207,128,27,6,1372,19,11,26,1403,64,3,1471,2437,279,60,27,2799,28,4,32,2834,50,10,2895,595,74,76,10,754,3,0,3,757,15,0,774,37,5,3,23,69,0,0,0,69,4,4,73,4280,485,169,62,4994,46,17,61,5062,132,13,5210,54,8,0,0,69,4,0,4,73,8,0,84,113,23,0,0,143,4,0,3,146,9,0,149,171,37,4,0,210,6,0,8,219,12,0,233,4450,520,171,61,5203,55,15,73,5279,146,22,5445,2128,305,114,82,2629,56,21,77,2706,209,6,2920,21,3,0,30,49,0,0,0,49,0,37,93,6590,830,284,177,7889,111,37,148,8042,355,67,8457,1614,222,41,8,1880,21,14,36,1915,82,4,2002,2631,300,64,27,3022,26,4,33,3057,84,8,3144,153,21,17,0,188,4,0,4,192,6,3,197,19,0,0,21,45,0,0,0,49,10,0,58,4414,545,114,60,5140,52,18,65
LGA58190,0,0,0,0,0,0,0,0,0,0,0,0,6,0,0,0,6,0,0,0,6,0,0,6,0,0,0,0,4,0,0,0,4,0,0,4,0,0,0,0,0,0,0,0,0,0,0,0,4,0,0,0,8,0,0,0,8,0,0,8,0,0,0,0,0,0,0,0,0,0,0,0,0,0,0,0,0,0,0,0,0,0,0,0,0,0,0,0,0,0,0,0,0,0,0,0,4,0,0,0,8,0,0,0,8,0,0,8,4,0,0,0,4,0,0,0,4,0,0,5,0,0,0,0,0,0,0,0,0,0,0,0,11,0,0,0,14,0,0,0,14,0,0,10,0,0,0,0,0,0,0,0,0,0,0,0,3,0,0,0,3,0,0,0,3,0,0,4,0,0,0,0,0,0,0,0,0,0,0,0,0,0,0,0,0,0,0,0,0,0,0,0,6,0,0,0,6,0,0,0
LGA58260,3,0,0,0,3,0,0,0,3,0,0,3,7,0,0,0,7,0,0,0,7,0,0,7,0,0,0,0,0,0,0,0,0,0,0,0,0,0,0,0,0,0,0,0,0,0,0,0,15,0,0,0,15,0,0,0,15,0,0,15,0,0,0,0,0,0,0,0,0,0,0,0,0,0,0,0,0,0,0,0,0,0,0,0,0,0,0,0,0,0,0,0,0,0,0,0,15,0,0,0,15,0,0,0,15,0,0,15,12,0,0,0,11,0,0,0,11,0,0,11,0,0,0,0,0,0,0,0,0,0,0,0,25,0,0,0,24,0,0,0,24,0,0,24,12,0,0,0,12,0,0,0,12,0,0,12,11,0,0,0,11,0,0,0,11,0,0,11,0,0,0,0,0,0,0,0,0,0,0,0,0,0,0,0,0,0,0,0,0,0,0,0,26,0,0,0,26,0,0,0
LGA58330,8,4,0,0,12,0,0,0,11,6,4,23,27,4,4,0,33,0,0,0,38,0,0,38,4,0,0,0,3,0,0,0,3,0,0,6,0,0,0,0,0,0,0,0,0,0,0,0,44,7,5,0,52,5,0,5,51,5,4,59,0,0,0,0,0,0,0,0,0,0,0,0,0,0,0,0,0,0,0,0,0,0,0,0,0,0,0,0,0,0,0,0,0,0,0,0,47,7,5,0,50,5,0,5,56,5,4,61,23,4,0,0,30,6,0,6,35,0,0,34,0,0,0,0,0,0,0,0,0,0,0,0,64,6,4,0,85,6,0,6,89,6,7,97,23,0,0,0,22,0,0,0,22,0,0,26,45,12,0,0,55,0,0,0,55,0,0,62,0,0,0,0,0,0,0,0,0,0,0,3,4,0,0,0,4,0,0,0,0,0,0,0,77,12,3,0,87,0,0,0
LGA58400,0,0,0,0,0,0,0,0,0,0,0,0,6,0,0,0,6,0,0,0,6,0,0,6,0,0,0,0,0,0,0,0,0,0,0,0,0,0,0,0,0,0,0,0,0,0,0,0,4,0,0,0,4,0,0,0,4,0,0,4,0,0,0,0,0,0,0,0,0,0,0,0,0,0,0,0,0,0,0,0,0,0,0,0,0,0,0,0,0,0,0,0,0,0,0,0,4,0,0,0,4,0,0,0,4,0,0,4,0,0,0,0,0,0,0,0,0,0,0,0,0,0,0,0,0,0,0,0,0,0,0,0,3,0,0,0,3,0,0,0,3,0,0,3,0,0,0,0,0,0,0,0,0,0,0,0,0,0,0,0,0,0,0,0,0,0,0,0,0,0,0,0,0,0,0,0,0,0,0,0,0,0,0,0,0,0,0,0,0,0,0,0,0,0,0,0,0,0,0,0
LGA58470,0,0,0,0,8,0,0,0,8,0,0,8,0,0,0,0,0,0,0,0,0,0,0,0,0,0,0,0,0,0,0,0,0,0,0,0,0,0,0,0,0,0,0,0,0,0,0,0,5,0,0,0,6,0,0,0,5,0,0,5,0,0,0,0,0,0,0,0,0,0,0,0,0,0,0,0,0,0,0,0,0,0,0,0,0,0,0,0,0,0,0,0,0,0,0,0,5,0,0,0,6,0,0,0,5,0,0,5,0,0,0,0,0,0,0,0,0,3,0,3,0,0,0,0,0,0,0,0,0,0,0,0,7,0,0,0,6,0,0,0,11,3,0,12,0,0,0,0,0,0,0,0,0,0,0,0,0,0,0,0,4,0,0,0,4,0,0,4,0,0,0,0,0,0,0,0,0,0,0,0,0,0,0,0,0,0,0,0,0,0,0,0,3,0,0,0,3,0,0,0
LGA58510,224,30,5,0,259,4,3,8,267,15,0,279,543,73,17,12,644,3,3,7,648,13,0,666,165,25,28,0,214,6,0,0,218,0,3,226,4,0,0,0,6,0,0,0,6,0,0,6,941,126,49,10,1128,10,5,16,1143,29,3,1172,15,4,0,0,18,0,0,0,18,0,0,20,27,3,0,0,34,3,0,3,36,0,0,36,46,8,0,0,56,3,0,3,54,0,0,58,985,136,49,10,1178,10,5,15,1202,31,0,1234,325,56,16,10,407,15,0,12,419,36,0,460,3,0,0,0,3,0,0,0,3,0,3,8,1312,192,59,23,1593,27,6,29,1619,71,11,1697,292,45,0,0,343,0,0,6,343,11,0,354,478,83,13,4,581,3,0,6,583,10,0,598,26,3,3,0,29,0,0,0,29,0,0,29,0,0,0,0,3,0,0,0,3,0,0,7,800,129,22,5,958,7,3,10
LGA58540,0,0,0,0,0,0,0,0,0,0,0,0,5,0,0,0,12,0,0,0,12,0,0,12,0,0,0,0,0,0,0,0,0,0,0,0,0,0,0,0,0,0,0,0,0,0,0,0,10,0,0,0,17,0,0,0,17,0,0,17,0,0,0,0,0,0,0,0,0,0,0,0,0,0,0,0,0,0,0,0,0,0,0,0,0,0,0,0,0,0,0,0,0,0,0,0,10,0,0,0,17,0,0,0,17,0,0,17,8,0,0,0,8,0,0,0,8,0,0,8,0,0,0,0,0,0,0,0,0,0,0,0,24,0,0,0,28,0,0,0,28,0,0,28,13,0,0,0,13,0,0,0,13,0,0,13,15,0,0,0,20,0,0,0,20,0,0,20,0,0,0,0,0,0,0,0,0,0,0,0,0,0,0,0,0,0,0,0,0,0,0,0,24,0,0,0,26,0,0,0
LGA58570,233,36,7,0,274,0,0,0,282,13,0,293,563,81,13,5,661,5,0,5,667,4,0,669,215,32,20,0,263,0,0,0,264,0,0,270,5,0,0,5,9,0,0,0,9,0,0,9,1015,146,38,7,1213,7,0,7,1218,18,0,1239,8,0,0,0,13,0,0,0,13,0,0,13,12,0,0,0,12,0,0,0,12,0,0,13,20,0,0,0,21,0,0,0,21,0,0,24,1035,146,40,7,1236,7,0,7,1243,20,0,1265,260,22,10,0,294,0,0,0,297,28,0,325,0,3,0,0,9,0,0,0,9,0,4,14,1303,175,45,8,1528,7,0,7,1543,51,6,1595,328,30,3,0,369,11,0,11,383,14,0,395,567,68,10,0,644,3,0,3,646,15,0,665,24,5,5,0,35,0,0,0,35,0,0,31,3,0,0,0,3,0,0,0,3,0,0,3,921,103,19,0,1052,15,3,16
LGA58610,0,0,0,0,0,0,0,0,0,0,0,0,20,0,0,0,29,0,0,0,29,0,0,30,7,0,0,0,7,0,0,0,7,0,0,7,0,0,0,0,0,0,0,0,0,0,0,0,36,5,5,0,41,0,0,0,41,0,0,44,0,0,0,0,0,0,0,0,0,0,0,0,0,0,0,0,0,0,0,0,0,0,0,0,0,0,0,0,0,0,0,0,0,0,0,0,36,5,5,0,41,0,0,0,41,0,0,44,14,5,0,0,19,0,0,0,19,0,0,19,0,0,0,0,0,0,0,0,0,0,0,0,47,11,5,5,60,0,0,0,60,0,0,63,12,0,0,0,12,0,0,0,12,0,0,16,24,12,0,0,34,0,0,0,34,0,0,34,0,0,0,0,0,0,0,0,0,0,0,0,0,0,0,0,0,0,0,0,0,0,0,0,39,10,0,0,54,0,0,0
LGA58680,0,0,0,0,0,0,0,0,0,0,0,0,6,0,0,0,6,0,0,0,6,0,0,6,0,0,0,0,0,0,0,0,0,0,0,0,0,0,0,0,0,0,0,0,0,0,0,0,10,0,0,0,10,0,0,0,10,0,0,10,0,0,0,0,0,0,0,0,0,0,0,0,0,0,0,0,0,0,0,0,0,0,0,0,0,0,0,0,0,0,0,0,0,0,0,0,10,0,0,0,10,0,0,0,10,0,0,10,6,0,0,0,6,0,0,0,6,0,0,6,0,0,3,0,3,0,0,0,3,0,0,3,12,0,3,0,15,0,0,0,15,0,0,15,0,0,0,0,0,0,0,0,0,0,0,0,10,0,0,0,10,0,0,0,10,0,0,10,0,0,0,0,0,0,0,0,0,0,0,0,0,0,0,0,0,0,0,0,0,0,0,0,9,0,0,0,9,0,0,0
LGA58760,1360,172,46,11,1584,14,4,20,1602,60,9,1672,3428,406,123,26,3982,24,7,32,4014,86,4,4108,881,107,132,14,1127,14,3,19,1147,19,4,1170,36,10,0,53,94,0,0,0,94,0,6,104,5704,687,301,99,6791,53,15,69,6860,173,22,7053,48,11,0,5,57,6,0,6,59,19,0,79,170,22,9,0,208,3,5,12,220,8,0,229,221,38,10,3,271,10,5,17,288,27,0,309,5926,724,310,104,7062,66,22,82,7148,198,18,7363,2536,430,153,101,3225,103,12,118,3338,282,14,3636,23,3,0,11,42,0,0,0,42,5,32,85,8488,1161,466,216,10333,169,34,203,10535,486,68,11085,2140,285,56,16,2497,28,10,39,2529,111,5,2649,4008,461,126,38,4631,30,7,42,4672,125,11,4806,222,21,47,6,293,6,4,10,307,9,0,316,41,5,0,64,111,0,0,0,111,0,7,122,6410,774,226,123,7537,71,17,86
LGA58820,6,8,0,3,15,0,0,0,15,0,0,14,39,5,0,0,36,0,0,0,36,4,0,42,13,3,0,0,18,0,0,0,18,0,0,18,0,0,0,0,0,0,0,0,0,0,0,0,53,5,3,9,71,0,0,0,71,6,0,76,0,0,0,0,0,0,0,0,0,0,0,0,0,0,0,0,0,0,0,0,0,0,0,0,4,0,0,0,4,0,0,0,4,0,0,4,61,5,3,9,75,0,0,0,75,6,0,78,30,3,3,4,41,3,0,3,45,3,0,46,0,0,0,0,0,0,0,0,0,0,0,0,92,11,5,9,114,3,0,3,121,8,0,127,16,0,0,0,23,0,0,0,23,0,0,23,62,0,5,3,72,0,0,0,67,0,0,67,0,0,0,0,6,0,0,0,6,0,0,6,0,0,0,6,6,0,0,0,6,0,0,6,78,6,5,10,96,0,0,0
LGA58890,0,0,0,0,0,0,0,0,0,0,0,0,12,0,0,0,12,0,0,0,12,0,0,12,0,0,0,0,0,0,0,0,0,0,0,0,0,0,0,0,0,0,0,0,0,0,0,0,10,0,0,0,10,0,0,0,10,0,0,10,0,0,0,0,0,0,0,0,0,0,0,0,0,0,0,0,0,0,0,0,0,0,0,0,0,0,0,0,0,0,0,0,0,0,0,0,10,0,0,0,10,0,0,0,10,0,0,10,5,3,0,0,3,0,0,0,3,0,0,3,0,0,0,0,0,0,0,0,0,0,0,0,15,3,0,0,21,0,0,0,21,0,0,21,7,0,0,0,9,0,0,0,9,0,0,9,22,0,0,0,22,0,0,0,22,0,0,22,0,0,0,0,0,0,0,0,0,0,0,0,0,0,0,0,0,0,0,0,0,0,0,0,33,0,0,0,36,0,0,0
LGA59030,0,0,0,0,0,0,0,0,0,0,0,0,0,0,0,0,0,0,0,0,0,0,0,0,0,0,0,0,0,0,0,0,0,0,0,0,0,0,0,0,0,0,0,0,0,0,0,0,7,0,0,0,7,0,0,0,7,0,0,7,0,0,0,0,0,0,0,0,0,0,0,0,0,0,0,0,0,0,0,0,0,0,0,0,0,0,0,0,0,0,0,0,0,0,0,0,7,0,0,0,7,0,0,0,7,0,0,7,6,0,0,0,6,0,0,0,6,0,0,6,0,0,0,0,0,0,0,0,0,0,0,0,16,0,0,0,16,0,0,0,16,0,0,16,3,0,0,0,3,0,0,0,3,0,0,3,0,0,0,0,0,0,0,0,0,0,0,0,0,0,0,0,0,0,0,0,0,0,0,0,0,0,0,0,0,0,0,0,0,0,0,0,5,0,0,0,5,0,0,0
LGA59100,6,0,3,0,3,0,0,0,3,0,0,3,9,0,0,0,9,0,0,0,9,0,0,9,4,0,0,0,4,0,0,0,4,0,0,4,0,0,0,0,0,0,0,0,0,0,0,0,16,0,5,0,14,0,0,0,14,0,0,14,0,0,0,0,0,0,0,0,0,0,0,0,0,0,0,0,0,0,0,0,0,0,0,0,0,0,0,0,0,0,0,0,0,0,0,0,16,0,5,0,14,0,0,0,14,0,0,14,6,0,0,0,8,0,0,0,8,0,0,8,0,0,0,0,0,0,0,0,0,0,0,0,24,0,5,0,32,0,0,0,32,0,0,32,3,0,0,0,3,0,0,0,3,0,0,3,17,4,0,0,17,0,0,0,17,5,0,18,0,0,0,0,0,0,0,0,0,0,0,0,0,0,0,0,0,0,0,0,0,0,0,0,17,4,0,0,24,0,0,0
LGA59170,0,0,0,0,0,0,0,0,0,0,0,0,29,0,0,0,29,0,0,0,29,0,0,29,4,0,0,0,4,0,0,0,4,0,0,4,3,0,0,0,3,0,0,0,3,0,0,3,37,0,0,0,37,0,0,0,37,0,0,37,0,0,0,0,0,0,0,0,0,0,0,0,0,0,0,0,0,0,0,0,0,0,0,0,0,0,0,0,0,0,0,0,0,0,0,0,37,0,0,0,37,0,0,0,37,0,0,37,20,0,0,0,24,0,0,0,24,0,0,25,0,0,0,0,0,0,0,0,0,0,0,0,60,0,0,0,56,0,0,0,56,0,0,62,11,0,0,0,14,0,0,0,14,0,0,14,46,0,0,0,46,0,0,0,46,0,0,46,0,0,0,0,0,0,0,0,0,0,0,0,0,0,0,0,0,0,0,0,0,0,0,0,50,0,0,0,52,0,0,0
LGA59250,0,0,0,0,0,0,0,0,0,0,0,0,0,0,0,0,0,0,0,0,0,0,0,0,0,0,0,0,0,0,0,0,0,0,0,0,0,0,0,0,0,0,0,0,0,0,0,0,0,0,0,0,0,0,0,0,0,0,0,0,0,0,0,0,0,0,0,0,0,0,0,0,0,0,0,0,0,0,0,0,0,0,0,0,0,0,0,0,0,0,0,0,0,0,0,0,0,0,0,0,0,0,0,0,0,0,0,0,4,0,0,0,4,0,0,0,4,3,0,12,0,0,0,0,0,0,0,0,0,0,0,0,4,0,0,0,4,0,0,0,4,3,0,12,4,0,0,0,4,0,0,0,4,0,0,4,0,0,0,0,0,0,0,0,0,0,0,0,0,0,0,0,0,0,0,0,0,0,0,0,0,0,0,0,0,0,0,0,0,0,0,0,4,0,0,0,4,0,0,0
LGA59310,7,0,0,0,7,0,0,0,7,0,0,7,13,0,0,0,16,0,0,0,16,0,0,16,7,0,0,0,7,0,0,0,7,0,0,7,0,0,0,0,0,0,0,0,0,0,0,0,30,0,0,0,34,0,0,0,34,0,0,34,0,0,0,0,0,0,0,0,0,0,0,0,0,0,0,0,0,0,0,0,0,0,0,0,0,0,0,0,0,0,0,0,0,0,0,0,30,0,0,0,34,0,0,0,36,0,0,36,22,0,0,3,20,0,0,0,20,0,0,20,0,0,0,0,0,0,0,0,0,0,0,0,48,0,0,3,51,0,0,0,53,0,0,53,13,0,0,0,13,0,0,0,13,0,0,13,32,4,0,0,36,0,0,0,36,0,0,37,0,0,0,0,0,0,0,0,0,0,0,0,0,0,0,0,0,0,0,0,0,0,0,0,47,4,0,0,44,0,0,0
LGA59320,5,4,0,0,7,0,0,0,7,0,0,7,13,3,0,0,14,0,0,0,14,0,0,14,3,0,0,0,3,0,0,0,3,0,0,3,0,0,0,0,0,0,0,0,0,0,0,0,18,3,0,0,24,0,0,0,24,0,0,24,0,0,0,0,0,0,0,0,0,0,0,0,0,0,0,0,0,0,0,0,0,0,0,0,0,0,0,0,0,0,0,0,0,0,0,0,18,3,0,0,24,0,0,0,24,0,0,24,3,0,0,0,3,0,0,0,9,0,0,7,0,0,0,0,0,0,0,0,0,0,0,0,20,3,0,0,26,0,0,0,29,0,0,31,3,0,0,0,3,0,0,0,3,0,0,3,10,0,0,0,14,0,0,0,14,0,0,14,0,0,0,0,0,0,0,0,0,0,0,0,0,0,0,0,0,0,0,0,0,0,0,0,16,0,0,0,14,0,0,0
LGA59330,0,0,0,0,0,0,0,0,0,0,0,0,4,0,0,0,4,0,0,0,4,0,0,4,5,0,0,0,5,0,0,0,5,0,0,5,0,0,0,0,0,0,0,0,0,0,0,0,5,0,0,0,5,0,0,0,5,0,0,5,0,0,0,0,0,0,0,0,0,0,0,0,0,0,0,0,0,0,0,0,0,0,0,0,0,0,0,0,0,0,0,0,0,0,0,0,9,0,0,0,9,0,0,0,9,0,0,9,0,0,0,0,0,0,0,0,0,0,0,0,0,0,0,0,0,0,0,0,0,0,0,0,11,0,0,0,11,0,0,0,11,0,0,11,4,0,0,0,5,0,0,0,5,0,0,5,8,0,0,0,8,0,0,0,8,0,0,8,0,0,0,0,0,0,0,0,0,0,0,0,0,0,0,0,0,0,0,0,0,0,0,0,11,0,0,0,14,0,0,0
LGA59340,61,5,4,0,66,0,0,0,66,6,0,71,72,15,0,0,95,6,0,6,97,4,0,96,24,5,5,0,29,0,0,0,29,0,0,29,5,0,0,0,0,0,0,0,0,0,0,0,160,22,6,4,195,6,0,6,194,12,0,205,0,0,0,0,0,0,0,0,0,0,0,0,0,0,0,0,0,0,0,0,0,0,0,0,0,0,0,0,0,0,0,0,3,0,0,3,167,18,6,4,192,3,0,3,195,12,0,209,40,17,0,0,56,11,0,10,68,52,3,126,0,0,0,0,0,0,0,0,0,0,6,6,203,37,10,6,254,16,0,12,266,62,13,339,72,11,0,0,78,0,4,4,82,8,0,89,90,9,0,0,103,3,0,3,102,3,0,110,4,0,4,0,6,0,0,0,6,0,0,6,0,0,0,5,5,0,0,0,5,0,0,5,166,14,4,3,190,3,4,0
LGA59350,0,0,0,0,0,0,0,0,0,0,0,0,0,0,0,0,0,0,0,0,0,0,0,0,0,0,0,0,0,0,0,0,0,0,0,0,0,0,0,0,0,0,0,0,0,0,0,0,0,0,0,0,0,0,0,0,0,0,0,0,0,0,0,0,0,0,0,0,0,0,0,0,0,0,0,0,0,0,0,0,0,0,0,0,0,0,0,0,0,0,0,0,0,0,0,0,0,0,0,0,0,0,0,0,0,0,0,0,0,0,0,0,0,0,0,0,0,0,0,0,0,0,0,0,0,0,0,0,0,0,0,0,0,0,0,0,0,0,0,0,0,0,0,0,0,0,0,0,0,0,0,0,0,0,0,0,0,0,0,0,0,0,0,0,0,0,0,0,0,0,0,0,0,0,0,0,0,0,0,0,0,0,0,0,0,0,0,0,0,0,0,0,0,0,0,0,0,0,0,0
LGA59360,0,0,0,0,0,0,0,0,0,0,0,0,6,0,0,0,6,0,0,0,6,0,0,7,6,0,0,0,6,0,0,0,6,0,0,6,0,0,0,0,7,0,0,0,7,0,0,7,8,0,3,0,14,0,0,0,14,0,0,12,0,0,0,0,0,0,0,0,0,0,0,0,0,0,0,0,0,0,0,0,0,0,0,0,0,0,0,0,0,0,0,0,0,0,0,0,8,0,3,0,14,0,0,0,14,0,0,12,7,0,0,3,13,0,0,0,13,0,0,13,0,0,0,0,0,0,0,0,0,0,0,0,12,3,3,3,26,0,0,0,26,0,0,25,3,0,0,0,3,0,0,0,3,0,0,3,8,0,0,0,5,0,0,0,5,0,0,6,4,0,0,0,4,0,0,0,4,0,0,4,0,0,0,0,0,0,0,0,0,0,0,0,13,0,0,0,19,0,0,0
LGA59370,15,0,0,0,14,0,0,0,14,0,0,14,30,3,0,0,37,0,0,0,37,0,0,37,0,0,0,0,8,0,0,0,8,0,0,8,4,0,0,0,4,0,0,0,4,0,0,4,50,3,4,0,55,0,0,0,55,0,0,57,0,0,0,0,0,0,0,0,0,0,0,0,0,0,0,0,0,0,0,0,0,0,0,0,0,0,0,0,0,0,0,0,0,0,0,0,53,3,4,0,59,0,0,0,57,0,0,64,12,0,0,0,17,0,0,0,17,3,0,21,0,0,0,0,0,0,0,0,0,0,0,0,64,0,6,0,72,0,0,4,76,3,0,81,28,0,0,0,34,3,0,3,32,6,0,35,41,12,0,0,53,0,0,0,53,0,0,56,4,0,0,0,4,0,0,0,4,0,0,4,0,0,0,0,0,0,0,0,0,0,0,0,70,15,0,0,91,3,0,3
LGA59499,0,0,0,0,0,0,0,0,0,0,0,0,0,0,0,0,0,0,0,0,0,0,0,0,0,0,0,0,0,0,0,0,0,0,0,0,0,0,0,0,0,0,0,0,0,0,0,0,0,0,0,0,0,0,0,0,0,0,0,0,0,0,0,0,0,0,0,0,0,0,0,0,0,0,0,0,0,0,0,0,0,0,0,0,0,0,0,0,0,0,0,0,0,0,0,0,0,0,0,0,0,0,0,0,0,0,0,0,0,0,0,0,0,0,0,0,0,0,0,0,0,0,0,0,0,0,0,0,0,0,0,0,0,0,0,0,0,0,0,0,0,0,0,0,0,0,0,0,0,0,0,0,0,0,0,0,0,0,0,0,0,0,0,0,0,0,0,0,0,0,0,0,0,0,0,0,0,0,0,0,0,0,0,0,0,0,0,0,0,0,0,0,0,0,0,0,0,0,0,0
LGA59799,0,0,0,0,0,0,0,0,0,0,0,0,0,0,0,0,0,0,0,0,0,0,0,0,0,0,0,0,0,0,0,0,0,0,0,0,0,0,0,0,0,0,0,0,0,0,0,0,0,0,0,0,0,0,0,0,0,0,0,0,0,0,0,0,0,0,0,0,0,0,0,0,0,0,0,0,0,0,0,0,0,0,0,0,0,0,0,0,0,0,0,0,0,0,0,0,0,0,0,0,0,0,0,0,0,0,0,0,0,0,0,0,0,0,0,0,0,0,0,0,0,0,0,0,0,0,0,0,0,0,0,0,0,0,0,0,0,0,0,0,0,0,0,0,0,0,0,0,0,0,0,0,0,0,0,0,0,0,0,0,0,0,0,0,0,0,0,0,0,0,0,0,0,0,0,0,0,0,0,0,0,0,0,0,0,0,0,0,0,0,0,0,0,0,0,0,0,0,0,0
