LGA_CODE_2021,Iran_2016,Iran_2017,Iran_2018,Iran_2019,Iran_2020,Iran_2021,Iran_Yr_arrival_NS,Iran_Tot,Iraq_Before_1951,Iraq_1951_1960,Iraq_1961_1970,Iraq_1971_1980,Iraq_1981_1990,Iraq_1991_2000,Iraq_2001_2010,Iraq_2011_2015,Iraq_2016,Iraq_2017,Iraq_2018,Iraq_2019,Iraq_2020,Iraq_2021,Iraq_Yr_arrival_NS,Iraq_Tot,Ireland_Before_1951,Ireland_1951_1960,Ireland_1961_1970,Ireland_1971_1980,Ireland_1981_1990,Ireland_1991_2000,Ireland_2001_2010,Ireland_2011_2015,Ireland_2016,Ireland_2017,Ireland_2018,Ireland_2019,Ireland_2020,Ireland_2021,Ireland_Yr_arrival_NS,Ireland_Tot,Italy_Before_1951,Italy_1951_1960,Italy_1961_1970,Italy_1971_1980,Italy_1981_1990,Italy_1991_2000,Italy_2001_2010,Italy_2011_2015,Italy_2016,Italy_2017,Italy_2018,Italy_2019,Italy_2020,Italy_2021,Italy_Yr_arrival_NS,Italy_Tot,Japan_Before_1951,Japan_1951_1960,Japan_1961_1970,Japan_1971_1980,Japan_1981_1990,Japan_1991_2000,Japan_2001_2010,Japan_2011_2015,Japan_2016,Japan_2017,Japan_2018,Japan_2019,Japan_2020,Japan_2021,Japan_Yr_arrival_NS,Japan_Tot,Korea_Rep_Sth_Before_1951,Korea_Rep_Sth_1951_1960,Korea_Rep_Sth_1961_1970,Korea_Rep_Sth_1971_1980,Korea_Rep_Sth_1981_1990,Korea_Rep_Sth_1991_2000,Korea_Rep_Sth_2001_2010,Korea_Rep_Sth_2011_2015,Korea_Republic_South_2016,Korea_Republic_South_2017,Korea_Republic_South_2018,Korea_Republic_South_2019,Korea_Republic_South_2020,Korea_Republic_South_2021,Korea_Repub_Sth_arrival_ns,Korea_Republic_South_Tot,Lebanon_Before_1951,Lebanon_1951_1960,Lebanon_1961_1970,Lebanon_1971_1980,Lebanon_1981_1990,Lebanon_1991_2000,Lebanon_2001_2010,Lebanon_2011_2015,Lebanon_2016,Lebanon_2017,Lebanon_2018,Lebanon_2019,Lebanon_2020,Lebanon_2021,Lebanon_Yr_arrival_NS,Lebanon_Tot,Malaysia_Before_1951,Malaysia_1951_1960,Malaysia_1961_1970,Malaysia_1971_1980,Malaysia_1981_1990,Malaysia_1991_2000,Malaysia_2001_2010,Malaysia_2011_2015,Malaysia_2016,Malaysia_2017,Malaysia_2018,Malaysia_2019,Malaysia_2020,Malaysia_2021,Malaysia_Yr_arrival_ns,Malaysia_Tot,Nepal_Before_1951,Nepal_1951_1960,Nepal_1961_1970,Nepal_1971_1980,Nepal_1981_1990,Nepal_1991_2000,Nepal_2001_2010,Nepal_2011_2015,Nepal_2016,Nepal_2017,Nepal_2018,Nepal_2019,Nepal_2020,Nepal_2021,Nepal_Yr_arrival_NS,Nepal_Tot,Netherlands_Before_1951,Netherlands_1951_1960,Netherlands_1961_1970,Netherlands_1971_1980,Netherlands_1981_1990,Netherlands_1991_2000,Netherlands_2001_2010,Netherlands_2011_2015,Netherlands_2016,Netherlands_2017,Netherlands_2018,Netherlands_2019,Netherlands_2020,Netherlands_2021,Netherlands_Yr_arrival_ns,Netherlands_Tot,New_Zealand_Before_1951,New_Zealand_1951_1960,New_Zealand_1961_1970,New_Zealand_1971_1980,New_Zealand_1981_1990,New_Zealand_1991_2000,New_Zealand_2001_2010,New_Zealand_2011_2015,New_Zealand_2016,New_Zealand_2017,New_Zealand_2018,New_Zealand_2019,New_Zealand_2020,New_Zealand_2021,New_Zealand_Yr_arrival_ns,New_Zealand_Tot,North_Macedonia_Before_1951,North_Macedonia_1951_1960,North_Macedonia_1961_1970,North_Macedonia_1971_1980,North_Macedonia_1981_1990,North_Macedonia_1991_2000,North_Macedonia_2001_2010,North_Macedonia_2011_2015,North_Macedonia_2016,North_Macedonia_2017,North_Macedonia_2018,North_Macedonia_2019,North_Macedonia_2020,North_Macedonia_2021,North_Macedonia_Yr_arrival_NS,North_Macedonia_Tot,Pakistan_Before_1951,Pakistan_1951_1960,Pakistan_1961_1970,Pakistan_1971_1980,Pakistan_1981_1990,Pakistan_1991_2000,Pakistan_2001_2010,Pakistan_2011_2015,Pakistan_2016,Pakistan_2017,Pakistan_2018,Pakistan_2019,Pakistan_2020,Pakistan_2021,Pakistan_Yr_arrival_NS,Pakistan_Tot
LGA50080,0,0,0,0,0,0,0,12,0,0,0,0,0,0,0,0,0,0,0,0,0,0,0,5,0,0,17,3,12,6,9,5,0,0,0,0,0,0,3,67,10,51,35,12,0,6,3,11,4,4,0,4,0,0,7,147,0,0,0,0,4,7,7,5,0,0,0,4,0,0,3,28,0,0,0,0,0,3,7,4,0,0,0,0,0,0,0,19,0,0,0,0,0,0,0,0,0,0,0,0,0,0,0,0,0,7,9,5,4,0,17,11,4,0,0,0,0,0,17,75,0,0,0,0,0,0,3,5,0,0,0,0,0,0,0,6,4,121,28,14,37,6,16,7,0,0,0,0,4,0,11,254,0,8,60,102,149,105,130,56,4,7,8,12,3,9,42,676,0,0,0,0,0,0,4,0,0,0,0,0,0,0,0,4,0,0,0,0,0,0,0,0,0,0,0,0,0,0,0,0
LGA50210,0,3,4,4,0,0,0,124,0,0,4,0,0,30,41,18,6,4,0,0,0,0,0,103,0,9,39,42,74,21,67,82,4,7,6,0,0,0,7,362,12,87,85,21,14,4,13,22,0,0,0,0,0,0,6,278,0,4,5,0,5,12,42,18,0,4,0,9,3,0,3,100,0,0,0,0,0,25,118,65,12,5,4,13,3,0,5,255,0,0,0,10,13,8,6,8,0,3,0,0,0,0,0,55,0,0,30,64,165,110,543,244,37,42,33,25,19,4,16,1324,0,0,0,0,0,0,52,23,0,5,5,11,0,0,0,103,14,216,68,48,74,24,54,22,6,0,0,0,0,0,11,545,0,4,70,210,469,429,781,636,53,34,64,57,24,28,88,2953,0,0,3,4,0,0,0,3,0,0,0,0,0,0,0,11,0,0,0,4,4,15,96,140,18,25,14,18,10,0,0,357
LGA50250,0,0,0,0,0,0,0,6,0,0,0,0,0,0,0,0,0,0,0,0,0,0,0,0,0,0,0,0,4,4,21,21,0,0,5,0,3,0,0,56,0,0,0,0,0,0,3,3,0,0,0,0,0,0,0,15,0,0,0,0,0,0,0,0,0,0,0,0,0,0,0,5,0,0,0,0,0,0,0,0,0,0,0,0,0,0,0,6,0,0,0,0,0,0,0,0,0,0,4,7,0,0,0,7,0,0,0,4,7,0,3,0,0,0,0,0,0,0,0,14,0,0,0,0,0,0,0,0,0,0,0,0,0,0,0,0,0,3,0,0,0,0,3,0,0,0,0,3,0,0,0,13,0,0,3,32,50,60,132,81,13,11,5,0,0,0,19,409,0,0,0,0,0,0,0,0,0,0,0,0,0,0,0,3,0,0,0,0,0,0,0,0,0,0,0,0,0,0,0,6
LGA50280,0,0,0,0,0,0,0,0,0,0,0,0,0,0,0,0,0,0,0,0,0,0,0,0,0,3,4,14,15,6,18,14,0,0,0,5,0,0,0,81,0,3,3,0,0,0,9,38,8,5,5,8,4,0,3,104,0,0,0,0,0,3,11,12,0,0,0,0,0,0,0,30,0,0,0,0,0,0,9,11,0,0,0,3,0,0,0,26,0,0,0,0,0,0,0,0,0,0,0,0,0,0,0,0,0,0,0,3,3,0,3,0,0,0,0,0,0,0,0,26,0,0,0,0,0,0,0,0,0,0,0,0,0,0,0,0,5,16,0,0,4,12,7,7,0,0,0,0,0,0,0,69,0,0,22,57,89,84,99,57,4,4,9,10,3,5,22,481,0,0,0,0,0,0,0,0,0,0,0,0,0,0,0,4,0,0,0,0,0,0,0,0,0,0,0,0,0,0,0,4
LGA50350,0,0,0,0,0,0,0,9,0,0,0,0,0,0,3,0,0,0,5,0,0,0,0,14,0,0,3,14,26,11,47,37,0,0,0,0,0,0,0,147,6,66,32,7,7,3,6,12,3,0,0,0,0,0,5,148,0,0,0,0,0,6,12,4,0,0,0,0,3,0,0,33,0,0,0,0,7,7,11,6,0,0,0,0,0,0,0,30,0,0,0,0,0,0,0,0,0,0,0,0,0,0,0,0,0,5,11,9,28,10,20,11,0,0,0,0,5,0,0,105,0,0,0,0,0,0,14,10,0,5,4,0,0,0,0,31,0,19,8,8,6,0,5,0,0,0,0,0,0,0,0,51,0,4,24,50,100,65,96,51,12,11,7,3,0,0,13,432,0,0,3,5,5,0,0,0,0,0,0,0,0,0,0,15,0,0,0,0,0,0,4,10,0,6,5,0,0,0,0,26
LGA50420,10,3,12,7,6,0,0,266,0,0,0,0,0,25,49,33,9,5,4,10,0,0,0,148,3,6,42,39,94,29,162,183,18,10,14,18,8,0,12,637,43,442,416,99,37,32,44,95,11,11,9,11,0,0,30,1282,0,0,0,7,10,38,67,33,4,0,8,8,7,6,3,196,0,0,0,0,19,17,74,56,19,11,16,14,0,0,0,234,0,0,0,7,12,5,10,5,0,0,0,0,0,0,0,47,0,5,55,112,317,112,204,123,41,27,41,37,13,4,17,1112,0,0,0,0,0,3,61,65,17,33,51,49,17,0,9,302,16,83,30,17,23,11,15,8,5,0,0,0,0,0,6,214,4,7,59,184,278,234,327,257,5,19,33,32,6,7,34,1491,0,8,41,29,16,24,20,0,6,0,0,0,0,0,6,162,0,3,5,6,9,6,46,56,20,23,19,50,24,0,5,267
LGA50490,9,6,9,14,6,0,6,136,0,4,0,0,0,18,33,34,0,0,0,3,0,0,4,97,0,7,25,19,39,18,61,133,4,3,9,20,10,0,5,346,8,107,90,16,7,8,14,51,0,9,6,4,0,0,14,328,0,0,0,0,0,18,38,19,7,3,7,8,0,0,3,107,0,0,0,9,14,16,117,78,16,13,15,14,4,0,8,297,0,0,0,18,5,7,8,13,0,0,0,5,0,0,0,62,0,7,21,39,115,80,215,153,38,54,30,29,7,6,17,824,0,0,0,0,6,10,65,67,19,28,39,43,15,0,0,292,3,37,3,0,12,4,8,0,0,0,4,0,0,0,0,84,0,0,30,116,222,188,311,341,31,18,38,25,10,22,33,1396,0,0,0,0,3,0,3,0,0,0,4,0,0,3,0,24,0,0,5,5,12,5,85,179,56,51,33,60,29,3,9,523
LGA50560,0,0,0,0,0,0,0,0,0,0,0,0,0,0,0,0,0,0,0,0,0,0,0,0,0,0,3,0,0,0,0,0,0,0,0,0,0,0,0,6,0,0,0,0,0,0,0,0,0,0,0,0,0,0,0,3,0,0,0,0,0,0,0,0,0,0,0,0,0,0,0,0,0,0,0,0,0,0,0,0,0,0,0,0,0,0,0,0,0,0,0,0,0,0,0,0,0,0,0,0,0,0,0,0,0,0,0,0,8,0,0,0,0,0,0,0,0,0,0,8,0,0,0,0,0,0,0,0,0,0,0,0,0,0,0,0,0,3,4,0,0,0,0,0,0,0,0,0,0,0,0,14,0,0,3,7,12,15,11,3,0,0,0,0,0,0,0,43,0,0,0,0,0,0,0,0,0,0,0,0,0,0,0,0,0,0,0,0,0,0,0,0,0,0,0,0,0,0,0,0
LGA50630,0,0,0,0,0,0,0,0,0,0,0,0,0,0,0,0,0,0,0,0,0,0,0,0,0,0,0,0,0,0,0,3,0,0,0,0,0,0,0,3,0,0,0,0,0,0,0,0,0,0,0,0,0,0,0,0,0,0,0,0,0,0,4,0,0,0,0,0,0,0,0,4,0,0,0,0,0,0,0,0,0,0,0,0,0,0,0,0,0,0,0,0,0,0,0,0,0,0,0,0,0,0,0,0,0,0,0,0,0,0,0,0,0,0,0,0,0,0,0,3,0,0,0,0,0,0,0,0,0,0,0,0,0,0,0,0,0,4,0,0,0,0,0,0,0,0,0,0,0,0,0,9,0,0,3,8,5,12,16,8,3,0,0,4,0,0,3,61,0,0,0,0,0,0,0,0,0,0,0,0,0,0,0,0,0,0,0,0,0,0,0,0,0,0,0,0,0,0,0,0
LGA50770,0,0,0,0,0,0,0,0,0,0,0,0,0,0,0,0,0,0,0,0,0,0,0,0,0,0,0,0,0,0,0,0,0,0,0,0,0,0,0,4,0,0,0,0,0,0,0,0,0,0,0,0,0,0,0,0,0,0,0,0,0,0,0,0,0,0,0,0,0,0,0,0,0,0,0,0,0,0,0,0,0,0,0,0,0,0,0,0,0,0,0,0,0,0,0,0,0,0,0,0,0,0,0,0,0,0,0,0,0,0,0,0,0,0,0,0,0,0,0,0,0,0,0,0,0,0,0,0,0,0,0,0,0,0,0,0,0,0,0,0,0,0,0,0,0,0,0,0,0,0,0,6,0,0,0,9,11,7,6,4,3,0,0,0,6,0,8,49,0,0,0,0,0,0,0,0,0,0,0,0,0,0,0,0,0,0,0,0,0,0,0,0,0,0,0,0,0,0,0,0
LGA50840,0,0,0,0,0,0,0,0,0,0,0,0,0,0,0,0,0,0,0,0,0,0,0,0,0,0,0,0,3,0,7,0,0,0,0,0,0,0,0,20,0,9,3,0,0,0,0,0,0,0,0,0,0,0,0,11,0,0,0,0,0,4,0,0,0,0,0,0,0,0,0,4,0,0,0,0,0,0,0,0,0,0,0,0,0,0,0,0,0,0,0,0,0,0,0,0,0,0,0,0,0,0,0,0,0,0,0,0,0,0,0,0,0,0,0,0,0,0,0,8,0,0,0,0,0,0,0,0,0,0,0,0,0,0,0,0,0,14,7,4,7,0,3,0,0,0,0,0,0,0,0,32,0,0,10,21,50,32,19,3,0,0,0,3,0,0,11,150,0,0,0,0,0,0,0,0,0,0,0,0,0,0,0,0,0,0,0,0,0,0,0,0,0,0,0,5,0,0,0,4
LGA50910,0,0,0,0,0,0,0,0,0,0,0,0,0,0,0,0,0,0,0,0,0,0,0,0,0,0,0,0,0,0,0,0,0,0,0,0,0,0,0,0,0,0,0,0,0,0,0,0,0,0,0,0,0,0,0,0,0,0,0,0,0,0,0,0,0,0,0,0,0,0,0,0,0,0,0,0,0,0,0,0,0,0,0,0,0,0,0,0,0,0,0,0,0,0,0,0,0,0,0,0,0,0,0,0,0,0,0,0,0,0,0,0,0,0,0,0,0,0,0,3,0,0,0,0,0,0,0,0,0,0,0,0,0,0,0,0,0,0,4,0,0,0,0,0,0,0,0,0,0,0,0,3,0,0,0,0,3,0,8,0,0,0,0,0,0,0,5,12,0,0,0,0,0,0,0,0,0,0,0,0,0,0,0,0,0,0,0,0,0,0,0,0,0,0,0,0,0,0,0,0
LGA50980,0,0,0,0,0,0,0,3,0,0,0,0,0,0,0,0,0,0,0,0,0,0,0,0,0,3,0,3,8,0,11,12,0,0,0,0,0,0,3,51,0,0,4,3,0,6,3,15,3,6,0,6,0,0,0,50,0,0,0,0,0,0,9,6,0,0,4,0,0,0,0,24,0,0,0,0,0,0,5,0,0,0,0,0,0,0,0,12,0,0,0,0,0,0,0,0,0,0,0,0,0,0,0,0,0,0,4,3,3,0,7,3,0,0,0,0,0,0,0,25,0,0,0,0,0,0,0,3,4,0,0,0,0,0,0,6,0,11,0,4,5,0,10,4,0,0,4,3,5,0,5,45,0,0,18,41,55,35,64,55,0,6,4,5,6,4,18,305,0,0,0,0,0,0,0,0,0,0,0,0,0,0,0,0,0,0,0,0,0,3,3,0,0,0,0,0,0,0,0,7
LGA51080,0,0,0,0,0,0,0,0,0,0,0,0,0,0,0,0,0,0,0,0,0,0,0,0,0,0,0,0,0,0,0,0,0,0,0,0,0,0,0,0,0,0,0,0,0,0,0,0,0,0,0,0,0,0,0,0,0,0,0,0,0,0,0,0,0,0,0,0,0,0,0,0,0,0,0,0,0,0,0,0,0,0,0,0,0,0,0,0,0,0,0,0,0,0,0,0,0,0,0,0,0,0,0,0,0,0,0,0,0,0,0,0,0,0,0,0,0,0,0,0,0,0,0,0,0,0,0,0,0,0,0,0,0,0,0,0,0,0,0,0,0,0,0,0,0,0,0,0,0,0,0,0,0,0,0,9,0,4,4,0,0,0,0,0,0,0,5,20,0,0,0,0,0,0,0,0,0,0,0,0,0,0,0,0,0,0,0,0,0,0,0,0,0,0,0,0,0,0,0,0
LGA51120,0,0,0,0,0,0,0,0,0,0,0,0,0,0,0,0,0,0,0,0,0,0,0,0,0,0,0,0,0,0,0,0,0,0,0,0,0,0,0,0,0,0,0,0,0,0,0,0,0,0,0,0,0,0,0,0,0,0,0,0,0,0,0,0,0,0,0,0,0,0,0,0,0,0,0,0,0,0,0,0,0,0,0,0,0,0,0,0,0,0,0,0,0,0,0,0,0,0,0,0,0,0,0,0,0,0,0,0,0,0,0,0,0,0,0,0,0,0,0,0,0,0,0,0,0,0,0,0,0,0,0,0,0,0,0,0,0,3,0,0,0,0,0,0,0,0,0,0,0,0,0,3,0,0,0,0,6,5,0,0,0,0,0,0,0,0,0,13,0,0,0,0,0,0,0,0,0,0,0,0,0,0,0,0,0,0,0,0,0,0,0,0,0,0,0,0,0,0,0,0
LGA51190,4,0,0,0,0,0,3,23,0,0,0,0,0,5,0,6,0,0,0,0,0,0,0,16,0,5,12,13,47,5,23,43,0,0,0,3,0,0,6,158,13,125,40,5,0,0,7,16,0,0,0,0,0,0,15,232,0,0,0,0,0,7,8,3,0,4,0,3,0,3,0,38,0,0,0,0,0,0,13,14,3,0,5,14,6,0,0,53,0,0,0,5,4,5,3,0,0,0,0,0,0,0,0,27,0,6,7,11,13,13,22,16,0,4,14,0,0,0,6,102,0,0,0,0,0,0,8,12,6,10,5,3,5,0,0,43,0,53,16,6,6,7,15,8,0,0,0,0,0,0,0,122,3,5,38,107,171,117,208,116,6,22,10,10,4,3,49,862,0,0,0,0,0,0,0,0,0,0,0,0,0,0,0,0,0,0,0,4,0,0,0,10,3,5,7,7,0,0,0,38
LGA51260,0,0,0,0,0,0,0,5,0,0,0,0,0,0,0,0,0,0,0,0,0,0,0,0,0,3,16,30,35,19,27,28,0,0,0,0,0,0,3,170,3,24,6,0,5,5,11,14,3,6,9,0,0,0,9,95,0,0,0,0,0,5,13,14,0,0,0,0,0,0,0,43,0,0,0,0,0,0,14,20,6,0,3,0,0,0,3,48,0,0,0,0,0,0,0,0,0,0,0,0,0,0,0,0,0,3,8,8,6,4,8,0,6,0,0,0,0,0,3,53,0,0,0,0,0,0,3,4,4,4,0,0,0,0,0,19,11,58,10,9,16,3,19,17,0,0,5,0,3,0,3,155,5,7,58,165,204,148,193,90,8,25,7,5,3,0,41,956,0,0,0,0,0,0,0,0,0,0,0,0,0,0,0,0,0,0,0,3,0,0,5,9,0,0,0,0,0,10,0,26
LGA51310,3,0,4,8,0,0,0,93,0,0,0,0,0,0,0,0,0,0,0,0,0,0,0,3,9,43,25,29,70,40,54,65,0,3,11,15,16,7,5,384,20,80,26,22,3,6,14,46,6,3,0,4,6,0,11,235,0,0,0,0,8,18,28,16,4,9,15,11,6,4,6,126,0,0,0,0,5,5,19,5,0,11,4,0,0,0,0,63,0,0,0,0,5,0,0,0,0,0,0,0,0,0,0,11,4,8,31,67,124,64,71,51,9,9,7,10,9,3,5,472,0,0,0,0,0,0,3,5,7,14,10,7,6,0,0,53,3,23,0,11,11,15,36,16,3,3,3,5,0,7,0,136,5,6,28,72,101,60,87,40,4,0,5,4,0,11,3,435,0,0,0,4,4,0,0,3,0,0,0,0,0,0,0,12,0,0,0,0,3,0,5,0,0,0,4,0,0,0,0,19
LGA51330,18,3,19,32,6,5,7,409,0,0,0,0,0,32,65,82,15,10,29,0,0,0,3,245,4,10,32,48,65,21,83,106,5,3,0,5,5,0,3,397,36,216,153,36,12,10,18,30,8,9,6,3,0,0,7,547,0,3,7,9,27,40,82,29,3,7,12,10,8,3,0,234,0,0,0,15,44,104,472,281,31,36,45,40,8,5,23,1107,0,0,9,7,29,22,25,6,10,3,0,0,0,0,0,109,4,5,92,281,1168,562,1576,1025,229,245,250,240,129,10,96,5901,0,0,0,0,0,8,178,158,55,72,106,110,35,0,8,730,9,119,26,25,22,13,15,9,0,0,0,0,0,0,11,249,5,4,68,168,339,232,431,336,32,22,30,27,21,13,47,1775,0,0,0,5,0,0,0,0,0,0,0,0,0,0,0,11,0,5,6,8,4,43,177,299,61,85,127,172,112,8,16,1119
LGA51400,0,0,0,0,0,0,0,5,0,0,0,0,0,0,0,0,0,0,0,0,0,0,0,0,0,0,3,0,7,4,10,22,0,3,4,3,0,0,0,59,0,9,6,0,0,0,0,4,0,0,0,0,0,0,0,19,0,0,0,0,0,0,7,0,0,0,0,0,0,0,0,6,0,0,0,0,0,0,11,0,0,0,4,0,0,0,0,11,0,0,0,0,3,0,9,0,0,0,0,0,3,0,0,14,0,0,4,3,3,5,6,4,0,3,0,0,0,0,0,30,0,0,0,0,0,0,3,0,0,0,0,0,0,0,0,5,3,17,4,8,6,0,9,5,0,0,0,0,0,0,0,53,0,0,7,47,101,54,136,90,4,9,5,15,3,3,12,485,0,0,0,0,0,0,0,0,0,0,0,0,0,0,0,0,0,0,0,0,0,0,12,18,0,0,0,0,0,0,0,33
LGA51470,0,0,0,0,0,0,0,0,0,0,0,0,0,0,0,0,0,0,0,0,0,0,0,0,0,0,0,0,0,3,0,0,0,0,0,0,0,0,0,3,0,0,0,0,0,0,0,0,0,0,0,0,0,0,0,0,0,0,0,0,0,0,0,0,0,0,0,0,0,0,0,0,0,0,0,0,0,0,0,0,0,0,0,0,0,0,0,0,0,0,0,0,0,0,0,0,0,0,0,0,0,0,0,0,0,0,0,0,0,0,0,0,0,0,0,0,0,0,0,0,0,0,0,0,0,0,0,0,0,0,0,0,0,0,0,0,0,0,0,0,0,0,0,0,0,0,0,0,0,0,0,0,0,0,0,3,4,0,0,0,0,0,0,0,0,0,0,14,0,0,0,0,0,0,0,0,0,0,0,0,0,0,0,0,0,0,0,0,0,0,0,0,0,0,0,0,0,0,0,0
LGA51540,0,0,4,0,0,0,0,4,0,0,0,0,0,0,0,0,0,0,0,0,0,0,0,0,0,0,0,0,0,0,4,4,0,0,0,0,0,0,0,14,0,0,11,0,0,0,0,5,0,0,0,0,0,0,0,22,0,0,0,0,0,0,0,5,0,0,3,0,4,0,0,15,0,0,0,0,0,0,0,0,0,0,0,4,4,0,0,12,0,0,0,0,0,0,0,0,0,0,0,0,0,0,0,0,0,0,0,0,0,0,8,3,5,10,16,10,0,0,0,53,0,0,0,0,0,0,0,0,0,0,0,0,0,0,0,0,0,0,5,0,0,0,4,0,0,0,0,0,0,0,0,11,0,3,5,17,11,7,10,11,5,0,0,0,0,0,4,88,0,0,0,0,0,0,0,0,0,0,0,0,0,0,0,0,0,0,0,0,0,0,0,0,0,0,0,0,0,0,0,0
LGA51610,0,0,0,0,0,0,0,0,0,0,0,0,0,0,0,0,0,0,0,0,0,0,0,0,0,0,0,0,0,0,0,0,0,0,0,0,0,0,0,5,0,0,0,0,0,0,0,0,0,0,0,0,0,0,0,0,0,0,0,0,0,0,0,0,0,0,0,0,0,0,0,0,0,0,0,0,0,0,0,0,0,0,0,0,0,0,0,0,0,0,0,0,0,0,0,0,0,0,0,0,0,0,0,0,0,0,0,0,0,0,0,0,0,0,0,0,0,0,0,0,0,0,0,0,0,0,0,0,0,0,0,0,0,0,0,0,0,0,0,0,0,0,0,0,0,0,0,0,0,0,0,0,0,0,0,6,7,6,4,7,0,0,0,0,0,0,0,26,0,0,0,0,0,0,0,0,0,0,0,0,0,0,0,0,0,0,0,0,0,0,0,0,0,0,0,0,0,0,0,0
LGA51680,0,0,0,0,0,0,0,0,0,0,0,0,0,0,0,0,0,0,0,0,0,0,0,0,0,0,5,0,3,0,0,0,0,0,0,0,0,0,0,16,0,0,4,0,0,0,0,0,0,0,0,0,0,0,0,9,0,0,0,0,0,0,0,0,0,0,0,0,0,0,0,0,0,0,0,0,0,0,0,0,0,0,0,0,0,0,0,0,0,0,0,0,0,0,0,0,0,0,0,0,0,0,0,0,0,0,0,0,0,0,0,0,0,0,0,0,0,0,0,8,0,0,0,0,0,0,0,0,0,0,0,0,0,0,0,0,0,15,4,0,3,4,11,0,0,0,0,0,0,0,0,33,0,0,9,34,55,21,38,22,0,0,0,0,0,0,7,181,0,0,0,0,0,0,0,0,0,0,0,0,0,0,0,0,0,0,0,0,0,0,0,0,0,0,0,0,0,0,0,0
LGA51710,0,0,0,0,0,0,11,11,0,0,0,0,0,0,0,0,0,0,0,0,0,0,12,12,0,0,0,0,0,0,0,0,0,0,0,0,0,0,0,5,0,0,0,0,0,0,0,0,0,0,0,0,0,0,0,0,0,0,0,0,0,0,0,0,0,0,0,0,0,0,0,0,0,0,0,0,0,0,0,0,0,0,0,0,0,0,0,0,0,0,0,0,0,0,0,0,0,0,0,0,0,0,8,8,0,0,7,94,115,22,31,16,8,4,4,0,0,0,18,314,0,0,0,0,0,0,0,0,0,0,0,0,0,0,0,0,0,0,0,0,0,0,0,0,0,0,0,0,0,0,0,0,0,0,0,0,0,8,3,3,0,0,0,0,0,0,7,32,0,0,0,0,0,0,0,0,0,0,0,0,0,0,0,0,0,0,0,0,0,0,0,6,0,0,0,0,0,0,8,12
LGA51750,0,0,3,5,0,0,0,39,0,0,0,0,0,0,0,0,0,0,0,0,0,0,0,3,0,0,9,6,14,6,9,7,0,4,0,7,13,4,0,89,0,12,6,4,0,0,4,4,0,0,0,4,0,0,5,42,0,0,0,0,10,7,7,9,0,19,7,3,0,0,14,88,0,0,0,6,3,0,5,0,0,0,0,0,0,0,0,14,0,0,0,0,0,0,0,0,0,0,0,0,0,0,0,0,0,3,9,12,23,6,17,13,0,0,0,0,13,0,5,110,0,0,0,0,0,0,0,0,0,0,0,0,0,0,0,0,3,8,0,5,4,7,13,14,0,0,0,0,0,0,0,47,0,3,18,33,45,24,20,12,4,0,3,7,9,3,3,176,0,0,0,0,0,0,0,0,0,0,0,0,0,0,0,6,0,0,0,0,0,0,0,0,0,0,0,0,0,0,0,7
LGA51820,16,22,14,14,5,4,0,381,0,0,0,0,0,10,22,18,0,0,0,0,0,0,0,50,0,3,36,41,91,57,175,261,15,10,12,14,4,3,17,749,63,487,493,95,72,52,75,153,30,8,15,15,9,0,51,1608,0,0,0,0,17,35,95,40,7,4,4,9,0,0,0,218,0,0,0,6,14,25,184,128,9,13,14,14,4,0,14,413,0,0,5,16,8,7,11,7,0,0,0,0,0,0,0,63,0,7,37,76,305,184,450,279,69,45,30,38,36,4,27,1595,0,0,0,0,0,0,68,50,4,10,15,9,4,0,0,162,9,106,34,25,42,18,44,18,0,0,6,3,0,0,5,319,6,9,62,242,541,465,843,666,65,45,45,73,26,27,92,3205,0,0,0,9,10,0,4,0,0,0,0,0,0,0,4,24,0,0,3,3,0,16,55,81,12,15,18,24,7,9,5,241
LGA51860,0,0,0,0,0,0,0,0,0,0,0,0,0,0,0,0,0,0,0,0,0,0,0,0,0,0,0,0,0,0,0,0,0,0,0,0,0,0,0,0,0,0,0,0,0,0,0,0,0,0,0,0,0,0,0,0,0,0,0,0,0,0,0,0,0,0,0,0,0,0,0,0,0,0,0,0,0,0,0,0,0,0,0,0,0,0,0,0,0,0,0,0,0,0,0,0,0,0,0,0,0,0,0,0,0,0,0,0,11,0,7,0,0,0,0,0,0,0,5,24,0,0,0,0,0,0,0,0,0,0,0,0,0,0,0,0,0,0,0,0,0,0,0,0,0,0,0,0,0,0,0,0,0,0,0,0,0,0,0,0,0,0,0,0,0,0,0,7,0,0,0,0,0,0,0,0,0,0,0,0,0,0,0,0,0,0,0,0,0,0,0,0,0,0,0,0,0,0,0,0
LGA51890,0,0,0,0,0,0,0,6,0,0,0,0,0,0,0,0,0,0,0,0,0,0,0,0,0,0,4,8,0,0,0,3,0,0,0,0,0,0,0,14,4,19,10,0,0,0,0,0,0,0,0,0,0,0,5,35,0,0,0,0,0,0,0,0,0,0,0,0,0,0,0,7,0,0,0,0,0,0,5,0,0,0,0,0,0,0,0,5,0,0,0,0,0,0,0,0,0,0,0,0,0,0,0,0,0,0,3,0,3,0,5,6,0,0,0,0,0,0,0,9,0,0,0,0,0,0,0,0,0,0,0,0,0,0,0,0,0,14,3,6,0,0,0,0,0,0,0,0,0,0,0,17,0,5,12,28,53,29,50,16,0,0,0,4,3,4,3,203,0,0,0,0,0,0,0,0,0,0,0,0,0,0,0,0,0,0,0,0,0,0,0,0,0,0,0,0,0,0,0,5
LGA51960,0,0,0,0,0,0,0,0,0,0,0,0,0,0,0,0,0,0,0,0,0,0,0,0,0,0,0,0,0,0,0,0,0,0,0,0,0,0,0,6,0,0,0,0,0,0,0,0,0,0,0,0,0,0,0,0,0,0,0,0,0,0,0,0,0,0,0,0,0,0,0,0,0,0,0,0,0,0,0,0,0,0,0,0,0,0,0,0,0,0,0,0,0,0,0,0,0,0,0,0,0,0,0,0,0,0,0,0,3,0,0,0,0,0,0,0,0,0,0,5,0,0,0,0,0,0,3,0,0,0,0,0,0,0,0,7,0,0,0,0,0,0,0,0,0,0,0,0,0,0,0,0,0,0,0,14,41,43,85,45,0,8,4,7,3,6,14,266,0,0,0,0,0,0,0,0,0,0,0,0,0,0,0,5,0,0,0,0,0,0,0,0,0,0,0,0,0,0,0,0
LGA52030,0,0,0,0,0,0,0,0,0,0,0,0,0,0,0,0,0,0,0,0,0,0,0,0,0,0,0,0,0,0,0,0,0,0,0,0,0,0,0,4,0,0,0,0,0,0,0,0,0,0,0,0,0,0,0,0,0,0,0,0,0,0,0,0,0,0,0,0,0,0,0,0,0,0,0,0,0,0,0,0,0,0,0,0,0,0,0,0,0,0,0,0,0,0,0,0,0,0,0,0,0,0,0,0,0,0,0,0,0,0,0,0,0,0,0,0,0,0,0,0,0,0,0,0,0,0,0,0,0,0,0,0,0,0,0,0,0,0,0,0,0,0,0,0,0,0,0,0,0,0,0,5,0,0,0,9,4,0,6,4,0,0,0,0,0,0,0,28,0,0,0,0,0,0,0,0,0,0,0,0,0,0,0,0,0,0,0,0,0,0,0,0,0,0,0,0,0,0,0,0
LGA52100,0,0,0,0,0,0,0,0,0,0,0,0,0,0,0,0,0,0,0,0,0,0,0,0,0,0,0,0,0,0,0,0,0,0,0,0,0,0,0,0,0,3,0,0,0,0,0,0,0,0,0,0,0,0,0,3,0,0,0,0,0,0,0,0,0,0,0,0,0,0,0,0,0,0,0,0,0,0,0,0,0,0,0,0,0,0,0,0,0,0,0,0,0,0,0,0,0,0,0,0,0,0,0,0,0,0,0,0,0,0,0,0,0,0,0,0,0,0,0,0,0,0,0,0,0,0,0,0,0,0,0,0,0,0,0,0,0,0,0,0,0,0,0,0,0,0,0,0,0,0,0,0,0,0,0,0,4,6,6,4,0,6,0,4,0,0,0,33,0,0,0,0,0,0,0,0,0,0,0,0,0,0,0,0,0,0,0,0,0,0,0,0,0,0,0,0,0,0,0,0
LGA52170,0,0,0,0,0,0,0,3,0,0,0,0,0,0,0,0,0,0,0,0,0,0,0,0,0,4,0,0,14,5,9,7,8,0,7,15,13,7,0,90,3,6,0,3,0,3,6,9,0,3,0,4,0,3,8,53,0,0,0,0,0,0,0,0,0,0,0,0,0,0,0,6,0,0,0,5,0,0,0,0,0,0,0,0,0,0,0,4,0,0,0,0,0,0,0,0,0,0,0,0,0,0,0,4,0,0,8,6,10,4,0,3,0,0,0,0,0,0,0,32,0,0,0,0,0,0,0,0,0,0,0,0,0,0,0,0,0,7,5,0,0,0,8,0,0,0,0,0,0,0,0,25,0,7,7,18,35,20,21,12,0,0,3,0,0,5,0,132,0,0,0,0,0,0,0,0,0,0,0,0,0,0,0,0,0,0,0,0,0,0,0,0,0,0,0,0,0,0,0,0
LGA52240,0,0,0,0,0,0,0,0,0,0,0,0,0,0,0,0,0,0,0,0,0,0,0,0,0,0,0,0,0,0,0,0,0,0,0,0,0,0,0,0,0,0,0,0,0,0,0,0,0,0,0,0,0,0,0,0,0,0,0,0,0,0,0,0,0,0,0,0,0,0,0,0,0,0,0,0,0,0,0,0,0,0,0,0,0,0,0,0,0,0,0,0,0,0,0,0,0,0,0,0,0,0,0,0,0,0,0,0,0,0,0,0,0,0,0,0,0,0,0,0,0,0,0,0,0,0,0,0,0,0,0,0,0,0,0,0,0,0,0,0,0,0,0,0,0,0,0,0,0,0,0,0,0,0,0,3,10,13,4,3,0,0,0,0,0,0,0,32,0,0,0,0,0,0,0,0,0,0,0,0,0,0,0,0,0,0,0,0,0,0,0,0,0,0,0,0,0,0,0,0
LGA52310,0,0,0,0,0,0,0,0,0,0,0,0,0,0,0,0,0,0,0,0,0,0,0,0,0,0,0,0,0,0,0,0,0,0,0,0,0,0,0,0,0,0,0,0,0,0,0,0,0,0,0,0,0,0,0,0,0,0,0,0,0,0,0,0,0,0,0,0,0,0,0,0,0,0,0,0,0,0,0,0,0,0,0,0,0,0,0,0,0,0,0,0,0,0,0,0,0,0,0,0,0,0,0,0,0,0,0,0,0,0,0,0,0,0,0,0,0,0,0,0,0,0,0,0,0,0,0,0,0,0,0,0,0,0,0,0,0,4,0,0,0,0,0,0,0,0,0,0,0,0,0,3,0,0,0,6,14,6,0,0,0,0,0,0,0,0,0,20,0,0,0,0,0,0,0,0,0,0,0,0,0,0,0,0,0,0,0,0,0,0,0,0,0,0,0,0,0,0,0,0
LGA52380,0,0,0,0,0,0,0,0,0,0,0,0,0,0,0,0,0,0,0,0,0,0,0,0,0,0,0,0,0,0,0,0,0,0,0,0,0,0,0,0,0,0,0,0,0,0,0,0,0,0,0,0,0,0,0,0,0,0,0,0,0,0,0,0,0,0,0,0,0,0,0,0,0,0,0,0,0,0,0,0,0,0,0,0,0,0,0,0,0,0,0,0,0,0,0,0,0,0,0,0,0,0,0,0,0,0,0,0,0,0,0,0,0,0,0,0,0,0,0,0,0,0,0,0,0,0,0,0,0,0,0,0,0,0,0,0,0,0,0,0,0,0,0,0,0,0,0,0,0,0,0,3,0,0,0,0,0,0,0,5,0,0,0,0,0,0,0,9,0,0,0,0,0,0,0,0,0,0,0,0,0,0,0,0,0,0,0,0,0,0,0,0,0,0,0,0,0,0,0,0
LGA52450,0,0,0,0,0,0,0,0,0,0,0,0,0,0,0,0,0,0,0,0,0,0,0,0,0,0,0,0,0,0,0,0,0,0,0,0,0,0,0,0,0,0,0,0,0,0,0,0,0,0,0,0,0,0,0,0,0,0,0,0,0,0,0,0,0,0,0,0,0,0,0,0,0,0,0,0,0,0,0,0,0,0,0,0,0,0,0,0,0,0,0,0,0,0,0,0,0,0,0,0,0,0,0,0,0,0,0,0,0,0,0,0,0,0,0,0,0,0,0,0,0,0,0,0,0,0,0,0,0,0,0,0,0,0,0,0,0,0,0,0,0,0,0,0,0,0,0,0,0,0,0,7,0,0,0,5,10,0,4,0,0,0,0,0,0,0,0,26,0,0,0,0,0,0,0,0,0,0,0,0,0,0,0,0,0,0,0,0,0,0,0,0,0,0,0,0,0,0,0,0
LGA52520,0,0,0,0,0,0,0,0,0,0,0,0,0,0,0,0,0,0,0,0,0,0,0,0,0,0,0,0,0,0,0,3,0,0,0,0,0,0,0,5,0,0,0,0,0,0,0,0,0,0,0,0,0,0,0,0,0,0,0,0,0,0,0,0,0,0,0,0,0,0,0,0,0,0,0,0,0,0,0,0,0,0,0,0,0,0,0,0,0,0,0,0,0,0,0,0,0,0,0,0,0,0,0,0,0,0,0,0,0,0,0,0,0,0,0,0,0,0,0,0,0,0,0,0,0,0,0,0,0,0,0,0,0,0,0,0,0,0,0,0,0,0,0,0,0,0,0,0,0,0,0,3,0,0,0,0,9,7,4,3,0,0,0,0,0,0,0,34,0,0,0,0,0,0,0,0,0,0,0,0,0,0,0,0,0,0,0,0,0,0,0,0,0,0,0,0,0,0,0,0
LGA52590,0,0,0,0,0,0,0,0,0,0,0,0,0,0,0,0,0,0,0,0,0,0,0,0,0,0,0,0,8,0,0,0,0,0,0,0,0,0,0,4,0,0,0,0,0,0,0,0,0,0,0,0,0,0,4,5,0,0,0,0,0,0,0,0,0,0,0,0,0,0,0,6,0,0,0,0,0,0,0,0,0,0,0,0,0,0,0,3,0,0,0,0,0,0,0,0,0,0,0,0,0,0,0,0,0,0,0,0,0,0,0,0,0,0,0,0,0,0,0,0,0,0,0,0,0,0,0,4,0,3,0,0,0,0,0,5,0,6,0,0,0,0,0,0,0,0,0,0,0,0,0,6,0,0,9,16,29,14,18,0,0,0,0,0,0,0,10,88,0,0,0,0,0,0,0,0,0,0,0,0,0,0,0,0,0,0,0,0,0,0,0,0,0,0,0,0,0,0,0,0
LGA52660,0,0,0,0,0,0,0,10,0,0,0,0,6,0,0,0,0,0,0,0,0,0,0,11,0,0,3,0,3,0,14,20,0,0,0,0,0,0,0,54,0,16,8,0,0,0,0,4,0,0,0,0,0,0,0,33,0,0,0,0,0,0,4,5,0,0,0,0,0,0,0,8,0,0,0,0,0,0,6,9,0,0,0,0,0,0,0,19,0,0,0,0,0,0,0,0,0,0,0,0,0,0,0,0,0,0,0,0,5,0,8,9,0,3,0,0,0,0,0,21,0,0,0,0,0,0,3,3,0,0,0,0,0,0,0,6,3,38,3,0,13,3,10,0,0,0,0,0,0,0,0,74,0,0,12,31,69,63,126,66,5,7,0,3,8,0,16,409,0,0,0,0,0,0,0,0,0,0,0,0,0,0,0,0,0,0,0,0,0,0,0,9,0,0,0,0,0,0,0,11
LGA52730,0,0,0,0,0,0,0,0,0,0,0,0,0,0,0,0,0,0,0,0,0,0,0,0,0,4,3,4,0,0,10,0,0,0,6,0,0,0,0,24,0,0,3,0,4,0,0,0,0,0,0,0,0,0,0,10,0,0,0,0,0,0,9,0,0,0,0,0,0,0,0,4,0,0,0,0,0,0,0,0,0,0,0,0,0,0,0,0,0,0,0,0,0,0,0,0,0,0,0,0,0,0,0,0,0,0,3,4,0,0,0,0,0,0,0,0,0,0,0,13,0,0,0,0,0,0,0,0,0,0,0,0,0,0,0,0,3,20,0,4,6,0,6,0,0,0,0,0,0,0,8,48,0,0,14,38,31,10,8,4,0,0,0,0,0,0,10,118,0,0,0,0,0,0,0,0,0,0,0,0,0,0,0,0,0,0,0,0,0,0,0,0,0,0,0,0,0,0,0,0
LGA52800,0,0,0,0,0,0,0,0,0,0,0,0,0,0,0,0,0,0,0,0,0,0,0,0,0,0,5,0,0,0,0,0,0,0,0,0,0,0,0,8,0,0,0,0,0,0,0,4,0,0,0,0,0,0,0,5,0,0,0,0,0,0,0,0,0,0,0,0,0,0,0,0,0,0,0,0,0,0,0,0,0,0,0,4,0,0,0,3,0,0,0,0,0,0,0,0,0,0,0,0,0,0,0,0,0,0,0,0,0,0,9,0,0,0,0,0,0,0,0,8,0,0,0,0,0,0,0,0,0,0,0,0,0,0,0,0,0,0,0,0,0,0,0,0,0,0,0,0,0,0,0,0,0,4,6,6,10,13,33,27,0,5,0,7,6,0,7,127,0,0,0,0,0,0,0,0,0,0,0,0,0,0,0,0,0,0,0,0,0,0,0,0,0,0,0,0,0,0,0,0
LGA52870,0,0,0,0,0,0,0,0,0,0,0,0,0,0,0,0,0,0,0,0,0,0,0,0,0,0,0,6,4,4,0,5,0,0,0,0,0,0,0,15,0,15,15,0,0,0,0,0,0,0,0,0,0,0,9,47,0,0,0,0,0,0,0,3,0,0,0,0,0,0,0,3,0,0,0,0,0,0,3,0,0,0,0,0,0,0,0,5,0,0,0,0,0,0,0,0,0,0,0,0,0,0,0,0,0,0,5,6,0,3,4,0,0,0,0,0,0,0,0,16,0,0,0,0,0,0,0,0,0,0,0,0,0,0,0,0,0,10,6,4,4,0,4,0,0,0,0,0,0,0,0,30,0,0,14,30,42,22,20,0,0,0,0,0,0,0,11,143,0,0,0,0,0,0,0,0,0,0,0,0,0,0,0,0,0,0,0,0,0,0,3,0,0,0,0,0,0,0,0,5
LGA52940,0,0,0,0,0,0,0,0,0,0,0,0,0,0,0,0,0,0,0,0,0,0,0,0,0,0,0,0,0,0,0,0,0,0,0,0,0,0,0,0,0,0,0,0,0,0,0,0,0,0,0,0,0,0,0,0,0,0,0,0,0,0,0,0,0,0,0,0,0,0,0,0,0,0,0,0,0,0,0,0,0,0,0,0,0,0,0,0,0,0,0,0,0,0,0,0,0,0,0,0,0,0,0,0,0,0,0,0,0,0,0,0,0,0,0,0,0,0,0,0,0,0,0,0,0,0,0,0,0,0,0,0,0,0,0,0,0,0,0,0,0,0,0,0,0,0,0,0,0,0,0,5,0,0,0,0,0,0,5,0,0,0,0,0,0,0,0,8,0,0,0,0,0,0,0,0,0,0,0,0,0,0,0,0,0,0,0,0,0,0,0,0,0,0,0,0,0,0,0,0
LGA53010,0,0,0,0,0,0,0,0,0,0,0,0,0,0,0,0,0,0,0,0,0,0,0,0,0,0,0,0,0,0,0,0,0,0,0,0,0,0,0,0,0,0,0,0,0,0,0,0,0,0,0,0,0,0,0,0,0,0,0,0,0,0,0,0,0,0,0,0,0,0,0,0,0,0,0,0,0,0,0,0,0,0,0,0,0,0,0,0,0,0,0,0,0,0,0,0,0,0,0,0,0,0,0,0,0,0,0,0,0,0,0,0,0,0,0,0,0,0,0,0,0,0,0,0,0,0,0,0,0,0,0,0,0,0,0,0,0,0,0,0,0,0,0,0,0,0,0,0,0,0,0,0,0,0,0,0,0,0,9,0,0,0,0,0,0,0,0,13,0,0,0,0,0,0,0,0,0,0,0,0,0,0,0,0,0,0,0,0,0,0,0,0,0,0,0,0,0,0,0,0
LGA53080,0,0,0,0,0,0,0,0,0,0,0,0,0,0,0,0,0,0,0,0,0,0,0,0,0,0,0,0,0,0,0,0,0,0,0,0,0,0,0,0,0,0,0,0,0,0,0,0,0,0,0,0,0,0,0,0,0,0,0,0,0,0,0,0,0,0,0,0,0,0,0,0,0,0,0,0,0,0,0,0,0,0,0,0,0,0,0,0,0,0,0,0,0,0,0,0,0,0,0,0,0,0,0,0,0,0,0,0,0,0,0,0,0,0,0,0,0,0,0,0,0,0,0,0,0,0,0,0,0,0,0,0,0,0,0,0,0,0,0,0,0,0,0,0,0,0,0,0,0,0,0,7,0,0,0,5,6,5,12,3,0,0,0,0,0,3,0,39,0,0,0,0,0,0,0,0,0,0,0,0,0,0,0,0,0,0,0,0,0,0,0,0,0,0,0,0,0,0,0,0
LGA53150,0,0,0,0,0,0,0,11,0,0,0,0,0,0,0,0,0,0,0,0,0,0,0,0,0,0,3,9,14,13,14,23,0,0,4,0,0,0,0,80,3,47,27,0,3,5,4,6,0,0,0,0,0,0,7,106,0,0,0,0,0,3,3,0,0,0,0,0,0,0,0,10,0,0,3,0,0,0,4,3,0,0,0,0,0,0,0,10,0,0,0,0,0,0,0,0,0,0,0,0,0,0,0,0,0,4,0,7,4,0,0,3,0,0,0,0,0,0,0,28,0,0,0,0,0,0,0,0,0,0,0,0,0,0,0,0,5,14,3,0,0,0,8,3,0,0,3,0,0,0,0,32,0,0,0,28,45,23,16,15,0,0,0,0,0,0,3,142,0,0,0,0,0,0,0,0,0,0,0,0,0,0,0,0,0,0,0,6,0,0,0,0,0,0,0,0,0,0,0,5
LGA53220,0,0,0,0,0,0,0,7,0,0,0,0,0,0,4,0,0,0,0,0,0,0,0,4,0,0,5,0,9,0,16,25,0,0,0,4,3,0,5,54,0,0,0,0,0,0,5,3,0,0,0,0,0,0,0,14,0,0,0,0,0,0,3,0,0,0,0,0,0,0,0,0,0,0,0,0,0,0,3,0,0,0,0,3,0,0,0,3,0,0,0,0,3,0,0,0,0,0,0,0,0,0,0,3,0,0,0,4,0,7,4,0,0,5,0,0,0,0,0,25,0,0,0,0,0,0,0,0,0,4,0,0,0,0,0,7,0,0,4,0,0,0,0,0,0,0,0,0,0,0,0,10,0,0,0,21,80,80,172,113,6,24,13,34,9,8,30,604,0,0,0,0,6,0,0,0,0,0,0,0,0,0,0,8,0,0,0,0,0,0,0,6,0,0,0,0,0,0,0,9
LGA53290,0,0,0,0,0,0,0,4,0,0,0,0,0,0,0,0,0,0,0,0,0,0,0,0,0,0,0,0,5,0,9,14,0,0,0,0,0,0,0,28,0,6,3,0,0,0,0,0,0,0,0,0,0,0,0,16,0,0,0,0,0,0,0,0,0,0,0,0,0,0,0,0,0,0,0,0,0,0,0,0,0,0,0,0,0,0,0,4,0,0,0,0,0,0,0,0,0,0,0,0,0,0,0,0,0,0,0,0,4,0,0,0,0,0,0,0,0,0,0,11,0,0,0,0,0,0,0,0,0,0,0,0,0,0,0,0,0,13,5,0,0,3,7,0,0,0,0,0,0,0,0,37,0,0,19,52,84,66,66,37,6,6,6,13,4,3,19,368,0,0,0,0,0,0,0,0,0,0,0,0,0,0,0,0,0,0,0,0,0,0,0,0,0,0,0,0,0,0,0,0
LGA53360,0,0,0,0,0,0,0,0,0,0,0,0,0,0,0,0,0,0,0,0,0,0,0,0,0,0,0,0,0,0,0,3,0,0,0,0,0,0,0,5,0,0,0,0,0,0,0,10,0,0,0,0,3,0,0,14,0,0,0,0,0,0,0,0,0,0,0,0,0,3,0,7,0,0,0,0,0,0,0,0,0,0,0,0,0,0,0,0,0,0,0,0,0,0,0,0,0,0,0,0,0,0,0,0,0,0,0,0,4,0,0,0,0,0,0,0,0,0,0,4,0,0,0,0,0,0,0,0,0,0,4,0,0,0,0,4,0,6,0,3,0,0,0,0,0,0,0,0,0,0,0,16,0,0,6,10,15,10,19,5,7,0,0,0,0,0,0,76,0,0,0,0,0,0,0,0,0,0,0,0,0,0,0,0,0,0,0,0,0,0,0,0,0,0,0,0,0,0,0,0
LGA53430,0,3,4,0,0,0,0,32,0,0,0,0,0,0,0,0,0,0,0,0,0,0,0,10,0,3,15,25,52,33,62,65,4,5,12,17,23,11,5,322,38,288,183,42,15,9,45,48,11,4,6,7,9,0,30,744,0,0,0,3,9,25,21,10,0,8,3,8,0,0,4,93,0,0,0,0,4,4,8,0,0,0,0,0,0,0,0,20,0,0,0,0,0,0,0,0,0,0,0,0,0,0,0,8,0,3,16,22,29,17,11,3,3,7,8,0,4,3,0,129,0,0,0,0,0,0,0,0,0,0,0,0,0,0,0,8,4,36,0,4,14,12,17,22,8,0,0,12,3,0,7,136,0,3,29,101,144,91,132,95,19,15,8,12,5,0,18,681,0,0,0,5,0,6,0,0,0,0,0,0,0,0,0,10,0,0,0,0,0,0,0,0,0,0,0,0,0,0,0,6
LGA53570,0,0,0,0,0,0,0,0,0,0,0,0,0,5,0,0,0,0,0,0,0,0,0,5,0,0,0,5,0,0,17,10,0,0,0,0,0,0,0,37,0,12,8,0,0,0,0,0,0,0,0,0,3,0,0,37,0,0,0,0,0,0,0,0,0,0,3,0,0,0,0,8,0,0,0,0,0,0,0,0,0,0,0,3,0,0,0,3,0,0,0,0,0,0,0,0,0,0,0,0,0,0,0,0,0,0,0,0,0,0,4,0,0,0,6,0,0,0,0,20,0,0,0,0,0,0,4,0,0,0,0,0,0,0,0,4,0,3,4,3,0,3,3,0,0,0,0,0,0,0,0,22,0,0,11,44,46,18,13,11,0,0,0,4,0,0,10,156,0,0,0,0,0,0,0,0,0,0,0,0,0,0,0,5,0,0,0,0,0,0,0,0,0,0,0,0,0,0,0,0
LGA53640,0,0,0,0,0,0,0,0,0,0,0,0,0,0,0,0,0,0,0,0,0,0,0,0,0,0,0,0,0,0,0,0,0,0,0,0,0,0,0,0,0,0,0,0,0,0,0,0,0,0,0,0,0,0,0,5,0,0,0,0,0,0,0,0,0,0,0,0,0,0,0,0,0,0,0,0,0,0,0,0,0,0,0,0,0,0,0,0,0,0,0,0,0,0,0,0,0,0,0,0,0,0,0,0,0,0,0,0,0,0,0,0,0,0,0,0,0,0,0,0,0,0,0,0,0,0,0,0,0,0,0,0,0,0,0,0,0,6,0,0,0,0,0,0,0,0,0,0,0,0,0,7,0,0,0,4,9,4,8,3,0,0,0,0,3,0,0,32,0,0,0,0,0,0,0,0,0,0,0,0,0,0,0,0,0,0,0,0,0,0,0,0,0,0,0,0,0,0,0,0
LGA53710,0,0,0,0,0,0,0,0,0,0,0,0,0,0,0,0,0,0,0,0,0,0,0,0,0,0,0,0,0,0,4,0,3,0,0,0,0,0,0,7,0,0,0,0,0,0,0,0,0,0,0,0,0,0,0,0,0,0,0,0,0,0,0,0,0,0,0,0,0,0,0,0,0,0,0,0,0,0,0,0,0,0,0,0,0,0,0,0,0,0,0,0,0,0,0,0,0,0,0,0,0,0,0,0,0,0,0,0,0,0,0,0,0,0,0,0,0,0,0,0,0,0,0,0,0,0,0,0,0,0,0,0,0,0,0,0,0,6,0,0,0,0,4,0,0,0,0,0,0,0,0,13,0,0,0,0,3,0,0,0,0,0,0,0,0,0,0,17,0,0,0,0,0,0,0,0,0,0,0,0,0,0,0,0,0,0,0,0,0,0,0,0,0,0,0,0,0,0,0,0
LGA53780,7,12,12,7,5,4,7,383,0,0,0,0,0,182,166,70,7,9,14,5,0,0,16,477,0,8,56,56,99,32,78,66,6,0,3,4,0,0,11,428,18,191,160,43,13,13,18,28,4,5,0,0,0,0,14,510,0,0,0,4,7,34,53,10,5,6,0,4,0,0,5,130,0,0,0,5,13,31,263,129,12,20,8,21,4,0,12,511,0,0,6,31,43,30,22,17,9,0,3,5,0,5,11,179,0,6,55,192,843,346,1183,687,128,90,95,94,46,12,79,3863,0,0,0,0,0,4,139,64,4,6,14,25,7,0,8,279,20,218,45,17,29,12,15,3,0,0,0,0,0,0,10,379,0,13,69,242,562,491,912,693,57,44,55,79,14,14,134,3376,0,0,0,7,0,0,0,0,0,0,0,0,0,0,0,11,0,0,0,15,28,67,343,555,94,97,106,133,66,15,31,1543
LGA53800,0,0,0,0,4,0,0,5,0,0,0,0,0,0,0,0,6,0,0,0,0,0,0,9,0,5,5,15,10,5,10,23,0,3,0,0,0,0,0,84,16,39,34,10,0,0,7,7,0,0,0,0,0,0,5,119,0,0,0,0,0,4,3,0,0,0,0,0,0,0,0,10,0,0,0,0,3,0,7,0,0,0,0,0,0,0,0,9,0,0,0,0,0,0,0,0,0,0,0,0,0,0,0,0,0,0,3,8,9,7,19,7,0,6,3,4,0,0,5,78,0,0,0,0,0,0,5,7,5,5,3,0,0,0,0,25,6,45,7,6,5,5,4,5,0,0,0,0,0,0,9,93,4,3,34,108,132,114,149,80,14,10,3,7,0,0,24,689,0,4,0,5,0,0,0,0,0,0,0,0,0,0,0,8,0,0,0,0,0,0,15,20,0,0,0,0,3,0,0,39
LGA53920,0,0,0,0,0,0,0,0,0,0,0,0,0,0,0,0,0,0,0,0,0,0,0,0,0,0,0,0,0,3,0,0,0,0,0,0,0,0,0,8,0,0,0,0,0,0,0,0,0,0,0,0,0,0,0,0,0,0,0,0,0,0,0,0,0,0,0,0,0,0,0,0,0,0,0,0,0,0,0,0,0,0,0,0,0,0,0,0,0,0,0,0,0,0,0,0,0,0,0,0,0,0,0,0,0,0,0,0,0,0,0,0,0,0,0,0,0,0,0,0,0,0,0,0,0,0,0,0,0,0,0,0,0,0,0,0,0,0,0,0,0,0,0,0,0,0,0,0,0,0,0,0,0,0,0,3,8,7,6,6,0,0,0,0,0,0,0,37,0,0,0,0,0,0,0,0,0,0,0,0,0,0,0,0,0,0,0,0,0,0,0,0,0,0,0,0,0,0,0,0
LGA53990,0,0,0,0,0,0,0,4,0,0,0,0,0,0,4,4,4,0,0,0,0,0,0,15,0,0,4,8,24,3,29,18,0,3,0,0,0,0,0,98,19,66,39,9,0,0,0,0,0,0,0,4,0,0,11,161,0,0,0,0,0,0,9,6,0,6,0,0,0,0,0,12,0,0,0,0,0,0,12,11,0,0,3,6,0,0,0,44,0,0,0,0,0,0,0,0,0,0,0,0,0,0,0,0,0,0,9,3,7,4,3,10,0,11,9,10,0,0,0,64,0,0,0,0,0,0,0,0,0,0,0,0,0,0,0,0,4,43,15,12,19,0,7,4,0,0,0,0,0,0,7,109,0,0,36,107,170,129,277,149,8,8,9,8,9,7,27,941,0,0,0,0,0,0,0,0,0,0,0,0,0,0,0,3,0,0,0,0,0,0,4,0,0,5,0,0,0,0,0,8
LGA54060,0,0,0,0,0,0,0,0,0,0,0,0,0,0,0,0,0,0,0,0,0,0,0,0,0,0,0,3,0,3,0,0,0,0,0,0,0,0,0,10,0,4,0,0,0,0,0,0,0,0,0,0,0,0,0,5,0,0,0,0,0,0,0,0,0,0,0,0,0,0,0,0,0,0,0,0,0,0,0,0,0,0,0,0,0,0,0,0,0,0,0,0,0,0,0,0,0,0,0,0,0,0,0,0,0,0,0,0,0,0,0,0,0,0,0,0,0,0,0,0,0,0,0,0,0,0,0,0,0,0,0,0,0,0,0,0,0,12,0,0,0,0,0,0,0,0,0,0,0,0,0,16,0,0,9,24,28,10,13,3,0,0,0,0,0,0,3,97,0,0,0,0,0,0,0,0,0,0,0,0,0,0,0,0,0,0,0,0,0,0,0,0,0,0,0,0,0,0,0,0
LGA54130,0,0,0,0,0,0,0,0,0,0,0,0,0,0,0,0,0,0,0,0,0,0,0,0,0,0,0,0,0,0,0,0,0,0,0,0,0,0,0,3,0,0,0,0,0,0,0,0,0,0,0,0,0,0,0,5,0,0,0,0,0,0,0,0,0,0,0,0,0,0,0,0,0,0,0,0,0,0,0,0,0,0,0,0,0,0,0,0,0,0,0,0,0,0,0,0,0,0,0,0,0,0,0,0,0,0,0,0,0,0,0,0,0,0,0,0,0,0,0,0,0,0,0,0,0,0,0,0,0,0,0,0,0,0,0,0,0,6,0,0,0,0,0,0,0,0,0,0,0,0,0,8,0,0,0,0,11,8,10,4,0,0,0,3,0,0,0,37,0,0,0,0,0,0,0,0,0,0,0,0,0,0,0,0,0,0,0,0,0,0,0,0,0,0,0,0,0,0,0,0
LGA54170,18,18,12,21,5,0,5,465,0,0,0,0,0,17,17,8,0,9,0,0,0,0,0,54,0,22,78,139,547,201,706,776,25,31,25,20,5,7,23,2611,35,238,168,82,37,30,71,103,12,3,12,17,12,0,24,847,0,0,0,7,30,64,95,40,10,3,13,12,6,0,0,285,0,0,0,3,24,4,63,30,5,3,3,5,0,0,0,154,0,0,5,8,16,6,5,4,0,0,0,0,0,0,3,47,5,18,76,142,280,107,191,82,18,14,25,33,6,5,17,1013,0,0,0,0,0,0,11,4,5,7,5,7,6,0,0,49,19,220,60,41,89,47,75,29,3,3,7,6,15,0,10,630,7,12,119,512,1015,692,820,581,46,37,23,54,16,20,92,4051,0,10,29,38,20,25,7,5,0,0,0,0,0,0,3,152,0,3,6,3,13,11,17,28,8,10,15,7,10,0,3,133
LGA54200,0,0,0,0,0,0,0,31,0,0,0,0,0,0,0,0,0,0,0,0,0,0,0,8,0,8,55,39,90,31,95,86,9,0,0,0,0,0,6,429,36,160,121,22,9,5,12,14,0,0,0,0,0,0,8,398,0,3,0,4,3,10,28,3,0,0,0,0,0,0,0,53,0,0,0,0,3,5,18,3,3,0,0,0,0,0,0,42,0,0,0,11,11,0,11,0,0,0,0,0,0,0,0,36,3,10,26,38,70,42,122,49,10,10,3,10,4,0,8,402,0,0,0,0,0,4,14,5,0,0,3,0,0,0,0,30,18,99,18,22,36,20,19,19,0,0,0,4,0,0,10,265,5,10,71,205,393,277,506,340,18,18,21,10,11,15,48,1940,0,0,0,0,0,0,0,0,0,0,0,0,0,0,0,0,0,0,6,3,5,0,27,42,8,8,5,0,5,4,0,101
LGA54280,5,6,3,0,0,0,0,41,0,0,0,0,0,0,0,5,0,0,0,0,0,0,0,5,0,0,3,4,12,5,24,28,3,5,5,3,0,0,0,95,4,7,6,0,0,0,0,0,0,0,4,0,0,0,0,36,0,0,0,0,0,4,0,0,0,0,0,0,0,0,0,4,0,0,0,0,5,0,3,12,7,3,0,3,0,0,0,30,0,0,0,0,0,0,0,0,0,0,0,0,0,0,0,0,0,0,4,3,0,6,11,7,3,4,4,0,0,0,0,42,0,0,0,0,0,0,7,7,5,0,0,3,5,0,0,20,0,13,4,0,0,0,0,0,0,0,0,4,0,0,0,30,0,6,19,90,211,280,680,463,38,43,63,62,16,14,68,2056,0,0,0,0,0,0,0,0,0,0,0,0,0,0,0,0,0,0,0,0,0,0,13,26,3,7,4,3,0,0,0,62
LGA54310,0,0,0,0,0,0,0,4,0,0,0,0,0,0,0,0,0,0,0,0,0,0,0,4,0,0,4,3,11,6,32,35,4,0,0,6,0,0,0,104,0,0,4,0,0,0,0,8,0,0,0,3,0,0,0,14,0,0,0,0,0,0,9,0,0,0,0,0,0,0,0,17,0,0,0,0,0,0,7,3,0,0,0,0,0,0,0,9,0,0,0,0,0,0,0,0,0,0,0,0,0,0,0,0,0,3,3,0,10,3,14,4,0,0,0,0,0,0,0,45,0,0,0,0,0,0,10,4,12,0,3,7,3,0,0,39,0,8,0,5,0,3,3,0,5,0,0,0,5,0,3,31,0,0,12,69,118,123,258,195,10,10,18,21,7,12,38,899,0,0,6,0,8,3,0,0,0,0,0,0,0,0,0,17,0,0,0,0,0,0,12,26,0,0,3,0,0,0,0,44
LGA54340,0,0,0,0,0,0,0,5,0,0,0,0,0,0,0,0,0,0,0,0,0,0,0,5,0,0,0,0,0,0,0,0,0,0,0,0,0,0,0,4,0,6,5,0,0,0,0,0,0,0,0,0,0,0,3,18,0,0,0,0,0,0,0,0,0,0,0,0,0,0,0,0,0,0,0,0,0,0,0,0,0,0,0,0,0,0,0,0,0,0,0,0,0,0,0,0,0,0,0,0,0,0,0,0,0,0,0,0,3,7,0,3,0,5,9,0,0,0,0,30,0,0,0,0,0,0,0,0,0,0,0,0,0,0,0,0,0,11,0,0,0,0,0,0,0,0,0,0,0,0,0,10,0,0,5,7,29,23,27,10,0,0,6,0,0,0,18,132,0,0,0,0,0,0,0,0,0,0,0,0,0,0,0,0,0,0,0,0,0,0,0,4,0,0,6,0,0,0,0,10
LGA54410,0,0,0,0,0,0,0,0,0,0,0,0,0,0,0,0,0,0,0,0,0,0,0,0,0,0,0,0,0,0,0,0,0,0,0,0,0,0,0,0,0,3,0,0,0,0,0,0,0,0,0,0,0,0,0,3,0,0,0,0,0,0,0,0,0,0,0,0,0,0,0,0,0,0,0,0,0,0,0,0,0,0,0,0,0,0,0,0,0,0,0,0,0,0,0,0,0,0,0,0,0,0,0,0,0,0,0,0,0,0,3,0,0,0,0,0,0,0,0,3,0,0,0,0,0,0,0,6,0,0,4,0,0,0,0,3,0,0,0,0,0,0,0,0,0,0,0,0,0,0,0,7,0,0,0,7,9,10,3,5,0,0,0,0,0,0,0,26,0,0,0,0,0,0,0,0,0,0,0,0,0,0,0,0,0,0,0,0,0,0,0,0,0,0,0,0,0,0,0,0
LGA54480,0,0,0,0,0,0,0,0,0,0,0,0,0,0,0,0,0,0,0,0,0,0,0,0,0,0,0,0,0,0,0,0,0,0,0,0,0,0,0,0,0,0,0,0,0,0,0,0,0,0,0,0,0,0,0,0,0,0,0,0,0,0,0,0,0,0,0,0,0,0,0,0,0,0,0,0,0,0,0,0,0,0,0,0,0,0,0,0,0,0,0,0,0,0,0,0,0,0,0,0,0,0,0,0,0,0,0,0,0,0,0,0,0,0,0,0,0,0,0,0,0,0,0,0,0,0,0,0,0,0,0,0,0,0,0,0,0,0,0,0,0,0,0,0,0,0,0,0,0,0,0,0,0,0,0,6,0,0,0,0,0,0,0,0,0,0,0,7,0,0,0,0,0,0,0,0,0,0,0,0,0,0,0,0,0,0,0,0,0,0,0,0,0,0,0,0,0,0,0,0
LGA54550,0,0,0,0,0,0,0,0,0,0,0,0,0,0,0,0,0,0,0,0,0,0,0,0,0,0,0,0,0,0,0,0,0,0,0,0,0,0,0,6,0,10,0,0,0,0,0,0,0,0,0,0,0,0,4,13,0,0,0,0,0,0,0,0,0,0,0,0,0,0,0,0,0,0,0,0,0,0,0,0,0,0,0,0,0,0,0,0,0,0,0,0,0,0,0,0,0,0,0,0,0,0,0,0,0,0,0,0,0,0,0,0,0,0,0,0,0,0,0,0,0,0,0,0,0,0,0,0,0,0,0,0,0,0,0,0,0,0,0,0,0,0,0,0,0,0,0,0,0,0,0,0,0,0,0,5,22,10,12,10,5,0,0,6,0,0,0,70,0,0,0,0,0,0,0,0,0,0,0,0,0,0,0,0,0,0,0,0,0,0,0,0,0,0,0,0,0,0,0,0
LGA54620,0,0,0,0,0,0,0,0,0,0,0,0,0,0,0,0,0,0,0,0,0,0,0,0,0,0,0,0,0,0,0,0,0,0,0,0,0,0,0,5,0,3,0,0,0,0,0,0,0,0,0,0,0,0,0,3,0,0,0,0,0,0,0,0,0,0,0,0,0,0,0,0,0,0,0,0,0,0,0,0,0,0,0,0,0,0,0,0,0,0,0,0,0,0,0,0,0,0,0,0,0,0,0,0,0,0,0,0,0,0,0,0,0,0,0,0,0,0,0,0,0,0,0,0,0,0,0,0,0,0,0,0,0,0,0,0,0,0,0,0,0,0,0,0,0,0,0,0,0,0,0,0,0,0,0,3,5,4,8,3,0,0,0,5,0,0,0,27,0,0,0,0,0,0,0,0,0,0,0,0,0,0,0,0,0,0,0,0,0,0,0,0,0,0,0,0,0,0,0,0
LGA54690,0,0,0,0,0,0,0,0,0,0,0,0,0,0,0,0,0,0,0,0,0,0,0,0,0,0,0,0,0,0,0,0,0,0,0,0,0,0,0,0,0,0,0,0,0,0,0,0,0,0,0,0,0,0,0,0,0,0,0,0,0,0,0,0,0,0,0,0,0,0,0,0,0,0,0,0,0,0,0,0,0,0,0,0,0,0,0,0,0,0,0,0,0,0,0,0,0,0,0,0,0,0,0,0,0,0,0,0,0,0,0,0,0,0,0,0,0,0,0,4,0,0,0,0,0,0,0,0,0,0,0,0,0,0,0,0,0,0,0,0,0,0,0,0,0,0,0,0,0,0,0,0,0,0,0,0,4,0,4,0,0,0,0,0,0,0,0,15,0,0,0,0,0,0,0,0,0,0,0,0,0,0,0,0,0,0,0,0,0,0,0,0,0,0,0,0,0,0,0,0
LGA54760,0,0,0,0,0,0,0,0,0,0,0,0,0,0,0,0,0,0,0,0,0,0,0,0,0,0,0,0,0,0,0,0,0,0,0,0,0,0,0,4,0,7,0,0,0,0,0,0,0,0,0,0,0,0,0,7,0,0,0,0,0,0,0,0,0,0,0,0,0,0,0,0,0,0,0,0,0,0,0,0,0,0,0,0,0,0,0,0,0,0,0,0,0,0,0,0,0,0,0,0,0,0,0,0,0,0,0,0,0,0,0,0,0,0,0,0,0,0,0,0,0,0,0,0,0,0,0,0,0,0,0,0,0,0,0,0,0,0,0,0,0,0,0,0,0,0,0,0,0,0,0,0,0,0,0,7,5,0,0,0,0,0,0,0,0,0,0,14,0,0,0,0,0,0,0,0,0,0,0,0,0,0,0,0,0,0,0,0,0,0,0,0,0,0,0,0,0,0,0,0
LGA54830,0,0,0,0,4,0,6,59,0,0,0,0,0,4,11,13,5,0,0,0,0,0,0,31,0,0,17,16,20,5,42,59,0,0,0,0,0,0,3,170,10,27,41,6,3,4,3,11,0,4,0,0,0,0,3,112,0,0,0,0,0,8,32,12,0,0,0,0,0,0,0,62,0,0,0,4,9,7,77,31,7,5,3,0,0,0,8,149,0,0,0,4,0,0,8,0,0,0,0,0,0,0,0,15,0,0,4,16,31,24,109,67,14,7,8,7,9,0,15,316,0,0,0,0,0,0,30,14,6,0,0,5,5,0,0,65,7,37,21,4,8,6,8,6,0,0,0,0,0,0,5,102,0,0,11,95,239,265,647,489,32,37,52,42,15,18,98,2047,0,0,0,0,0,0,7,0,0,0,0,0,0,0,0,13,0,0,0,0,0,6,51,33,7,3,0,4,6,0,7,110
LGA54900,0,0,0,0,0,0,0,0,0,0,0,0,0,0,0,0,0,0,0,0,0,0,0,0,0,0,0,0,0,0,0,9,0,0,0,0,0,0,0,11,0,0,0,0,0,0,0,0,0,0,0,0,0,0,0,0,0,0,0,0,0,0,0,0,0,0,0,0,0,0,0,0,0,0,0,0,0,0,0,3,0,0,0,0,0,0,0,3,0,0,0,0,0,0,0,0,0,0,0,0,0,0,0,4,0,0,0,0,0,0,0,0,0,0,0,0,0,0,0,0,0,0,0,0,0,0,0,0,0,0,0,0,0,0,0,0,0,3,0,0,0,0,0,0,0,0,0,0,0,0,0,4,0,0,0,0,9,4,3,8,3,0,0,0,0,0,0,30,0,0,0,0,0,0,0,0,0,0,0,0,0,0,0,0,0,0,0,0,0,0,0,0,0,0,0,0,0,0,0,0
LGA54970,0,0,0,0,0,0,0,0,0,0,0,0,0,0,0,0,0,0,0,0,0,0,0,0,0,0,0,0,0,0,0,0,0,0,0,0,0,0,0,3,0,0,0,0,0,0,0,0,0,0,0,0,0,0,0,3,0,0,0,0,0,0,0,0,0,0,0,0,0,0,0,0,0,0,0,0,0,0,0,0,0,0,0,0,0,0,0,0,0,0,0,0,0,0,0,0,0,0,0,0,0,0,0,0,0,0,0,0,0,0,0,0,0,0,0,0,0,0,0,5,0,0,0,0,0,0,0,0,0,0,0,0,0,0,0,0,0,0,0,0,0,0,0,0,0,0,0,0,0,0,0,0,0,0,0,8,7,7,19,14,7,0,3,10,0,4,0,86,0,0,0,0,0,0,0,0,0,0,0,0,0,0,0,0,0,0,0,0,0,0,0,0,0,0,0,0,0,0,0,0
LGA55040,0,0,0,0,0,0,0,0,0,0,0,0,0,0,0,0,0,0,0,0,0,0,0,0,0,0,0,0,0,0,0,4,0,0,0,4,0,0,0,6,0,0,0,0,0,0,0,0,0,0,0,0,0,0,0,0,0,0,0,0,0,0,0,0,0,0,0,0,0,0,0,0,0,0,0,0,0,0,0,0,0,0,0,0,0,0,0,0,0,0,0,0,0,0,0,0,0,0,0,0,0,0,0,0,0,0,0,0,0,0,0,0,0,0,0,0,0,0,0,0,0,0,0,0,0,0,0,0,0,0,0,0,0,0,0,0,0,0,0,0,0,0,0,0,0,0,0,0,0,0,0,8,0,0,0,5,10,17,24,10,4,7,8,8,3,6,4,98,0,0,0,0,0,0,0,0,0,0,0,0,0,0,0,0,0,0,0,0,0,0,0,0,0,0,0,0,0,0,0,0
LGA55110,0,0,0,5,0,9,0,68,0,0,0,0,0,4,0,0,0,0,0,0,0,0,0,10,4,7,34,36,76,23,115,143,7,3,0,0,0,0,4,454,23,86,46,11,7,3,17,12,3,0,0,0,6,0,7,218,0,0,0,0,5,13,21,12,0,0,0,3,0,4,3,60,0,0,0,0,4,5,17,31,0,0,0,4,0,0,0,68,0,0,0,3,0,0,0,0,0,0,0,0,0,0,0,3,3,6,17,31,18,15,53,37,4,3,13,6,0,0,3,218,0,0,0,0,0,0,18,12,0,6,4,8,4,0,0,50,22,218,37,27,33,18,29,22,0,4,0,4,0,6,10,426,7,5,143,377,552,416,831,638,36,34,43,81,24,27,99,3313,0,0,0,0,0,0,0,0,0,0,0,0,0,0,0,5,0,0,0,4,0,0,10,17,0,0,0,7,3,0,0,48
LGA55180,0,0,0,0,0,0,0,3,0,0,0,0,0,0,0,0,0,0,0,0,0,0,0,0,0,0,0,0,4,0,5,9,0,0,0,5,3,0,0,17,0,28,12,0,0,0,0,3,0,0,0,3,0,0,3,60,0,0,0,0,0,0,6,0,0,0,0,0,0,0,0,6,0,0,0,0,0,0,0,0,0,0,0,0,0,0,4,4,0,0,0,0,0,0,0,0,0,0,0,0,0,0,0,0,0,0,0,4,0,0,5,0,0,3,0,0,0,0,0,14,0,0,0,0,0,0,0,0,0,0,0,0,0,0,0,0,3,12,12,0,0,0,0,0,0,0,3,0,0,0,0,30,0,0,13,33,39,15,17,12,0,4,0,0,0,0,9,146,3,7,0,0,0,0,0,0,0,0,0,0,0,0,0,23,0,0,0,0,0,0,0,4,0,0,0,0,0,5,0,15
LGA55250,0,0,0,0,0,0,0,0,0,0,0,0,0,0,0,0,0,0,0,0,0,0,0,0,0,0,0,0,0,0,0,0,0,0,0,0,0,0,0,3,0,0,0,0,0,0,0,0,0,0,0,3,0,0,0,3,0,0,0,0,0,0,0,0,0,0,0,0,0,0,0,0,0,0,0,0,0,0,0,0,0,0,0,0,0,0,0,3,0,0,0,0,0,0,0,0,0,0,0,0,0,0,0,0,0,0,0,0,0,0,0,0,0,0,0,0,0,0,0,0,0,0,0,0,0,0,0,0,0,0,0,0,0,0,0,0,0,0,0,0,0,0,0,0,0,0,0,0,0,0,0,0,0,0,0,0,3,0,12,10,0,0,0,0,0,0,0,34,0,0,0,0,0,0,0,0,0,0,0,0,0,0,0,0,0,0,0,0,0,0,0,0,0,0,0,0,0,0,0,0
LGA55320,21,20,5,15,0,4,3,582,0,0,4,0,3,14,27,47,3,0,0,0,0,0,0,101,4,11,67,56,143,67,108,112,12,0,5,11,3,0,6,586,46,319,219,33,20,18,46,93,13,9,5,16,9,4,41,886,0,5,4,11,30,61,69,22,3,6,6,13,3,0,8,236,0,0,0,18,43,62,219,120,13,34,10,24,9,6,16,564,0,0,9,23,12,9,7,0,0,0,0,0,0,0,0,60,0,19,109,326,1082,457,758,372,78,83,62,62,41,0,39,3500,0,0,0,0,0,0,13,15,5,11,20,23,5,0,4,90,18,140,28,14,16,19,47,16,5,0,3,5,4,0,11,316,0,22,122,210,484,250,325,205,11,14,11,22,16,7,43,1743,0,0,3,0,6,4,0,0,0,0,0,0,0,0,0,18,5,0,0,0,8,16,27,45,3,12,27,16,5,0,0,171
LGA55390,0,0,0,0,0,0,0,0,0,0,0,0,0,0,0,0,0,0,0,0,0,0,0,0,0,0,0,0,0,0,0,0,0,0,0,0,0,0,0,0,0,0,0,0,0,0,0,0,0,0,0,0,0,0,0,0,0,0,0,0,0,0,0,0,0,0,0,0,0,0,0,0,0,0,0,0,0,0,0,0,0,0,0,0,0,0,0,0,0,0,0,0,0,0,0,0,0,0,0,0,0,0,0,0,0,0,0,0,0,0,0,0,0,0,0,0,0,0,0,0,0,0,0,0,0,0,0,0,0,0,0,0,0,0,0,0,0,0,0,0,0,0,0,0,0,0,0,0,0,0,0,0,0,0,0,3,0,9,4,4,0,0,0,0,0,0,4,30,0,0,0,0,0,0,0,0,0,0,0,0,0,0,0,0,0,0,0,0,0,0,0,0,0,0,0,0,0,0,0,0
LGA55460,0,0,0,0,0,0,0,0,0,0,0,0,0,0,0,0,0,0,0,0,0,0,0,0,0,0,0,0,0,0,0,0,0,0,0,0,0,0,0,7,0,3,4,0,0,0,0,0,0,0,0,0,0,0,0,11,0,0,0,0,0,0,0,0,0,0,0,0,0,0,0,0,0,0,0,0,0,0,0,0,0,0,0,0,0,0,0,0,0,0,0,0,0,0,0,0,0,0,0,0,0,0,0,0,0,0,0,0,0,0,0,0,0,0,0,0,0,0,0,0,0,0,0,0,0,0,0,0,0,0,0,0,0,0,0,0,0,0,3,0,0,0,0,0,0,0,0,0,0,0,0,10,0,0,9,5,8,24,11,10,0,0,0,0,0,0,0,66,0,0,0,0,0,0,0,0,0,0,0,0,0,0,0,0,0,0,0,0,0,0,0,4,0,0,0,0,0,0,0,4
LGA55530,0,0,0,0,0,0,0,0,0,0,0,0,0,0,0,0,0,0,0,0,0,0,0,0,0,0,0,0,0,0,0,0,0,0,0,0,0,0,0,0,0,0,0,0,0,0,0,0,0,0,0,0,0,0,0,0,0,0,0,0,0,0,0,0,0,0,0,0,0,0,0,0,0,0,0,0,0,0,0,0,0,0,0,0,0,0,0,0,0,0,0,0,0,0,0,0,0,0,0,0,0,0,0,0,0,0,0,0,0,0,0,0,0,0,0,0,0,0,0,0,0,0,0,0,0,0,0,0,0,0,0,0,0,0,0,0,0,0,0,0,0,0,0,0,0,0,0,0,0,0,0,0,0,0,0,0,0,0,0,0,0,0,0,0,0,0,0,3,0,0,0,0,0,0,0,0,0,0,0,0,0,0,0,0,0,0,0,0,0,0,0,0,0,0,0,0,0,0,0,0
LGA55600,0,0,0,0,0,0,0,0,0,0,0,0,0,0,0,0,0,0,0,0,0,0,0,0,0,0,0,0,0,0,0,6,0,0,0,0,0,0,0,8,0,0,5,0,0,0,0,0,0,0,0,0,0,0,0,9,0,0,0,0,0,0,0,0,0,0,0,0,0,0,0,0,0,0,0,0,0,0,0,0,0,0,0,0,0,0,0,0,0,0,0,0,0,0,0,0,0,0,0,0,0,0,0,0,0,0,0,0,0,0,0,0,0,0,0,0,0,0,0,0,0,0,0,0,0,0,0,0,0,0,0,0,0,0,0,0,0,3,0,0,0,0,5,0,0,0,0,0,0,0,0,14,0,0,0,7,14,13,7,0,0,0,0,0,0,0,0,46,0,0,0,0,0,0,0,0,0,0,0,0,0,0,0,0,0,0,0,0,0,0,0,0,0,0,0,0,0,0,0,0
LGA55670,0,0,0,0,0,0,0,0,0,0,0,0,0,0,0,0,0,0,0,0,0,0,0,0,0,0,0,0,0,0,0,0,0,0,0,0,0,0,0,0,0,0,0,0,0,0,0,0,0,0,0,0,0,0,0,0,0,0,0,0,0,0,0,0,0,0,0,0,0,0,0,0,0,0,0,0,0,0,0,0,0,0,0,0,0,0,0,0,0,0,0,0,0,0,0,0,0,0,0,0,0,0,0,0,0,0,0,0,0,0,0,0,0,0,0,0,0,0,0,0,0,0,0,0,0,0,0,0,0,0,0,0,0,0,0,0,0,0,0,0,0,0,0,0,0,0,0,0,0,0,0,0,0,0,0,3,3,5,0,0,0,0,0,0,0,0,0,10,0,0,0,0,0,0,0,0,0,0,0,0,0,0,0,0,0,0,0,0,0,0,0,0,0,0,0,0,0,0,0,0
LGA55740,0,0,0,0,0,0,0,25,0,0,0,0,0,0,5,9,0,0,0,0,0,0,0,13,7,5,3,3,3,8,25,12,0,0,0,11,12,5,0,105,3,9,4,0,3,9,4,7,0,0,0,0,0,0,3,51,0,0,0,0,0,9,11,0,0,0,0,5,0,0,4,31,0,0,0,0,0,4,4,3,0,0,0,0,0,0,0,15,0,0,0,0,0,0,0,0,0,0,0,0,0,0,0,3,0,0,5,6,12,10,15,14,4,3,0,0,3,0,4,88,0,0,0,0,0,0,0,0,0,0,0,0,0,0,0,3,0,8,0,5,3,3,9,5,0,0,0,0,0,0,0,30,0,0,8,21,30,27,37,11,0,0,0,0,3,3,0,157,0,0,0,0,0,0,0,0,0,0,0,0,0,0,0,0,0,0,0,0,3,0,0,0,0,0,0,0,0,0,0,3
LGA55810,0,0,0,0,0,0,0,0,0,0,0,0,0,0,0,0,0,0,0,0,0,0,0,0,0,0,0,0,0,0,0,0,0,0,0,0,0,0,0,0,0,0,0,0,0,0,0,0,0,0,0,0,0,0,0,3,0,0,0,0,0,0,0,0,0,0,0,0,0,0,0,0,0,0,0,0,0,0,0,0,0,0,0,0,0,0,0,0,0,0,0,0,0,0,0,0,0,0,0,0,0,0,0,0,0,0,0,0,0,0,0,0,0,0,0,0,0,0,0,0,0,0,0,0,0,0,0,0,0,0,0,0,0,0,0,0,0,0,0,0,0,0,0,0,0,0,0,0,0,0,0,0,0,0,0,0,3,5,0,0,0,0,0,0,0,0,3,19,0,0,0,0,0,0,0,0,0,0,0,0,0,0,0,0,0,0,0,0,0,0,0,0,0,0,0,0,0,0,0,0
LGA55880,0,0,0,0,0,0,0,0,0,0,0,0,0,0,0,0,0,0,0,0,0,0,0,0,0,0,0,0,0,0,0,0,0,0,0,0,0,0,0,0,0,0,0,0,0,0,0,0,0,0,0,0,0,0,0,0,0,0,0,0,0,0,0,0,0,0,0,0,0,0,0,0,0,0,0,0,0,0,0,0,0,0,0,0,0,0,0,0,0,0,0,0,0,0,0,0,0,0,0,0,0,0,0,0,0,0,0,0,0,0,0,0,0,0,0,0,0,0,0,0,0,0,0,0,0,0,0,0,0,0,0,0,0,0,0,0,0,0,0,0,0,0,0,0,0,0,0,0,0,0,0,0,0,0,0,0,0,0,0,3,0,0,0,0,0,0,0,8,0,0,0,0,0,0,0,0,0,0,0,0,0,0,0,0,0,0,0,0,0,0,0,0,0,0,0,0,0,0,0,0
LGA55950,0,0,0,0,0,0,0,0,0,0,0,0,0,0,0,0,0,0,0,0,0,0,0,0,0,0,0,0,0,0,0,0,0,0,0,0,0,0,0,0,0,3,0,0,0,0,0,0,0,0,0,0,0,0,0,6,0,0,0,0,0,0,0,0,0,0,0,0,0,0,0,0,0,0,0,0,0,0,0,0,0,0,0,0,0,0,0,0,0,0,0,0,0,0,0,0,0,0,0,0,0,0,0,0,0,0,0,0,0,0,0,0,0,0,0,0,0,0,0,0,0,0,0,0,0,0,0,0,0,0,0,0,0,0,0,0,0,0,0,0,0,0,0,0,0,0,0,0,0,0,0,0,0,0,0,0,0,3,4,8,0,0,0,0,0,0,0,14,0,0,0,0,0,0,0,0,0,0,0,0,0,0,0,0,0,0,0,0,0,0,0,0,0,0,0,0,0,0,0,0
LGA56090,0,0,0,0,0,0,4,19,0,0,0,0,0,0,0,0,0,0,0,0,0,0,3,0,3,0,16,27,57,19,35,40,3,0,0,0,0,0,7,205,18,109,54,19,3,5,0,3,0,0,0,0,0,0,12,220,0,0,0,0,5,18,16,4,0,0,0,0,0,0,0,38,0,0,0,0,5,3,0,0,0,0,0,0,0,0,0,8,0,0,0,0,0,0,0,0,0,0,0,0,0,0,8,5,4,7,16,13,32,9,17,3,3,0,6,0,0,0,21,112,0,0,0,0,0,0,0,4,0,0,0,0,0,0,0,4,8,85,30,24,21,14,29,5,0,0,0,0,0,0,4,234,0,5,63,168,254,157,186,111,10,3,0,3,3,3,89,1054,0,0,4,5,0,3,0,0,0,0,0,0,0,0,0,10,0,0,4,5,0,0,0,0,0,0,0,0,0,0,0,10
LGA56160,0,0,0,0,0,0,0,0,0,0,0,0,0,0,0,0,0,0,0,0,0,0,0,0,0,0,0,0,0,0,0,0,0,0,0,0,0,0,0,0,0,0,0,0,0,0,0,0,0,0,0,0,0,0,0,0,0,0,0,0,0,0,0,0,0,0,0,0,0,0,0,0,0,0,0,0,0,0,0,0,0,0,0,0,0,0,0,0,0,0,0,0,0,0,0,0,0,0,0,0,0,0,0,0,0,0,0,0,0,0,0,0,0,0,0,0,0,0,0,0,0,0,0,0,0,0,0,0,0,0,0,0,0,0,0,0,0,0,0,0,0,0,0,0,0,0,0,0,0,0,0,0,0,0,0,0,0,0,0,0,0,0,0,0,0,0,0,0,0,0,0,0,0,0,0,0,0,0,0,0,0,0,0,0,0,0,0,0,0,0,0,0,0,0,0,0,0,0,0,0
LGA56230,0,0,0,0,0,0,0,0,0,0,0,0,0,0,0,0,0,0,0,0,0,0,0,0,0,0,3,8,5,0,12,9,0,0,0,0,0,0,0,46,4,19,9,0,0,0,0,0,0,0,0,0,0,0,0,37,0,0,0,0,5,0,0,0,0,0,0,0,0,0,0,5,0,0,0,0,0,0,0,0,0,0,0,0,0,0,0,4,0,0,0,0,0,0,0,0,0,0,0,0,0,0,0,0,0,0,13,6,8,0,5,4,0,4,3,0,0,0,0,40,0,0,0,0,0,0,0,0,0,0,0,0,0,0,0,0,4,47,16,10,4,0,8,0,0,0,0,0,0,0,5,81,0,6,26,89,93,93,100,56,4,4,4,0,0,0,23,500,0,0,0,0,0,0,0,0,0,0,0,0,0,0,0,0,0,0,0,0,0,0,0,0,0,0,0,0,0,0,0,0
LGA56300,0,0,0,0,0,0,0,0,0,0,0,0,0,0,0,0,0,0,0,0,0,0,0,0,0,0,0,0,0,0,0,0,0,0,0,0,0,0,0,7,0,3,0,0,0,0,0,0,0,0,0,0,0,0,0,9,0,0,0,0,0,0,0,0,0,0,0,0,0,0,0,0,0,0,0,0,0,0,0,0,0,0,0,0,0,0,0,0,0,0,0,0,0,0,0,0,0,0,0,0,0,0,0,0,0,0,0,0,0,0,0,0,0,0,0,0,0,0,0,6,0,0,0,0,0,0,0,0,0,0,0,0,0,0,0,0,0,5,0,3,0,0,0,0,0,0,0,0,0,0,0,9,0,0,3,11,19,12,7,0,0,0,0,0,0,0,0,61,0,0,0,0,0,0,0,0,0,0,0,0,0,0,0,0,0,0,0,0,0,0,0,0,0,0,0,0,0,0,0,0
LGA56370,0,0,0,0,0,0,0,0,0,0,0,0,0,0,0,0,0,0,0,0,0,0,0,0,0,0,0,0,0,0,0,0,0,0,0,0,0,0,0,6,0,0,0,0,0,0,0,0,0,0,0,0,0,0,0,3,0,0,0,0,0,0,0,0,0,0,0,0,0,0,0,0,0,0,0,0,0,0,0,0,0,0,0,0,0,0,0,0,0,0,0,0,0,0,0,0,0,0,0,0,0,0,0,0,0,0,0,0,0,0,0,0,0,0,0,0,0,0,0,0,0,0,0,0,0,0,0,0,0,0,0,0,0,0,0,0,0,0,0,0,0,0,0,0,0,0,0,0,0,0,0,0,0,0,0,0,0,5,4,0,0,0,0,0,0,0,0,14,0,0,0,0,0,0,0,0,0,0,0,0,0,0,0,0,0,0,0,0,0,0,0,0,0,0,0,0,0,0,0,0
LGA56460,0,0,0,0,0,0,0,0,0,0,0,0,0,0,0,0,0,0,0,0,0,0,0,0,0,0,3,0,4,0,0,4,0,0,0,0,0,0,0,10,0,0,3,0,0,0,0,0,0,0,0,0,0,0,0,15,0,0,0,0,3,0,0,0,0,0,0,0,0,0,0,4,0,0,0,0,0,0,0,4,0,0,0,0,0,0,0,4,0,0,0,0,0,0,0,0,0,0,0,0,0,0,0,0,0,0,0,4,5,0,0,0,0,0,0,4,0,0,0,13,0,0,0,0,0,0,6,0,0,0,0,0,0,0,0,6,0,3,5,4,0,0,0,0,0,0,0,0,0,0,0,13,0,0,4,17,17,10,24,18,0,0,0,4,0,0,7,103,0,0,0,0,0,0,0,0,0,0,0,0,0,0,0,0,0,0,0,0,0,0,0,6,0,0,0,0,0,0,0,6
LGA56580,0,0,3,0,0,0,3,83,0,0,0,0,0,3,3,0,0,0,0,0,0,0,0,8,0,4,4,6,36,11,18,24,0,0,0,8,15,8,6,151,11,16,17,5,5,0,12,13,4,0,0,0,0,0,0,87,0,0,3,0,9,19,22,3,0,0,0,5,3,6,0,68,0,0,0,0,4,0,6,7,0,0,0,0,3,0,0,33,0,0,0,0,0,0,0,0,0,0,0,0,0,0,0,4,7,10,54,165,194,73,68,33,9,11,7,11,12,0,3,657,0,0,0,0,0,0,3,0,0,7,0,0,0,0,0,11,5,17,0,8,9,6,19,16,0,3,0,5,0,0,5,96,0,8,31,47,64,38,55,23,0,0,5,3,0,9,7,284,0,0,0,0,0,0,0,0,0,0,0,0,0,0,0,5,0,0,0,0,0,8,5,7,0,0,0,0,0,0,0,24
LGA56620,0,0,0,0,0,0,0,0,0,0,0,0,0,0,0,0,0,0,0,0,0,0,0,0,0,0,0,0,0,0,0,0,0,0,0,0,0,0,0,0,0,0,0,0,0,0,0,0,0,0,0,0,0,0,0,0,0,0,0,0,0,0,0,0,0,0,0,0,0,0,0,0,0,0,0,0,0,0,0,0,0,0,0,0,0,0,0,0,0,0,0,0,0,0,0,0,0,0,0,0,0,0,0,0,0,0,0,0,0,0,0,0,0,0,0,0,0,0,0,0,0,0,0,0,0,0,0,0,0,0,0,0,0,0,0,0,0,0,0,0,0,0,0,0,0,0,0,0,0,0,0,0,0,0,0,4,6,0,3,5,0,0,0,0,0,0,0,12,0,0,0,0,0,0,0,0,0,0,0,0,0,0,0,0,0,0,0,0,0,0,0,0,0,0,0,0,0,0,0,0
LGA56730,0,0,0,0,0,0,30,30,0,0,0,0,0,0,0,0,0,0,0,0,0,0,15,16,0,0,3,5,4,0,4,11,0,0,0,0,0,0,0,28,6,3,3,0,0,0,0,0,0,0,0,0,0,0,4,17,0,0,0,0,0,0,0,0,0,0,0,0,0,0,0,0,0,0,0,0,0,0,0,0,0,0,0,0,0,0,0,0,0,0,0,0,0,0,0,0,0,0,0,0,0,0,8,8,0,0,4,5,3,0,0,0,0,0,4,0,0,0,7,23,0,0,0,0,0,0,0,0,0,0,3,0,0,0,3,9,4,23,3,5,0,3,0,0,0,0,0,0,0,0,3,53,0,0,10,54,56,43,51,37,3,3,0,7,0,0,39,305,0,0,0,0,0,0,0,0,0,0,0,0,0,0,0,4,0,0,0,0,0,3,4,3,3,0,0,0,0,0,5,26
LGA56790,0,0,0,0,0,0,0,0,0,0,0,0,0,0,0,0,0,0,0,0,0,0,0,0,0,0,4,3,0,0,0,0,0,0,0,0,0,0,0,9,0,0,6,0,0,0,0,0,0,0,0,0,0,0,0,6,0,0,0,0,0,0,0,0,0,0,0,0,0,0,0,0,0,0,0,0,0,0,0,0,0,0,0,0,0,0,0,0,0,0,0,0,0,0,0,0,0,0,0,0,0,0,0,0,0,0,0,0,0,0,0,0,0,0,0,0,0,0,0,3,0,0,0,0,0,0,0,0,0,0,0,0,0,0,0,0,0,0,0,0,0,0,7,0,0,0,0,0,0,0,0,16,0,0,6,22,12,17,8,5,0,0,0,0,0,0,0,70,0,0,0,0,0,0,0,0,0,0,0,0,0,0,0,0,0,0,0,0,0,0,0,0,0,0,0,0,0,0,0,0
LGA56860,0,0,0,0,0,0,0,0,0,0,0,0,0,0,0,0,0,0,0,0,0,0,0,0,0,0,0,0,0,0,0,0,0,0,0,0,0,0,0,0,0,0,0,0,0,0,0,0,0,0,0,0,0,0,0,0,0,0,0,0,0,0,0,0,0,0,0,0,0,0,0,0,0,0,0,0,0,0,0,0,0,0,0,0,0,0,0,0,0,0,0,0,0,0,0,0,0,0,0,0,0,0,0,0,0,0,0,0,0,0,0,0,0,0,0,0,0,0,0,0,0,0,0,0,0,0,0,0,0,0,0,0,0,0,0,0,0,0,0,0,0,0,0,0,0,0,0,0,0,0,0,0,0,0,0,0,0,0,0,0,0,0,0,0,0,0,0,0,0,0,0,0,0,0,0,0,0,0,0,0,0,0,0,0,0,0,0,0,0,0,0,0,0,0,0,0,0,0,0,0
LGA56930,0,0,0,0,0,0,0,3,0,0,0,0,0,0,0,0,0,0,0,0,0,0,0,0,0,0,0,0,3,0,0,0,0,0,0,0,8,0,0,12,0,0,0,0,0,0,0,3,0,0,0,0,0,0,0,7,0,0,0,0,0,0,0,0,3,0,0,0,0,0,0,12,0,0,0,0,0,0,0,0,0,0,0,0,0,0,0,0,0,0,0,0,0,0,0,0,0,0,0,0,0,0,0,0,0,0,0,3,0,0,3,0,0,0,0,3,0,0,0,16,0,0,0,0,0,0,0,0,0,0,0,0,0,0,0,0,0,0,0,0,0,0,0,0,0,0,0,0,0,0,3,0,0,0,3,0,4,6,0,0,0,0,0,0,0,0,0,16,0,0,0,0,0,0,0,0,0,0,0,0,0,0,0,0,0,0,0,0,0,0,0,0,0,0,0,0,0,0,0,5
LGA57000,0,0,0,0,0,0,0,0,0,0,0,0,0,0,0,0,0,0,0,0,0,0,0,0,0,0,0,0,0,0,0,0,0,0,0,0,0,0,0,0,0,0,0,0,0,0,0,0,0,0,0,0,0,0,0,0,0,0,0,0,0,0,0,0,0,0,0,0,0,0,0,0,0,0,0,0,0,0,0,0,0,0,0,0,0,0,0,0,0,0,0,0,0,0,0,0,0,0,0,0,0,0,0,0,0,0,0,0,0,0,0,0,0,0,0,0,0,0,0,0,0,0,0,0,0,0,0,0,0,0,0,0,0,0,0,0,0,0,0,0,0,0,0,0,0,0,0,0,0,0,0,0,0,0,0,0,3,3,3,0,0,0,0,0,0,0,0,18,0,0,0,0,0,0,0,0,0,0,0,0,0,0,0,0,0,0,0,0,0,0,0,0,0,0,0,0,0,0,0,0
LGA57080,15,15,33,46,6,8,0,284,0,0,0,0,0,10,14,8,0,0,0,0,3,0,0,30,0,5,12,13,31,9,50,53,5,13,22,37,30,6,3,294,8,26,18,5,0,4,29,54,24,14,17,39,20,0,10,254,0,0,0,5,13,15,61,52,19,31,42,67,48,48,7,408,0,0,0,0,11,15,117,107,22,21,28,46,9,0,3,384,0,0,0,0,4,4,6,0,0,0,0,4,0,0,0,29,5,3,12,45,99,58,206,151,30,39,63,46,53,8,19,832,0,0,0,0,0,0,16,14,11,28,43,44,20,0,0,182,4,16,4,3,5,6,7,5,4,0,10,5,3,0,4,72,0,0,14,43,81,89,145,94,17,12,18,23,22,17,20,587,0,0,0,0,0,7,7,0,0,0,0,0,0,0,0,15,0,0,0,0,3,4,9,43,13,21,19,29,19,0,3,162
LGA57140,0,0,0,0,0,0,0,0,0,0,0,0,0,0,0,0,0,0,0,0,0,0,0,0,0,0,0,0,0,0,0,0,0,0,0,0,0,0,0,0,0,3,0,0,0,0,0,0,0,0,0,0,0,0,0,6,0,0,0,0,0,0,0,0,0,0,0,0,0,0,0,3,0,0,0,0,0,0,0,0,0,0,0,0,0,0,0,0,0,0,0,0,0,0,0,0,0,0,0,0,0,0,0,0,0,0,0,0,0,0,0,0,0,0,0,0,0,0,0,0,0,0,0,0,0,0,0,0,0,0,0,0,0,0,0,0,0,3,0,0,0,0,0,0,0,0,0,0,0,0,0,3,0,0,0,12,13,9,4,5,0,0,0,0,0,0,0,43,0,0,0,0,0,0,0,0,0,0,0,0,0,0,0,0,0,0,0,0,0,0,0,0,0,0,0,0,0,0,0,0
LGA57210,0,0,0,0,0,0,0,3,0,0,0,0,0,0,0,0,0,0,0,0,0,0,0,0,0,0,0,0,4,0,0,3,0,0,0,0,0,0,0,9,0,0,0,0,0,0,0,0,0,0,0,0,0,0,0,5,0,0,0,0,0,5,0,0,0,0,0,0,0,0,0,7,0,0,0,0,0,0,0,0,0,0,0,0,0,0,0,0,0,0,0,0,0,0,0,0,0,0,0,0,0,0,0,0,0,0,0,0,3,0,0,0,0,0,0,0,0,0,0,9,0,0,0,0,0,0,0,0,0,0,0,0,0,0,0,0,3,10,0,3,4,5,0,0,0,0,0,0,0,0,0,26,0,0,9,16,26,22,18,12,0,0,0,0,0,0,11,123,0,0,0,0,0,0,0,0,0,0,0,0,0,0,0,0,0,0,0,0,0,0,0,0,6,0,0,0,5,0,0,8
LGA57280,0,0,5,0,0,0,0,7,0,0,0,0,0,0,0,0,0,0,0,0,0,0,0,0,0,0,0,0,6,0,16,25,0,0,0,0,0,0,0,46,0,0,3,0,0,0,0,0,0,0,0,0,0,0,0,8,0,0,0,0,0,0,0,0,0,0,0,0,0,0,0,3,0,0,0,3,0,0,5,0,0,0,0,0,0,0,0,14,0,0,0,0,0,4,0,3,0,0,0,0,0,0,0,4,0,0,0,10,11,4,12,9,0,0,3,0,0,0,0,45,0,0,0,0,0,0,0,0,0,0,3,0,0,0,0,5,0,4,0,0,0,0,3,0,0,0,0,0,0,0,0,7,0,0,11,40,109,84,257,191,13,15,24,20,16,12,23,815,0,0,3,7,0,3,0,0,0,0,0,0,0,0,0,11,0,0,0,0,0,0,5,4,0,0,0,0,0,0,0,12
LGA57350,0,0,0,0,0,0,0,0,0,0,0,0,0,0,0,0,0,0,0,0,0,0,0,0,0,0,0,0,0,0,0,0,0,0,0,0,0,0,0,0,0,0,0,0,0,0,0,0,0,0,0,0,0,0,0,0,0,0,0,0,0,0,0,0,0,0,0,0,0,0,0,0,0,0,0,0,0,0,0,0,0,0,0,0,0,0,0,0,0,0,0,0,0,0,0,0,0,0,0,0,0,0,0,0,0,0,0,0,0,0,0,0,0,0,0,0,0,0,0,6,0,0,0,0,0,0,0,0,0,0,0,0,0,0,0,0,0,6,0,0,0,0,0,0,0,0,0,0,0,0,0,4,0,0,0,0,0,3,0,0,0,0,0,0,0,0,0,18,0,0,0,0,0,0,0,0,0,0,0,0,0,0,0,0,0,0,0,0,0,0,0,0,0,0,0,0,0,0,0,0
LGA57420,0,0,0,0,0,0,0,5,0,0,0,0,0,0,0,0,0,0,0,0,0,0,0,0,0,0,0,0,0,0,0,3,0,0,0,0,0,0,0,7,0,0,0,0,0,0,0,0,0,0,0,0,0,0,0,3,0,0,0,0,0,0,0,0,0,0,0,0,0,0,0,0,0,0,0,0,0,0,0,0,0,0,0,0,0,0,0,0,0,0,0,0,0,0,0,0,0,0,0,0,0,0,0,0,0,0,0,0,0,0,0,0,0,0,0,0,0,0,0,5,0,0,0,0,0,0,0,0,0,0,0,0,0,0,0,0,0,0,0,0,0,0,0,0,0,0,0,0,0,0,0,4,0,0,0,7,18,7,10,11,3,7,3,0,0,0,0,73,0,0,0,0,0,0,0,0,0,0,0,0,0,0,0,0,0,0,0,0,0,0,0,0,0,0,0,0,0,0,0,0
LGA57490,0,4,0,5,0,0,3,62,0,0,0,0,0,4,12,3,0,4,0,0,0,0,0,20,3,8,70,54,126,40,182,231,4,6,8,3,0,0,12,746,12,86,81,14,12,11,18,35,0,0,3,0,5,0,4,267,0,0,0,0,9,18,45,7,6,0,6,0,5,0,0,94,0,0,0,0,5,6,45,11,0,0,0,0,5,0,0,82,0,0,4,4,3,0,3,3,0,0,5,0,0,0,5,28,0,4,27,36,50,33,62,38,17,9,12,5,5,0,3,304,0,0,0,0,0,0,24,12,6,4,0,3,0,0,0,54,14,197,53,43,51,18,70,23,6,6,0,4,0,0,8,491,0,8,131,387,792,840,2020,1700,112,89,109,115,55,70,170,6606,0,0,4,6,8,4,4,3,0,0,0,0,0,0,0,29,0,0,3,3,6,0,27,33,0,9,0,3,0,0,0,86
LGA57630,0,0,0,0,0,0,0,0,0,0,0,0,0,0,0,0,0,0,0,0,0,0,0,0,0,0,0,0,0,0,0,0,0,0,0,0,0,0,0,0,0,0,0,0,0,0,0,0,0,0,0,0,0,0,0,0,0,0,0,0,0,0,0,0,0,0,0,0,0,0,0,0,0,0,0,0,0,0,0,0,0,0,0,0,0,0,0,0,0,0,0,0,0,0,0,0,0,0,0,0,0,0,0,0,0,0,0,0,0,0,0,0,0,0,0,0,0,0,0,0,0,0,0,0,0,0,0,0,0,0,0,0,0,0,0,0,0,0,0,0,0,0,0,0,0,0,0,0,0,0,0,0,0,0,0,0,0,0,0,0,0,0,0,0,0,0,0,4,0,0,0,0,0,0,0,0,0,0,0,0,0,0,0,0,0,0,0,0,0,0,0,0,0,0,0,0,0,0,0,0
LGA57700,0,0,0,0,0,0,0,24,0,0,0,0,0,0,4,0,0,0,0,0,0,0,0,7,0,0,7,16,16,18,27,30,0,0,0,0,0,0,0,117,4,14,26,12,6,0,4,0,0,0,0,0,0,0,9,72,0,0,0,0,0,5,4,0,0,0,0,0,0,0,0,11,0,0,0,0,0,0,10,6,0,0,0,0,0,0,0,19,0,0,0,0,0,0,0,0,0,0,0,0,0,0,3,6,0,0,7,19,18,5,37,12,5,0,5,0,0,0,3,111,0,0,0,0,0,0,0,5,0,0,0,0,0,0,0,5,6,73,7,12,45,9,17,6,0,0,0,0,0,0,0,180,0,0,8,72,187,183,296,233,15,8,12,20,15,13,46,1099,0,0,0,0,0,0,0,0,0,0,0,0,0,0,0,0,0,0,0,0,0,0,12,38,6,6,0,4,0,0,0,70
LGA57770,0,0,0,0,0,0,0,0,0,0,0,0,0,0,0,0,0,0,0,0,0,0,0,0,0,0,0,0,0,0,0,0,0,0,0,0,0,0,0,6,0,0,0,0,0,0,5,3,0,0,0,0,0,0,0,11,0,0,0,0,0,0,0,0,0,0,0,0,0,0,0,0,0,0,0,0,0,0,0,0,0,0,0,0,0,0,0,0,0,0,0,0,0,0,0,0,0,0,0,0,0,0,0,0,0,0,0,0,0,0,0,0,0,0,0,0,0,0,0,3,0,0,0,0,0,0,0,0,0,0,0,0,0,0,0,0,0,5,0,0,0,0,0,0,0,0,0,0,0,0,0,6,0,0,0,6,11,0,6,4,0,0,0,0,0,0,0,28,0,0,0,0,0,0,0,0,0,0,0,0,0,0,0,0,0,0,0,0,0,0,0,0,0,0,0,0,0,0,0,0
LGA57840,8,9,18,21,7,0,6,298,0,0,0,0,0,12,15,30,0,0,0,5,0,0,0,67,0,3,22,21,60,16,73,91,5,0,0,0,3,8,7,316,17,87,40,13,14,13,28,42,4,5,3,4,9,0,8,289,0,0,0,4,11,28,46,26,15,0,16,10,3,0,10,169,0,0,0,12,16,19,44,61,6,8,5,7,3,0,8,200,0,0,0,8,7,5,0,5,0,0,0,0,3,0,0,35,3,5,28,122,318,144,227,121,34,19,40,46,26,3,15,1162,0,0,0,0,0,0,10,21,9,14,34,33,14,0,5,134,10,41,11,6,11,6,18,13,0,0,6,4,0,0,4,139,0,7,48,120,191,103,132,79,20,15,19,18,6,9,12,780,0,0,0,3,3,4,0,3,0,0,0,0,0,0,5,18,0,0,0,0,0,0,22,29,8,14,15,26,12,0,0,134
LGA57910,50,33,26,52,12,3,16,1119,5,0,6,4,5,201,256,161,62,32,30,41,9,4,13,822,7,32,99,111,336,100,453,829,56,75,91,132,50,18,26,2415,173,1326,1002,278,104,82,202,415,62,37,45,37,21,4,154,3958,0,0,4,17,57,158,236,100,20,18,25,44,18,3,22,716,0,0,0,14,42,28,202,136,9,27,11,16,8,0,6,510,0,0,8,24,30,13,17,11,6,3,0,0,5,4,3,134,10,32,133,251,663,313,600,315,101,123,97,78,52,3,69,2831,0,0,0,0,0,11,107,141,61,59,97,61,26,4,11,582,31,251,52,41,41,42,68,56,8,21,6,6,7,0,14,639,4,20,185,501,898,657,979,827,46,49,74,85,57,35,114,4529,26,89,264,299,288,191,104,59,14,9,8,17,3,0,50,1420,0,5,3,18,19,41,156,319,87,76,72,121,68,8,11,1013
LGA57980,0,0,13,4,5,0,6,97,0,0,0,0,0,0,0,6,0,0,0,0,0,0,0,5,0,5,6,9,36,13,24,42,0,4,10,14,10,11,5,192,5,23,11,8,0,5,5,23,8,6,0,0,3,0,6,102,0,0,0,4,7,5,23,39,17,8,29,23,21,9,5,184,0,0,0,0,3,7,20,18,3,8,0,4,0,0,0,69,0,0,0,0,4,0,0,0,0,0,0,0,0,0,0,9,0,0,19,41,57,33,68,49,5,3,19,14,3,3,3,318,0,0,0,0,0,0,0,0,0,0,0,3,0,0,0,9,0,13,0,7,4,9,32,5,0,0,0,4,4,0,4,78,0,5,35,52,50,31,40,29,8,3,3,10,6,0,9,284,0,0,0,0,0,0,0,0,0,0,0,0,0,0,0,3,0,0,0,0,0,0,12,3,3,0,0,0,0,0,0,21
LGA58050,15,10,16,9,8,13,3,366,0,0,3,0,3,219,192,126,12,21,13,4,0,7,18,631,0,8,51,52,134,53,173,221,21,3,5,6,6,0,9,741,38,280,217,56,24,19,39,41,15,8,0,7,3,0,35,786,0,0,0,0,10,28,71,23,0,5,3,3,0,0,4,143,0,0,0,0,9,13,63,30,5,6,3,7,0,0,4,135,0,0,5,5,18,19,18,5,0,0,0,0,0,0,0,71,0,7,49,93,324,132,280,142,29,22,24,17,6,0,27,1140,0,0,0,0,0,0,95,54,8,11,5,11,6,0,3,185,16,149,41,27,29,16,42,8,0,3,0,0,0,0,12,341,7,7,97,366,879,781,1516,1265,79,108,78,94,54,40,143,5509,3,4,27,39,44,54,46,27,0,0,0,0,3,0,3,254,0,0,3,8,22,18,103,131,12,30,25,28,14,3,4,399
LGA58190,0,0,0,0,0,0,0,0,0,0,0,0,0,0,0,0,0,0,0,0,0,0,0,0,0,0,0,0,0,0,0,0,0,0,0,0,0,0,0,0,0,0,0,0,0,0,0,0,0,0,0,0,0,0,0,0,0,0,0,0,0,0,0,0,0,0,0,0,0,0,0,0,0,0,0,0,0,0,0,0,0,0,0,0,0,0,0,0,0,0,0,0,0,0,0,0,0,0,0,0,0,0,0,0,0,0,0,0,0,0,0,0,0,0,0,0,0,0,0,0,0,0,0,0,0,0,0,0,0,0,0,0,0,0,0,0,0,0,0,0,0,0,0,0,0,0,0,0,0,0,0,0,0,0,0,0,0,0,0,6,0,0,0,0,0,0,0,9,0,0,0,0,0,0,0,0,0,0,0,0,0,0,0,0,0,0,0,0,0,0,0,0,0,0,0,0,0,0,0,0
LGA58260,0,0,0,0,0,0,0,0,0,0,0,0,0,0,0,0,0,0,0,0,0,0,0,0,0,0,0,0,0,0,0,0,0,0,0,0,0,0,0,0,0,0,0,0,0,0,0,0,0,0,0,0,0,0,0,0,0,0,0,0,0,0,0,0,0,0,0,0,0,0,0,0,0,0,0,0,0,0,0,0,0,0,0,0,0,0,0,0,0,0,0,0,0,0,0,0,0,0,0,0,0,0,0,0,0,0,0,0,0,0,0,0,0,0,0,0,0,0,0,0,0,0,0,0,0,0,0,0,0,0,0,0,0,0,0,0,0,5,0,0,0,0,0,0,0,0,0,0,0,0,0,3,0,0,0,6,6,0,8,3,0,0,0,0,0,0,0,16,0,0,0,0,0,0,0,0,0,0,0,0,0,0,0,0,0,0,0,0,0,0,0,0,0,0,0,0,0,0,0,0
LGA58330,0,0,0,0,0,0,0,0,0,0,0,0,0,0,0,0,0,0,0,0,0,0,0,0,0,0,4,5,0,3,0,0,0,0,0,0,0,0,0,17,0,3,3,0,0,0,0,3,0,0,0,0,0,0,0,10,0,0,0,0,0,0,0,0,0,0,0,0,0,0,0,6,0,0,0,0,0,0,0,0,0,0,0,0,0,0,0,0,0,0,0,0,0,0,0,0,0,0,0,0,0,0,0,0,0,0,0,3,0,0,0,5,0,0,0,0,0,0,0,13,0,0,0,0,0,0,0,0,0,0,0,0,0,0,0,0,0,13,3,6,0,4,0,0,0,0,0,0,0,0,0,26,3,0,12,34,32,24,30,10,0,4,0,0,0,0,8,153,0,0,0,0,0,0,0,0,0,0,0,0,0,0,0,0,0,0,0,0,0,0,0,0,0,0,0,0,0,0,0,0
LGA58400,0,0,0,0,0,0,0,0,0,0,0,0,0,0,0,0,0,0,0,0,0,0,0,0,0,0,0,0,0,0,0,0,0,0,0,0,0,0,0,0,0,0,0,0,0,0,0,0,0,0,0,0,0,0,0,0,0,0,0,0,0,0,0,0,0,0,0,0,0,0,0,0,0,0,0,0,0,0,0,0,0,0,0,0,0,0,0,0,0,0,0,0,0,0,0,0,0,0,0,0,0,0,0,0,0,0,0,0,0,0,0,0,0,0,0,0,0,0,0,0,0,0,0,0,0,0,0,0,0,0,0,0,0,0,0,0,0,0,0,0,0,0,0,0,0,0,0,0,0,0,0,0,0,0,0,6,4,5,0,0,0,0,0,0,0,0,0,5,0,0,0,0,0,0,0,0,0,0,0,0,0,0,0,0,0,0,0,0,0,0,0,0,0,0,0,0,0,0,0,0
LGA58470,0,0,0,0,0,0,0,0,0,0,0,0,0,0,0,0,0,0,0,0,0,0,0,0,0,0,0,0,0,0,0,0,0,0,0,0,0,0,0,0,0,0,0,0,0,0,0,0,0,0,0,0,0,0,0,0,0,0,0,0,0,0,0,0,0,0,0,0,0,0,0,0,0,0,0,0,0,0,0,0,0,0,0,0,0,0,0,0,0,0,0,0,0,0,0,0,0,0,0,0,0,0,0,0,0,0,0,0,0,0,0,0,0,0,0,0,0,0,0,0,0,0,0,0,0,0,0,0,0,0,0,0,0,0,0,0,0,0,0,0,0,0,0,0,0,0,0,0,0,0,0,0,0,0,0,0,0,0,0,0,0,0,0,0,0,0,0,4,0,0,0,0,0,0,0,0,0,0,0,0,0,0,0,0,0,0,0,0,0,0,0,0,0,0,0,0,0,0,0,0
LGA58510,12,8,13,8,6,3,0,139,0,0,0,0,0,10,19,11,0,0,7,3,0,0,0,52,0,4,13,17,44,23,64,92,6,0,10,19,13,8,10,320,19,121,104,15,8,14,19,46,7,10,9,7,3,0,18,395,0,0,0,0,7,21,46,22,4,7,10,8,9,0,5,133,0,0,0,4,7,35,90,55,12,18,18,16,5,0,7,264,0,0,0,9,0,0,3,0,0,0,0,0,0,0,0,20,0,6,20,50,125,73,194,111,40,33,38,35,26,0,22,774,0,0,0,0,0,0,29,95,78,66,116,116,44,0,12,559,0,61,5,12,10,9,10,10,0,0,5,4,5,0,8,137,0,4,27,96,172,146,182,149,15,23,18,14,8,15,17,889,0,0,0,0,0,0,3,0,0,0,0,0,0,0,0,7,0,0,3,10,4,3,28,43,6,9,11,10,23,0,3,156
LGA58540,0,0,0,0,0,0,0,0,0,0,0,0,0,0,0,0,0,0,0,0,0,0,0,0,0,0,0,0,0,0,0,4,0,0,0,0,0,0,0,7,0,0,0,0,0,0,0,0,0,0,0,0,0,0,0,0,0,0,0,0,0,0,0,0,0,0,0,0,0,0,0,0,0,0,0,0,0,0,0,0,0,0,0,0,0,0,0,0,0,0,0,0,0,0,0,0,0,0,0,0,0,0,0,0,0,0,0,0,0,0,0,0,0,0,0,0,0,0,0,0,0,0,0,0,0,0,0,0,0,0,0,0,0,0,0,0,0,0,0,0,0,0,0,0,0,0,0,0,0,0,0,0,0,0,0,7,12,8,10,7,0,0,0,0,0,5,3,44,0,0,0,0,0,0,0,0,0,0,0,0,0,0,0,0,0,0,0,0,0,0,0,0,0,0,0,0,0,0,0,0
LGA58570,4,7,4,0,0,0,3,92,0,0,3,0,0,3,9,4,0,0,0,0,0,0,0,15,0,0,20,11,72,31,84,145,14,9,7,34,11,0,11,451,36,262,198,43,17,7,26,69,7,3,17,11,13,0,33,746,0,0,3,0,5,22,40,18,6,9,9,20,0,5,11,149,0,0,0,3,22,9,62,39,10,14,17,19,0,8,0,193,0,0,0,0,5,0,0,0,0,0,0,0,0,0,0,11,0,0,24,40,101,42,80,48,24,26,20,20,8,0,20,447,0,0,0,0,0,0,14,14,12,15,20,37,12,0,0,123,0,15,7,8,9,9,15,3,5,0,10,12,0,0,0,77,0,3,35,79,165,105,155,93,4,11,12,15,9,6,15,715,3,15,33,37,19,8,3,0,0,0,0,0,0,0,0,117,0,0,0,0,0,0,9,4,0,8,9,9,4,0,4,59
LGA58610,0,0,0,0,0,0,0,0,0,0,0,0,0,0,0,0,0,0,0,0,0,0,0,0,0,0,0,0,0,0,0,0,0,0,0,0,0,0,0,4,0,0,0,0,0,0,0,0,0,0,0,0,0,0,0,0,0,0,0,0,0,0,0,0,0,0,0,0,0,0,0,0,0,0,0,0,0,0,0,0,0,0,0,0,0,0,0,0,0,0,0,0,0,0,0,0,0,0,0,0,0,0,0,0,0,0,0,0,0,0,4,0,0,0,0,0,0,0,0,6,0,0,0,0,0,0,0,0,0,0,0,0,0,0,0,0,0,4,0,0,0,3,0,0,0,0,0,0,0,0,0,8,0,0,6,11,20,13,14,0,0,0,0,0,0,0,9,67,0,0,0,0,0,0,0,0,0,0,0,0,0,0,0,0,0,0,0,0,0,0,0,0,0,0,0,0,0,0,0,0
LGA58680,0,0,0,0,0,0,0,0,0,0,0,0,0,0,0,0,0,0,0,0,0,0,0,0,0,0,0,0,0,0,0,0,0,0,0,0,0,0,0,0,0,0,0,0,0,0,0,0,0,0,0,0,0,0,0,0,0,0,0,0,0,0,0,0,0,0,0,0,0,0,0,0,0,0,0,0,0,0,0,0,0,0,0,0,0,0,0,0,0,0,0,0,0,0,0,0,0,0,0,0,0,0,0,0,0,0,0,0,0,0,0,0,0,0,0,0,0,0,0,0,0,0,0,0,0,0,0,0,0,0,0,0,0,0,0,0,0,0,0,0,0,0,0,0,0,0,0,0,0,0,0,0,0,0,0,0,4,0,6,0,0,0,0,0,0,0,0,13,0,0,0,0,0,0,0,0,0,0,0,0,0,0,0,0,0,0,0,0,0,0,0,0,0,0,0,0,0,0,0,0
LGA58760,13,12,9,15,0,3,0,508,0,0,0,0,3,144,204,95,10,13,20,3,11,4,13,519,0,15,62,96,285,117,632,709,21,11,29,26,6,0,20,2023,45,230,287,82,43,29,69,119,6,5,4,3,0,0,42,965,0,4,0,4,10,42,77,36,5,5,5,0,3,0,3,181,0,0,0,0,18,24,92,36,8,5,0,8,3,5,3,207,0,0,8,13,38,4,27,12,3,0,0,0,0,0,0,108,0,11,47,92,285,136,355,192,54,57,104,74,41,3,41,1491,0,0,0,0,0,0,47,23,10,0,10,25,6,0,4,118,16,197,54,27,44,31,67,32,4,4,0,3,0,0,15,507,4,3,92,485,1131,1145,2058,1513,111,116,97,133,68,50,171,7173,0,10,116,164,220,197,146,45,16,8,4,9,3,0,16,967,0,0,3,3,22,61,124,90,13,23,11,32,15,3,7,408
LGA58820,0,0,0,0,0,0,0,0,0,0,0,0,0,0,0,0,0,0,0,0,0,0,0,0,0,0,0,0,0,0,4,4,0,0,0,0,0,0,0,7,4,29,11,0,0,0,0,0,0,0,0,0,0,0,9,60,0,0,0,0,0,0,0,0,0,0,0,0,0,0,0,0,0,0,0,0,0,0,0,0,0,0,0,0,0,0,0,0,0,0,0,0,0,0,0,0,0,0,0,0,0,0,0,0,0,0,0,0,0,0,0,0,0,4,0,4,0,0,0,10,0,0,0,0,0,0,0,0,0,0,0,0,0,0,0,0,0,5,0,5,0,0,0,0,0,0,0,0,0,0,0,13,0,0,4,16,24,13,29,17,5,0,0,0,6,0,4,114,0,0,0,0,0,0,0,0,0,0,0,0,0,0,0,0,0,0,0,0,0,0,0,0,0,0,0,0,0,0,0,0
LGA58890,0,0,0,0,0,0,0,0,0,0,0,0,0,0,0,0,0,0,0,0,0,0,0,0,0,0,0,0,0,0,0,0,0,0,0,0,0,0,0,0,0,0,0,0,0,0,0,0,0,0,0,0,0,0,0,0,0,0,0,0,0,0,0,0,0,0,0,0,0,0,0,0,0,0,0,0,0,0,0,0,0,0,0,0,0,0,0,0,0,0,0,0,0,0,0,0,0,0,0,0,0,0,0,0,0,0,0,0,0,0,0,0,0,0,0,0,0,0,0,0,0,0,0,0,0,0,0,0,0,0,0,0,0,0,0,0,0,0,0,0,0,0,0,0,0,0,0,0,0,0,0,0,0,0,0,3,10,0,0,0,0,0,0,0,0,0,0,23,0,0,0,0,0,0,0,0,0,0,0,0,0,0,0,0,0,0,0,0,0,0,0,0,0,0,0,0,0,0,0,0
LGA59030,0,0,0,0,0,0,0,0,0,0,0,0,0,0,0,0,0,0,0,0,0,0,0,0,0,0,0,0,0,0,0,0,0,0,0,0,0,0,0,0,0,0,0,0,0,0,0,0,0,0,0,0,0,0,0,0,0,0,0,0,0,0,0,0,0,0,0,0,0,0,0,0,0,0,0,0,0,0,0,0,0,0,0,0,0,0,0,0,0,0,0,0,0,0,0,0,0,0,0,0,0,0,0,0,0,0,0,0,0,0,0,0,0,0,0,0,0,0,0,0,0,0,0,0,0,0,0,0,0,0,0,0,0,0,0,0,0,0,0,0,0,0,0,0,0,0,0,0,0,0,0,0,0,0,0,3,0,3,3,0,0,0,0,0,0,0,0,11,0,0,0,0,0,0,0,0,0,0,0,0,0,0,0,0,0,0,0,0,0,0,0,0,0,0,0,0,0,0,0,0
LGA59100,0,0,0,0,0,0,0,0,0,0,0,0,0,0,0,0,0,0,0,0,0,0,0,0,0,0,0,0,0,0,0,0,0,0,0,0,0,0,0,0,0,0,0,0,0,0,0,0,0,0,0,0,0,0,0,0,0,0,0,0,0,0,0,0,0,0,0,0,0,0,0,0,0,0,0,0,0,0,0,0,0,0,0,0,0,0,0,0,0,0,0,0,0,0,0,0,0,0,0,0,0,0,0,0,0,0,0,0,0,0,0,0,0,0,0,0,0,0,0,0,0,0,0,0,0,0,0,0,0,0,0,0,0,0,0,0,0,0,0,0,0,0,0,0,0,0,0,0,0,0,0,0,0,0,0,4,0,0,0,3,0,0,0,0,0,0,0,10,0,0,0,0,0,0,0,0,0,0,0,0,0,0,0,0,0,0,0,0,0,0,0,0,0,0,0,0,0,0,0,0
LGA59170,0,0,0,0,0,0,0,0,0,0,0,0,0,0,0,0,0,0,0,0,0,0,0,0,0,0,0,0,0,0,0,0,0,0,0,0,0,0,0,4,0,0,0,0,0,0,0,0,0,0,0,0,0,0,0,0,0,0,0,0,0,0,0,0,0,0,0,0,0,0,0,0,0,0,0,0,0,0,0,0,0,0,0,0,0,0,0,0,0,0,0,0,0,0,0,0,0,0,0,0,0,0,0,0,0,0,0,0,0,0,0,0,0,0,0,0,0,0,0,0,0,0,0,0,0,0,0,0,0,0,0,0,0,0,0,0,0,0,0,0,0,0,0,0,0,0,0,0,0,0,0,0,0,0,0,0,8,6,8,8,0,0,0,0,0,0,0,23,0,0,0,0,0,0,0,0,0,0,0,0,0,0,0,0,0,0,0,0,0,0,0,0,0,0,0,0,0,0,0,0
LGA59250,0,0,0,0,0,0,0,0,0,0,0,0,0,0,0,0,0,0,0,0,0,0,0,0,0,0,0,0,0,0,0,0,0,0,0,0,0,0,0,0,0,0,0,0,0,0,0,0,0,0,0,0,0,0,0,0,0,0,0,0,0,0,0,0,0,0,0,0,0,0,0,0,0,0,0,0,0,0,0,0,0,0,0,0,0,0,0,0,0,0,0,0,0,0,0,0,0,0,0,0,0,0,0,0,0,0,0,0,0,0,0,0,0,0,0,0,0,0,0,3,0,0,0,0,0,0,0,0,0,0,0,0,0,0,0,0,0,0,0,0,0,0,0,0,0,0,0,0,0,0,0,0,0,0,0,0,0,3,3,9,0,0,0,0,0,0,0,16,0,0,0,0,0,0,0,0,0,0,0,0,0,0,0,0,0,0,0,0,0,0,0,0,0,0,0,0,0,0,0,0
LGA59310,0,0,0,0,0,0,0,0,0,0,0,0,0,0,0,0,0,0,0,0,0,0,0,0,0,0,0,0,0,0,0,0,0,0,0,0,0,0,0,5,0,0,0,0,0,0,0,0,0,0,0,0,0,0,0,0,0,0,0,0,0,0,0,0,0,0,0,0,0,0,0,0,0,0,0,0,0,0,0,0,0,0,0,0,0,0,0,0,0,0,0,0,0,0,0,0,0,0,0,0,0,0,0,0,0,0,0,0,0,0,0,0,0,0,0,0,0,0,0,0,0,0,0,0,0,0,0,0,0,0,0,0,0,0,0,0,0,0,0,0,0,0,0,0,0,0,0,0,0,0,0,4,0,0,0,0,9,13,13,4,4,0,0,0,0,0,5,44,0,0,0,0,0,0,0,0,0,0,0,0,0,0,0,0,0,0,0,0,0,0,0,0,0,0,0,0,0,0,0,0
LGA59320,0,0,0,0,0,0,0,0,0,0,0,0,0,0,0,0,0,0,0,0,0,0,0,0,0,0,0,0,0,0,0,0,0,0,0,0,0,0,0,0,0,0,0,0,0,0,0,0,0,0,0,0,0,0,0,0,0,0,0,0,0,0,0,0,0,0,0,0,0,0,0,0,0,0,0,0,0,0,0,0,0,0,0,0,0,0,0,0,0,0,0,0,0,0,0,0,0,0,0,0,0,0,0,0,0,0,0,0,0,0,0,0,0,0,0,0,0,0,0,0,0,0,0,0,0,0,0,0,0,0,0,0,0,0,0,0,0,0,0,0,0,0,0,0,0,0,0,0,0,0,0,4,0,0,0,0,0,0,0,0,0,0,0,0,0,0,0,4,0,0,0,0,0,0,0,0,0,0,0,0,0,0,0,0,0,0,0,0,0,0,0,0,0,0,0,0,0,0,0,0
LGA59330,0,0,0,0,0,0,0,0,0,0,0,0,0,0,0,0,0,0,0,0,0,0,0,0,0,0,0,0,0,0,0,0,0,0,0,0,0,0,0,6,0,0,0,0,0,0,0,0,0,0,0,0,0,0,0,0,0,0,0,0,0,0,0,0,0,0,0,0,0,0,0,0,0,0,0,0,0,0,0,0,0,0,0,0,0,0,0,0,0,0,0,0,0,0,0,0,0,0,0,0,0,0,0,0,0,0,0,0,0,0,0,0,0,0,0,0,0,0,0,0,0,0,0,0,0,0,0,0,0,0,0,0,0,0,0,0,0,6,0,0,0,0,0,0,0,0,0,0,0,0,0,6,0,0,0,4,6,0,0,0,0,0,0,0,0,0,0,11,0,0,0,0,0,0,0,0,0,0,0,0,0,0,0,0,0,0,0,0,0,0,0,0,0,0,0,0,0,0,0,0
LGA59340,0,0,0,0,0,0,0,0,0,0,0,0,0,0,0,0,0,0,0,0,0,0,0,0,0,0,0,5,0,0,8,8,0,0,0,5,0,0,3,25,0,0,0,0,0,0,6,0,0,0,0,0,0,0,6,19,0,0,0,0,0,0,3,0,0,0,0,0,0,0,0,7,0,0,0,0,0,0,0,0,0,0,0,0,0,0,0,3,0,0,0,0,0,0,0,0,0,0,0,0,0,0,0,0,0,0,0,0,3,3,5,0,0,0,0,0,0,0,0,20,0,0,0,0,0,0,0,0,0,0,0,0,0,0,0,3,0,3,4,0,0,0,0,0,4,0,0,0,0,0,0,18,0,0,3,13,16,10,24,25,0,0,0,3,0,0,0,104,0,0,0,0,0,0,0,0,0,0,0,0,0,0,0,0,0,0,0,0,0,0,0,0,0,0,0,0,0,0,0,3
LGA59350,0,0,0,0,0,0,0,0,0,0,0,0,0,0,0,0,0,0,0,0,0,0,0,0,0,0,0,0,0,0,0,0,0,0,0,0,0,0,0,0,0,0,0,0,0,0,0,0,0,0,0,0,0,0,0,0,0,0,0,0,0,0,0,0,0,0,0,0,0,0,0,0,0,0,0,0,0,0,0,0,0,0,0,0,0,0,0,0,0,0,0,0,0,0,0,0,0,0,0,0,0,0,0,0,0,0,0,0,0,0,0,0,0,0,0,0,0,0,0,0,0,0,0,0,0,0,0,0,0,0,0,0,0,0,0,0,0,0,0,0,0,0,0,0,0,0,0,0,0,0,0,0,0,0,0,0,0,0,3,3,0,0,0,0,0,4,0,11,0,0,0,0,0,0,0,0,0,0,0,0,0,0,0,0,0,0,0,0,0,0,0,0,0,0,0,0,0,0,0,0
LGA59360,0,0,0,0,0,0,0,0,0,0,0,0,0,0,0,0,0,0,0,0,0,0,0,0,0,0,0,0,0,0,0,0,0,0,0,0,0,0,0,5,0,3,0,0,0,0,0,0,0,0,0,0,0,0,0,3,0,0,0,0,0,0,0,0,0,0,0,0,0,0,0,0,0,0,0,0,0,0,0,0,0,0,0,0,0,0,0,0,0,0,0,0,0,0,0,0,0,0,0,0,0,0,0,0,0,0,0,0,0,0,0,0,0,0,0,0,0,0,0,3,0,0,0,0,0,0,0,0,0,0,0,0,0,0,0,0,0,0,0,0,0,0,0,0,0,0,0,0,0,0,0,0,0,0,0,4,19,11,10,3,0,0,0,0,0,0,5,63,0,0,0,0,0,0,0,0,0,0,0,0,0,0,0,0,0,0,0,0,0,0,0,0,0,0,0,0,0,0,0,0
LGA59370,0,0,0,0,0,0,0,0,0,0,0,0,0,0,0,0,0,0,0,0,0,0,0,0,0,0,0,0,0,0,0,0,3,0,0,0,0,0,0,13,0,0,3,0,0,0,0,0,0,0,0,0,0,0,0,10,0,0,0,0,0,0,0,0,0,0,0,0,0,0,0,0,0,0,0,0,0,0,0,0,0,0,0,0,0,0,0,0,0,0,0,0,0,0,0,0,0,0,0,0,0,0,0,0,0,0,0,0,0,0,0,0,0,0,0,0,0,0,0,4,0,0,0,0,0,0,0,0,0,0,0,0,0,0,0,0,0,7,6,6,0,0,0,0,0,0,0,0,0,0,0,21,0,0,3,23,17,19,7,6,4,0,0,0,0,0,6,97,0,0,0,0,0,0,0,0,0,0,0,0,0,0,0,0,0,0,0,0,0,0,0,0,0,0,0,0,0,0,0,0
LGA59499,0,0,0,0,0,0,0,9,0,0,0,0,0,0,0,0,0,0,0,0,0,0,0,6,0,0,0,0,4,0,4,0,0,0,0,9,0,0,3,31,0,5,0,0,3,0,0,6,0,0,3,11,3,0,8,41,0,0,0,0,0,0,0,0,0,0,0,0,0,0,0,0,0,0,0,0,0,3,0,0,0,0,0,0,0,0,0,4,0,0,0,0,0,0,0,0,0,0,0,0,0,0,0,0,0,0,0,4,4,3,0,0,0,0,0,0,0,0,0,13,0,0,0,0,0,0,0,0,0,0,0,0,0,0,0,0,0,0,0,0,0,0,4,0,0,0,0,3,3,0,0,21,0,0,7,24,39,25,42,34,5,5,6,0,4,9,51,257,0,0,0,0,0,0,0,0,0,0,0,0,0,0,0,0,0,0,0,0,0,0,0,0,0,0,0,0,0,0,0,3
LGA59799,0,0,0,0,0,0,0,0,0,0,0,0,0,0,0,0,0,0,0,0,0,0,0,0,0,0,0,0,0,0,4,0,0,0,0,0,0,0,0,4,0,0,0,0,0,0,0,0,0,0,0,0,0,0,0,0,0,0,0,0,0,0,0,0,0,0,0,0,0,0,0,0,0,0,0,0,0,0,0,0,0,0,0,0,0,0,0,0,0,0,0,0,0,0,0,0,0,0,0,0,0,0,0,0,0,0,0,0,0,0,0,0,0,0,0,0,0,0,0,0,0,0,0,0,0,0,0,0,0,0,0,0,0,0,0,0,0,0,0,0,0,0,0,0,0,0,0,3,0,0,0,3,0,0,0,0,4,8,7,3,0,0,0,0,0,0,0,27,0,0,0,0,0,0,0,0,0,0,0,0,0,0,0,0,0,0,0,0,0,0,0,0,0,0,0,0,0,0,0,0
