LGA_CODE_2021,Afghanistan_Before_1951,Afghanistan_1951_1960,Afghanistan_1961_1970,Afghanistan_1971_1980,Afghanistan_1981_1990,Afghanistan_1991_2000,Afghanistan_2001_2010,Afghanistan_2011_2015,Afghanistan_2016,Afghanistan_2017,Afghanistan_2018,Afghanistan_2019,Afghanistan_2020,Afghanistan_2021,Afghanistan_Yr_arrival_NS,Afghanistan_Tot,Bangladesh_Before_1951,Bangladesh_1951_1960,Bangladesh_1961_1970,Bangladesh_1971_1980,Bangladesh_1981_1990,Bangladesh_1991_2000,Bangladesh_2001_2010,Bangladesh_2011_2015,Bangladesh_2016,Bangladesh_2017,Bangladesh_2018,Bangladesh_2019,Bangladesh_2020,Bangladesh_2021,Bangladesh_Yr_arrival_NS,Bangladesh_Tot,Canada_Before_1951,Canada_1951_1960,Canada_1961_1970,Canada_1971_1980,Canada_1981_1990,Canada_1991_2000,Canada_2001_2010,Canada_2011_2015,Canada_2016,Canada_2017,Canada_2018,Canada_2019,Canada_2020,Canada_2021,Canada_Yr_arrival_NS,Canada_Tot,China_exc_SARs_Taiw_Bef_1951,China_exc_SARs_Taiwan_51_60,China_exc_SARs_Taiwan_61_70,China_exc_SARs_Taiwan_71_80,China_exc_SARs_Taiwan_81_90,China_exc_SARs_Taiwan_91_00,China_exc_SARs_Taiwan_01_10,China_exc_SARs_Taiwan_11_15,China_exc_SARs_Taiwan_2016,China_exc_SARs_Taiwan_2017,China_exc_SARs_Taiwan_2018,China_exc_SARs_Taiwan_2019,China_exc_SARs_Taiwan_2020,China_exc_SARs_Taiwan_2021,China_exc_SARs_Tawan_arr_ns,China_exc_SARs_Taiwan_Tot,Croatia_Before_1951,Croatia_1951_1960,Croatia_1961_1970,Croatia_1971_1980,Croatia_1981_1990,Croatia_1991_2000,Croatia_2001_2010,Croatia_2011_2015,Croatia_2016,Croatia_2017,Croatia_2018,Croatia_2019,Croatia_2020,Croatia_2021,Croatia_Yr_arrival_NS,Croatia_Tot,Egypt_Before_1951,Egypt_1951_1960,Egypt_1961_1970,Egypt_1971_1980,Egypt_1981_1990,Egypt_1991_2000,Egypt_2001_2010,Egypt_2011_2015,Egypt_2016,Egypt_2017,Egypt_2018,Egypt_2019,Egypt_2020,Egypt_2021,Egypt_Yr_arrival_NS,Egypt_Tot,Fiji_Before_1951,Fiji_1951_1960,Fiji_1961_1970,Fiji_1971_1980,Fiji_1981_1990,Fiji_1991_2000,Fiji_2001_2010,Fiji_2011_2015,Fiji_2016,Fiji_2017,Fiji_2018,Fiji_2019,Fiji_2020,Fiji_2021,Fiji_Yr_arrival_NS,Fiji_Tot,Germany_Before_1951,Germany_1951_1960,Germany_1961_1970,Germany_1971_1980,Germany_1981_1990,Germany_1991_2000,Germany_2001_2010,Germany_2011_2015,Germany_2016,Germany_2017,Germany_2018,Germany_2019,Germany_2020,Germany_2021,Germany_Yr_arrival_NS,Germany_Tot,Greece_Before_1951,Greece_1951_1960,Greece_1961_1970,Greece_1971_1980,Greece_1981_1990,Greece_1991_2000,Greece_2001_2010,Greece_2011_2015,Greece_2016,Greece_2017,Greece_2018,Greece_2019,Greece_2020,Greece_2021,Greece_Yr_arrival_NS,Greece_Tot,Hng_Kng_SAR_China_Bfre_1951,Hng_Kng_SAR_China_1951_1960,Hng_Kng_SAR_China_1961_1970,Hng_Kng_SAR_China_1971_1980,Hng_Kng_SAR_China_1981_1990,Hng_Kng_SAR_China_1991_2000,Hng_Kng_SAR_China_2001_2010,Hng_Kng_SAR_China_2011_2015,Hong_Kong_SAR_China_2016,Hong_Kong_SAR_China_2017,Hong_Kong_SAR_China_2018,Hong_Kong_SAR_China_2019,Hong_Kong_SAR_China_2020,Hong_Kong_SAR_China_2021,Hng_Kng_SAR_Chna_arrival_ns,Hong_Kong_SAR_China_Tot,India_Before_1951,India_1951_1960,India_1961_1970,India_1971_1980,India_1981_1990,India_1991_2000,India_2001_2010,India_2011_2015,India_2016,India_2017,India_2018,India_2019,India_2020,India_2021,India_Yr_arrival_NS,India_Tot,Indonesia_Before_1951,Indonesia_1951_1960,Indonesia_1961_1970,Indonesia_1971_1980,Indonesia_1981_1990,Indonesia_1991_2000,Indonesia_2001_2010,Indonesia_2011_2015,Indonesia_2016,Indonesia_2017,Indonesia_2018,Indonesia_2019,Indonesia_2020,Indonesia_2021,Indonesia_Yr_arrival_ns,Indonesia_Tot,Iran_Before_1951,Iran_1951_1960,Iran_1961_1970,Iran_1971_1980,Iran_1981_1990,Iran_1991_2000,Iran_2001_2010,Iran_2011_2015
LGA50080,0,0,0,0,0,0,0,0,0,0,0,0,0,0,3,3,0,0,0,0,0,0,0,0,0,0,0,0,0,0,0,4,0,0,8,18,14,17,19,18,11,0,0,10,13,0,3,128,0,0,0,0,3,5,25,18,0,0,8,11,0,0,6,83,0,3,0,3,0,0,0,0,0,0,0,0,0,0,0,12,0,0,4,5,0,0,0,0,0,0,0,0,0,0,0,4,0,0,0,4,0,0,0,0,0,0,0,0,0,7,0,17,47,38,19,14,20,15,35,4,3,6,3,0,0,0,12,220,0,0,3,0,3,0,0,0,0,0,0,0,0,0,0,5,0,0,5,0,0,3,0,4,0,0,0,0,0,0,5,25,0,0,16,5,4,10,41,38,5,0,4,3,4,0,4,136,0,0,0,0,5,4,14,13,0,6,7,7,0,0,4,73,0,0,0,0,12,0,0,0
LGA50210,0,0,0,0,5,9,84,87,9,8,6,0,4,0,7,236,0,0,0,0,9,4,49,38,4,0,0,0,0,0,0,100,0,0,8,15,28,28,32,26,9,0,3,9,0,7,0,159,0,0,0,4,14,24,343,175,26,10,21,30,3,4,12,678,0,4,12,4,0,16,10,0,0,0,0,0,0,0,0,53,0,0,3,0,0,0,19,24,4,0,0,0,0,0,0,67,0,0,0,0,14,0,21,8,0,4,0,3,0,0,0,54,35,45,38,31,65,27,37,22,0,4,0,0,0,0,8,321,0,7,3,0,0,0,0,0,0,0,0,0,0,0,0,10,0,0,6,3,16,15,59,26,6,3,7,0,3,0,4,142,4,5,66,68,68,90,2177,1968,280,200,220,263,92,26,57,5582,0,3,0,12,20,122,213,124,13,17,23,11,25,3,3,590,0,0,0,0,13,8,37,48
LGA50250,0,0,0,0,0,0,3,0,0,0,0,0,0,0,0,3,0,0,0,0,0,0,0,0,0,0,0,0,0,0,0,0,0,0,0,0,0,0,3,12,4,0,3,0,0,0,0,18,0,0,0,0,0,0,7,7,0,0,0,0,0,0,0,17,0,0,0,0,0,0,0,0,0,0,0,0,0,0,0,6,0,0,0,0,0,0,0,0,0,0,0,0,0,0,0,0,0,0,0,0,5,0,0,0,0,0,0,0,0,0,0,4,0,0,0,0,0,3,3,0,0,0,0,4,0,0,0,7,0,0,0,0,0,0,0,0,0,0,0,0,0,0,0,0,0,0,0,0,0,0,4,0,0,0,0,0,0,0,0,0,0,0,3,0,0,3,23,5,0,0,0,4,0,0,0,37,0,0,0,0,0,4,14,7,3,11,0,5,0,3,0,46,0,0,0,0,0,0,4,0
LGA50280,0,0,0,0,0,0,0,0,0,0,0,0,0,0,0,0,0,0,0,0,0,0,0,0,0,0,0,0,0,0,0,0,0,0,5,14,9,16,17,12,4,0,6,4,0,0,0,81,0,0,0,0,0,0,7,7,0,0,0,0,0,0,6,16,0,0,0,0,0,0,0,0,0,0,0,0,0,0,0,0,0,0,0,0,0,0,0,0,0,0,0,0,0,0,0,0,0,0,0,0,3,0,0,0,0,0,0,0,0,0,0,3,9,9,5,8,30,10,36,16,0,0,0,5,4,0,8,148,0,0,0,0,0,0,0,3,0,0,0,0,0,0,0,3,0,0,3,0,0,0,0,7,0,0,0,0,0,0,0,12,4,0,6,0,0,0,6,8,4,0,0,4,0,0,0,35,0,3,0,0,0,0,7,10,4,6,0,0,6,0,0,39,0,0,0,0,0,0,0,0
LGA50350,0,0,0,0,0,0,0,0,0,0,0,0,0,0,0,3,0,0,0,9,0,0,0,0,0,0,0,0,0,0,0,7,0,0,0,4,5,5,10,5,0,0,0,3,0,0,0,34,0,0,0,6,10,13,47,24,0,3,6,4,0,0,3,114,0,6,22,4,9,8,7,0,0,0,0,0,0,0,0,53,3,0,9,0,0,0,6,0,0,0,0,0,0,0,0,15,0,0,0,0,8,0,0,0,0,0,0,0,0,0,0,4,16,9,8,3,7,4,18,6,0,0,0,0,0,0,0,72,0,0,5,3,0,0,0,0,0,0,0,0,0,0,0,9,0,0,0,6,7,5,3,0,0,0,0,0,0,0,0,25,8,0,42,28,13,20,58,56,13,13,10,10,3,7,6,280,0,0,0,0,5,6,13,6,0,0,0,5,5,0,0,47,0,0,0,0,0,0,4,0
LGA50420,0,0,0,0,5,8,33,19,6,5,0,6,0,0,0,77,0,0,4,11,9,4,23,17,6,3,5,4,0,0,0,84,0,0,11,23,19,36,41,29,6,10,0,9,0,0,4,191,0,0,4,20,97,112,499,295,61,55,43,67,30,0,35,1320,4,18,56,17,12,46,7,5,0,0,0,0,0,0,7,164,6,3,9,3,10,0,18,6,0,0,0,0,0,0,0,63,0,0,0,3,9,4,3,4,0,0,0,0,0,0,4,33,62,48,18,30,64,23,48,27,8,4,6,4,0,3,0,346,4,52,71,20,7,3,7,22,0,0,0,3,0,0,4,199,0,0,6,17,49,76,81,63,3,4,9,8,10,0,4,321,24,15,185,206,123,105,563,485,124,97,131,141,36,5,44,2294,3,3,0,7,30,83,97,61,11,9,16,11,15,0,5,344,0,0,0,0,31,29,58,96
LGA50490,0,0,0,0,3,19,73,112,16,3,11,7,10,3,3,263,0,0,0,0,0,9,104,78,15,8,16,11,4,0,0,250,0,0,4,8,4,8,5,24,0,4,5,7,3,0,0,74,0,0,6,7,53,82,447,200,60,49,47,58,15,0,29,1054,3,10,21,7,0,11,0,8,0,0,0,0,0,0,6,64,5,0,9,0,0,8,18,13,5,3,0,0,0,0,4,65,0,0,0,4,7,3,11,0,0,0,3,0,0,0,4,37,32,18,13,17,18,13,23,15,0,0,0,0,0,0,0,160,0,4,9,3,4,0,0,0,0,0,0,0,0,0,0,23,0,0,7,6,30,24,71,51,3,4,11,9,5,0,4,222,12,0,72,57,52,66,370,315,94,81,130,141,47,7,23,1459,0,0,0,7,23,84,101,59,9,15,12,15,26,0,8,363,0,0,0,0,4,16,21,56
LGA50560,0,0,0,0,0,0,0,0,0,0,0,0,0,0,0,0,0,0,0,0,0,0,0,0,0,0,0,0,0,0,0,0,0,0,0,0,0,0,0,0,0,0,0,0,0,0,0,0,0,0,0,0,0,0,0,0,0,0,0,0,0,0,0,0,0,0,0,0,0,0,0,0,0,0,0,0,0,0,0,0,0,0,0,0,0,0,0,0,0,0,0,0,0,0,0,0,0,0,0,0,0,0,0,0,0,0,0,0,0,0,0,0,0,0,0,0,3,0,0,0,0,0,0,0,0,0,0,11,0,0,0,0,0,0,0,0,0,0,0,0,0,0,0,0,0,0,0,0,0,0,0,0,0,0,0,0,0,0,0,0,0,0,5,0,0,0,3,4,0,0,0,0,0,0,0,7,0,0,0,0,0,0,0,0,0,0,0,0,0,0,0,0,0,0,0,0,0,0,0,0
LGA50630,0,0,0,0,0,0,0,0,0,0,0,0,0,0,0,0,0,0,0,0,0,0,0,0,0,0,0,0,0,0,0,0,0,0,0,0,0,0,0,0,0,0,0,0,0,0,0,5,0,0,0,0,0,0,0,0,0,0,0,0,0,0,0,0,0,0,0,0,0,0,0,0,0,0,0,0,0,0,0,0,0,0,0,0,0,0,0,0,0,0,0,0,0,0,0,0,0,0,0,0,0,0,0,0,0,0,0,0,0,0,0,0,0,0,0,0,0,0,0,0,0,0,0,0,0,0,0,3,0,0,0,0,0,0,0,0,0,0,0,0,0,0,0,0,0,0,0,0,0,0,0,0,0,0,0,0,0,0,0,0,0,0,0,0,0,0,0,3,0,0,0,0,0,0,5,7,0,0,0,0,0,0,0,4,0,0,0,0,0,0,0,6,0,0,0,0,0,0,0,0
LGA50770,0,0,0,0,0,0,0,0,0,0,0,0,0,0,0,0,0,0,0,0,0,0,0,0,0,0,0,0,0,0,0,0,0,0,0,0,0,0,0,0,0,0,0,0,0,0,0,3,0,0,0,0,0,0,0,0,0,0,0,0,0,0,0,0,0,0,0,0,0,0,0,0,0,0,0,0,0,0,0,0,0,0,0,0,0,0,0,0,0,0,0,0,0,0,0,0,0,0,0,0,0,0,0,0,0,0,0,0,0,0,0,0,3,0,0,0,0,0,3,4,0,0,0,0,0,0,0,11,0,0,0,0,0,0,0,0,0,0,0,0,0,0,0,0,0,0,0,0,0,0,0,0,0,0,0,0,0,0,0,0,0,0,0,0,0,0,4,0,0,0,0,0,0,0,0,5,0,0,0,0,0,0,0,0,0,0,0,0,0,0,0,0,0,0,0,0,0,0,0,0
LGA50840,0,0,0,0,0,0,0,0,0,0,0,0,0,0,0,0,0,0,0,0,0,0,0,0,0,0,0,0,0,0,0,0,0,0,0,3,0,0,0,0,0,0,0,0,0,0,0,16,0,0,0,0,0,0,0,0,0,0,0,0,0,0,0,0,0,0,0,0,0,0,0,0,0,0,0,0,0,0,0,0,0,0,0,0,0,0,0,0,0,0,0,0,0,0,0,0,0,0,0,0,0,0,0,0,0,0,0,0,0,0,0,0,4,0,3,4,3,5,6,5,0,0,0,0,0,0,0,28,0,0,0,0,0,0,0,0,0,0,0,0,0,0,0,0,0,0,3,0,0,0,0,0,0,0,0,0,0,0,0,3,0,0,0,0,0,5,0,0,0,0,0,0,0,0,0,5,0,0,0,0,3,0,0,0,0,0,0,0,0,0,0,3,0,0,0,0,0,0,0,0
LGA50910,0,0,0,0,0,0,0,0,0,0,0,0,0,0,0,0,0,0,0,0,0,0,0,0,0,0,0,0,0,0,0,0,0,0,0,0,0,0,0,0,0,0,0,0,0,0,0,0,0,0,0,0,0,0,0,0,0,0,0,0,0,0,0,0,0,0,0,0,0,0,0,0,0,0,0,0,0,0,0,0,0,0,0,0,0,0,0,0,0,0,0,0,0,0,0,0,0,0,0,0,0,0,0,0,0,0,0,0,0,0,0,0,0,0,0,0,0,0,0,0,0,0,0,0,0,0,0,0,0,0,0,0,0,0,0,0,0,0,0,0,0,0,0,0,0,0,0,0,0,0,0,0,0,0,0,0,0,0,0,0,0,0,0,0,0,0,0,6,0,0,0,0,0,0,0,3,0,0,0,0,0,0,0,0,0,0,0,0,0,0,0,0,0,0,0,0,0,0,0,0
LGA50980,0,0,0,0,0,0,0,0,0,0,0,0,0,0,0,0,0,0,0,0,0,0,0,0,0,0,0,0,0,0,0,5,0,0,0,6,0,0,10,0,0,3,0,5,0,0,0,31,0,0,0,3,0,0,3,9,0,4,9,41,7,0,0,89,0,0,0,0,0,0,0,0,0,0,0,0,0,0,0,6,0,0,0,0,0,0,0,0,0,0,0,0,0,0,0,6,0,0,0,0,0,0,0,0,0,0,0,0,0,7,0,9,4,9,3,5,7,13,23,14,0,5,0,8,3,0,4,95,0,0,0,0,0,0,0,0,0,0,0,0,0,0,0,0,0,0,0,4,0,3,0,3,0,0,0,0,0,0,0,18,0,3,0,0,0,0,20,19,6,3,0,5,3,0,0,71,0,0,0,0,0,3,11,3,0,0,0,5,3,0,0,26,0,0,0,0,0,0,0,0
LGA51080,0,0,0,0,0,0,0,0,0,0,0,0,0,0,0,0,0,0,0,0,0,0,0,0,0,0,0,0,0,0,0,0,0,0,0,0,0,0,0,0,0,0,0,0,0,0,0,0,0,0,0,0,0,0,0,0,0,0,0,0,0,0,0,0,0,0,0,0,0,0,0,0,0,0,0,0,0,0,0,0,0,0,0,0,0,0,0,0,0,0,0,0,0,0,0,0,0,0,0,0,0,0,0,0,0,0,0,0,0,0,0,0,0,0,0,0,0,0,0,0,0,0,0,0,0,0,0,5,0,0,0,0,0,0,0,0,0,0,0,0,0,0,0,0,0,0,0,0,0,0,0,0,0,0,0,0,0,0,0,0,0,0,0,0,0,0,0,0,0,0,0,0,0,0,0,0,0,0,0,0,0,0,0,0,0,0,0,0,0,0,0,0,0,0,0,0,0,0,0,0
LGA51120,0,0,0,0,0,0,0,0,0,0,0,0,0,0,0,0,0,0,0,0,0,0,0,0,0,0,0,0,0,0,0,0,0,0,0,0,0,0,0,0,0,0,0,0,0,0,0,0,0,0,0,0,0,0,0,0,0,0,0,0,0,0,0,0,0,0,0,0,0,0,0,0,0,0,0,0,0,0,0,0,0,0,0,0,0,0,0,0,0,0,0,0,0,0,0,0,0,0,0,0,0,0,0,0,0,0,0,0,0,0,0,0,4,0,0,0,0,0,0,0,0,0,0,0,0,0,0,7,0,0,0,0,0,0,0,0,0,0,0,0,0,0,0,0,0,0,0,0,0,0,0,0,0,0,0,0,0,0,0,0,0,0,0,0,0,0,0,0,0,0,0,0,0,0,0,0,0,0,0,0,0,0,0,0,0,0,0,0,0,0,0,0,0,0,0,0,0,0,0,0
LGA51190,0,0,0,0,0,0,0,0,0,0,0,0,0,0,0,3,0,0,0,0,0,0,0,3,0,0,3,4,0,0,0,9,0,0,4,5,9,12,9,8,0,0,6,0,0,0,3,63,0,0,0,0,0,4,37,22,6,12,10,9,0,0,0,102,0,9,10,0,0,0,0,0,0,0,0,0,0,0,0,16,0,0,0,0,0,0,0,0,0,0,0,5,0,0,0,7,0,0,0,4,0,0,0,0,0,0,0,0,0,0,0,9,39,16,17,5,8,9,16,7,0,0,4,4,0,0,6,120,0,8,7,0,0,0,0,0,0,5,0,0,0,0,0,20,0,0,0,0,4,0,5,9,0,3,0,3,5,0,0,33,3,0,6,6,5,4,67,86,17,10,21,13,3,0,6,255,0,0,0,3,5,7,18,15,13,5,3,3,0,0,3,81,0,0,0,0,0,0,0,9
LGA51260,0,0,0,0,0,0,10,35,0,0,5,7,0,3,0,64,0,0,0,0,0,0,0,0,0,0,0,0,0,0,0,0,0,0,5,14,8,17,33,11,0,0,0,4,0,3,0,110,3,0,0,0,0,4,9,9,0,3,4,6,0,0,3,50,0,0,5,0,0,0,0,0,0,0,0,0,0,0,0,10,0,0,0,3,0,0,6,0,0,0,0,0,0,0,0,11,0,3,0,0,0,0,0,0,0,0,0,0,0,0,0,13,23,16,13,8,27,21,44,25,11,5,5,7,5,0,7,222,0,3,6,0,0,0,0,0,0,0,0,0,0,0,0,4,0,0,0,6,0,0,3,3,0,0,0,0,0,0,0,19,7,0,24,5,3,7,39,35,9,6,14,9,0,0,5,164,0,0,0,0,5,10,22,17,0,4,10,0,6,0,7,75,0,0,0,0,0,0,0,0
LGA51310,0,0,0,0,3,0,0,0,0,0,0,0,0,0,0,3,0,0,0,0,3,0,4,3,0,0,0,0,0,0,0,15,0,0,8,16,23,23,30,30,4,3,11,3,13,4,3,165,3,0,4,9,24,37,138,96,12,17,13,25,15,0,6,391,0,4,5,8,0,5,0,0,0,0,0,0,0,0,0,29,6,5,4,0,0,4,8,0,0,3,4,0,0,0,3,41,0,0,0,0,8,0,0,0,0,0,0,0,0,0,0,10,18,17,9,9,14,15,36,7,8,3,6,6,3,0,5,164,8,16,9,6,0,0,0,6,0,0,0,0,0,0,0,53,0,0,0,13,20,11,21,14,0,0,0,8,5,5,0,104,8,7,31,19,29,32,147,64,10,17,13,17,10,4,0,406,0,5,0,0,3,21,17,8,0,5,0,4,13,0,5,88,0,0,0,7,16,12,21,21
LGA51330,0,0,0,0,9,25,78,47,10,4,7,20,6,19,5,228,0,0,0,0,7,21,162,112,9,17,20,15,6,0,9,388,0,0,12,22,18,20,42,14,0,3,4,4,5,0,6,141,0,3,8,17,178,286,1769,1141,262,276,209,247,86,8,96,4599,0,4,22,7,5,21,4,0,0,0,0,0,0,0,3,70,0,11,4,6,6,12,28,41,14,17,7,0,0,4,0,153,0,4,5,7,5,3,0,0,0,0,0,0,0,4,3,31,38,31,25,22,54,25,40,11,3,5,8,5,0,0,6,273,0,9,7,4,4,0,3,12,0,0,0,0,0,0,0,39,0,0,10,37,120,116,169,173,43,38,48,37,34,11,21,855,21,16,130,143,158,299,2252,1780,526,392,671,776,241,38,128,7570,0,5,13,32,91,361,639,283,52,68,50,82,58,10,36,1774,0,0,0,8,28,44,111,121
LGA51400,0,0,0,0,0,0,0,0,0,0,0,0,0,0,0,0,0,0,0,0,0,0,0,15,0,6,0,0,0,0,0,21,0,0,5,6,4,3,15,6,0,0,8,0,0,0,0,49,0,0,0,0,0,0,0,9,6,0,0,0,0,0,0,17,0,0,0,0,0,0,0,0,0,0,0,0,0,0,0,3,0,0,0,0,0,0,0,4,0,0,0,7,0,0,0,13,0,0,0,0,0,0,0,0,0,0,0,0,0,0,0,0,10,9,3,10,18,0,11,0,0,0,0,0,0,0,0,67,0,0,0,0,0,0,0,0,0,0,0,0,0,0,0,0,0,0,3,0,0,0,0,0,4,0,0,0,0,0,0,5,0,0,5,3,0,6,25,43,4,10,10,14,4,0,0,127,0,0,3,0,0,5,7,9,0,0,0,0,3,0,0,19,0,0,0,0,0,0,0,5
LGA51470,0,0,0,0,0,0,0,0,0,0,0,0,0,0,0,0,0,0,0,0,0,0,0,0,0,0,0,0,0,0,0,0,0,0,0,0,0,0,0,0,0,0,0,0,0,0,0,0,0,0,0,0,0,0,0,0,0,0,0,0,0,0,0,0,0,0,0,0,0,0,0,0,0,0,0,0,0,0,0,0,0,0,0,0,0,0,0,0,0,0,0,0,0,0,0,0,0,0,0,0,0,0,0,0,0,0,0,0,0,0,0,0,0,0,0,0,0,0,0,0,0,0,0,0,0,0,0,4,0,0,0,0,0,0,0,0,0,0,0,0,0,0,0,0,0,0,0,0,0,0,0,0,0,0,0,0,0,0,0,0,0,0,0,0,0,0,0,3,0,0,0,0,0,0,0,3,0,0,0,0,0,0,0,0,0,0,0,0,0,0,0,0,0,0,0,0,0,0,0,0
LGA51540,0,0,0,0,0,0,0,0,0,0,0,0,0,0,0,0,0,0,0,0,0,0,0,0,0,0,0,0,0,0,0,0,0,0,0,0,0,0,3,5,0,0,0,0,0,0,0,11,0,0,0,0,0,0,0,0,0,0,0,9,0,0,0,11,0,6,12,4,3,0,5,4,0,0,0,0,0,0,5,33,0,0,0,0,0,0,0,0,0,0,0,0,0,0,0,0,0,0,0,0,0,0,4,0,0,0,0,0,0,0,0,6,5,3,0,3,0,0,0,4,0,0,0,3,0,0,4,21,0,0,0,0,0,0,0,0,0,0,0,0,0,0,0,0,0,0,0,0,0,0,0,5,0,0,0,0,0,0,0,3,0,0,0,0,0,0,11,5,0,0,0,0,4,0,0,24,0,0,0,0,0,0,0,0,0,0,0,0,0,0,0,4,0,0,0,0,0,0,0,0
LGA51610,0,0,0,0,0,0,0,0,0,0,0,0,0,0,0,0,0,0,0,0,0,0,0,0,0,0,0,0,0,0,0,0,0,0,0,0,0,0,0,0,0,0,0,0,0,0,0,5,0,0,0,0,0,0,0,0,0,0,0,0,0,0,0,0,0,0,0,0,0,0,0,0,0,0,0,0,0,0,0,0,0,0,0,0,0,0,0,0,0,0,0,0,0,0,0,0,0,0,0,0,0,0,0,0,0,0,0,0,0,0,0,0,0,0,0,0,4,0,7,0,0,0,0,0,0,0,0,15,0,0,0,0,0,0,0,0,0,0,0,0,0,0,0,0,0,0,0,0,0,0,0,0,0,0,0,0,0,0,0,0,0,0,0,0,0,0,0,0,0,0,0,0,0,0,0,0,0,0,0,0,0,0,0,0,0,0,0,0,0,0,0,0,0,0,0,0,0,0,0,0
LGA51680,0,0,0,0,0,0,0,0,0,0,0,0,0,0,0,0,0,0,0,0,0,0,0,0,0,0,0,0,0,0,0,0,0,0,0,5,0,0,0,0,3,0,0,0,0,0,0,11,0,0,0,0,0,0,0,6,0,0,0,0,0,0,0,8,0,4,0,0,0,4,0,0,0,0,0,0,0,0,0,7,0,0,0,0,0,0,0,0,0,0,0,0,0,0,0,0,0,0,0,0,0,0,0,0,0,0,0,0,0,0,0,0,4,0,0,8,11,0,0,0,0,0,0,0,0,0,0,23,0,0,0,0,0,0,0,0,0,0,0,0,0,0,0,0,0,0,0,0,0,0,0,0,0,0,0,0,0,0,0,3,0,0,4,0,0,0,0,6,0,0,0,3,0,0,0,22,0,0,0,0,0,0,0,0,0,0,0,0,0,0,0,0,0,0,0,0,0,0,0,0
LGA51710,0,0,0,0,0,0,0,0,0,0,0,0,0,0,4,4,0,0,0,0,0,0,0,0,0,0,0,0,0,0,0,0,0,0,0,0,0,0,0,0,0,0,0,0,0,0,0,0,0,0,0,0,0,0,0,3,0,0,0,0,0,0,3,8,0,0,0,0,0,0,0,0,0,0,0,0,0,0,0,0,0,0,0,0,0,0,0,0,0,0,0,0,0,0,0,0,0,0,0,0,0,0,0,0,0,0,0,0,0,0,8,8,0,0,0,0,0,0,0,0,0,0,0,0,0,0,0,3,0,0,0,0,0,0,0,0,0,0,0,0,0,0,0,0,0,0,0,0,0,0,0,0,0,0,0,0,0,0,0,0,0,0,0,0,0,0,8,0,0,0,0,0,0,0,9,22,0,0,0,0,0,6,6,4,0,0,3,0,0,0,0,17,0,0,0,0,0,0,0,0
LGA51750,0,0,0,0,0,0,0,0,0,0,0,0,0,0,0,0,0,0,0,0,0,0,4,0,0,0,0,5,0,0,0,3,0,0,3,9,10,12,18,4,0,0,0,10,0,0,0,66,0,0,3,0,3,25,48,62,12,15,33,52,6,3,6,276,0,0,0,0,0,3,0,0,0,0,0,0,0,0,0,9,0,0,0,0,0,0,0,0,0,0,0,0,0,0,0,7,0,0,0,0,0,0,0,0,0,0,0,0,0,0,0,4,8,5,0,0,13,7,15,3,0,0,5,0,0,0,0,59,0,4,0,0,0,0,0,0,0,0,0,0,0,0,0,6,0,0,0,5,9,6,12,4,5,4,8,3,3,0,0,61,4,0,6,8,6,4,21,22,0,3,10,4,10,0,0,104,4,4,0,0,0,6,5,5,0,6,3,0,0,0,0,29,0,0,0,3,11,6,6,10
LGA51820,0,0,0,0,0,10,17,6,5,0,0,0,0,0,0,40,0,0,0,0,7,14,55,26,6,5,13,3,4,0,0,129,0,3,10,20,27,45,73,49,8,9,12,16,15,7,3,301,0,0,4,3,58,87,775,406,41,53,23,82,20,3,16,1580,10,119,351,122,83,199,111,17,0,0,0,5,0,0,47,1076,7,13,23,5,8,10,4,8,0,6,5,0,0,0,0,97,0,0,3,7,8,9,10,9,3,0,3,0,0,0,3,53,40,28,32,33,70,60,137,91,4,15,9,17,0,0,9,558,0,0,12,7,0,0,0,4,0,0,0,0,0,0,0,30,0,0,5,32,31,61,65,64,11,12,8,18,3,4,0,318,10,5,74,69,88,133,835,609,70,84,115,104,38,9,36,2293,0,0,5,15,72,204,239,112,27,18,12,14,26,3,20,759,0,0,0,0,29,25,105,152
LGA51860,0,0,0,0,0,0,0,0,0,0,0,0,0,0,0,0,0,0,0,0,0,0,0,0,0,0,0,0,0,0,0,0,0,0,0,0,0,0,0,0,0,0,0,0,0,0,0,0,0,0,0,0,0,0,0,0,0,0,0,0,0,0,0,0,0,0,0,0,0,0,0,0,0,0,0,0,0,0,0,0,0,0,0,0,0,0,0,0,0,0,0,0,0,0,0,0,0,0,0,0,0,0,0,0,0,0,0,0,0,0,0,0,0,0,0,0,0,0,0,0,0,0,0,0,0,0,0,0,0,0,0,0,0,0,0,0,0,0,0,0,0,0,0,0,0,0,0,0,0,0,0,0,0,0,0,0,0,0,0,0,0,0,0,0,0,0,0,0,0,0,0,0,0,0,0,0,0,0,0,0,0,0,0,0,0,0,0,0,0,0,0,0,0,0,0,0,0,0,0,0
LGA51890,0,0,0,0,0,0,0,0,0,0,0,0,0,0,0,0,0,0,0,0,0,0,0,0,0,0,0,0,0,0,0,0,0,0,0,4,0,0,0,0,0,0,0,0,0,0,0,6,0,0,0,0,6,0,0,5,0,0,0,0,0,0,0,7,0,0,0,0,0,0,0,0,0,0,0,0,0,0,0,0,0,0,0,0,0,0,0,0,0,0,0,0,0,0,0,0,0,0,0,0,0,0,0,0,0,0,0,0,0,0,0,0,27,4,4,0,3,0,3,0,0,0,0,0,0,0,0,46,0,0,0,0,0,0,0,0,0,0,0,0,0,0,0,0,0,0,0,0,0,0,0,0,0,0,0,0,0,0,0,0,0,0,9,4,0,0,0,0,0,0,0,0,0,0,0,14,0,6,0,0,0,0,0,4,4,0,0,0,0,0,0,15,0,0,0,0,0,0,0,4
LGA51960,0,0,0,0,0,0,4,0,0,0,0,0,0,0,0,4,0,0,0,0,0,0,0,0,0,0,0,0,0,0,0,0,0,0,0,0,0,0,0,0,0,0,0,0,0,0,0,5,0,0,0,0,0,0,0,0,0,0,0,0,0,0,0,5,0,0,0,0,0,0,0,0,0,0,0,0,0,0,0,0,0,0,0,0,0,0,0,0,0,0,0,0,0,0,0,0,0,0,0,0,0,0,0,0,0,0,0,0,0,0,0,0,0,0,0,0,5,0,0,0,0,0,0,0,0,0,0,11,0,0,0,0,0,0,0,0,0,0,0,0,0,0,0,0,0,0,0,0,0,0,0,0,0,0,0,0,0,0,0,0,0,0,0,0,0,0,5,0,0,0,0,0,0,0,0,10,0,0,0,0,0,0,0,4,0,0,0,0,0,0,0,8,0,0,0,0,0,0,0,0
LGA52030,0,0,0,0,0,0,0,0,0,0,0,0,0,0,0,0,0,0,0,0,0,0,0,0,0,0,0,0,0,0,0,0,0,0,0,0,0,0,0,0,0,0,0,0,0,0,0,3,0,0,0,0,0,0,0,0,0,0,0,0,0,0,0,0,0,0,0,0,0,0,0,0,0,0,0,0,0,0,0,0,0,0,0,0,0,0,0,0,0,0,0,0,0,0,0,0,0,0,0,0,0,0,0,0,0,0,0,0,0,0,0,0,0,0,0,0,0,0,0,0,0,0,0,0,0,0,0,0,0,0,0,0,0,0,0,0,0,0,0,0,0,0,0,0,0,0,0,0,0,0,0,0,0,0,0,0,0,0,0,0,0,0,0,0,0,0,0,0,0,0,0,0,0,0,0,0,0,0,0,0,0,0,0,0,0,0,0,0,0,0,0,0,0,0,0,0,0,0,0,0
LGA52100,0,0,0,0,0,0,0,0,0,0,0,0,0,0,0,0,0,0,0,0,0,0,0,0,0,0,0,0,0,0,0,0,0,0,0,0,0,0,0,0,0,0,0,0,0,0,0,0,0,0,0,0,0,0,0,0,0,0,0,0,0,0,0,0,0,0,0,0,0,0,0,0,0,0,0,0,0,0,0,0,0,0,0,0,0,0,0,0,0,0,0,0,0,0,0,0,0,0,0,0,0,0,0,0,0,0,0,0,0,0,0,0,0,0,0,0,0,0,0,0,0,0,0,0,0,0,0,3,0,0,0,0,0,0,0,0,0,0,0,0,0,0,0,0,0,0,0,0,0,0,0,0,0,0,0,0,0,0,0,0,0,0,0,0,0,0,0,0,0,0,0,0,0,0,0,4,0,0,0,0,0,0,0,0,0,0,0,0,0,0,0,5,0,0,0,0,0,0,0,0
LGA52170,0,0,0,0,0,0,0,0,0,0,0,0,0,0,0,0,0,0,0,0,0,0,0,0,0,0,0,0,0,0,0,0,0,0,6,5,3,7,8,11,0,3,0,0,0,0,0,40,0,0,3,0,6,9,6,4,0,0,0,0,0,0,0,30,0,0,7,0,0,0,0,3,0,0,0,0,0,0,0,8,0,0,4,0,0,0,0,0,0,0,0,0,0,0,0,4,0,0,0,0,0,0,0,0,0,0,0,0,0,0,0,0,3,5,6,0,5,0,7,5,0,0,0,5,0,0,0,33,0,0,0,0,0,0,0,0,0,0,0,0,0,0,0,0,0,0,0,0,0,3,11,6,0,0,0,4,0,0,0,21,0,0,3,0,0,4,3,3,0,0,0,0,0,0,0,27,0,5,0,0,0,3,3,0,0,0,3,0,3,0,0,17,0,0,0,0,0,0,0,0
LGA52240,0,0,0,0,0,0,0,0,0,0,0,0,0,0,0,0,0,0,0,0,0,0,0,0,0,0,0,0,0,0,0,0,0,0,0,0,0,0,0,0,0,0,0,0,0,0,0,3,0,0,0,0,0,0,0,0,0,0,0,0,0,0,0,0,0,0,0,0,0,0,0,0,0,0,0,0,0,0,0,0,0,0,0,0,0,0,0,0,0,0,0,0,0,0,0,0,0,0,0,0,0,0,0,0,0,0,0,0,0,0,0,0,0,0,0,0,0,0,0,0,0,0,0,0,0,0,0,4,0,0,0,0,0,0,0,0,0,0,0,0,0,0,0,0,0,0,0,0,0,0,0,0,0,0,0,0,0,0,0,0,0,0,0,0,0,0,0,0,0,0,0,0,0,0,0,4,0,0,0,0,0,0,0,0,0,0,0,0,0,0,0,0,0,0,0,0,0,0,0,0
LGA52310,0,0,0,0,0,0,0,0,0,0,0,0,0,0,0,0,0,0,0,0,0,0,0,0,0,0,0,0,0,0,0,0,0,0,0,0,0,0,4,0,0,0,0,0,0,0,0,0,0,0,0,0,0,0,0,0,0,0,0,0,0,0,0,0,0,0,0,0,0,0,0,0,0,0,0,0,0,0,0,0,0,0,0,0,0,0,0,0,0,0,0,0,0,0,0,0,0,0,0,0,0,0,0,0,0,0,0,0,0,0,0,0,0,0,0,0,4,0,0,0,0,0,0,0,0,0,0,4,0,0,0,0,0,0,0,0,0,0,0,0,0,0,0,0,0,0,0,0,0,0,0,0,0,0,0,0,0,0,0,0,0,0,0,0,0,0,0,0,0,0,0,0,0,0,0,0,0,0,0,0,0,0,0,0,0,0,0,0,0,0,0,0,0,0,0,0,0,0,0,0
LGA52380,0,0,0,0,0,0,0,0,0,0,0,0,0,0,0,0,0,0,0,0,0,0,0,0,0,0,0,0,0,0,0,0,0,0,0,0,0,0,0,0,0,0,0,0,0,0,0,0,0,0,0,0,0,0,0,0,0,0,0,0,0,0,0,0,0,0,0,0,0,0,0,0,0,0,0,0,0,0,0,0,0,0,0,0,0,0,0,0,0,0,0,0,0,0,0,0,0,0,0,0,0,0,0,0,0,0,0,0,0,0,0,0,0,0,0,0,0,0,0,0,0,0,0,0,0,0,0,0,0,0,0,0,0,0,0,0,0,0,0,0,0,0,0,0,0,0,0,0,0,0,0,0,0,0,0,0,0,0,0,0,0,0,0,0,0,0,0,0,0,0,0,0,0,0,0,0,0,0,0,0,0,0,0,0,0,0,0,0,0,0,0,0,0,0,0,0,0,0,0,0
LGA52450,0,0,0,0,0,0,0,0,0,0,0,0,0,0,0,0,0,0,0,0,0,0,0,0,0,0,0,0,0,0,0,0,0,0,0,0,0,0,0,0,0,0,0,0,0,0,0,4,0,0,0,0,0,0,0,0,0,0,0,0,0,0,0,0,0,0,0,0,0,0,0,0,0,0,0,0,0,0,0,0,0,0,0,0,0,0,0,0,0,0,0,0,0,0,0,0,0,0,0,0,0,0,0,0,0,0,0,0,0,0,0,0,0,0,0,0,0,0,0,0,0,0,0,0,0,0,0,3,0,0,0,0,0,0,0,0,0,0,0,0,0,0,0,0,0,0,0,0,0,0,0,0,0,0,0,0,0,0,0,0,0,0,0,0,0,0,0,5,3,0,3,0,0,0,0,7,0,0,0,0,0,0,0,0,0,0,0,0,0,0,0,0,0,0,0,0,0,0,0,0
LGA52520,0,0,0,0,0,0,0,0,0,0,0,0,0,0,0,0,0,0,0,0,0,0,0,0,0,0,0,0,0,0,0,0,0,0,0,0,0,0,0,0,0,0,0,0,0,0,0,0,0,0,0,0,0,0,0,0,0,0,0,0,0,0,0,0,0,0,0,0,0,0,0,0,0,0,0,0,0,0,0,0,0,0,0,0,0,0,0,0,0,0,0,0,0,0,0,0,0,0,0,0,0,0,0,0,0,0,0,0,0,0,0,0,0,0,0,0,0,0,0,0,0,0,0,4,0,0,0,6,0,0,0,0,0,0,0,0,0,0,0,0,0,0,0,0,0,0,0,0,0,0,0,0,0,0,0,0,0,0,0,0,0,0,3,0,0,0,0,0,0,0,0,0,0,0,0,3,0,0,0,0,0,0,0,0,0,0,0,0,0,0,0,0,0,0,0,0,0,0,0,0
LGA52590,0,0,0,0,0,0,0,0,0,0,0,0,0,0,0,0,0,0,0,0,0,0,0,0,0,0,0,0,0,0,0,0,0,0,0,0,0,0,0,0,0,0,0,0,0,0,0,5,0,0,0,0,0,0,0,0,0,0,0,0,0,0,0,0,0,0,0,0,0,0,0,0,0,0,0,0,0,0,0,0,0,0,0,0,0,0,0,0,0,0,0,0,0,0,0,3,0,0,0,0,0,0,0,0,0,0,0,0,9,0,0,5,0,4,0,0,0,0,0,4,0,0,0,0,0,0,0,13,0,0,0,0,0,0,0,0,0,0,0,0,0,0,0,0,0,0,0,0,0,0,0,0,0,0,0,0,0,0,0,0,0,0,0,0,0,0,0,0,0,4,0,0,0,0,0,10,0,0,0,0,0,3,0,0,0,0,3,0,0,0,0,13,0,0,0,0,0,0,0,0
LGA52660,0,0,0,0,0,0,0,0,0,0,0,0,0,0,0,6,0,0,0,0,0,0,0,0,0,0,0,0,0,0,0,0,0,0,0,4,0,0,5,0,0,0,0,0,0,0,0,10,0,0,0,0,0,0,10,10,0,0,4,0,0,0,0,30,0,0,0,0,0,0,0,0,0,0,0,0,0,0,0,3,0,0,0,0,0,0,0,0,0,0,0,0,0,0,0,0,0,0,0,0,0,0,0,0,0,0,0,0,0,0,0,0,6,0,4,4,12,0,4,0,0,0,0,0,0,0,3,38,0,4,0,0,0,0,0,0,0,0,0,0,0,0,0,4,0,0,0,0,0,0,0,0,0,0,3,0,0,0,0,7,3,0,0,0,0,5,32,24,9,3,0,4,0,0,0,84,0,0,0,0,0,0,4,4,0,0,0,5,0,0,0,13,0,0,0,0,0,0,0,10
LGA52730,0,0,0,0,0,0,0,0,0,0,0,0,0,0,0,0,0,0,0,0,0,0,0,0,0,0,0,0,0,0,0,0,0,0,0,3,3,0,0,3,0,0,0,0,0,0,0,20,0,0,0,0,0,0,6,0,0,0,0,0,0,0,0,9,0,0,3,0,0,0,0,0,0,0,0,0,0,0,0,9,0,0,0,0,0,0,0,0,0,0,0,0,0,0,0,0,0,0,0,0,0,0,0,0,0,0,0,0,0,0,0,0,9,9,8,0,12,4,12,0,0,0,0,0,0,0,0,61,0,0,0,0,0,0,0,0,0,0,0,0,0,0,0,0,0,0,0,0,0,0,0,0,0,0,0,0,0,0,0,0,0,0,6,3,0,0,0,0,0,0,0,0,0,0,0,13,0,0,3,0,0,0,3,0,0,4,0,0,0,0,0,18,0,0,0,0,0,0,0,0
LGA52800,0,0,0,0,0,0,0,0,0,0,0,0,0,0,0,0,0,0,0,0,0,0,9,0,0,0,0,0,0,0,0,9,0,0,0,0,0,0,0,0,0,0,0,0,0,0,0,0,0,0,0,0,0,0,0,0,0,0,0,5,0,0,5,9,0,0,0,0,0,0,0,0,0,0,0,0,0,0,0,0,0,0,0,0,0,0,0,0,0,0,0,0,0,0,0,0,0,0,0,0,0,0,0,4,0,0,0,3,0,0,0,14,0,0,0,0,0,0,0,0,0,0,0,0,0,0,0,8,0,0,0,0,0,0,0,0,0,0,0,0,0,0,0,0,0,0,0,0,0,0,0,0,0,0,0,0,0,0,0,0,0,0,0,0,0,0,10,9,0,4,8,0,5,0,0,35,0,0,0,0,0,0,0,0,0,0,0,0,0,0,0,6,0,0,0,0,0,0,0,0
LGA52870,0,0,0,0,0,3,4,4,0,0,0,0,0,0,0,11,0,0,0,0,0,0,0,0,0,0,0,0,0,0,0,0,0,0,0,4,3,0,0,4,0,0,0,0,0,0,0,17,0,0,0,0,0,0,0,0,0,0,0,0,0,0,0,3,0,0,0,0,0,0,0,0,0,0,0,0,0,0,0,0,0,0,0,0,0,0,0,0,0,0,0,0,0,0,0,0,0,0,0,0,0,0,0,0,0,0,0,0,0,0,0,3,5,6,0,5,10,6,7,0,0,0,0,0,0,0,0,32,0,0,0,0,0,0,0,0,0,0,0,0,0,0,0,3,0,0,0,0,0,0,0,5,0,0,0,0,0,0,0,0,0,3,0,0,0,0,6,0,0,0,0,0,0,0,0,12,0,0,0,0,0,0,0,0,0,0,0,0,0,0,0,7,0,0,0,0,0,0,0,0
LGA52940,0,0,0,0,0,0,0,0,0,0,0,0,0,0,0,0,0,0,0,0,0,0,0,0,0,0,0,0,0,0,0,0,0,0,0,0,0,0,0,0,0,0,0,0,0,0,0,0,0,0,0,0,0,0,0,0,0,0,0,0,0,0,0,0,0,0,0,0,0,0,0,0,0,0,0,0,0,0,0,0,0,0,0,0,0,0,0,0,0,0,0,0,0,0,0,0,0,0,0,0,0,0,0,0,0,0,0,0,0,0,0,0,0,0,0,0,0,0,0,0,0,0,0,0,0,0,0,0,0,0,0,0,0,0,0,0,0,0,0,0,0,0,0,0,0,0,0,0,0,0,0,0,0,0,0,0,0,0,0,0,0,0,0,0,0,0,0,0,0,0,0,0,0,0,0,0,0,0,0,0,0,0,0,0,0,0,0,0,0,0,0,0,0,0,0,0,0,0,0,0
LGA53010,0,0,0,0,0,0,0,0,0,0,0,0,0,0,0,0,0,0,0,0,0,0,0,0,0,0,0,0,0,0,0,0,0,0,0,0,0,0,0,0,0,0,0,0,0,0,0,0,0,0,0,0,0,0,0,0,0,0,0,0,0,0,0,0,0,0,0,0,0,0,0,0,0,0,0,0,0,0,0,0,0,0,0,0,0,0,0,0,0,0,0,0,0,0,0,0,0,0,0,0,0,0,0,0,0,0,0,0,0,0,0,0,0,0,0,3,0,0,0,0,0,0,0,0,0,0,0,3,0,0,0,0,0,0,0,0,0,0,0,0,0,0,0,0,0,0,0,0,0,0,0,0,0,0,0,0,0,0,0,0,0,0,0,0,0,0,0,0,0,0,0,0,0,0,0,0,0,0,0,0,0,0,0,0,0,0,0,0,0,0,0,0,0,0,0,0,0,0,0,0
LGA53080,0,0,0,0,0,0,3,0,0,0,0,0,0,0,0,3,0,0,0,0,0,0,0,0,0,0,0,0,0,0,0,0,0,0,0,0,0,0,0,0,0,0,0,0,0,0,0,0,0,0,0,0,0,0,0,0,0,0,0,0,0,0,0,0,0,0,3,0,0,0,0,0,0,0,0,0,0,0,0,3,0,0,0,0,0,0,0,0,0,0,0,0,0,0,0,0,0,0,0,0,0,0,0,0,0,0,0,0,0,0,0,0,0,3,0,0,0,0,0,0,0,0,0,0,0,0,0,6,0,0,0,0,0,0,0,0,0,0,0,0,0,0,0,0,0,0,0,0,0,0,0,0,0,0,0,0,0,0,0,0,0,0,0,0,0,0,0,0,0,0,0,0,0,0,0,0,0,0,0,0,0,0,0,0,0,0,0,0,0,0,0,0,0,0,0,0,0,0,0,0
LGA53150,0,0,0,0,0,0,0,0,0,0,0,0,0,0,0,0,0,0,0,0,0,0,0,0,0,0,0,0,0,0,0,0,0,0,0,5,5,4,6,5,0,6,0,0,0,4,0,36,0,0,0,0,0,0,10,4,0,0,0,0,0,0,0,13,0,3,0,0,3,0,0,0,0,0,0,0,0,0,3,20,0,0,0,0,0,0,0,0,0,0,0,0,0,0,0,7,0,0,0,0,0,0,0,0,0,0,0,0,0,0,0,3,7,4,8,0,7,3,17,5,0,0,0,0,0,0,0,50,0,0,0,0,0,0,0,0,0,0,0,0,0,0,0,0,0,0,5,0,4,0,0,6,3,0,0,0,0,0,0,7,0,0,7,0,0,0,5,0,0,0,6,0,0,0,0,23,0,0,0,0,0,0,0,0,0,0,0,0,0,0,3,11,0,0,0,0,10,0,4,0
LGA53220,0,0,0,0,0,0,0,3,0,0,0,0,0,0,0,3,0,0,0,0,0,0,0,5,0,0,0,0,0,0,0,9,0,0,0,0,5,0,5,6,0,0,0,0,0,0,0,12,0,0,0,0,0,4,7,5,0,0,0,10,0,0,0,38,0,0,3,0,0,0,0,0,0,0,0,0,0,0,0,6,0,0,0,0,0,0,0,0,0,0,0,0,0,0,0,0,0,0,0,0,6,6,5,5,0,0,0,0,0,0,0,18,0,3,0,0,0,4,0,0,0,0,0,0,0,0,0,8,0,0,0,0,0,0,0,0,0,0,0,0,0,0,0,0,0,0,0,0,0,0,0,0,0,0,0,0,0,0,0,5,0,0,0,0,0,0,29,24,3,0,0,5,0,0,4,70,0,0,0,0,4,10,8,3,0,3,0,3,0,0,0,33,0,0,0,0,0,0,5,0
LGA53290,0,0,0,0,0,0,0,0,0,0,0,0,0,0,0,0,0,0,0,0,0,0,5,0,0,0,0,0,0,0,0,9,0,0,0,4,0,8,7,4,0,0,0,0,0,0,0,23,0,0,0,0,0,0,0,3,0,0,0,0,0,0,0,9,0,0,0,0,0,0,0,0,0,0,0,0,0,0,0,0,0,0,0,0,0,0,0,0,0,0,0,0,0,0,0,0,0,0,0,0,0,0,0,0,0,0,0,0,0,0,0,5,5,12,8,0,9,7,9,3,3,0,0,0,0,0,0,69,0,0,0,0,0,0,0,0,0,0,0,0,0,0,0,3,0,0,0,0,0,0,3,0,0,0,0,0,0,0,0,18,0,0,0,0,0,0,6,7,5,0,0,0,0,0,0,25,0,0,0,0,0,0,5,0,0,0,5,3,0,0,0,18,0,0,0,0,0,0,0,0
LGA53360,0,0,0,0,0,0,0,0,0,0,0,0,0,0,0,0,0,0,0,0,0,0,0,0,0,0,0,0,0,0,0,0,0,0,0,0,0,0,6,0,0,0,0,0,0,0,0,10,0,0,0,0,0,0,0,0,0,0,0,0,0,0,0,11,0,0,0,0,0,0,0,0,0,0,0,0,0,0,0,0,0,0,0,0,0,0,0,0,0,0,0,0,0,0,0,0,0,0,0,0,0,0,0,0,0,0,0,0,0,0,0,0,0,0,0,0,6,3,7,7,0,0,0,3,0,0,0,29,0,0,0,0,0,0,0,0,0,0,0,0,0,0,0,0,0,0,0,0,0,0,0,0,0,0,0,0,0,0,0,0,0,0,0,0,0,0,4,0,0,0,0,0,0,0,0,3,0,0,0,0,0,0,0,0,0,0,0,0,0,0,0,5,0,0,0,0,0,0,0,0
LGA53430,0,0,0,0,0,0,0,0,0,0,0,0,0,0,0,0,0,0,0,0,0,3,0,0,0,0,0,0,0,0,0,3,0,5,11,19,28,25,40,21,0,12,9,10,3,4,0,188,0,0,0,0,7,8,30,12,5,0,5,3,0,3,0,86,7,35,59,11,12,9,6,0,0,0,0,0,0,0,3,133,0,7,3,5,3,0,0,0,0,0,0,0,0,0,0,17,0,0,0,0,7,0,0,0,0,0,3,0,0,0,0,12,16,12,14,16,43,30,65,44,3,11,14,15,3,5,8,298,3,3,0,3,0,0,0,0,0,0,0,0,0,0,0,14,0,0,0,3,11,13,11,0,0,6,4,0,3,0,3,54,3,4,28,20,16,13,22,17,5,0,6,7,3,0,0,155,0,0,6,4,3,12,21,9,3,0,4,12,10,0,7,87,0,0,0,0,10,8,5,3
LGA53570,0,0,0,0,0,0,0,0,0,0,0,0,0,0,0,0,0,0,0,0,0,3,0,0,0,0,0,0,0,0,0,3,0,0,0,0,0,0,0,0,0,0,0,0,0,0,0,9,0,0,0,0,0,0,0,0,0,0,0,0,0,0,0,0,0,0,0,0,0,0,0,0,0,0,0,0,0,0,0,4,0,0,0,0,0,0,0,0,0,0,0,0,0,0,0,0,0,0,0,0,0,0,0,0,0,0,0,0,0,0,0,0,4,5,3,4,4,0,0,8,0,0,3,5,0,0,0,40,0,0,0,0,0,0,0,0,4,0,0,0,0,0,0,5,0,0,0,0,0,0,0,0,0,0,3,3,0,0,0,13,0,0,0,3,0,5,0,0,0,0,0,0,0,0,0,12,0,0,0,0,0,0,0,0,0,0,0,0,0,0,0,6,0,0,0,0,0,0,0,0
LGA53640,0,0,0,0,0,0,0,0,0,0,0,0,0,0,0,0,0,0,0,0,0,0,0,0,0,0,0,0,0,0,0,0,0,0,0,0,0,0,0,0,0,0,0,0,0,0,0,0,0,0,0,0,0,0,0,0,0,0,0,0,0,0,0,0,0,0,0,0,0,0,0,0,0,0,0,0,0,0,0,0,0,0,0,0,0,0,0,0,0,0,0,0,0,0,0,0,0,0,0,0,0,0,0,0,0,0,0,0,0,0,0,0,0,0,0,0,0,0,0,0,0,0,0,0,0,0,0,4,0,0,0,0,0,0,0,0,0,0,0,0,0,0,0,0,0,0,0,0,0,0,0,0,0,0,0,0,0,0,0,0,0,0,0,0,0,0,0,0,0,0,0,0,0,0,0,5,0,0,0,0,0,0,0,4,0,0,0,0,0,0,0,4,0,0,0,0,0,0,0,0
LGA53710,0,0,0,0,0,0,0,0,0,0,0,0,0,0,0,0,0,0,0,0,0,0,0,0,0,0,0,0,0,0,0,0,0,0,0,0,0,0,0,0,0,0,0,0,0,0,0,0,0,0,0,0,0,0,0,0,0,0,0,0,0,0,0,0,0,0,0,0,0,0,0,0,0,0,0,0,0,0,0,0,0,0,0,0,0,0,0,0,0,0,0,0,0,0,0,0,0,0,0,0,0,0,0,0,0,0,0,0,0,0,0,0,0,0,0,0,0,0,0,0,0,0,0,0,0,0,0,0,0,0,0,0,0,0,0,0,0,0,0,0,0,0,0,0,0,0,0,0,0,0,0,0,0,0,0,0,0,0,0,0,0,0,0,0,0,0,0,6,0,0,0,0,0,0,0,7,0,0,0,0,0,0,0,0,0,0,0,0,0,0,0,0,0,0,0,0,0,0,0,0
LGA53780,0,0,0,4,34,175,650,590,79,86,51,153,60,35,38,1948,0,0,0,8,9,37,274,210,33,21,15,13,15,0,8,627,0,0,10,19,13,15,33,20,0,3,6,0,6,0,3,123,0,3,5,15,75,193,1536,788,133,98,99,159,42,4,65,3219,0,6,24,7,3,31,11,0,0,0,0,0,0,0,9,98,5,0,8,10,9,16,65,56,13,18,3,11,0,0,4,224,0,0,3,3,15,16,26,16,0,0,5,3,0,0,0,95,55,49,49,32,56,34,31,19,0,0,6,5,0,0,12,344,0,5,11,5,0,0,0,0,0,0,0,0,0,0,0,21,3,0,5,20,29,56,98,69,9,16,7,11,12,6,12,342,17,26,171,217,206,310,2809,1893,342,268,516,613,144,27,109,7659,5,0,0,42,135,367,682,294,39,47,49,64,50,3,25,1805,0,0,0,4,18,27,114,164
LGA53800,0,0,0,0,0,0,0,0,0,0,0,0,0,0,0,0,0,0,0,0,0,3,4,0,0,0,0,0,0,0,0,14,0,0,0,6,0,3,20,7,7,7,0,6,0,0,0,57,0,0,0,0,0,5,14,21,5,0,0,3,3,0,0,57,0,0,3,0,0,0,0,0,0,0,0,0,0,0,0,12,0,0,4,0,0,0,0,0,0,0,0,0,0,9,0,15,0,0,0,0,6,0,7,6,0,0,4,0,0,0,0,24,19,19,12,9,17,7,34,18,3,0,0,0,0,0,0,147,0,4,3,0,0,0,0,0,0,0,0,0,0,0,0,12,0,0,0,0,0,0,0,8,0,0,0,0,0,0,0,11,3,4,9,4,0,3,67,75,9,11,13,8,8,0,3,223,4,0,0,3,3,9,27,20,4,6,5,0,0,8,0,84,0,0,0,0,0,0,0,0
LGA53920,0,0,0,0,0,0,0,0,0,0,0,0,0,0,0,0,0,0,0,0,0,0,0,0,0,0,0,0,0,0,0,0,0,0,0,0,0,0,0,0,0,0,0,0,0,0,0,0,0,0,0,0,0,0,0,0,0,0,0,0,0,0,0,8,0,0,0,0,0,0,0,0,0,0,0,0,0,0,0,0,0,0,0,0,0,0,0,0,0,0,0,0,0,0,0,0,0,0,0,0,0,0,3,4,3,0,0,0,0,0,0,11,0,0,0,0,0,0,0,0,0,0,0,0,0,0,0,5,0,0,0,0,0,0,0,0,0,0,0,0,0,0,0,0,0,0,0,0,0,0,0,0,0,0,0,0,0,0,0,0,0,0,0,0,0,0,0,0,0,0,0,0,0,0,0,5,0,0,0,0,0,0,0,0,0,0,0,0,0,0,0,3,0,0,0,0,0,0,0,0
LGA53990,0,0,0,0,0,0,0,0,0,0,0,0,0,0,0,6,0,0,0,0,0,0,3,9,0,0,0,0,0,0,0,8,0,0,0,0,0,5,8,6,0,0,0,0,0,0,0,27,0,0,0,0,0,0,22,16,3,6,12,49,0,0,0,116,0,0,3,0,0,0,0,0,0,0,0,0,0,0,0,6,0,0,0,0,0,0,0,0,0,0,0,0,0,0,0,0,0,0,0,0,5,4,3,0,0,0,0,0,0,6,0,16,19,9,8,12,20,8,10,3,0,0,0,0,0,0,8,93,0,0,0,0,0,0,0,6,0,0,0,0,0,0,0,6,0,0,0,0,4,0,0,4,0,0,0,0,0,0,0,9,0,0,10,6,8,0,46,35,8,3,18,7,3,0,7,159,4,0,0,0,0,0,14,11,0,0,0,0,0,0,0,36,0,0,0,0,0,0,3,0
LGA54060,0,0,0,0,0,0,0,0,0,0,0,0,0,0,0,0,0,0,0,0,0,0,0,0,0,0,0,0,0,0,0,0,0,0,0,0,0,0,0,0,0,0,0,0,0,0,0,4,0,0,0,0,0,0,0,0,0,0,0,0,0,0,0,0,0,0,0,0,0,0,0,0,0,0,0,0,0,0,0,0,0,0,0,0,0,0,0,0,0,0,0,0,0,0,0,0,0,0,0,0,0,0,0,0,0,0,0,0,0,0,0,0,4,3,4,0,3,0,6,0,0,0,0,0,0,0,0,15,0,0,0,0,0,0,0,0,0,0,0,0,0,0,0,0,0,0,0,0,0,0,0,0,0,0,0,0,0,0,0,0,0,0,0,0,0,0,0,0,0,0,0,0,0,0,4,7,0,0,0,0,0,0,0,0,0,0,0,0,4,0,0,6,0,0,0,0,0,0,0,0
LGA54130,0,0,0,0,0,0,0,0,0,0,0,0,0,0,0,0,0,0,0,0,0,0,0,0,0,0,0,0,0,0,0,0,0,0,0,0,0,0,0,0,0,0,3,0,0,0,0,3,0,0,0,0,0,0,0,0,0,0,0,0,0,0,0,0,0,0,0,0,0,0,0,0,0,0,0,0,0,0,0,0,0,0,0,0,0,0,0,0,0,0,0,0,0,0,0,0,0,0,0,0,0,0,0,0,0,0,0,0,0,0,0,0,0,0,0,0,0,0,7,0,0,0,0,0,0,0,0,7,0,0,0,0,0,0,0,0,0,0,0,0,0,0,0,0,0,0,0,0,0,0,0,0,0,0,0,0,0,0,0,0,0,0,0,0,0,0,0,0,0,0,0,0,0,0,0,0,0,0,0,0,0,0,0,0,0,0,0,0,0,0,0,0,0,0,0,0,0,0,0,0
LGA54170,0,0,0,5,6,32,13,8,0,6,3,0,0,0,0,70,0,0,0,12,4,0,4,4,0,0,3,0,8,0,0,38,0,9,21,58,73,70,129,102,14,8,11,11,8,7,8,529,0,0,4,22,78,99,312,197,25,28,26,65,19,0,14,892,6,24,70,26,14,25,9,8,0,0,0,0,0,0,0,179,3,10,33,24,56,43,39,36,0,0,4,3,3,0,9,255,0,0,6,7,8,7,5,17,0,0,0,3,0,0,3,54,86,70,59,80,163,81,214,96,9,5,10,15,10,3,8,910,3,33,50,17,10,0,10,9,0,0,0,5,0,0,3,146,0,0,13,35,69,47,57,18,9,9,12,9,3,0,5,281,28,32,174,114,128,132,299,199,33,27,52,57,28,0,40,1339,6,12,9,10,38,92,87,61,7,20,19,19,12,0,3,396,0,0,3,7,55,49,96,172
LGA54200,0,0,0,0,0,33,152,70,11,9,8,19,9,6,6,316,0,0,0,0,0,0,78,24,0,4,0,0,0,0,0,114,0,0,10,14,15,26,27,12,0,0,0,3,0,0,5,108,6,0,0,4,4,24,167,70,11,12,18,18,8,0,4,340,5,10,15,8,6,0,0,0,0,0,0,0,0,0,0,45,0,0,3,7,0,0,0,7,0,0,0,0,0,0,0,20,0,0,3,9,7,0,6,4,0,0,0,3,0,0,4,27,45,54,29,28,55,16,56,16,0,6,0,3,0,0,9,307,0,0,4,0,0,0,0,3,0,0,0,0,0,0,0,14,4,0,0,7,6,12,28,9,0,0,0,0,0,0,6,78,18,11,76,73,32,28,444,322,50,31,46,43,17,4,7,1208,0,9,0,11,12,41,72,25,14,6,4,3,4,6,4,201,0,0,0,0,0,4,18,12
LGA54280,0,0,0,0,0,0,0,14,4,0,0,6,0,0,0,28,0,0,0,0,0,0,0,5,0,0,0,3,0,0,0,9,0,0,0,0,4,7,11,3,0,0,0,0,0,0,0,32,0,0,0,0,6,7,44,35,9,13,3,14,7,4,7,149,0,7,7,0,10,0,0,0,0,0,0,0,0,0,0,29,0,3,0,0,0,6,0,0,0,0,0,0,0,0,0,9,0,0,0,0,11,4,28,17,0,4,9,7,0,0,0,88,9,8,5,4,6,0,9,12,4,3,6,8,0,0,0,71,0,0,0,0,0,0,0,0,0,0,0,0,0,0,0,7,0,0,0,0,0,0,0,0,0,0,0,0,0,0,0,7,0,0,3,7,9,9,125,110,9,12,23,36,18,8,8,382,0,0,0,4,3,8,17,14,3,3,8,7,6,0,6,73,0,0,0,0,0,0,3,26
LGA54310,0,0,0,0,0,0,3,0,0,0,0,0,0,0,0,3,0,0,0,0,0,0,3,5,5,0,0,0,5,0,0,15,0,0,0,5,3,3,10,10,0,0,0,0,3,0,0,37,0,0,0,0,0,0,26,32,4,11,4,21,7,0,3,103,0,0,6,0,0,0,0,0,0,0,0,0,0,0,0,10,0,0,0,0,0,0,0,0,3,0,0,0,3,0,0,10,0,0,0,0,0,0,10,6,0,0,0,0,0,0,0,18,3,0,5,3,0,4,8,9,0,0,0,8,0,0,0,41,0,0,6,0,0,0,0,3,0,0,0,0,0,0,0,9,0,0,0,3,0,3,7,0,4,0,0,0,0,0,0,14,0,0,5,0,4,7,90,63,16,15,17,23,5,6,5,261,0,0,0,0,3,5,22,15,0,8,0,0,10,0,3,70,0,0,0,0,0,0,4,3
LGA54340,0,0,0,0,0,0,7,13,0,0,0,3,0,0,5,30,0,0,0,0,0,0,0,0,0,0,0,0,0,0,0,0,0,0,0,0,0,0,0,0,0,0,0,0,0,0,0,3,0,0,0,0,0,0,15,0,0,0,4,0,0,0,0,19,0,0,0,0,0,0,0,0,0,0,0,0,0,0,0,0,0,0,0,0,0,0,0,0,0,0,3,0,0,0,0,3,0,0,0,0,0,0,0,0,0,0,0,0,5,9,0,14,0,4,0,0,0,0,0,0,0,0,0,0,0,0,3,11,0,0,0,0,0,0,0,0,0,0,0,0,0,0,0,0,0,0,0,0,0,0,0,0,0,0,0,0,0,0,0,0,0,0,0,0,0,0,0,7,0,0,4,0,0,0,0,8,0,0,0,0,0,6,9,0,0,0,0,0,0,0,0,15,0,0,0,0,0,0,0,5
LGA54410,0,0,0,0,0,0,0,0,0,0,0,0,0,0,0,0,0,0,0,0,0,0,0,0,0,0,0,0,0,0,0,0,0,0,0,0,0,0,0,0,0,0,0,0,0,0,0,0,0,0,0,0,0,0,0,0,0,0,0,0,0,0,0,0,0,0,0,0,0,0,0,0,0,0,0,0,0,0,0,0,0,0,0,0,0,0,0,0,0,0,0,0,0,0,0,0,0,0,0,0,0,0,0,0,0,0,0,0,0,0,0,0,0,0,0,0,0,0,0,0,0,0,0,0,0,0,0,0,0,0,0,0,0,0,0,0,0,0,0,0,0,0,0,0,0,0,0,0,0,0,0,0,0,0,0,0,0,0,0,0,0,0,0,0,0,0,0,0,0,0,0,0,0,0,0,6,0,0,0,0,0,0,0,0,0,0,0,0,0,0,0,0,0,0,0,0,0,0,0,0
LGA54480,0,0,0,0,0,0,0,0,0,0,0,0,0,0,0,0,0,0,0,0,0,0,0,0,0,0,0,0,0,0,0,0,0,0,0,0,0,0,0,0,0,0,0,0,0,0,0,0,0,0,0,0,0,0,0,0,0,0,0,0,0,0,0,0,0,0,0,0,0,0,0,0,0,0,0,0,0,0,0,0,0,0,0,0,0,0,0,0,0,0,0,0,0,0,0,0,0,0,0,0,0,0,0,0,0,0,0,0,0,0,0,0,0,0,0,0,0,0,0,0,0,0,5,0,0,0,0,9,0,0,0,0,0,0,0,0,0,0,0,0,0,0,0,0,0,0,0,0,0,0,0,0,0,0,0,0,0,0,0,0,0,0,0,0,0,0,4,0,0,0,0,0,0,0,0,4,0,0,0,0,0,0,0,0,0,0,0,0,0,0,0,0,0,0,0,0,0,0,0,0
LGA54550,0,0,0,0,0,0,0,0,0,0,0,0,0,0,0,0,0,0,0,0,0,0,0,0,0,0,0,0,0,0,0,0,0,0,0,0,0,0,0,0,0,0,0,0,0,0,0,6,0,0,0,0,0,0,0,0,0,0,0,0,0,0,0,0,0,0,0,0,0,0,0,0,0,0,0,0,0,0,0,0,0,0,0,0,0,0,0,0,0,0,0,0,0,0,0,0,0,0,0,0,0,0,0,0,0,0,0,0,0,3,0,3,0,0,0,0,0,0,0,0,0,0,0,0,0,0,0,0,0,0,0,0,0,0,0,0,0,0,0,0,0,0,0,0,0,0,0,0,0,0,0,0,0,0,0,0,0,0,0,0,0,0,0,0,0,0,5,0,0,0,0,0,0,0,0,5,0,0,0,0,0,0,0,0,0,0,0,0,0,0,0,0,0,0,0,0,0,0,0,0
LGA54620,0,0,0,0,0,0,0,0,0,0,0,0,0,0,0,0,0,0,0,0,0,0,0,0,0,0,0,0,0,0,0,0,0,0,0,0,0,0,0,0,0,0,0,0,0,0,0,0,0,0,0,0,0,0,0,0,0,0,0,0,0,0,0,0,0,0,0,0,0,0,0,0,0,0,0,0,0,0,0,0,0,0,0,0,0,0,0,0,0,0,0,0,0,0,0,0,0,0,0,0,0,0,0,0,0,0,0,0,0,0,0,0,0,0,0,0,0,0,0,0,0,0,0,0,0,0,0,5,0,0,0,0,0,0,0,0,0,0,0,0,0,0,0,0,0,0,0,0,0,0,0,0,0,0,0,0,0,0,0,0,0,0,0,0,0,0,0,0,0,0,0,0,0,0,0,0,0,0,0,0,0,0,0,0,0,0,0,0,0,0,0,0,0,0,0,0,0,0,0,0
LGA54690,0,0,0,0,0,0,0,0,0,0,0,0,0,0,0,0,0,0,0,0,0,0,0,0,0,0,0,0,0,0,0,0,0,0,0,0,0,0,0,0,0,0,0,0,0,0,0,0,0,0,0,0,0,0,0,0,0,0,0,0,0,0,0,0,0,0,0,0,0,0,0,0,0,0,0,0,0,0,0,0,0,0,0,0,0,0,0,0,0,0,0,0,0,0,0,0,0,0,0,0,0,0,0,0,0,0,0,0,0,0,0,0,0,0,0,0,0,0,0,0,0,0,0,0,0,0,0,0,0,0,0,0,0,0,0,0,0,0,0,0,0,0,0,0,0,0,0,0,0,0,0,0,0,0,0,0,0,0,0,0,0,0,0,0,0,0,0,0,0,0,0,0,0,0,0,3,0,0,0,0,0,0,0,0,0,0,0,0,0,0,0,0,0,0,0,0,0,0,0,0
LGA54760,0,0,0,0,0,0,0,0,0,0,0,0,0,0,0,0,0,0,0,0,0,0,0,0,0,0,0,0,0,0,0,0,0,0,0,0,0,0,0,0,0,0,0,0,0,0,0,0,0,0,0,0,0,0,0,0,0,0,0,0,0,0,0,0,0,0,0,0,0,0,0,0,0,0,0,0,0,0,0,0,0,0,0,0,0,0,0,0,0,0,0,0,0,0,0,0,0,0,0,0,0,0,0,0,0,0,0,0,0,0,0,0,0,0,0,0,0,0,0,0,0,0,0,0,0,0,0,0,0,0,0,0,0,0,0,0,0,0,0,0,0,0,0,0,0,0,0,0,0,0,0,0,0,0,0,0,0,0,0,0,0,0,0,0,0,0,0,0,0,0,0,0,0,0,0,0,0,0,0,0,0,0,0,0,0,0,0,0,0,0,0,0,0,0,0,0,0,0,0,0
LGA54830,0,0,0,0,0,4,4,3,0,7,0,0,0,0,0,18,0,0,0,0,3,0,40,17,0,0,3,0,0,0,0,62,0,0,8,11,4,9,27,12,4,5,4,0,0,0,0,95,0,0,0,0,3,12,110,62,15,11,6,4,5,0,0,232,0,0,14,0,0,29,22,0,0,0,0,0,0,0,3,76,0,0,5,0,0,0,7,10,0,0,0,4,0,0,0,29,0,0,0,0,4,12,9,14,0,0,5,6,0,0,0,50,10,29,23,11,13,15,28,13,0,0,0,0,0,0,7,145,0,0,3,0,0,0,0,0,0,0,0,0,0,0,0,8,0,0,0,0,0,8,30,8,0,0,8,6,0,0,0,57,6,3,21,15,11,38,700,542,84,89,99,111,45,4,30,1782,0,0,0,0,12,28,60,35,3,11,6,8,8,0,4,179,0,0,0,0,4,9,6,28
LGA54900,0,0,0,0,0,0,0,0,0,0,0,0,0,0,0,0,0,0,0,0,0,0,0,0,0,0,0,0,0,0,0,0,0,0,0,0,0,0,0,0,0,0,0,0,0,0,0,0,0,0,0,0,0,0,0,4,0,0,0,5,0,0,0,4,0,0,0,0,0,0,0,0,0,0,0,0,0,0,0,0,0,0,0,0,0,0,0,0,0,0,0,0,0,0,0,0,0,0,0,0,0,0,0,0,0,0,0,0,0,0,0,0,0,0,0,0,0,0,0,0,0,0,0,0,0,0,0,3,0,0,0,0,0,0,0,0,0,0,0,0,0,0,0,0,0,0,0,0,0,0,0,0,0,0,0,0,0,0,0,3,0,0,0,0,0,0,0,0,0,0,0,0,0,0,0,3,0,0,0,0,0,0,0,0,0,0,0,0,0,0,0,0,0,0,0,0,0,0,0,0
LGA54970,0,0,0,0,0,0,0,0,0,0,0,0,0,0,0,0,0,0,0,0,0,0,0,0,0,0,0,0,0,0,0,0,0,0,0,0,0,0,0,0,0,0,0,0,0,0,0,0,0,0,0,0,0,0,0,0,0,0,0,0,0,0,0,0,0,0,0,0,0,0,0,0,0,0,0,0,0,0,0,0,0,0,0,0,0,0,0,0,0,0,0,0,0,0,0,0,0,0,0,0,0,0,0,0,0,0,0,0,0,0,0,0,0,0,0,0,0,0,0,0,0,0,0,0,0,0,0,3,0,0,0,0,0,0,0,0,0,0,0,0,0,0,0,0,0,0,0,0,0,0,0,0,0,0,0,0,0,0,0,0,0,0,0,0,0,0,5,0,0,0,0,0,0,0,0,4,0,0,0,0,0,0,0,0,0,0,0,0,0,0,0,0,0,0,0,0,0,0,0,0
LGA55040,0,0,0,0,0,0,0,0,0,0,0,0,0,0,0,0,0,0,0,0,0,0,0,0,0,0,0,0,0,0,0,0,0,0,0,0,0,0,0,0,0,0,0,0,0,0,0,4,0,0,0,0,0,0,0,0,0,0,0,0,0,0,0,0,0,0,0,0,0,0,0,0,0,0,0,0,0,0,0,0,0,0,0,0,0,0,0,0,0,0,0,0,0,0,0,0,0,0,0,0,0,0,0,0,0,0,0,0,0,0,0,0,0,0,0,0,0,0,0,0,0,0,0,0,0,0,0,9,0,0,0,0,0,0,0,0,0,0,0,0,0,0,0,0,0,0,0,0,0,0,0,0,0,0,0,0,0,0,0,0,0,0,0,0,0,0,0,3,0,0,0,0,0,0,0,9,0,0,0,0,0,6,0,0,0,0,0,0,0,0,0,8,0,0,0,0,0,0,0,0
LGA55110,0,0,0,0,5,0,0,7,0,4,0,0,0,0,0,19,0,0,3,0,0,0,4,13,0,0,0,0,0,0,0,22,0,0,14,21,24,21,51,29,6,4,0,11,3,0,0,192,0,3,0,0,15,17,70,49,5,7,8,21,3,0,0,200,8,6,19,8,0,5,4,0,0,0,0,0,0,0,3,51,5,6,4,4,3,0,5,3,0,0,0,3,0,0,0,28,4,0,0,0,8,10,6,14,0,0,3,0,0,0,0,39,58,61,57,35,49,18,41,24,4,0,6,4,3,0,9,377,0,10,9,5,0,0,0,0,0,0,0,0,0,0,0,28,0,0,9,6,4,0,9,10,3,0,0,0,0,0,5,55,11,10,65,24,16,16,162,177,39,23,33,46,14,11,19,656,3,9,3,0,20,32,78,37,22,25,7,19,10,12,3,278,0,0,0,0,6,0,12,41
LGA55180,0,0,0,0,0,0,12,14,0,0,0,5,0,0,4,36,0,0,0,0,0,0,0,0,0,0,0,0,0,0,0,0,0,0,4,7,3,0,0,0,0,0,0,6,0,0,0,24,0,0,0,0,0,0,3,3,0,5,0,3,0,0,0,16,0,5,0,0,0,0,0,0,0,0,0,0,0,0,0,5,0,0,0,0,0,0,0,0,0,0,0,0,0,0,0,4,0,3,0,0,0,0,0,0,0,0,0,0,0,0,0,4,9,7,4,3,3,0,3,7,0,0,0,0,0,0,0,42,3,6,5,0,0,0,0,0,0,0,0,0,0,0,5,20,0,0,0,0,0,0,0,0,0,0,0,0,0,0,0,8,0,0,7,0,0,0,5,10,0,0,0,0,0,0,0,35,0,0,0,0,0,0,4,0,0,0,0,0,4,0,0,5,0,0,0,0,0,0,0,3
LGA55250,0,0,0,0,0,0,0,0,0,0,0,0,0,0,0,0,0,0,0,0,0,0,0,0,0,0,0,0,0,0,0,0,0,0,0,0,0,0,0,0,0,0,0,0,0,0,0,4,0,0,0,0,0,0,0,0,0,0,0,7,0,0,0,9,0,0,0,0,0,0,0,0,0,0,0,0,0,0,0,0,0,0,0,0,0,0,0,0,0,0,0,0,0,0,0,0,0,0,0,0,0,0,0,0,0,0,0,0,0,0,0,8,0,0,0,0,0,0,0,0,0,0,0,0,0,0,0,7,0,0,0,0,0,0,0,0,0,0,0,0,0,0,0,0,0,0,0,0,0,0,0,0,0,0,0,0,0,0,0,3,0,0,0,0,0,0,0,0,0,0,3,3,3,0,0,9,0,0,0,0,0,0,0,0,0,0,0,3,0,0,0,0,0,0,0,0,0,0,0,0
LGA55320,0,0,0,0,5,13,3,5,0,0,0,0,0,0,0,23,0,0,0,3,8,9,22,15,4,7,19,19,10,0,0,118,0,3,17,39,39,48,74,34,11,3,3,17,11,0,9,312,3,9,5,33,186,276,755,485,109,78,55,99,47,4,30,2163,10,36,80,21,20,30,3,4,0,0,0,0,0,0,6,208,8,16,18,12,5,4,14,23,0,0,7,5,0,0,0,121,3,0,7,9,11,9,4,6,0,0,0,0,0,0,0,45,47,51,32,31,72,41,91,34,0,9,5,6,0,0,0,422,6,10,25,7,3,6,3,8,4,0,0,0,0,0,0,77,0,4,16,91,185,124,94,54,19,21,29,21,12,11,5,671,28,21,133,109,154,273,521,260,88,71,89,82,45,15,40,1920,5,10,14,34,346,561,362,126,28,26,38,48,75,11,40,1720,0,0,0,8,95,72,152,182
LGA55390,0,0,0,0,0,0,0,0,0,0,0,0,0,0,0,0,0,0,0,0,0,0,0,0,0,0,0,0,0,0,0,0,0,0,0,0,0,0,0,0,0,0,0,0,0,0,0,0,0,0,0,0,0,0,0,0,0,0,0,0,0,0,0,0,0,0,0,0,0,0,0,0,0,0,0,0,0,0,0,0,0,0,0,0,0,0,0,0,0,0,0,0,0,0,0,0,0,0,0,0,0,0,0,0,0,0,0,0,0,0,0,0,0,0,0,0,0,0,0,0,0,0,0,0,0,0,0,0,0,0,0,0,0,0,0,0,0,0,0,0,0,0,0,0,0,0,0,0,0,0,0,0,0,0,0,0,0,0,0,0,0,0,0,0,0,0,0,0,0,0,0,0,0,0,0,0,0,0,0,0,0,0,0,0,0,0,0,0,0,0,0,0,0,0,0,0,0,0,0,0
LGA55460,0,0,0,0,0,0,0,0,0,0,0,0,0,0,0,0,0,0,0,0,0,0,0,0,0,0,0,0,0,0,5,3,0,0,0,0,0,0,0,0,0,0,0,0,0,0,0,3,0,0,0,0,0,0,0,0,0,0,0,0,0,0,0,4,0,0,0,0,0,0,0,0,0,0,0,0,0,0,0,3,0,0,0,0,0,0,0,0,0,0,0,0,0,0,0,0,0,0,0,0,0,0,0,0,0,0,0,0,0,0,0,0,0,0,0,0,0,0,0,0,0,0,0,0,0,0,0,3,0,0,0,0,0,0,0,0,0,0,0,0,0,0,0,0,0,0,0,0,0,0,0,0,0,0,0,0,0,0,0,0,0,0,0,0,0,0,0,0,0,0,0,3,0,0,0,12,0,0,0,0,0,0,0,0,0,0,0,0,0,0,0,0,0,0,0,0,0,0,0,0
LGA55530,0,0,0,0,0,0,0,0,0,0,0,0,0,0,0,0,0,0,0,0,0,0,0,0,0,0,0,0,0,0,0,0,0,0,0,0,0,0,0,0,0,0,0,0,0,0,0,0,0,0,0,0,0,0,0,0,0,0,0,0,0,0,0,0,0,0,0,0,0,0,0,0,0,0,0,0,0,0,0,0,0,0,0,0,0,0,0,0,0,0,0,0,0,0,0,0,0,0,0,0,0,0,0,0,0,0,0,0,0,0,0,0,0,0,0,0,0,0,0,0,0,0,0,0,0,0,0,0,0,0,0,0,0,0,0,0,0,0,0,0,0,0,0,0,0,0,0,0,0,0,0,0,0,0,0,0,0,0,0,0,0,0,0,0,0,0,0,0,0,0,0,0,0,0,0,0,0,0,0,0,0,0,0,0,0,0,0,0,0,0,0,0,0,0,0,0,0,0,0,0
LGA55600,0,0,0,0,0,0,0,0,0,0,0,0,0,0,0,0,0,0,0,0,0,0,0,0,0,0,0,0,0,0,0,0,0,0,0,0,0,0,0,0,0,0,0,0,0,0,0,4,0,0,0,0,0,0,0,0,0,0,0,0,0,0,0,0,0,0,0,0,0,0,0,0,0,0,0,0,0,0,0,0,0,0,0,0,0,0,0,0,0,0,0,0,0,0,0,0,0,0,0,0,0,0,0,0,0,0,0,0,0,0,0,0,0,0,0,0,0,0,0,0,0,0,0,0,0,0,0,3,0,0,0,0,0,0,0,0,0,0,0,0,0,0,0,0,0,0,0,0,0,0,0,0,0,0,0,0,0,0,0,0,0,0,0,0,0,0,0,0,0,0,0,0,0,0,0,4,0,0,0,0,0,0,0,0,0,0,0,3,0,0,0,4,0,0,0,0,0,0,0,0
LGA55670,0,0,0,0,0,0,0,0,0,0,0,0,0,0,0,0,0,0,0,0,0,0,0,0,0,0,0,0,0,0,0,0,0,0,0,0,0,0,0,0,0,0,0,0,0,0,0,0,0,0,0,0,0,0,0,0,0,0,0,0,0,0,0,0,0,0,0,0,0,0,0,0,0,0,0,0,0,0,0,0,0,0,0,0,0,0,0,0,0,0,0,0,0,0,0,0,0,0,0,0,0,0,0,0,0,0,0,0,0,0,0,0,0,0,0,0,0,0,0,0,0,0,0,0,0,0,0,0,0,0,0,0,0,0,0,0,0,0,0,0,0,0,0,0,0,0,0,0,0,0,0,0,0,0,0,0,0,0,0,0,0,0,0,0,0,0,4,0,0,0,0,0,0,0,0,3,0,0,0,0,0,0,0,0,0,0,0,0,0,0,0,0,0,0,0,0,0,0,0,0
LGA55740,0,0,0,0,0,0,0,0,0,0,0,0,0,0,0,0,0,0,0,0,0,0,3,0,0,0,0,3,0,0,0,8,0,0,7,3,5,9,14,5,4,4,0,5,0,0,0,46,0,0,0,3,13,15,25,8,5,4,0,13,0,0,6,104,0,4,3,0,0,0,3,5,0,0,0,0,0,0,0,11,0,0,0,0,0,0,0,0,0,0,0,0,0,0,0,4,0,0,0,3,0,0,0,0,0,0,0,0,0,0,0,5,5,3,4,4,8,4,9,3,0,0,0,3,0,0,0,53,0,0,0,0,0,0,4,0,0,0,0,0,0,0,0,9,0,0,0,8,4,8,21,18,0,3,0,0,3,0,0,68,0,0,8,0,0,10,16,16,0,0,4,7,0,0,0,66,0,3,0,0,6,9,3,0,4,0,0,3,3,0,0,40,0,0,0,0,11,5,6,6
LGA55810,0,0,0,0,0,0,0,0,0,0,0,0,0,0,0,0,0,0,0,0,0,0,0,0,0,0,0,0,0,0,0,0,0,0,0,0,0,0,0,0,0,0,0,0,0,0,0,0,0,0,0,0,0,0,0,0,0,0,0,0,0,0,0,0,0,0,0,0,0,0,0,0,0,0,0,0,0,0,0,0,0,0,0,0,0,0,0,0,0,0,0,0,0,0,0,0,0,0,0,0,0,0,0,0,0,0,0,0,0,0,0,0,0,0,0,0,0,0,0,0,0,0,0,0,0,0,0,6,0,0,0,0,0,0,0,0,0,0,0,0,0,0,0,0,0,0,0,0,0,0,0,0,0,0,0,0,0,0,0,0,0,0,0,0,0,0,0,0,0,0,0,0,0,0,0,0,0,0,0,0,0,0,0,0,0,0,0,0,0,0,0,0,0,0,0,0,0,0,0,0
LGA55880,0,0,0,0,0,0,0,0,0,0,0,0,0,0,0,0,0,0,0,0,0,0,0,0,0,0,0,0,0,0,0,0,0,0,0,0,0,0,0,0,0,0,0,0,0,0,0,0,0,0,0,0,0,0,0,0,0,0,0,0,0,0,0,0,0,0,0,0,0,0,0,0,0,0,0,0,0,0,0,0,0,0,0,0,0,0,0,0,0,0,0,0,0,0,0,0,0,0,0,0,0,0,0,0,0,0,0,0,0,0,0,0,0,0,0,0,0,0,0,0,0,0,0,0,0,0,0,4,0,0,0,0,0,0,0,0,0,0,0,0,0,0,0,0,0,0,0,0,0,0,0,0,0,0,0,0,0,0,0,0,0,0,0,0,0,0,0,0,0,0,0,0,0,0,0,0,0,0,0,0,0,0,0,0,0,0,0,0,0,0,0,0,0,0,0,0,0,0,0,0
LGA55950,0,0,0,0,0,0,0,0,0,0,0,0,0,0,0,0,0,0,0,0,0,0,0,0,0,0,0,0,0,0,0,0,0,0,0,0,0,0,0,0,0,0,0,0,0,0,0,0,0,0,0,0,0,0,0,0,0,0,0,0,0,0,0,0,0,0,0,0,0,0,0,0,0,0,0,0,0,0,0,0,0,0,0,0,0,0,0,0,0,0,0,0,0,0,0,0,0,0,0,0,0,0,0,0,0,0,0,0,0,0,0,0,0,0,0,0,0,0,0,0,0,0,0,0,0,0,0,0,0,0,0,0,0,0,0,0,0,0,0,0,0,0,0,0,0,0,0,0,0,0,0,0,0,0,0,0,0,0,0,0,0,0,0,0,0,0,0,0,0,0,0,0,0,0,0,0,0,0,0,0,0,0,0,0,0,0,0,0,0,0,0,0,0,0,0,0,0,0,0,0
LGA56090,0,0,0,0,0,0,5,0,0,0,0,0,0,0,3,13,0,0,0,0,0,3,0,0,0,0,0,0,0,0,0,7,0,0,16,9,11,8,15,7,0,0,0,0,3,0,4,80,4,0,5,6,3,3,34,16,0,4,4,0,3,0,9,86,0,5,30,13,4,0,0,0,0,0,0,0,0,0,4,62,0,0,0,0,0,0,0,0,0,0,0,0,0,0,0,8,0,3,0,0,3,3,0,0,0,0,0,0,0,0,0,15,53,38,25,23,49,13,36,17,3,0,0,4,0,0,5,275,0,0,9,5,0,0,0,0,0,0,0,0,0,0,0,16,0,0,0,0,0,5,0,0,0,5,0,0,0,0,13,37,11,7,38,39,28,20,55,22,5,4,4,0,0,0,17,254,0,6,0,0,0,10,8,13,0,0,0,0,0,0,6,41,0,0,0,0,3,4,0,0
LGA56160,0,0,0,0,0,0,0,0,0,0,0,0,0,0,0,0,0,0,0,0,0,0,0,0,0,0,0,0,0,0,0,0,0,0,0,0,0,0,0,0,0,0,0,0,0,0,0,0,0,0,0,0,0,0,0,0,0,0,0,0,0,0,0,0,0,0,0,0,0,0,0,0,0,0,0,0,0,0,0,0,0,0,0,0,0,0,0,0,0,0,0,0,0,0,0,0,0,0,0,0,0,0,0,0,0,0,0,0,0,0,0,0,0,0,0,0,0,0,0,0,0,0,0,0,0,0,0,0,0,0,0,0,0,0,0,0,0,0,0,0,0,0,0,0,0,0,0,0,0,0,0,0,0,0,0,0,0,0,0,0,0,0,0,0,0,0,0,0,0,0,0,0,0,0,0,0,0,0,0,0,0,0,0,0,0,0,0,0,0,0,0,0,0,0,0,0,0,0,0,0
LGA56230,0,0,0,0,0,0,0,0,0,0,0,0,0,0,0,0,0,0,0,0,0,0,5,0,0,0,0,0,0,0,0,5,0,0,3,6,0,3,6,0,0,0,0,0,0,4,0,31,0,0,0,0,0,0,0,3,3,0,0,4,0,0,0,15,0,0,3,0,0,0,0,0,0,0,0,0,0,0,0,3,0,0,0,0,0,0,0,0,0,0,0,0,0,0,0,0,0,0,0,0,3,0,0,0,0,0,0,0,0,0,0,9,6,7,10,10,6,0,0,0,0,0,0,0,4,0,0,52,0,0,0,0,0,0,0,0,0,0,0,0,0,0,0,6,0,0,0,0,0,0,0,0,0,0,0,0,0,0,0,4,8,0,6,9,0,0,8,6,0,3,0,0,0,0,0,36,0,0,0,0,0,5,6,4,0,0,0,0,0,0,0,18,0,0,0,0,0,0,0,0
LGA56300,0,0,0,0,0,0,0,0,0,0,0,0,0,0,0,0,0,0,0,0,0,0,0,0,0,0,0,0,0,0,0,0,0,0,0,0,0,0,0,0,0,0,0,0,0,0,0,0,0,0,0,0,0,0,3,0,0,0,0,0,0,0,0,3,0,0,0,0,0,0,0,0,0,0,0,0,0,0,0,0,0,0,0,0,0,0,0,0,0,0,0,0,0,0,0,0,0,0,0,0,0,0,0,0,0,0,0,0,0,0,0,0,0,0,0,0,0,3,6,0,0,0,4,0,0,0,0,11,0,0,0,0,0,0,0,0,0,0,0,0,0,0,0,0,0,0,0,0,0,0,0,0,0,0,0,0,0,0,0,0,0,0,0,0,0,0,0,0,0,0,0,0,0,0,0,4,0,0,0,0,0,0,0,0,0,0,0,0,0,0,0,0,0,0,0,0,0,0,0,0
LGA56370,0,0,0,0,0,0,0,0,0,0,0,0,0,0,0,0,0,0,0,0,0,0,0,0,0,0,0,0,0,0,0,0,0,0,0,0,0,0,0,0,0,0,0,0,0,0,0,0,0,0,0,0,0,0,0,0,0,0,0,0,0,0,0,0,0,0,0,0,0,0,0,0,0,0,0,0,0,0,0,0,0,0,0,0,0,0,0,0,0,0,0,0,0,0,0,0,0,0,0,0,0,0,0,0,0,0,0,0,0,0,0,0,0,0,0,0,0,0,0,5,0,0,0,0,0,0,0,5,0,0,0,0,0,0,0,0,0,0,0,0,0,0,0,0,0,0,0,0,0,0,0,0,0,0,0,0,0,0,0,0,0,0,0,0,0,0,0,0,0,0,0,0,0,0,0,3,0,0,0,0,0,0,0,0,0,0,0,0,0,0,0,0,0,0,0,0,0,0,0,0
LGA56460,0,0,0,0,0,0,0,0,0,0,0,0,0,0,0,0,0,0,0,0,0,0,0,0,0,0,0,0,0,0,0,0,0,0,0,0,0,0,0,0,0,0,0,0,0,0,0,4,0,0,0,0,0,0,0,0,0,0,0,0,0,0,0,0,0,0,0,0,0,0,0,0,0,0,0,0,0,0,0,0,0,0,0,0,0,0,0,0,0,0,0,0,0,0,0,0,0,0,0,0,0,0,0,0,0,0,0,0,0,0,0,0,9,3,0,0,7,0,0,0,0,0,0,0,0,0,0,26,0,0,0,0,0,0,0,0,0,0,0,0,0,0,0,0,0,0,0,0,0,0,0,0,0,0,0,0,0,0,0,0,0,0,0,0,0,3,14,4,0,0,3,3,0,0,0,40,0,0,0,0,0,0,0,0,0,0,0,0,0,0,0,3,0,0,0,0,0,0,0,0
LGA56580,0,0,0,0,0,0,0,0,0,0,0,0,0,0,0,0,0,0,0,0,0,0,5,5,0,0,0,0,0,0,0,6,0,0,8,16,18,26,36,22,4,0,5,0,3,0,0,144,0,4,3,20,44,68,150,87,44,38,19,34,38,0,12,554,0,9,7,3,4,0,0,0,0,0,0,0,0,0,0,25,0,4,4,0,3,0,0,0,0,0,0,0,0,0,0,14,0,0,3,0,0,0,0,0,0,0,0,0,0,0,0,8,13,13,4,10,25,19,21,12,0,0,0,5,0,0,0,130,5,8,3,0,0,0,4,3,0,0,0,0,0,0,0,22,4,0,11,27,33,27,20,19,0,3,4,9,3,0,5,164,7,0,22,33,31,38,88,34,6,13,4,13,10,9,4,309,0,0,7,13,21,52,30,6,4,3,4,0,8,0,0,150,0,0,0,0,28,4,22,15
LGA56620,0,0,0,0,0,0,0,0,0,0,0,0,0,0,0,0,0,0,0,0,0,0,0,0,0,0,0,0,0,0,0,0,0,0,0,0,0,0,0,0,0,0,0,0,0,0,0,0,0,0,0,0,0,0,0,0,0,0,0,0,0,0,0,0,0,0,0,0,0,0,0,0,0,0,0,0,0,0,0,0,0,0,0,0,0,0,0,0,0,0,0,0,0,0,0,0,0,0,0,0,0,0,0,0,0,0,0,0,0,0,0,3,0,0,0,0,0,0,0,0,0,0,0,0,0,0,0,0,0,0,0,0,0,0,0,0,0,0,0,0,0,0,0,0,0,0,0,0,0,0,0,0,0,0,0,0,0,0,0,0,0,0,0,0,0,0,0,0,0,0,0,0,0,0,0,0,0,0,0,0,0,0,0,0,0,0,0,0,0,0,0,0,0,0,0,0,0,0,0,0
LGA56730,0,0,0,0,0,0,0,0,0,0,0,0,0,0,15,12,0,0,0,0,0,0,0,0,0,0,0,0,0,0,6,12,0,0,3,8,0,0,0,0,0,0,0,0,0,0,0,13,0,0,0,0,0,0,5,5,0,0,0,0,0,0,5,23,0,0,5,0,0,0,0,0,0,0,0,0,0,0,0,4,0,0,0,0,0,0,0,4,0,0,0,0,0,0,4,6,0,0,0,0,0,0,0,0,0,0,0,0,0,0,14,10,30,19,11,6,4,0,7,3,0,0,0,0,0,0,0,74,0,0,0,0,0,0,0,0,0,0,0,0,0,0,0,3,0,0,0,0,0,0,0,0,0,0,0,0,0,0,0,4,0,0,0,3,3,0,12,27,0,0,0,5,0,0,15,77,0,0,0,0,0,3,7,0,0,0,0,0,6,0,0,20,0,0,0,0,0,0,0,0
LGA56790,0,0,0,0,0,0,0,0,0,0,0,0,0,0,0,0,0,0,0,0,0,0,0,0,0,0,0,0,0,0,0,0,0,0,0,0,0,0,3,0,0,0,0,0,0,0,0,7,0,0,0,0,0,0,0,0,0,0,0,0,0,0,0,0,0,0,0,0,0,0,0,0,0,0,0,0,0,0,0,0,0,0,0,0,0,0,0,0,0,0,0,0,0,0,0,0,0,0,0,0,0,0,0,0,0,0,0,0,0,0,0,0,0,3,3,0,0,0,0,0,0,0,0,0,4,0,0,14,0,0,0,0,0,0,0,0,0,0,0,0,0,0,0,0,0,0,0,0,0,0,0,0,0,0,0,0,0,0,0,0,0,0,0,0,0,0,0,0,0,0,0,0,0,0,0,5,0,0,0,0,0,0,0,0,0,0,0,0,0,0,0,4,0,0,0,0,0,0,0,0
LGA56860,0,0,0,0,0,0,0,0,0,0,0,0,0,0,0,0,0,0,0,0,0,0,0,0,0,0,0,0,0,0,0,0,0,0,0,0,0,0,0,0,0,0,0,0,0,0,0,0,0,0,0,0,0,0,0,0,0,0,0,0,0,0,0,0,0,0,0,0,0,0,0,0,0,0,0,0,0,0,0,0,0,0,0,0,0,0,0,0,0,0,0,0,0,0,0,0,0,0,0,0,0,0,0,0,0,0,0,0,0,0,0,0,0,0,0,0,0,0,0,0,0,0,0,0,0,0,0,0,0,0,0,0,0,0,0,0,0,0,0,0,0,0,0,0,0,0,0,0,0,0,0,0,0,0,0,0,0,0,0,0,0,0,0,0,0,0,0,0,0,0,0,0,0,0,0,0,0,0,0,0,0,0,0,0,0,0,0,0,0,0,0,0,0,0,0,0,0,0,0,0
LGA56930,0,0,0,0,0,0,0,0,0,0,0,0,0,0,0,0,0,0,0,0,0,0,0,0,0,0,0,0,0,0,0,0,0,0,0,0,3,0,0,0,0,0,0,0,0,0,0,6,0,0,0,6,0,3,0,0,3,7,0,4,4,0,0,29,0,0,0,0,0,0,0,0,0,0,0,0,0,0,0,0,0,0,0,0,0,0,0,0,0,0,0,0,0,0,0,0,0,0,0,0,0,0,0,0,0,0,0,0,0,0,0,0,0,0,0,0,4,0,0,0,0,0,0,0,0,0,0,8,0,0,0,0,0,0,0,0,0,0,0,0,0,0,0,0,0,0,0,0,4,0,0,0,5,0,0,0,0,0,0,9,0,0,0,0,0,0,0,0,0,0,0,0,0,0,0,6,0,0,0,0,4,0,0,0,0,0,0,0,0,0,0,4,0,0,0,0,7,0,0,0
LGA57000,0,0,0,0,0,0,0,0,0,0,0,0,0,0,0,0,0,0,0,0,0,0,0,0,0,0,0,0,0,0,0,0,0,0,0,0,0,0,0,0,0,0,0,0,0,0,0,0,0,0,0,0,0,0,5,0,0,0,0,0,0,0,0,4,0,0,0,0,0,0,0,0,0,0,0,0,0,0,0,0,0,0,0,0,0,0,0,0,0,0,0,0,0,0,0,0,0,0,0,0,0,0,0,0,0,0,0,0,0,0,0,0,0,0,0,0,0,0,0,0,0,0,0,0,0,0,0,0,0,0,0,0,0,0,0,0,0,0,0,0,0,0,0,0,0,0,0,0,0,0,0,0,0,0,0,0,0,0,0,0,0,0,0,0,0,0,0,0,0,0,0,0,0,0,0,0,0,0,0,0,0,0,0,0,0,0,0,0,0,0,0,0,0,0,0,0,0,0,0,0
LGA57080,0,0,0,0,6,6,5,5,0,0,0,4,0,0,0,30,0,0,0,0,3,0,13,8,4,6,14,6,11,0,0,74,0,0,4,7,16,16,24,17,3,4,12,14,10,0,0,127,0,0,0,5,32,73,288,376,146,175,213,285,127,11,40,1773,0,0,10,0,4,12,3,4,3,3,0,0,0,0,0,45,3,0,0,3,3,6,11,23,5,4,5,0,3,0,0,58,0,0,0,0,5,7,0,0,0,0,0,0,0,0,0,13,10,3,3,5,18,11,25,25,4,6,16,15,5,0,0,139,0,3,8,0,0,0,0,8,0,0,0,0,0,0,6,33,0,0,3,9,38,31,43,43,23,26,21,34,31,6,4,303,3,0,18,9,23,45,150,178,84,118,171,260,135,40,20,1259,4,0,0,3,18,65,95,60,30,26,57,78,63,3,9,516,0,0,0,0,12,10,46,88
LGA57140,0,0,0,0,0,0,0,0,0,0,0,0,0,0,0,0,0,0,0,0,0,0,0,0,0,0,0,0,0,0,0,0,0,0,0,0,0,0,0,0,0,0,0,0,0,0,0,0,0,0,0,0,0,0,0,0,0,0,0,0,0,0,0,0,0,0,0,0,0,0,0,0,0,0,0,0,0,0,0,0,0,0,0,0,0,0,0,0,0,0,0,0,0,0,0,0,0,0,0,0,0,0,0,0,0,0,0,0,0,0,0,0,0,0,0,0,0,0,0,6,0,0,0,0,0,0,0,0,0,0,0,0,0,0,0,0,0,0,0,0,0,0,0,0,0,0,0,0,0,0,0,0,0,0,0,0,0,0,0,0,0,0,0,0,0,0,0,8,0,0,0,0,0,0,0,5,0,0,0,0,0,0,0,0,0,0,0,0,0,0,0,4,0,0,0,0,0,0,0,0
LGA57210,0,0,0,0,0,0,17,22,9,5,5,17,4,5,3,84,0,0,0,0,0,0,0,0,0,0,0,0,0,0,0,0,0,0,3,0,0,0,0,0,0,0,0,0,0,0,0,5,0,0,0,0,0,0,3,0,0,0,0,3,0,0,0,3,0,0,0,0,0,0,0,0,0,0,0,0,0,0,0,3,0,0,0,0,0,0,0,0,0,0,0,0,0,0,0,0,0,0,0,0,0,0,0,0,0,0,0,0,0,0,0,3,0,0,4,0,11,3,10,5,0,0,0,0,0,0,0,36,0,0,0,0,0,0,0,0,0,0,0,0,0,0,0,0,0,0,0,0,0,0,0,0,0,0,0,0,0,0,0,0,0,0,4,0,0,0,4,0,0,0,0,0,0,0,0,6,0,0,0,0,0,0,0,0,0,0,0,0,0,0,0,0,0,0,0,0,0,0,0,0
LGA57280,0,0,0,0,0,0,0,0,0,0,4,0,0,0,0,4,0,0,0,0,0,0,0,3,0,0,0,0,0,0,0,5,0,0,0,0,0,3,10,4,0,0,0,0,0,0,0,20,0,0,0,0,0,0,20,8,3,8,8,19,5,0,5,63,0,5,0,0,0,0,0,0,0,0,0,0,0,0,0,12,0,0,0,0,0,0,0,3,0,0,0,0,0,0,0,7,0,0,0,0,0,6,13,3,0,6,0,0,0,0,0,31,0,6,3,0,5,0,12,4,0,0,0,0,0,0,0,39,0,0,0,4,0,0,3,0,0,0,0,0,0,0,0,10,0,0,0,0,3,0,0,0,0,0,0,3,0,0,0,8,0,0,0,0,3,3,74,38,13,19,7,23,9,0,0,206,0,0,0,0,4,11,23,31,3,0,3,18,0,0,0,99,0,0,0,0,0,0,0,3
LGA57350,0,0,0,0,0,0,0,0,0,0,0,0,0,0,0,0,0,0,0,0,0,0,0,0,0,0,0,0,0,0,0,0,0,0,0,0,0,0,0,0,0,0,0,0,0,0,0,0,0,0,0,0,0,0,0,0,0,0,0,0,0,0,0,0,0,0,0,0,0,0,0,0,0,0,0,0,0,0,0,0,0,0,0,0,0,0,0,0,0,0,0,0,0,0,0,0,0,0,0,0,0,0,0,0,0,0,0,0,0,0,0,0,0,0,0,0,0,0,0,0,0,0,0,0,0,0,0,0,0,0,0,0,0,0,0,0,0,0,0,0,0,0,0,0,0,0,0,0,0,0,0,0,0,0,0,0,0,0,0,0,0,0,0,0,0,0,0,0,0,0,0,0,0,0,0,4,0,0,0,0,0,0,0,0,0,0,0,0,0,0,0,0,0,0,0,0,0,0,0,0
LGA57420,0,0,0,0,0,0,0,0,0,0,0,0,0,0,0,0,0,0,0,0,0,0,0,0,0,0,0,0,0,0,0,0,0,0,0,0,0,0,4,0,0,0,0,0,0,0,0,5,0,0,0,0,0,0,0,0,0,0,0,0,0,0,0,3,0,0,0,0,0,0,0,0,0,0,0,0,0,0,0,0,0,0,0,0,0,0,0,0,0,0,0,0,0,0,0,0,0,0,0,0,0,0,0,0,0,0,0,0,0,0,0,0,0,0,0,0,0,0,0,3,0,0,0,0,0,0,0,10,0,0,0,0,0,0,0,0,0,0,0,0,0,0,0,0,0,0,0,0,0,0,0,0,0,0,0,0,0,0,0,0,0,0,0,0,0,0,0,3,0,0,0,4,3,0,0,13,0,0,0,0,0,0,4,0,0,0,0,0,0,0,0,4,0,0,0,0,0,0,0,0
LGA57490,0,0,0,0,0,0,5,0,0,0,0,0,0,0,0,10,0,0,0,3,0,0,20,10,0,4,0,0,0,0,0,46,0,7,17,22,27,34,74,50,11,8,9,4,8,0,0,272,0,0,4,6,14,16,86,70,12,15,12,26,6,0,6,282,3,10,61,19,11,41,21,7,0,0,0,0,0,0,7,178,3,7,8,3,5,0,11,20,0,0,0,0,0,0,0,57,0,0,3,3,13,11,40,22,3,0,4,3,0,0,0,105,35,78,80,50,83,36,103,66,3,5,11,7,0,0,4,570,0,3,3,3,3,0,4,3,0,0,0,0,0,0,0,23,0,0,8,10,6,9,20,13,0,3,0,0,3,0,0,75,24,18,56,51,28,50,355,220,41,28,40,52,15,10,17,1011,0,6,3,6,22,44,95,81,15,9,20,19,15,0,8,346,0,0,0,0,8,0,7,32
LGA57630,0,0,0,0,0,0,0,0,0,0,0,0,0,0,0,0,0,0,0,0,0,0,0,0,0,0,0,0,0,0,0,0,0,0,0,0,0,0,0,0,0,0,0,0,0,0,0,0,0,0,0,0,0,0,0,0,0,0,0,0,0,0,0,0,0,0,0,0,0,0,0,0,0,0,0,0,0,0,0,0,0,0,0,0,0,0,0,0,0,0,0,0,0,0,0,0,0,0,0,0,0,0,0,0,0,0,0,0,0,0,0,0,0,0,0,0,0,0,0,0,0,0,0,0,0,0,0,0,0,0,0,0,0,0,0,0,0,0,0,0,0,0,0,0,0,0,0,0,0,0,0,0,0,0,0,0,0,0,0,0,0,0,0,0,0,0,0,0,0,0,0,0,0,0,0,0,0,0,0,0,0,0,0,0,0,0,0,0,0,0,0,0,0,0,0,0,0,0,0,0
LGA57700,0,0,0,0,0,6,11,12,0,0,0,4,0,0,0,34,0,0,0,0,0,0,4,9,0,0,0,0,0,0,0,18,0,0,0,3,15,8,36,5,0,0,3,5,0,0,0,76,0,0,0,0,0,0,15,13,4,4,0,0,0,0,0,42,0,0,3,0,0,9,3,0,0,0,0,0,0,0,4,24,0,0,0,0,0,0,0,0,0,0,0,0,0,0,0,7,0,0,0,0,0,4,17,14,4,0,0,0,0,0,0,42,11,6,15,10,22,14,9,4,0,0,0,0,0,0,0,81,0,0,3,0,0,0,0,0,0,0,0,0,0,0,0,10,0,0,0,0,0,4,4,0,0,0,0,0,0,0,0,13,3,0,16,12,7,13,345,198,24,16,13,36,22,8,9,721,0,4,0,0,3,8,12,15,6,0,3,3,0,0,0,54,0,0,0,0,0,3,4,8
LGA57770,0,0,0,0,0,0,0,0,0,0,0,0,0,0,0,0,0,0,0,0,0,0,0,0,0,0,0,0,0,0,0,0,0,0,0,0,0,0,0,0,0,0,0,0,0,0,0,0,0,0,0,0,0,0,0,0,0,0,0,4,0,0,0,0,0,0,0,0,0,0,0,0,0,0,0,0,0,0,0,0,0,0,0,0,0,0,0,0,0,0,0,0,0,0,0,0,0,0,0,0,0,0,0,0,0,0,0,0,0,0,0,0,0,0,0,0,0,0,0,5,0,0,0,0,0,0,0,7,0,0,0,0,0,0,0,0,0,0,0,0,0,0,0,0,0,0,0,0,0,0,0,0,0,0,0,0,0,0,0,0,0,0,0,0,0,0,0,0,0,0,0,0,0,0,0,0,0,0,0,0,0,0,0,0,3,0,0,0,0,0,0,4,0,0,0,0,0,0,0,0
LGA57840,0,0,0,0,4,15,11,0,0,0,0,0,0,0,0,30,0,0,0,0,0,0,0,11,0,6,0,3,9,0,0,38,0,0,6,16,17,21,33,22,4,9,7,5,0,0,0,135,0,0,0,7,56,83,242,212,34,41,26,59,21,5,13,809,0,10,11,6,4,4,3,4,0,0,0,0,0,0,3,51,0,6,3,3,10,3,4,13,4,0,0,0,5,0,0,53,0,0,8,4,9,3,0,0,0,0,0,0,0,0,0,23,18,14,21,7,14,9,30,9,5,3,5,3,0,4,5,141,0,8,17,8,4,4,3,3,0,0,0,0,0,0,0,56,0,0,8,24,55,36,29,25,13,9,6,8,12,0,4,227,17,10,65,45,45,93,185,175,42,43,54,75,19,5,18,897,3,9,5,27,61,156,163,55,15,17,9,12,28,4,11,559,0,0,0,5,50,30,58,102
LGA57910,0,0,0,0,18,41,124,123,3,16,22,16,16,0,5,383,0,0,4,10,6,6,38,48,9,0,0,3,9,0,0,135,3,3,42,76,84,81,180,110,19,19,22,30,7,3,13,670,4,10,11,33,216,355,1200,705,121,124,100,201,55,0,43,3174,15,98,201,65,44,146,70,15,0,5,0,4,0,0,22,694,12,21,40,17,28,29,54,50,9,7,3,10,3,0,12,309,0,0,3,11,25,14,5,5,7,0,0,0,0,0,0,82,120,101,75,66,131,82,203,116,16,19,17,38,9,6,20,1023,52,231,268,76,23,15,23,38,7,7,0,6,0,0,18,763,0,8,9,55,142,150,168,114,28,19,24,43,26,4,22,808,48,31,275,180,219,320,1737,1640,423,350,538,637,205,27,96,6737,3,18,11,22,58,181,269,123,36,32,26,29,38,3,22,878,5,0,0,3,115,173,263,372
LGA57980,0,0,0,0,0,0,0,0,0,0,0,0,0,0,0,0,0,0,0,0,0,5,5,0,0,0,0,0,0,0,0,10,0,0,5,17,7,21,21,16,0,4,3,5,0,4,0,105,0,0,0,6,13,20,81,79,7,16,22,31,14,0,6,298,0,3,3,0,0,10,6,3,0,0,0,0,0,0,0,26,0,0,0,0,0,0,0,4,0,0,0,0,0,0,0,12,0,0,0,0,0,0,0,0,0,0,0,0,0,0,0,8,9,10,8,5,17,4,20,16,0,0,4,3,7,0,3,93,0,5,0,0,0,3,0,0,0,0,0,0,0,0,0,13,0,0,0,5,11,8,15,9,4,0,0,6,5,3,0,72,0,3,16,12,7,19,48,56,6,27,14,17,8,0,14,253,0,0,5,0,0,6,33,14,6,5,7,5,11,0,0,93,0,0,0,0,15,4,22,36
LGA58050,0,0,0,0,12,90,282,218,30,24,15,21,23,9,19,753,0,0,0,16,7,15,43,38,0,0,0,7,0,0,4,141,0,0,21,34,26,29,48,28,4,9,3,5,3,0,0,202,0,0,0,8,68,70,332,167,27,19,19,35,7,9,13,764,5,39,104,47,26,89,49,0,0,0,0,0,0,0,8,363,0,11,11,3,8,13,56,22,0,0,0,3,0,0,3,130,0,0,4,0,20,9,21,12,0,5,0,0,4,5,0,87,57,59,42,45,82,72,98,31,0,6,5,3,0,0,4,511,5,9,27,11,7,3,3,9,0,0,0,0,0,0,6,75,0,0,5,17,40,49,63,38,3,4,4,4,4,0,5,242,11,9,188,173,208,273,2498,1519,284,183,241,283,112,17,75,6075,3,7,7,8,34,76,139,87,17,20,14,18,11,4,15,471,0,0,0,0,16,47,105,122
LGA58190,0,0,0,0,0,0,0,0,0,0,0,0,0,0,0,0,0,0,0,0,0,0,0,0,0,0,0,0,0,0,0,0,0,0,0,0,0,0,0,0,0,0,0,0,0,0,0,0,0,0,0,0,0,0,0,0,0,0,0,0,0,0,0,0,0,0,0,0,0,0,0,0,0,0,0,0,0,0,0,0,0,0,0,0,0,0,0,0,0,0,0,0,0,0,0,0,0,0,0,0,0,0,0,0,0,0,0,0,0,0,0,0,0,0,0,0,0,0,0,0,0,0,0,0,0,0,0,0,0,0,0,0,0,0,0,0,0,0,0,0,0,0,0,0,0,0,0,0,0,0,0,0,0,0,0,0,0,0,0,0,0,0,0,0,0,0,0,0,0,0,0,0,0,0,0,0,0,0,0,0,0,0,0,0,0,0,0,0,0,0,0,0,0,0,0,0,0,0,0,0
LGA58260,0,0,0,0,0,0,0,0,0,0,0,0,0,0,0,0,0,0,0,0,0,0,0,0,0,0,0,0,0,0,0,0,0,0,0,0,0,0,0,0,0,0,0,0,0,0,0,0,0,0,0,0,0,0,0,0,0,0,0,0,0,0,0,0,0,0,0,0,0,0,0,0,0,0,0,0,0,0,0,0,0,0,0,0,0,0,0,0,0,0,0,0,0,0,0,0,0,0,0,0,0,0,0,0,0,0,0,0,0,0,0,0,0,0,0,0,0,0,0,0,0,0,0,0,0,0,0,0,0,0,0,0,0,0,0,0,0,0,0,0,0,0,0,0,0,0,0,0,0,0,0,0,0,0,0,0,0,0,0,0,0,0,0,0,0,0,0,0,0,0,0,0,0,0,0,3,0,0,0,0,0,0,0,0,0,0,0,0,0,0,0,0,0,0,0,0,0,0,0,0
LGA58330,0,0,0,0,0,0,0,0,0,0,0,0,0,0,0,0,0,0,0,0,0,0,0,0,0,0,0,0,0,0,0,0,0,0,0,0,0,0,0,0,0,0,0,0,0,0,0,5,0,0,0,0,0,0,0,0,0,0,0,0,0,0,0,5,0,0,0,0,0,0,0,0,0,0,0,0,0,0,0,0,0,0,4,0,0,0,0,0,0,0,0,0,0,0,0,0,0,0,0,0,0,0,0,0,0,0,0,0,0,0,0,0,5,0,3,6,6,4,10,0,0,0,0,0,0,0,0,27,0,0,0,0,0,0,0,0,0,0,0,0,0,0,0,0,0,0,0,0,0,0,0,0,0,0,0,0,0,0,0,0,0,0,0,0,0,0,0,0,0,0,0,0,0,0,0,5,0,0,0,0,0,0,0,0,0,0,0,0,0,0,0,9,0,0,0,0,0,0,0,0
LGA58400,0,0,0,0,0,0,0,0,0,0,0,0,0,0,0,0,0,0,0,0,0,0,0,0,0,0,0,0,0,0,0,0,0,0,0,0,0,0,0,0,0,0,0,0,0,0,0,0,0,0,0,0,0,0,0,0,0,0,0,0,0,0,0,0,0,0,0,0,0,0,0,0,0,0,0,0,0,0,0,0,0,0,0,0,0,0,0,0,0,0,0,0,0,0,0,0,0,0,0,0,0,0,0,0,0,0,0,0,0,0,0,0,0,0,0,0,0,0,0,0,0,0,0,0,0,0,0,0,0,0,0,0,0,0,0,0,0,0,0,0,0,0,0,0,0,0,0,0,0,0,0,0,0,0,0,0,0,0,0,0,0,0,0,0,0,0,0,0,0,0,0,0,0,0,0,0,0,0,0,0,0,0,0,0,0,0,0,0,0,0,0,0,0,0,0,0,0,0,0,0
LGA58470,0,0,0,0,0,0,0,0,0,0,0,0,0,0,0,0,0,0,0,0,0,0,0,0,0,0,0,0,0,0,0,0,0,0,0,0,0,0,0,0,0,0,0,0,0,0,0,0,0,0,0,0,0,0,0,0,0,0,0,0,0,0,0,0,0,0,0,0,0,0,0,0,0,0,0,0,0,0,0,0,0,0,0,0,0,0,0,0,0,0,0,0,0,0,0,0,0,0,0,0,0,0,0,0,0,0,0,0,0,0,0,0,0,0,0,0,0,0,0,0,0,0,0,0,0,0,0,0,0,0,0,0,0,0,0,0,0,0,0,0,0,0,0,0,0,0,0,0,0,0,0,0,0,0,0,0,0,0,0,0,0,0,0,0,0,0,0,0,0,0,0,0,0,0,0,0,0,0,0,0,0,0,0,0,0,0,0,0,0,0,0,0,0,0,0,0,0,0,0,0
LGA58510,0,0,0,0,4,12,19,31,4,9,0,8,0,0,0,79,0,0,4,0,0,0,11,21,6,12,15,8,6,6,0,84,0,0,10,9,11,26,34,15,7,3,3,5,0,4,0,123,0,0,0,5,28,52,220,173,40,49,32,60,19,3,9,697,4,5,13,0,4,9,6,0,0,0,0,0,0,0,0,38,0,0,0,0,0,3,8,8,5,0,9,3,5,0,6,56,0,0,0,0,7,4,4,0,0,0,0,0,0,0,0,17,15,12,14,7,15,13,37,21,3,0,5,7,7,0,9,158,0,3,6,0,0,0,0,7,0,0,0,0,0,0,0,19,0,0,3,14,34,22,26,22,6,6,15,9,15,0,4,173,12,13,47,53,44,45,226,198,89,84,122,148,65,3,32,1185,0,4,0,12,26,73,124,61,14,17,25,42,22,4,17,433,0,0,0,0,10,10,28,45
LGA58540,0,0,0,0,0,0,0,0,0,0,0,0,0,0,0,0,0,0,0,0,0,0,0,0,0,0,0,0,0,0,0,0,0,0,0,0,0,0,0,0,0,0,0,0,0,0,0,0,0,0,0,0,0,0,0,0,0,0,0,0,0,0,0,0,0,0,0,0,0,0,0,0,0,0,0,0,0,0,0,0,0,0,0,0,0,0,0,0,0,0,0,0,0,0,0,0,0,0,0,0,0,0,0,0,0,0,0,0,0,0,0,0,0,0,0,0,0,0,0,0,0,0,0,0,0,0,0,6,0,0,0,0,0,0,0,0,0,0,0,0,0,0,0,0,0,0,0,0,0,0,0,0,0,0,0,0,0,0,0,0,0,0,0,0,0,0,0,0,0,0,0,0,0,0,0,0,0,0,0,0,0,0,0,0,0,0,0,0,0,0,0,0,0,0,0,0,0,0,0,0
LGA58570,0,0,0,0,0,4,0,3,0,0,0,0,0,0,0,13,0,0,0,0,0,0,8,6,0,0,0,0,0,0,0,20,0,0,7,16,14,31,43,31,9,7,5,6,0,4,3,173,0,0,0,4,32,53,99,96,26,50,45,44,13,0,8,465,0,13,9,11,9,14,3,0,0,0,0,0,0,0,4,56,0,3,6,5,0,4,3,0,0,0,0,0,0,0,0,22,0,0,0,0,0,4,4,4,0,0,0,3,0,0,0,16,7,8,4,4,23,25,31,16,8,5,12,10,0,6,0,175,17,56,50,24,0,0,0,5,0,0,0,0,0,0,7,153,0,0,4,9,22,28,29,26,0,5,12,14,3,0,5,152,4,8,48,22,20,25,58,64,19,38,51,51,22,5,11,441,0,3,0,3,5,38,39,23,8,3,15,10,10,0,5,161,0,0,0,0,14,9,13,31
LGA58610,0,0,0,0,0,0,0,0,0,0,0,0,0,0,0,0,0,0,0,0,0,0,0,0,0,0,0,0,0,0,0,0,0,0,0,0,0,0,0,0,0,0,0,0,0,0,0,0,0,0,0,0,0,0,0,0,0,0,0,0,0,0,0,0,0,0,0,0,0,0,0,0,0,0,0,0,0,0,0,0,0,0,0,0,0,0,0,0,0,0,0,0,0,0,0,0,0,0,0,0,0,0,0,0,0,0,0,0,0,3,0,9,0,4,0,0,0,0,0,0,0,0,0,0,0,0,0,5,0,0,0,0,0,0,0,0,0,0,0,0,0,0,0,0,0,0,0,0,0,0,0,0,0,0,0,0,0,0,0,0,0,0,0,0,0,0,0,0,0,0,0,0,0,0,0,0,0,0,0,0,0,0,0,0,0,0,0,0,0,0,0,0,0,0,0,0,0,0,0,0
LGA58680,0,0,0,0,0,0,0,0,0,0,0,0,0,0,0,0,0,0,0,0,0,0,0,0,0,0,0,0,0,0,0,0,0,0,0,0,0,0,0,0,0,0,0,0,0,0,0,0,0,0,0,0,0,0,0,0,0,0,0,0,0,0,0,0,0,0,0,0,0,0,0,0,0,0,0,0,0,0,0,0,0,0,0,0,0,0,0,0,0,0,0,0,0,0,0,0,0,0,0,0,0,0,0,0,0,0,0,0,0,0,0,0,0,0,0,0,0,0,0,0,0,0,0,0,0,0,0,0,0,0,0,0,0,0,0,0,0,0,0,0,0,0,0,0,0,0,0,0,0,0,0,0,0,0,0,0,0,0,0,0,0,0,0,0,0,0,0,0,0,0,0,0,0,0,0,0,0,0,0,0,0,0,0,0,0,0,0,0,0,0,0,0,0,0,0,0,0,0,0,0
LGA58760,0,0,0,0,48,137,275,197,13,23,30,30,8,22,18,806,0,0,0,12,10,11,58,25,3,0,0,5,6,0,0,132,0,0,12,33,42,41,117,54,16,9,5,6,0,0,6,338,0,0,0,6,41,96,396,214,34,32,33,56,21,9,16,967,3,35,68,32,16,117,82,19,5,4,0,0,0,0,3,378,5,9,28,20,18,59,120,127,9,11,11,3,6,4,6,431,0,0,3,0,20,18,25,19,0,0,0,0,0,0,0,91,60,65,58,74,143,80,189,74,10,6,10,10,0,0,14,801,5,37,52,22,16,4,4,7,0,0,0,0,0,0,0,141,0,0,12,18,56,74,73,42,11,4,5,11,0,3,4,300,11,11,182,186,121,190,1764,1016,163,101,118,208,78,14,70,4238,0,8,3,12,43,101,153,89,24,22,23,16,37,9,11,564,0,0,0,11,46,82,160,159
LGA58820,0,0,0,0,0,0,0,0,0,0,0,0,0,0,0,0,0,0,0,0,0,0,0,0,0,0,0,0,0,0,0,0,0,0,0,0,0,0,0,0,0,0,0,0,0,0,0,5,0,0,0,0,0,0,0,0,0,0,0,0,0,0,3,9,0,0,3,0,0,0,0,0,0,0,0,0,0,0,0,3,0,0,0,0,0,0,0,0,0,0,0,0,0,0,0,3,0,0,0,0,0,0,0,0,0,0,0,9,7,0,0,11,4,0,3,0,0,0,5,4,0,0,0,0,0,0,0,22,0,0,0,0,0,0,0,0,0,0,0,0,0,0,0,0,0,0,0,0,0,0,0,0,0,0,0,0,0,0,0,0,0,0,0,0,0,0,0,0,0,0,0,0,0,0,0,3,0,0,0,0,0,0,0,0,0,0,0,0,0,0,0,6,0,0,0,0,0,0,0,0
LGA58890,0,0,0,0,0,0,0,0,0,0,0,0,0,0,0,0,0,0,0,0,0,0,0,0,0,0,0,0,0,0,0,0,0,0,0,0,0,0,0,0,0,0,0,0,0,0,0,0,0,0,0,0,0,0,0,0,0,0,0,0,0,0,0,0,0,0,0,0,0,0,0,0,0,0,0,0,0,0,0,0,0,0,0,0,0,0,0,0,0,0,0,0,0,0,0,0,0,0,0,0,0,0,0,0,0,0,0,0,0,0,0,0,0,0,0,0,0,0,0,0,0,0,0,0,0,0,0,4,0,0,0,0,0,0,0,0,0,0,0,0,0,0,0,0,0,0,0,0,0,0,0,0,0,0,0,0,0,0,0,0,0,0,0,0,0,0,0,0,0,0,0,0,0,0,0,0,0,0,0,0,0,0,0,0,0,0,0,0,0,0,0,0,0,0,0,0,0,0,0,0
LGA59030,0,0,0,0,0,0,0,0,0,0,0,0,0,0,0,0,0,0,0,0,0,0,0,0,0,0,0,0,0,0,0,0,0,0,0,0,0,0,0,0,0,0,0,0,0,0,0,0,0,0,0,0,0,0,0,0,0,0,0,0,0,0,0,0,0,0,0,0,0,0,0,0,0,0,0,0,0,0,0,0,0,0,0,0,0,0,0,0,0,0,0,0,0,0,0,0,0,0,0,0,0,0,0,0,0,0,0,0,0,0,0,0,0,0,0,0,0,0,0,0,0,0,0,0,0,0,0,0,0,0,0,0,0,0,0,0,0,0,0,0,0,0,0,0,0,0,0,0,0,0,0,0,0,0,0,0,0,0,0,0,0,0,0,0,0,0,0,0,0,0,0,0,0,0,0,0,0,0,0,0,0,0,0,0,0,0,0,0,0,0,0,0,0,0,0,0,0,0,0,0
LGA59100,0,0,0,0,0,0,0,0,0,0,0,0,0,0,0,0,0,0,0,0,0,0,0,0,0,0,0,0,0,0,0,0,0,0,0,0,0,0,0,0,0,0,0,0,0,0,0,0,0,0,0,0,0,0,0,0,0,0,0,0,0,0,0,0,0,0,0,0,0,0,0,0,0,0,0,0,0,0,0,0,0,0,0,0,0,0,0,0,0,0,0,0,0,0,0,0,0,0,0,0,0,0,0,0,0,0,0,0,0,0,0,0,0,0,0,0,0,0,0,0,0,0,0,0,0,0,0,6,0,0,0,0,0,0,0,0,0,0,0,0,0,0,0,0,0,0,0,0,0,0,0,0,0,0,0,0,0,0,0,0,0,0,0,0,0,0,0,0,0,0,0,0,0,0,0,0,0,0,0,0,0,0,0,0,0,0,0,0,0,0,0,0,0,0,0,0,0,0,0,0
LGA59170,0,0,0,0,0,0,0,0,0,0,0,0,0,0,0,0,0,0,0,0,0,0,0,0,0,0,0,0,0,0,0,0,0,0,0,0,0,0,0,0,0,0,0,0,0,0,0,0,0,0,0,0,0,0,0,0,0,0,0,0,0,0,0,0,0,0,0,0,0,0,0,0,0,0,0,0,0,0,0,0,0,0,0,0,0,0,0,0,0,0,0,0,0,0,0,0,0,0,0,0,0,0,0,0,0,0,0,0,0,0,0,0,0,0,0,0,0,0,0,0,0,0,0,0,0,0,0,3,0,0,0,0,0,0,0,0,0,0,0,0,0,0,0,0,0,0,0,0,0,0,0,0,0,0,0,0,0,0,0,0,0,0,0,0,0,0,0,0,0,0,0,0,0,0,0,0,0,0,0,0,0,0,4,5,0,0,0,0,0,0,0,4,0,0,0,0,0,0,0,0
LGA59250,0,0,0,0,0,0,0,0,0,0,0,0,0,0,0,0,0,0,0,0,0,0,0,0,0,0,0,0,0,0,0,0,0,0,0,0,0,0,0,0,0,0,0,0,0,0,0,0,0,0,0,0,0,0,0,0,0,0,0,0,0,0,0,0,0,0,0,0,0,0,0,0,0,0,0,0,0,0,0,0,0,0,0,0,0,0,0,0,0,0,0,0,0,0,0,0,0,0,0,0,0,0,0,4,0,0,0,0,0,0,0,8,0,0,0,0,0,0,0,0,0,0,0,0,0,0,0,0,0,0,0,0,0,0,0,0,0,0,0,0,0,0,0,0,0,0,0,0,0,0,0,0,0,0,0,0,0,0,0,0,0,0,0,0,0,0,0,0,0,0,0,0,0,0,0,0,0,0,0,0,0,0,0,0,0,0,5,0,0,0,0,0,0,0,0,0,0,0,0,0
LGA59310,0,0,0,0,0,0,0,0,0,0,0,0,0,0,0,0,0,0,0,0,0,0,0,0,0,0,0,0,0,0,0,0,0,0,0,0,0,0,0,0,0,0,0,0,0,0,0,0,0,0,0,0,0,0,0,0,0,0,0,0,0,0,0,3,0,0,0,0,0,0,0,0,0,0,0,0,0,0,0,0,0,0,0,0,0,0,0,0,0,0,0,0,0,0,0,0,0,0,0,0,0,0,0,0,0,0,0,0,0,0,0,0,0,0,0,0,0,0,0,0,0,0,0,0,0,0,0,0,0,0,0,0,0,0,0,0,0,0,0,0,0,0,0,0,0,0,0,0,0,0,0,0,0,0,0,0,0,0,0,0,0,0,0,0,0,0,0,3,0,0,0,0,0,0,0,3,0,0,0,0,0,0,0,0,0,0,0,0,0,0,0,0,0,0,0,0,0,0,0,0
LGA59320,0,0,0,0,0,0,0,0,0,0,0,0,0,0,0,0,0,0,0,0,0,0,0,0,0,0,0,0,0,0,0,0,0,0,0,0,0,0,0,0,0,0,0,0,0,0,0,0,0,0,0,0,0,0,0,0,0,0,0,0,0,0,0,0,0,0,0,0,0,0,0,0,0,0,0,0,0,0,0,0,0,0,0,0,0,0,0,0,0,0,0,0,0,0,0,0,0,0,0,0,0,0,0,0,0,0,0,0,0,0,0,0,0,0,0,0,0,0,0,0,0,0,0,0,0,0,0,0,0,0,0,0,0,0,0,0,0,0,0,0,0,0,0,0,0,0,0,0,0,0,0,0,0,0,0,0,0,0,0,0,0,0,0,0,0,0,0,0,0,0,0,0,0,0,0,0,0,0,0,0,0,0,0,0,0,0,0,0,0,0,0,0,0,0,0,0,0,0,0,0
LGA59330,0,0,0,0,0,0,0,0,0,0,0,0,0,0,0,0,0,0,0,0,0,0,0,0,0,0,0,0,0,0,0,0,0,0,0,0,0,0,0,0,0,0,0,0,0,0,0,0,0,0,0,0,0,0,0,0,0,0,0,0,0,0,0,0,0,0,0,0,0,0,0,0,0,0,0,0,0,0,0,0,0,0,0,0,0,0,0,0,0,0,0,0,0,0,0,0,0,0,0,0,0,0,0,0,0,0,0,0,0,0,0,0,0,0,0,0,0,0,0,0,0,0,0,0,0,0,0,0,0,0,0,0,0,0,0,0,0,0,0,0,0,0,0,0,0,0,0,0,0,0,0,0,0,0,0,0,0,0,0,0,0,0,0,0,0,0,0,0,0,0,0,0,0,0,0,3,0,0,0,0,0,0,0,0,0,0,0,0,0,0,0,0,0,0,0,0,0,0,0,0
LGA59340,0,0,0,0,0,0,0,0,0,0,0,0,0,0,0,0,0,0,0,0,0,0,0,0,0,0,0,0,0,0,0,0,0,0,0,0,0,0,0,0,0,0,0,0,0,0,0,3,0,0,0,0,0,0,0,0,0,0,0,5,0,3,0,21,0,0,0,0,0,0,0,0,0,0,0,0,0,0,0,0,0,0,0,0,0,0,0,0,0,0,0,3,0,0,0,3,0,0,0,0,0,0,4,0,0,4,0,0,0,0,0,12,0,0,0,0,8,10,8,5,0,0,0,3,0,0,0,39,0,0,0,0,0,0,0,0,0,0,0,0,0,0,0,0,0,0,0,0,0,0,3,0,0,0,0,0,0,0,0,0,0,0,0,0,0,3,10,8,0,0,7,0,0,0,8,33,0,0,0,0,0,3,0,0,3,0,0,0,0,0,0,15,0,0,0,0,0,0,0,0
LGA59350,0,0,0,0,0,0,0,0,0,0,0,0,0,0,0,0,0,0,0,0,0,0,0,0,0,0,0,0,0,0,0,0,0,0,0,0,0,0,0,0,0,0,0,0,0,0,0,0,0,0,0,0,0,0,0,0,0,0,0,0,0,0,0,0,0,0,0,0,0,0,0,0,0,0,0,0,0,0,0,0,0,0,0,0,0,0,0,0,0,0,0,0,0,0,0,0,0,0,0,0,0,0,0,0,0,0,0,0,0,0,0,0,0,0,0,0,0,0,0,0,0,0,0,0,0,0,0,0,0,0,0,0,0,0,0,0,0,0,0,0,0,0,0,0,0,0,0,0,0,0,0,0,0,0,0,0,0,0,0,0,0,0,0,0,0,0,0,0,0,0,0,0,0,0,0,0,0,0,0,0,0,0,0,0,0,0,0,0,0,0,0,0,0,0,0,0,0,0,0,0
LGA59360,0,0,0,0,0,0,0,0,0,0,0,0,0,0,0,0,0,0,0,0,0,0,0,0,0,0,0,0,0,0,0,0,0,0,0,0,0,0,0,0,0,0,0,0,0,0,0,0,0,0,0,0,0,0,0,0,0,0,0,0,0,0,0,7,0,0,0,0,0,0,0,0,0,0,0,0,0,0,0,0,0,0,0,0,0,0,0,0,0,0,0,0,0,0,0,0,0,0,0,0,0,0,0,0,0,0,0,0,0,0,0,0,0,0,0,0,0,0,0,0,0,0,0,0,0,0,0,4,0,0,0,0,0,0,0,0,0,0,0,0,0,0,0,0,0,0,0,0,0,0,0,0,0,0,0,0,0,0,0,0,0,0,0,0,0,0,0,0,0,0,0,0,0,0,0,10,0,0,0,0,0,0,0,0,0,0,0,0,0,0,0,0,0,0,0,0,0,0,0,0
LGA59370,0,0,0,0,0,0,0,0,0,0,0,0,0,0,0,0,0,0,0,0,0,0,0,0,0,0,0,0,0,0,0,0,0,0,0,0,0,0,0,0,0,0,0,0,0,0,0,5,0,0,0,0,0,0,0,0,0,0,0,0,0,0,0,0,0,0,0,0,0,0,0,0,0,0,0,0,0,0,0,0,0,0,0,0,0,0,0,0,0,0,0,0,0,0,0,0,0,0,0,0,0,0,0,0,0,0,0,0,0,0,0,0,3,0,0,4,0,0,0,0,0,0,0,0,0,0,0,16,0,5,0,0,0,0,0,0,0,0,0,0,0,0,0,5,0,0,0,0,0,0,0,0,0,0,0,0,0,0,0,0,0,0,4,0,0,0,0,0,3,0,0,0,0,0,0,14,0,0,0,0,0,0,0,0,0,0,0,0,0,0,0,3,0,0,0,0,0,0,0,0
LGA59499,0,0,0,0,0,0,0,0,0,0,0,0,0,16,3,25,0,0,0,0,0,0,0,0,0,0,0,0,0,0,0,0,0,0,0,3,0,0,0,3,0,0,0,3,3,4,0,24,0,0,0,0,0,0,0,0,0,0,0,7,6,0,5,19,0,0,0,0,0,0,0,0,0,0,0,0,0,0,3,6,0,0,0,0,0,0,0,0,0,0,0,0,0,5,0,0,0,0,0,0,0,0,0,0,0,0,0,0,0,0,0,0,3,3,0,4,9,3,0,0,0,0,0,8,9,0,5,46,0,0,0,0,0,0,0,0,0,0,0,0,0,0,0,0,0,0,0,0,0,0,0,0,0,0,0,0,0,0,0,4,0,0,4,0,0,0,7,0,0,0,4,4,0,0,3,30,0,0,0,0,0,3,3,0,0,5,0,4,0,0,5,15,0,0,0,0,0,0,0,0
LGA59799,0,0,0,0,0,0,0,0,0,0,0,0,0,0,0,0,0,0,0,0,0,0,0,0,0,0,0,0,0,0,0,0,0,0,0,0,0,0,0,0,0,0,0,0,0,0,0,0,0,0,0,0,0,0,0,0,0,0,0,0,0,0,0,0,0,0,0,0,0,0,0,0,0,0,0,0,0,0,0,0,0,0,0,0,0,0,0,0,0,0,0,0,0,0,0,0,0,0,0,0,0,0,0,0,0,0,0,0,0,0,0,0,0,0,0,0,0,0,0,0,0,0,0,0,0,0,0,0,0,0,0,0,0,0,0,0,0,0,0,0,0,0,0,0,0,0,0,0,0,0,0,0,0,0,0,0,0,0,0,0,0,0,0,0,0,0,0,0,0,0,0,0,0,0,0,4,0,0,0,0,0,0,0,0,0,0,0,0,0,0,5,7,0,0,0,0,0,0,0,0
