GCCSA_CODE_2021,One_method_Train_M,One_method_Train_F,One_method_Train_P,One_method_Bus_M,One_method_Bus_F,One_method_Bus_P,One_method_Ferry_M,One_method_Ferry_F,One_method_Ferry_P,One_met_Tram_or_lt_rail_M,One_met_Tram_or_lt_rail_F,One_met_Tram_or_lt_rail_P,One_met_Taxi_or_Rideshare_M,One_met_Taxi_or_Rideshare_F,One_met_Taxi_or_Rideshare_P,One_method_Car_as_driver_M,One_method_Car_as_driver_F,One_method_Car_as_driver_P,One_method_Car_as_passenger_M,One_method_Car_as_passenger_F,One_method_Car_as_passenger_P,One_method_Truck_M,One_method_Truck_F,One_method_Truck_P,One_method_Motorbike_scootr_M,One_method_Motorbike_scootr_F,One_method_Motorbike_scootr_P,One_method_Bicycle_M,One_method_Bicycle_F,One_method_Bicycle_P,One_method_Other_M,One_method_Other_F,One_method_Other_P,One_method_Walked_only_M,One_method_Walked_only_F,One_method_Walked_only_P,One_method_Tot_one_method_M,One_method_Tot_one_method_F,One_method_Tot_one_method_P,Two_methods_Train_Bus_M,Two_methods_Train_Bus_F,Two_methods_Train_Bus_P,Two_methods_Train_Ferry_M,Two_methods_Train_Ferry_F,Two_methods_Train_Ferry_P,Two_mt_trn_Trm_or_lt_rail_M,Two_mt_trn_Trm_or_lt_rail_F,Two_mt_trn_Trm_or_lt_rail_P,Two_methods_Trn_Car_as_drvr_M,Two_methods_Trn_Car_as_drvr_F,Two_methods_Trn_Car_as_drvr_P,Two_methods_Trn_Car_as_pass_M,Two_methods_Trn_Car_as_pass_F,Two_methods_Trn_Car_as_pass_P,Two_methods_Train_Other_M,Two_methods_Train_Other_F,Two_methods_Train_Other_P,Two_methods_Train_Tot_M,Two_methods_Train_Tot_F,Two_methods_Train_Tot_P,Two_methods_Bus_Ferry_M,Two_methods_Bus_Ferry_F,Two_methods_Bus_Ferry_P,Two_mth_Bu_Trm_or_lt_rail_M,Two_mth_Bu_Trm_or_lt_rail_F,Two_mth_Bu_Trm_or_lt_rail_P,Two_methods_Bus_Car_as_drvr_M,Two_methods_Bus_Car_as_drvr_F,Two_methods_Bus_Car_as_drvr_P,Two_methods_Bus_Car_as_pass_M,Two_methods_Bus_Car_as_pass_F,Two_methods_Bus_Car_as_pass_P,Two_methods_Bus_Other_M,Two_methods_Bus_Other_F,Two_methods_Bus_Other_P,Two_methods_Bus_Tot_M,Two_methods_Bus_Tot_F,Two_methods_Bus_Tot_P,Two_methds_Othr_two_methds_M,Two_methds_Othr_two_methds_F,Two_methds_Othr_two_methds_P,Two_methods_Tot_two_methods_M,Two_methods_Tot_two_methods_F,Two_methods_Tot_two_methods_P,Three_meth_Tr_2_oth_meth_M,Three_meth_Tr_2_oth_meth_F,Three_meth_Tr_2_oth_meth_P,Three_met_Bs_2_ot_met_ex_tr_M,Three_met_Bs_2_ot_met_ex_tr_F,Three_met_Bs_2_ot_met_ex_tr_P,Three_meth_Othr_three_meth_M,Three_meth_Othr_three_meth_F,Three_meth_Othr_three_meth_P,Three_meth_Tot_three_meth_M,Three_meth_Tot_three_meth_F,Three_meth_Tot_three_meth_P,Worked_home_M,Worked_home_F,Worked_home_P,Did_not_go_to_work_M,Did_not_go_to_work_F,Did_not_go_to_work_P,Method_travel_to_work_ns_M,Method_travel_to_work_ns_F,Method_travel_to_work_ns_P,Tot_M,Tot_F,Tot_P
5GPER,11472,11479,22953,17953,13847,31806,145,76,217,31,20,49,2026,1692,3717,349908,306827,656733,20539,26160,46694,5486,189,5673,2549,255,2803,5324,1529,6854,11987,2958,14942,8648,8117,16774,436069,373142,809212,6784,6572,13355,12,7,24,0,4,5,4698,4287,8984,669,924,1587,500,189,688,12658,11987,24643,23,6,32,8,8,15,776,778,1550,491,891,1384,706,405,1108,2002,2087,4085,4538,2235,6772,19195,16309,35505,2168,2564,4733,529,266,792,265,101,366,2960,2933,5892,35237,45421,80658,53887,69541,123429,2485,1706,4194,549839,509051,1058890
5RWAU,69,42,111,4424,1138,5559,37,12,56,5,7,11,238,210,452,80644,73032,153677,6927,6578,13509,1938,90,2030,712,157,862,1218,649,1873,3406,968,4372,5549,5563,11105,105169,88443,193617,15,9,26,0,0,0,0,0,0,47,49,96,5,11,16,0,0,0,74,65,136,0,0,0,0,0,0,389,136,532,64,52,118,196,36,238,656,226,884,1348,615,1960,2078,905,2986,22,24,48,158,26,186,100,15,113,282,64,347,7634,9892,17526,14221,14803,29022,1156,814,1970,130548,114926,245471
59499,12,6,22,65,25,86,0,0,0,0,0,0,11,3,11,302,239,536,76,56,134,10,3,13,3,0,3,14,11,23,54,13,72,91,111,201,629,470,1098,4,6,10,0,0,0,0,0,0,4,4,7,0,0,0,0,0,0,8,11,15,0,0,0,0,0,0,0,0,0,0,0,0,0,4,6,3,3,4,11,7,15,19,20,44,4,0,7,0,0,5,0,0,0,8,3,10,54,52,108,176,158,334,7,8,17,899,715,1614
59799,0,0,0,39,0,38,0,3,3,0,0,0,0,0,0,13,0,13,3,0,3,0,0,0,0,0,0,0,0,0,138,20,155,32,8,34,228,26,250,0,0,0,0,0,0,0,0,0,0,0,0,0,0,0,0,0,0,0,0,0,0,0,0,0,0,0,0,0,0,0,0,0,4,0,4,4,0,4,9,5,11,10,5,10,0,0,0,0,0,0,0,0,0,0,0,0,3,0,3,0,0,0,4,0,4,246,29,277
