GCCSA_CODE_2021,P_FoodHospPersServ_Occ_Mng,P_FoodHospPersServ_Occ_Pro,P_FoodHospPersServ_Occ_TTW,P_FoodHospPersServ_Occ_CPS,P_FoodHospPersServ_Occ_CA,P_FoodHospPersServ_Occ_Sal,P_FoodHospPersServ_Occ_MOD,P_FoodHospPersServ_Occ_Lab,P_FoodHospPersServ_Occ_IDNS,P_FoodHospPersServ_Total,P_MixFieldProg_Occ_Mng,P_MixFieldProg_Occ_Pro,P_MixFieldProg_Occ_TTW,P_MixFieldProg_Occ_CPS,P_MixFieldProg_Occ_CA,P_MixFieldProg_Occ_Sal,P_MixFieldProg_Occ_MOD,P_MixFieldProg_Occ_Lab,P_MixFieldProg_Occ_IDNS,P_MixFieldProg_Total,P_FS_ID_Occ_Mng,P_FS_ID_Occ_Pro,P_FS_ID_Occ_TTW,P_FS_ID_Occ_CPS,P_FS_ID_Occ_CA,P_FS_ID_Occ_Sal,P_FS_ID_Occ_MOD,P_FS_ID_Occ_Lab,P_FS_ID_Occ_IDNS,P_FS_ID_Total,P_FS_NS_Occ_Mng,P_FS_NS_Occ_Pro,P_FS_NS_Occ_TTW,P_FS_NS_Occ_CPS,P_FS_NS_Occ_CA,P_FS_NS_Occ_Sal,P_FS_NS_Occ_MOD,P_FS_NS_Occ_Lab,P_FS_NS_Occ_IDNS,P_FS_NS_Total,P_Tot_Occ_Mng,P_Tot_Occ_Pro,P_Tot_Occ_TTW,P_Tot_Occ_CPS,P_Tot_Occ_CA,P_Tot_Occ_Sal,P_Tot_Occ_MOD,P_Tot_Occ_Lab,P_Tot_Occ_IDNS,P_Total_Total
5GPER,4256,1268,13169,7061,4876,3587,2804,3654,402,41079,56,65,104,136,90,120,95,202,30,898,1343,2065,1606,1587,1298,643,1115,874,342,10864,1682,1717,3246,2053,1816,1146,1751,1998,3334,18741,97686,235597,121129,91240,84756,37437,35274,40117,11293,754533
5RWAU,1101,231,2828,1436,1043,805,881,1143,112,9584,11,15,20,40,11,33,20,58,10,224,300,315,423,306,191,83,350,245,77,2294,683,393,1071,593,413,371,740,906,773,5945,21645,33185,33633,18730,15238,7116,11547,12678,2607,156381
59499,5,5,22,8,11,3,8,12,0,81,0,0,0,0,0,0,0,3,0,6,0,3,8,4,0,0,3,0,0,23,3,0,9,5,0,0,8,5,11,38,80,233,220,161,97,42,89,176,23,1126
59799,0,0,7,0,0,0,0,7,0,20,0,0,0,0,0,0,0,0,0,0,0,0,5,0,0,0,0,0,5,8,0,0,4,0,0,0,0,5,0,7,4,33,67,9,3,0,18,60,6,199
