GCCSA_CODE_2021,I_4000more_1AW_OthNW,I_4000more_BNW,I_4000more_LFsta_NS,I_4000more_Tot,Part_inc_stated_BE_WFT,Part_inc_stated_BE_WPT,Part_inc_stated_BE_BAW,Part_inc_stated_1EFT_OthPT,Part_inc_stated_1EFT_OthAW,Part_inc_stated_1EFT_OthNW,Part_inc_stated_1EPT_OthAW,Part_inc_stated_1EPT_OthNW,Part_inc_stated_1AW_OthNW,Part_inc_stated_BNW,Part_inc_stated_LFsta_NS,Part_inc_stated_Tot,All_inc_NS_BE_WFT,All_inc_NS_BE_WPT,All_inc_NS_BE_BAW,All_inc_NS_1EFT_OthPT,All_inc_NS_1EFT_OthAW,All_inc_NS_1EFT_OthNW,All_inc_NS_1EPT_OthAW,All_inc_NS_1EPT_OthNW,All_inc_NS_1AW_OthNW,All_inc_NS_BNW,All_inc_NS_LFsta_NS,All_inc_NS_Tot,Tot_BE_WFT,Tot_BE_WPT,Tot_BE_BAW,Tot_1EFT_OthPT,Tot_1EFT_OthAW,Tot_1EFT_OthNW,Tot_1EPT_OthAW,Tot_1EPT_OthNW,Tot_1AW_OthNW,Tot_BNW,Tot_LFsta_NS,Tot_Tot
5GPER,232,1455,30,25125,149,46,72,126,119,195,60,116,75,545,13559,15059,134,32,102,89,34,62,11,62,46,975,1042,2587,46237,9939,1486,30897,3700,20669,1874,15207,2410,66289,15432,214131
5RWAU,70,249,14,5386,49,14,15,53,24,57,18,42,19,167,4317,4776,78,31,46,51,15,28,3,20,13,356,426,1068,12110,2879,694,8310,1112,5126,638,3847,844,17670,5120,58359
59499,0,0,0,0,0,0,0,0,0,0,0,0,0,0,0,0,0,0,0,0,0,0,0,0,0,0,0,0,0,0,0,0,0,0,0,0,0,0,0,0
59799,0,0,0,0,0,0,0,0,0,0,0,0,0,0,0,0,0,0,0,0,0,0,0,0,0,0,0,0,0,0,0,0,0,0,0,0,0,0,0,0
