GCCSA_CODE_2021,SH_FHs_CF_no_C,SH_FHs_CF_C,SH_FHs_OnePF,SH_FHs_Oth_fam,SH_FHs_Tot,SH_Lone_P_H,SH_Group_H,SH_Tot,SDRTHT_1_S_FHs_CF_no_C,SDRTHT_1_S_FHs_CF_C,SDRTHT_1_S_FHs_OnePF,SDRTHT_1_S_FHs_Oth_fam,SDRTHT_1_S_FHs_Tot,SDRTHT_1_S_Lone_P_H,SDRTHT_1_S_Group_H,SDRTHT_1_S_Tot,SDRTHT_2more_S_FHs_CF_no_C,SDRTHT_2more_S_FHs_CF_C,SDRTHT_2more_S_FHs_OnePF,SDRTHT_2more_S_FHs_Oth_fam,SDRTHT_2more_S_FHs_Tot,SDRTHT_2more_S_Lone_P_H,SDRTHT_2more_S_Group_H,SDRTHT_2more_S_Tot,SDRTHT_Tot_FHs_CF_no_C,SDRTHT_Tot_FHs_CF_C,SDRTHT_Tot_FHs_OnePF,SDRTHT_Tot_FHs_Oth_fam,SDRTHT_Tot_FHs_Tot,SDRTHT_Tot_Lone_P_H,SDRTHT_Tot_Group_H,SDRTHT_Tot_Tot,FoA_1_or_2_SB_FHs_CF_no_C,FoA_1_or_2_SB_FHs_CF_C,FoA_1_or_2_SB_FHs_OnePF,FoA_1_or_2_SB_FHs_Oth_fam,FoA_1_or_2_SB_FHs_Tot,FoA_1_or_2_SB_Lone_P_H,FoA_1_or_2_SB_Group_H,FoA_1_or_2_SB_Tot,FoA_3SB_FHs_CF_no_C,FoA_3SB_FHs_CF_C,FoA_3SB_FHs_OnePF,FoA_3SB_FHs_Oth_fam,FoA_3SB_FHs_Tot,FoA_3SB_Lone_P_H,FoA_3SB_Group_H,FoA_3SB_Tot,FoA_4_to_8_SB_FHs_CF_no_C,FoA_4_to_8_SB_FHs_CF_C,FoA_4_to_8_SB_FHs_OnePF,FoA_4_to_8_SB_FHs_Oth_fam,FoA_4_to_8_SB_FHs_Tot,FoA_4_to_8_SB_Lone_P_H,FoA_4_to_8_SB_Group_H,FoA_4_to_8_SB_Tot,FoA_9moSB_FHs_CF_no_C,FoA_9moSB_FHs_CF_C,FoA_9moSB_FHs_OnePF,FoA_9moSB_FHs_Oth_fam,FoA_9moSB_FHs_Tot,FoA_9moSB_Lone_P_H,FoA_9moSB_Group_H,FoA_9moSB_Tot,FoA_Att_to_hous_FHs_CF_no_C,FoA_Att_to_hous_FHs_CF_C,FoA_Att_to_hous_FHs_OnePF,FoA_Att_to_hous_FHs_Oth_fam,FoA_Att_to_hous_FHs_Tot,FoA_Att_to_hous_Lone_P_H,FoA_Att_to_hous_Group_H,FoA_Att_to_hous_Tot,FoA_Tot_FHs_CF_no_C,FoA_Tot_FHs_CF_C,FoA_Tot_FHs_OnePF,FoA_Tot_FHs_Oth_fam,FoA_Tot_FHs_Tot,FoA_Tot_Lone_P_H,FoA_Tot_Group_H,FoA_Tot_Tot,OD_C_FHs_CF_no_C,OD_C_FHs_CF_C,OD_C_FHs_OnePF,OD_C_FHs_Oth_fam,OD_C_FHs_Tot,OD_C_Lone_P_H,OD_C_Group_H,OD_C_Tot,OD_CH_FHs_CF_no_C,OD_CH_FHs_CF_C,OD_CH_FHs_OnePF,OD_CH_FHs_Oth_fam,OD_CH_FHs_Tot,OD_CH_Lone_P_H,OD_CH_Group_H,OD_CH_Tot,OD_Imp_home_T_SO_FHs_CF_no_C,OD_Imp_home_T_SO_FHs_CF_C,OD_Imp_home_T_SO_FHs_OnePF,OD_Imp_home_T_SO_FHs_Oth_fam,OD_Imp_home_T_SO_FHs_Tot,OD_Imp_home_T_SO_Lone_P_H,OD_Imp_home_T_SO_Group_H,OD_Imp_home_T_SO_Tot,OD_HorF_at_to_S_O_FHs_CF_no_C,OD_HorF_at_to_S_O_FHs_CF_C,OD_HorF_at_to_S_O_FHs_OnePF,OD_HorF_at_to_S_O_FHs_Oth_fam,OD_HorF_at_to_S_O_FHs_Tot,OD_HorF_at_to_S_O_Lone_P_H,OD_HorF_at_to_S_O_Group_H,OD_HorF_at_to_S_O_Tot,OD_Tot_FHs_CF_no_C,OD_Tot_FHs_CF_C,OD_Tot_FHs_OnePF,OD_Tot_FHs_Oth_fam,OD_Tot_FHs_Tot,OD_Tot_Lone_P_H,OD_Tot_Group_H,OD_Tot_Tot,DS_NS_FHs_CF_no_C,DS_NS_FHs_CF_C,DS_NS_FHs_OnePF,DS_NS_FHs_Oth_fam,DS_NS_FHs_Tot,DS_NS_Lone_P_H,DS_NS_Group_H,DS_NS_Tot,Tot_FHs_CF_no_C,Tot_FHs_CF_C,Tot_FHs_OnePF,Tot_FHs_Oth_fam,Tot_FHs_Tot,Tot_Lone_P_H,Tot_Group_H,Tot_Tot
5GPER,163242,236560,69160,6774,475733,111931,17788,605453,17417,11610,8263,1062,38352,37386,3608,79348,8462,5333,2963,520,17278,11481,2224,30979,25877,16944,11225,1583,55625,48866,5836,110325,3919,1679,1229,262,7092,10785,1024,18894,3403,1047,765,201,5406,7990,969,14370,4726,1219,749,187,6881,8219,1023,16121,3116,877,396,133,4515,4097,692,9300,203,147,67,11,431,348,20,808,15355,4971,3211,796,24327,31438,3724,59492,226,25,39,4,296,639,22,955,303,16,41,7,372,685,16,1067,25,21,3,0,47,48,0,95,130,68,28,8,227,153,39,419,684,132,112,17,941,1525,75,2537,179,131,65,10,382,411,25,820,205332,258734,83764,9178,557005,194168,27450,778620
5RWAU,51623,50094,17391,1531,120637,38614,4331,163583,2420,1266,1213,146,5045,7376,420,12837,657,383,183,14,1235,925,128,2285,3071,1652,1395,160,6279,8301,539,15123,394,171,144,23,720,1337,84,2147,72,22,20,3,113,175,14,293,48,18,4,0,71,71,4,155,49,9,5,0,64,98,6,169,25,13,10,0,49,42,8,108,587,233,174,28,1022,1733,114,2871,639,118,73,17,842,1072,58,1968,220,30,19,6,281,490,29,799,61,30,8,6,110,122,6,240,101,69,25,3,189,103,15,319,1020,252,121,25,1425,1788,112,3325,311,194,62,15,581,589,41,1207,56620,52421,19143,1758,129939,51026,5146,186111
59499,0,0,0,0,0,0,0,0,0,0,0,0,0,0,0,0,0,0,0,0,0,0,0,0,0,0,0,0,0,0,0,0,0,0,0,0,0,0,0,0,0,0,0,0,0,0,0,0,0,0,0,0,0,0,0,0,0,0,0,0,0,0,0,0,0,0,0,0,0,0,0,0,0,0,0,0,0,0,0,0,0,0,0,0,0,0,0,0,0,0,0,0,0,0,0,0,0,0,0,0,0,0,0,0,0,0,0,0,0,0,0,0,0,0,0,0,0,0,0,0,0,0,0,0,0,0,0,0,0,0,0,0,0,0,0,0
59799,0,0,0,0,0,0,0,0,0,0,0,0,0,0,0,0,0,0,0,0,0,0,0,0,0,0,0,0,0,0,0,0,0,0,0,0,0,0,0,0,0,0,0,0,0,0,0,0,0,0,0,0,0,0,0,0,0,0,0,0,0,0,0,0,0,0,0,0,0,0,0,0,0,0,0,0,0,0,0,0,0,0,0,0,0,0,0,0,0,0,0,0,0,0,0,0,0,0,0,0,0,0,0,0,0,0,0,0,0,0,0,0,0,0,0,0,0,0,0,0,0,0,0,0,0,0,0,0,0,0,0,0,0,0,0,3
