GCCSA_CODE_2021,I_4000more_1AW_OthNW,I_4000more_BNW,I_4000more_LFsta_NS,I_4000more_Tot,Part_inc_stated_BE_WFT,Part_inc_stated_BE_WPT,Part_inc_stated_BE_BAW,Part_inc_stated_1EFT_OthPT,Part_inc_stated_1EFT_OthAW,Part_inc_stated_1EFT_OthNW,Part_inc_stated_1EPT_OthAW,Part_inc_stated_1EPT_OthNW,Part_inc_stated_1AW_OthNW,Part_inc_stated_BNW,Part_inc_stated_LFsta_NS,Part_inc_stated_Tot,All_inc_NS_BE_WFT,All_inc_NS_BE_WPT,All_inc_NS_BE_BAW,All_inc_NS_1EFT_OthPT,All_inc_NS_1EFT_OthAW,All_inc_NS_1EFT_OthNW,All_inc_NS_1EPT_OthAW,All_inc_NS_1EPT_OthNW,All_inc_NS_1AW_OthNW,All_inc_NS_BNW,All_inc_NS_LFsta_NS,All_inc_NS_Tot,Tot_BE_WFT,Tot_BE_WPT,Tot_BE_BAW,Tot_1EFT_OthPT,Tot_1EFT_OthAW,Tot_1EFT_OthNW,Tot_1EPT_OthAW,Tot_1EPT_OthNW,Tot_1AW_OthNW,Tot_BNW,Tot_LFsta_NS,Tot_Tot
5GPER,524,875,88,63859,2691,492,281,2791,408,1536,252,656,303,1226,20812,31451,154,15,159,157,58,71,24,20,66,100,814,1640,54911,10780,2239,80774,9939,45159,3684,11944,3467,15652,22172,260717
5RWAU,138,65,19,8977,1111,170,70,1018,135,394,80,141,77,372,5225,8789,48,8,37,57,17,23,13,13,18,53,233,517,11216,2112,673,16037,2027,7987,1031,2027,904,3337,5600,52952
59499,0,0,0,0,0,0,0,0,0,0,0,0,0,0,0,0,0,0,0,0,0,0,0,0,0,0,0,0,0,0,0,0,0,0,0,0,0,0,0,0
59799,0,0,0,0,0,0,0,0,0,0,0,0,0,0,0,0,0,0,0,0,0,0,0,0,0,0,0,0,0,0,0,0,0,0,0,0,0,0,0,0
