GCCSA_CODE_2021,M_15_19_yr_Volunteer,M_15_19_yr_N_a_volunteer,M_15_19_yr_Voluntary_work_ns,M_15_19_yr_Tot,M_20_24_yr_Volunteer,M_20_24_yr_N_a_volunteer,M_20_24_yr_Voluntary_work_ns,M_20_24_yr_Tot,M_25_34_yr_Volunteer,M_25_34_yr_N_a_volunteer,M_25_34_yr_Voluntary_work_ns,M_25_34_yr_Tot,M_35_44_yr_Volunteer,M_35_44_yr_N_a_volunteer,M_35_44_yr_Voluntary_work_ns,M_35_44_yr_Tot,M_45_54_yr_Volunteer,M_45_54_yr_N_a_volunteer,M_45_54_yr_Voluntary_work_ns,M_45_54_yr_Tot,M_55_64_yr_Volunteer,M_55_64_yr_N_a_volunteer,M_55_64_yr_Voluntary_work_ns,M_55_64_yr_Tot,M_65_74_yr_Volunteer,M_65_74_yr_N_a_volunteer,M_65_74_yr_Voluntary_work_ns,M_65_74_yr_Tot,M_75_84_yr_Volunteer,M_75_84_yr_N_a_volunteer,M_75_84_yr_Voluntary_work_ns,M_75_84_yr_Tot,M_85ov_Volunteer,M_85ov_N_a_volunteer,M_85_ov_Voluntary_work_ns,M_85ov_Tot,M_Tot_Volunteer,M_Tot_N_a_volunteer,M_Tot_Voluntary_work_ns,M_Tot_Tot,F_15_19_yr_Volunteer,F_15_19_yr_N_a_volunteer,F_15_19_yr_Voluntary_work_ns,F_15_19_yr_Tot,F_20_24_yr_Volunteer,F_20_24_yr_N_a_volunteer,F_20_24_yr_Voluntary_work_ns,F_20_24_yr_Tot,F_25_34_yr_Volunteer,F_25_34_yr_N_a_volunteer,F_25_34_yr_Voluntary_work_ns,F_25_34_yr_Tot,F_35_44_yr_Volunteer,F_35_44_yr_N_a_volunteer,F_35_44_yr_Voluntary_work_ns,F_35_44_yr_Tot,F_45_54_yr_Volunteer,F_45_54_yr_N_a_volunteer,F_45_54_yr_Voluntary_work_ns,F_45_54_yr_Tot,F_55_64_yr_Volunteer,F_55_64_yr_N_a_volunteer,F_55_64_yr_Voluntary_work_ns,F_55_64_yr_Tot,F_65_74_yr_Volunteer,F_65_74_yr_N_a_volunteer,F_65_74_yr_Voluntary_work_ns,F_65_74_yr_Tot,F_75_84_yr_Volunteer,F_75_84_yr_N_a_volunteer,F_75_84_yr_Voluntary_work_ns,F_75_84_yr_Tot,F_85ov_Volunteer,F_85ov_N_a_volunteer,F_85_ov_Voluntary_work_ns,F_85ov_Tot,F_Tot_Volunteer,F_Tot_N_a_volunteer,F_Tot_Voluntary_work_ns,F_Tot_Tot,P_15_19_yr_Volunteer,P_15_19_yr_N_a_volunteer,P_15_19_yr_Voluntary_work_ns,P_15_19_yr_Tot,P_20_24_yr_Volunteer,P_20_24_yr_N_a_volunteer,P_20_24_yr_Voluntary_work_ns,P_20_24_yr_Tot,P_25_34_yr_Volunteer,P_25_34_yr_N_a_volunteer,P_25_34_yr_Voluntary_work_ns,P_25_34_yr_Tot,P_35_44_yr_Volunteer,P_35_44_yr_N_a_volunteer,P_35_44_yr_Voluntary_work_ns,P_35_44_yr_Tot,P_45_54_yr_Volunteer,P_45_54_yr_N_a_volunteer,P_45_54_yr_Voluntary_work_ns,P_45_54_yr_Tot,P_55_64_yr_Volunteer,P_55_64_yr_N_a_volunteer,P_55_64_yr_Voluntary_work_ns,P_55_64_yr_Tot,P_65_74_yr_Volunteer,P_65_74_yr_N_a_volunteer,P_65_74_yr_Voluntary_work_ns,P_65_74_yr_Tot,P_75_84_yr_Volunteer,P_75_84_yr_N_a_volunteer,P_75_84_yr_Voluntary_work_ns,P_75_84_yr_Tot,P_85ov_Volunteer,P_85ov_N_a_volunteer,P_85_ov_Voluntary_work_ns,P_85ov_Tot,P_Tot_Volunteer,P_Tot_N_a_volunteer,P_Tot_Voluntary_work_ns,P_Tot_Tot
5GPER,10319,49932,2890,63138,8786,53956,4546,67284,14631,122177,12456,149264,19558,121028,11271,151848,20814,105933,9073,135822,14887,95517,6642,117039,14035,72437,4175,90651,7030,37937,3140,48100,1101,12732,1953,15791,111165,671646,56137,838947,12862,44629,2687,60176,12366,49553,3428,65344,20309,125799,8529,154640,29492,118619,6952,155066,27400,105841,5506,138742,19548,99016,4584,123146,17267,77822,4213,99302,7868,43086,4046,55001,1275,20302,3468,25048,148385,684668,43409,876467,23182,94560,5571,123315,21153,103505,7970,132631,34942,247978,20983,303907,49050,239642,18225,306917,48211,211774,14583,274565,34434,194527,11225,240188,31304,150256,8393,189951,14893,81029,7180,103099,2378,33033,5422,40831,259554,1356316,99544,1715415
5RWAU,2294,11394,1728,15418,1428,10143,1940,13513,3909,24240,5639,33781,6249,24086,5451,35786,6795,25057,5136,36989,6588,26028,4235,36850,6263,20246,2654,29161,2902,9515,1449,13867,470,2828,544,3843,36898,153524,28774,219201,2599,10126,1531,14251,1596,9079,1409,12084,5353,24056,3623,33035,9442,22169,3464,35076,8587,23497,3202,35283,8043,24300,2861,35206,7244,18054,2197,27493,3103,9416,1485,14003,527,4054,810,5399,46493,144752,20586,211827,4895,21519,3260,29670,3028,19221,3350,25595,9268,48295,9265,66822,15691,46250,8920,70860,15378,48555,8331,72266,14629,50321,7100,72050,13503,38299,4852,56655,6007,18930,2930,27867,997,6882,1362,9237,83394,298279,49358,431032
59499,10,67,44,118,21,151,131,295,44,380,394,822,46,359,532,926,41,288,513,842,43,292,333,667,51,246,145,444,14,58,48,118,0,7,9,14,266,1839,2147,4247,11,75,60,147,31,118,109,256,72,356,261,692,74,257,276,613,27,216,227,468,58,259,156,477,44,179,90,316,4,22,14,38,0,5,12,16,326,1497,1209,3030,20,143,107,261,55,270,237,562,116,740,656,1512,118,615,811,1543,69,503,742,1313,101,548,486,1144,90,430,237,758,14,78,61,155,0,12,23,30,589,3335,3355,7285
59799,0,3,7,7,0,15,13,25,0,51,44,99,10,75,76,157,3,52,46,103,0,29,20,55,0,6,4,14,0,0,0,0,0,0,0,0,19,235,203,455,0,0,0,3,3,7,5,11,0,6,3,14,3,3,3,11,0,5,8,9,0,5,0,3,0,5,0,4,0,0,0,0,0,0,0,0,7,28,19,61,0,5,3,6,4,19,15,31,4,62,46,116,18,75,79,170,3,61,51,109,0,36,21,62,0,10,3,18,0,0,0,0,0,0,0,0,27,265,223,516
