GCCSA_CODE_2021,Sme_Usl_ad_5_yr_ago_as_2021_M,Sme_Usl_ad_5_yr_ago_as_2021_F,Sme_Usl_ad_5_yr_ago_as_2021_P,Dif_Usl_ad_5_yr_ago_Sme_SA2_M,Dif_Usl_ad_5_yr_ago_Sme_SA2_F,Dif_Usl_ad_5_yr_ago_Sme_SA2_P,Dif_Us_ad_5_ago_Dif_SA2_NSW_M,Dif_Us_ad_5_ago_Dif_SA2_NSW_F,Dif_Us_ad_5_ago_Dif_SA2_NSW_P,Dif_Us_ad_5_ago_Dif_SA2_Vic_M,Dif_Us_ad_5_ago_Dif_SA2_Vic_F,Dif_Us_ad_5_ago_Dif_SA2_Vic_P,Dif_Us_ad_5_ago_Dif_SA2_Qld_M,Dif_Us_ad_5_ago_Dif_SA2_Qld_F,Dif_Us_ad_5_ago_Dif_SA2_Qld_P,Dif_Us_ad_5_ago_Dif_SA2_SA_M,Dif_Us_ad_5_ago_Dif_SA2_SA_F,Dif_Us_ad_5_ago_Dif_SA2_SA_P,Dif_Us_ad_5_ago_Dif_SA2_WA_M,Dif_Us_ad_5_ago_Dif_SA2_WA_F,Dif_Us_ad_5_ago_Dif_SA2_WA_P,Dif_Us_ad_5_ago_Dif_SA2_Tas_M,Dif_Us_ad_5_ago_Dif_SA2_Tas_F,Dif_Us_ad_5_ago_Dif_SA2_Tas_P,Dif_Us_ad_5_ago_Dif_SA2_NT_M,Dif_Us_ad_5_ago_Dif_SA2_NT_F,Dif_Us_ad_5_ago_Dif_SA2_NT_P,Dif_Us_ad_5_ago_Dif_SA2_ACT_M,Dif_Us_ad_5_ago_Dif_SA2_ACT_F,Dif_Us_ad_5_ago_Dif_SA2_ACT_P,Dif_Us_ad_5_ago_Dif_SA2_OT_M,Dif_Us_ad_5_ago_Dif_SA2_OT_F,Dif_Us_ad_5_ago_Dif_SA2_OT_P,Dif_Us_ad_5_ago_Dif_SA2_Tot_M,Dif_Us_ad_5_ago_Dif_SA2_Tot_F,Dif_Us_ad_5_ago_Dif_SA2_Tot_P,Difnt_Usl_add_5_yr_ago_OS_M,Difnt_Usl_add_5_yr_ago_OS_F,Difnt_Usl_add_5_yr_ago_OS_P,Difnt_Usl_add_5_yr_ago_Ns_M,Difnt_Usl_add_5_yr_ago_Ns_F,Difnt_Usl_add_5_yr_ago_Ns_P,Difnt_Usl_add_5_yr_ago_Tot_M,Difnt_Usl_add_5_yr_ago_Tot_F,Difnt_Usl_add_5_yr_ago_Tot_P,N_stated_M,N_stated_F,N_stated_P,Tot_M,Tot_F,Tot_P
5GPER,539591,558499,1098092,52442,55631,108072,7641,7938,15576,6728,7317,14051,6110,6289,12393,2096,2184,4285,241936,256846,498784,977,1105,2085,1881,1855,3733,810,822,1634,120,136,250,268301,284492,552789,49844,55512,105360,7682,6875,14554,378265,402509,780775,60607,47571,108185,978469,1008582,1987047
5RWAU,130448,126130,256575,26105,27111,53214,1743,1731,3479,1742,1731,3472,2528,2287,4809,840,774,1613,50175,52573,102742,395,405,796,945,893,1840,97,97,189,26,24,55,58479,60519,118997,6332,6921,13257,1894,1641,3538,92816,96191,189007,32929,24443,57371,256188,246763,502947
59499,365,234,595,139,96,234,161,141,302,131,129,257,206,200,407,42,44,91,889,802,1698,27,27,53,34,30,60,7,14,21,0,0,0,1499,1391,2889,228,255,488,32,21,50,1901,1766,3664,2225,1267,3492,4491,3264,7755
59799,123,16,139,0,0,0,11,0,8,0,0,0,12,0,15,0,0,0,78,9,88,0,0,0,5,0,4,0,0,0,0,0,0,102,13,116,34,10,38,0,0,0,137,24,163,199,19,222,455,58,514
