GCCSA_CODE_2021,All_inc_NS_Emp_AW,All_inc_NS_E_T,All_inc_NS_UnE_lfw_FTW,All_inc_NS_UnE_lfw_PTW,All_inc_NS_UnE_lfw_Tot,All_inc_NS_T_LF,All_inc_NS_Notin_LF,All_inc_NS_LF_sta_NS,All_inc_NS_Tot,Tot_Emp_WFT,Tot_Emp_WPT,Tot_Emp_AW,Tot_E_T,Tot_UnE_lfw_FTW,Tot_UnE_lfw_PTW,Tot_UnE_lfw_Tot,Tot_T_LF,Tot_Notin_LF,Tot_LF_sta_NS,Tot_Tot
5GPER,133,279,17,21,34,321,305,466,1089,28952,20850,2679,52483,2023,2207,4231,56718,28542,838,86096
5RWAU,26,79,6,3,12,87,172,234,494,5950,4709,731,11386,431,461,892,12281,7292,368,19947
59499,0,0,0,0,0,0,0,0,0,0,0,0,0,0,0,0,0,0,0,0
59799,0,0,0,0,0,0,0,0,0,0,0,0,0,0,0,0,0,0,0,0
