GCCSA_CODE_2021,CF_no_children_F,CF_no_children_P,CF_ChU15_a_DSs_a_NdCh_F,CF_ChU15_a_DSs_a_NdCh_P,CF_ChU15_a_DSs_a_no_NdCh_F,CF_ChU15_a_DSs_a_no_NdCh_P,CF_ChU15_a_no_DSs_a_NdCh_F,CF_ChU15_a_no_DSs_a_NdCh_P,CF_ChU15_a_no_DSs_a_no_NdCh_F,CF_ChU15_a_no_DSs_a_no_NdCh_P,CF_ChU15_a_Total_F,CF_ChU15_a_Total_P,CF_no_ChU15_a_DSs_a_NdCh_F,CF_no_ChU15_a_DSs_a_NdCh_P,CF_no_ChU15_a_DSs_a_no_NdCh_F,CF_no_ChU15_a_DSs_a_no_NdCh_P,CF_no_ChU15_a_no_DSs_a_NdCh_F,CF_no_ChU15_a_no_DSs_a_NdCh_P,CF_no_ChU15_a_Total_F,CF_no_ChU15_a_Total_P,CF_Total_F,CF_Total_P,OPF_ChU15_a_DSs_a_NdCh_F,OPF_ChU15_a_DSs_a_NdCh_P,OPF_ChU15_a_DSs_a_no_NdCh_F,OPF_ChU15_a_DSs_a_no_NdCh_P,OPF_ChU15_a_no_DSs_a_NdCh_F,OPF_ChU15_a_no_DSs_a_NdCh_P,OPF_ChU15_a_no_DSs_no_NdCh_F,OPF_ChU15_a_no_DSs_no_NdCh_P,OPF_ChU15_a_Total_F,OPF_ChU15_a_Total_P,OPF_no_ChU15_a_DSs_a_NdCh_F,OPF_no_ChU15_a_DSs_a_NdCh_P,OPF_no_ChU15_a_DSs_no_NdCh_F,OPF_no_ChU15_a_DSs_no_NdCh_P,OPF_no_ChU15_no_DSs_a_NdCh_F,OPF_no_ChU15_no_DSs_a_NdCh_P,OPF_no_ChU15_a_Total_F,OPF_no_ChU15_a_Total_P,OPF_Total_F,OPF_Total_P,Other_family_F,Other_family_P,Total_F,Total_P
5GPER,214131,422113,4270,24200,25267,115195,6413,28827,145755,555348,181707,723570,13392,55784,22575,77416,43044,135713,79007,268905,260717,992473,1218,5668,6122,20863,2981,10678,33199,86813,43525,124021,3836,12134,8645,19526,30089,64969,42567,96619,86096,220646,9180,19279,570121,1654508
5RWAU,58359,114222,973,5269,5091,22450,2032,9262,31591,123228,39693,160207,1793,6994,3090,9153,8380,25622,13258,41771,52952,201972,287,1371,1471,5026,1082,4076,8802,24285,11643,34759,537,1651,1386,2897,6374,13665,8306,18209,19947,52967,1751,3769,133003,372932
59499,0,0,0,0,0,0,0,0,0,0,0,0,0,0,0,0,0,0,0,0,0,0,0,0,0,0,0,0,0,0,0,0,0,0,0,0,0,0,0,0,0,0,0,0,0,0
59799,0,0,0,0,0,0,0,0,0,0,0,0,0,0,0,0,0,0,0,0,0,0,0,0,0,0,0,0,0,0,0,0,0,0,0,0,0,0,0,0,0,0,0,0,0,0
