GCCSA_CODE_2021,Neg_Nil_inc_cpl_fam_no_child,Neg_Nil_inc_cpl_fam_wth_chld,Neg_Nil_inc_One_parent_fam,Neg_Nil_inc_Other_fam,Neg_Nil_inc_Tot,FI_1_149_cpl_fam_no_child,FI_1_149_cpl_fam_with_child,FI_1_149_One_parent_fam,FI_1_149_Other_fam,FI_1_149_Tot,FI_150_299_cpl_fam_no_child,FI_150_299_cpl_fam_with_child,FI_150_299_One_parent_fam,FI_150_299_Other_fam,FI_150_299_Tot,FI_300_399_cpl_fam_no_child,FI_300_399_cpl_fam_with_child,FI_300_399_One_parent_fam,FI_300_399_Other_fam,FI_300_399_Tot,FI_400_499_cpl_fam_no_child,FI_400_499_cpl_fam_with_child,FI_400_499_One_parent_fam,FI_400_499_Other_fam,FI_400_499_Tot,FI_500_649_cpl_fam_no_child,FI_500_649_cpl_fam_with_child,FI_500_649_One_parent_fam,FI_500_649_Other_fam,FI_500_649_Tot,FI_650_799_cpl_fam_no_child,FI_650_799_cpl_fam_with_child,FI_650_799_One_parent_fam,FI_650_799_Other_fam,FI_650_799_Tot,FI_800_999_cpl_fam_no_child,FI_800_999_cpl_fam_wth_chld,FI_800_999_One_parent_fam,FI_800_999_Other_fam,FI_800_999_Tot,FI_1000_1249_cpl_fam_no_child,FI_1000_1249_cpl_fam_wth_chld,FI_1000_1249_One_parent_fam,FI_1000_1249_Other_fam,FI_1000_1249_Tot,FI_1250_1499_cpl_fam_no_child,FI_1250_1499_cpl_fam_wth_chld,FI_1250_1499_One_parent_fam,FI_1250_1499_Other_fam,FI_1250_1499_Tot,FI_1500_1749_cpl_fam_no_child,FI_1500_1749_cpl_fam_wth_chld,FI_1500_1749_One_parent_fam,FI_1500_1749_Other_fam,FI_1500_1749_Tot,FI_1750_1999_cpl_fam_no_child,FI_1750_1999_cpl_fam_wth_chld,FI_1750_1999_One_parent_fam,FI_1750_1999_Other_fam,FI_1750_1999_Tot,FI_2000_2499_cpl_fam_no_child,FI_2000_2499_cpl_fam_wth_chld,FI_2000_2499_One_parent_fam,FI_2000_2499_Other_fam,FI_2000_2499_Tot,FI_2500_2999_cpl_fam_no_child,FI_2500_2999_cpl_fam_wth_chld,FI_2500_2999_One_parent_fam,FI_2500_2999_Other_fam,FI_2500_2999_Tot,FI_3000_3499_cpl_fam_no_child,FI_3000_3499_cpl_fam_wth_chld,FI_3000_3499_One_parent_fam,FI_3000_3499_Other_fam,FI_3000_3499_Tot,FI_3500_3999_cpl_fam_no_child,FI_3500_3999_cpl_fam_wth_chld,FI_3500_3999_One_parent_fam,FI_3500_3999_Other_fam,FI_3500_3999_Tot,FI_4000_more_cpl_fam_no_child,FI_4000_more_cpl_fam_wth_chld,FI_4000_more_One_parent_fam,FI_4000_more_Other_fam,FI_4000_more_Tot,Prt_inc_std_cpl_fam_no_child,Part_inc_std_cpl_fam_wth_chld,Part_inc_statd_One_parent_fam,Partial_income_statd_Othr_fam,Partial_income_stated_Tot,All_inc_ns_cpl_fam_no_child,All_inc_ns_cpl_fam_wth_chld,All_incomes_ns_One_parent_fam,All_incomes_ns_Other_fam,All_incomes_ns_Tot,Tot_cpl_fam_no_child,Tot_cpl_fam_wth_chld,Tot_One_parent_fam,Tot_Other_fam,Tot_Tot
5GPER,4334,821,1557,165,6882,1605,217,511,86,2420,1263,366,1118,135,2878,909,353,2014,85,3363,4623,845,3426,248,9145,3606,1282,5971,293,11147,18766,2700,6586,444,28503,13356,4113,8273,862,26601,14803,7488,9109,845,32243,16609,11130,8039,987,36766,10113,11929,6291,691,29025,11613,13227,5340,673,30849,25476,33257,9032,1252,69021,19294,29349,3989,758,53392,15437,27687,2804,472,46403,9569,18986,1126,259,29936,25125,63859,3276,446,92696,15059,31451,6552,347,53401,2587,1640,1089,130,5445,214131,260717,86096,9180,570121
5RWAU,943,157,268,31,1403,456,65,131,21,668,347,86,439,27,899,270,64,670,21,1021,1630,320,1116,82,3144,1078,350,1664,75,3162,6241,746,1845,139,8973,3937,985,2097,194,7220,4215,1647,2159,178,8205,4642,2483,1691,168,8982,2473,2565,1255,107,6401,3186,2906,1004,107,7208,6653,7061,1595,172,15475,4864,6206,651,96,11816,3952,5557,464,82,10054,2221,3463,177,30,5892,5386,8977,430,55,14857,4776,8789,1802,116,15481,1068,517,494,70,2147,58359,52952,19947,1751,133003
59499,0,0,0,0,0,0,0,0,0,0,0,0,0,0,0,0,0,0,0,0,0,0,0,0,0,0,0,0,0,0,0,0,0,0,0,0,0,0,0,0,0,0,0,0,0,0,0,0,0,0,0,0,0,0,0,0,0,0,0,0,0,0,0,0,0,0,0,0,0,0,0,0,0,0,0,0,0,0,0,0,0,0,0,0,0,0,0,0,0,0,0,0,0,0,0,0,0,0,0,0
59799,0,0,0,0,0,0,0,0,0,0,0,0,0,0,0,0,0,0,0,0,0,0,0,0,0,0,0,0,0,0,0,0,0,0,0,0,0,0,0,0,0,0,0,0,0,0,0,0,0,0,0,0,0,0,0,0,0,0,0,0,0,0,0,0,0,0,0,0,0,0,0,0,0,0,0,0,0,0,0,0,0,0,0,0,0,0,0,0,0,0,0,0,0,0,0,0,0,0,0,0
