GCCSA_CODE_2021,POL_Tamil_UOLSE_NWorNAA,POL_Tamil_UOLSE_Tot,POL_Tamil_NS,POL_Tamil_Tot,POL_Thai_SEO,POL_Thai_UOLSE_VWorW,POL_Thai_UOLSE_NWorNAA,POL_Thai_UOLSE_Tot,POL_Thai_NS,POL_Thai_Tot,POL_Turkish_SEO,POL_Turkish_UOLSE_VWorW,POL_Turkish_UOLSE_NWorNAA,POL_Turkish_UOLSE_Tot,POL_Turkish_NS,POL_Turkish_Tot,POL_Vietnamese_SEO,POL_Vietnamese_UOLSE_VWorW,POL_Vietnamese_UOLSE_NWorNAA,POL_Vietnamese_UOLSE_Tot,POL_Vietnamese_NS,POL_Vietnamese_Tot,POL_Oth_SEO,POL_Oth_UOLSE_VWorW,POL_Oth_UOLSE_NWorNAA,POL_Oth_UOLSE_Tot,POL_Oth_NS,POL_Oth_Tot,POL_Tot_SEO,POL_Tot_UOLSE_VWorW,POL_Tot_UOLSE_NWorNAA,POL_Tot_UOLSE_Tot,POL_Tot_NS,POL_Tot_Tot,P_LUatH_NS_SEO,P_LUatH_NS_UOLSE_VWorW,P_LUatH_NS_UOLSE_NWorNAA,P_LUatH_NS_UOLSE_Tot,P_LUatH_NS_NS,P_LUatH_NS_Tot,P_Tot_SEO,P_Tot_UOLSE_VWorW,P_Tot_UOLSE_NWorNAA,P_Tot_UOLSE_Tot,P_Tot_NS,P_Tot_Tot
5GPER,564,8347,95,8439,..,5501,923,6424,41,6468,..,1564,365,1931,11,1942,..,15213,6321,21536,163,21699,..,63289,10002,73290,1401,74689,..,383364,54142,437508,4697,442202,..,9870,1382,11260,97164,108420,1566027,393240,55528,448766,101862,2116647
5RWAU,11,289,4,296,..,1087,194,1278,11,1297,..,57,5,62,0,65,..,724,321,1039,8,1050,..,14628,1589,16218,418,16631,..,41338,4171,45511,777,46286,..,2255,364,2617,53468,56081,432431,43586,4535,48125,54242,534804
59499,3,4,0,4,..,3,0,3,0,3,..,0,0,0,0,0,..,10,0,15,0,15,..,97,16,114,3,117,..,432,51,479,9,486,..,70,5,78,3411,3488,4079,497,56,555,3421,8055
59799,0,0,0,0,..,0,0,0,0,0,..,0,0,0,0,0,..,0,0,0,0,0,..,11,0,11,0,11,..,61,3,66,0,66,..,0,0,0,219,221,232,59,3,65,218,514
