GCCSA_CODE_2021,M_15_19_yr_Marrd_reg_marrge,M_15_19_yr_Married_de_facto,M_15_19_yr_Not_married,M_15_19_yr_Total,M_20_24_yr_Marrd_reg_marrge,M_20_24_yr_Married_de_facto,M_20_24_yr_Not_married,M_20_24_yr_Total,M_25_34_yr_Marrd_reg_marrge,M_25_34_yr_Married_de_facto,M_25_34_yr_Not_married,M_25_34_yr_Total,M_35_44_yr_Marrd_reg_marrge,M_35_44_yr_Married_de_facto,M_35_44_yr_Not_married,M_35_44_yr_Total,M_45_54_yr_Marrd_reg_marrge,M_45_54_yr_Married_de_facto,M_45_54_yr_Not_married,M_45_54_yr_Total,M_55_64_yr_Marrd_reg_marrge,M_55_64_yr_Married_de_facto,M_55_64_yr_Not_married,M_55_64_yr_Total,M_65_74_yr_Marrd_reg_marrge,M_65_74_yr_Married_de_facto,M_65_74_yr_Not_married,M_65_74_yr_Total,M_75_84_yr_Marrd_reg_marrge,M_75_84_yr_Married_de_facto,M_75_84_yr_Not_married,M_75_84_yr_Total,M_85ov_Marrd_reg_marrge,M_85ov_Married_de_facto,M_85ov_Not_married,M_85ov_Total,M_Tot_Marrd_reg_marrge,M_Tot_Married_de_facto,M_Tot_Not_married,M_Tot_Total,F_15_19_yr_Marrd_reg_marrge,F_15_19_yr_Married_de_facto,F_15_19_yr_Not_married,F_15_19_yr_Total,F_20_24_yr_Marrd_reg_marrge,F_20_24_yr_Married_de_facto,F_20_24_yr_Not_married,F_20_24_yr_Total,F_25_34_yr_Marrd_reg_marrge,F_25_34_yr_Married_de_facto,F_25_34_yr_Not_married,F_25_34_yr_Total,F_35_44_yr_Marrd_reg_marrge,F_35_44_yr_Married_de_facto,F_35_44_yr_Not_married,F_35_44_yr_Total,F_45_54_yr_Marrd_reg_marrge,F_45_54_yr_Married_de_facto,F_45_54_yr_Not_married,F_45_54_yr_Total,F_55_64_yr_Marrd_reg_marrge,F_55_64_yr_Married_de_facto,F_55_64_yr_Not_married,F_55_64_yr_Total,F_65_74_yr_Marrd_reg_marrge,F_65_74_yr_Married_de_facto,F_65_74_yr_Not_married,F_65_74_yr_Total,F_75_84_yr_Marrd_reg_marrge,F_75_84_yr_Married_de_facto,F_75_84_yr_Not_married,F_75_84_yr_Total,F_85ov_Marrd_reg_marrge,F_85ov_Married_de_facto,F_85ov_Not_married,F_85ov_Total,F_Tot_Marrd_reg_marrge,F_Tot_Married_de_facto,F_Tot_Not_married,F_Tot_Total,P_15_19_yr_Marrd_reg_marrge,P_15_19_yr_Married_de_facto,P_15_19_yr_Not_married,P_15_19_yr_Total,P_20_24_yr_Marrd_reg_marrge,P_20_24_yr_Married_de_facto,P_20_24_yr_Not_married,P_20_24_yr_Total,P_25_34_yr_Marrd_reg_marrge,P_25_34_yr_Married_de_facto,P_25_34_yr_Not_married,P_25_34_yr_Total,P_35_44_yr_Marrd_reg_marrge,P_35_44_yr_Married_de_facto,P_35_44_yr_Not_married,P_35_44_yr_Total,P_45_54_yr_Marrd_reg_marrge,P_45_54_yr_Married_de_facto,P_45_54_yr_Not_married,P_45_54_yr_Total,P_55_64_yr_Marrd_reg_marrge,P_55_64_yr_Married_de_facto,P_55_64_yr_Not_married,P_55_64_yr_Total,P_65_74_yr_Marrd_reg_marrge,P_65_74_yr_Married_de_facto,P_65_74_yr_Not_married,P_65_74_yr_Total,P_75_84_yr_Marrd_reg_marrge,P_75_84_yr_Married_de_facto,P_75_84_yr_Not_married,P_75_84_yr_Total,P_85ov_Marrd_reg_marrge,P_85ov_Married_de_facto,P_85ov_Not_married,P_85ov_Total,P_Tot_Marrd_reg_marrge,P_Tot_Married_de_facto,P_Tot_Not_married,P_Tot_Total
5GPER,23,414,58473,58909,996,6343,52199,59536,36475,32030,61137,129646,81298,19291,33407,133995,77138,13052,30164,120354,68540,9039,26867,104450,57745,4420,19877,82042,31076,1347,10596,43015,7525,228,4623,12375,360824,86161,297333,744326,32,756,54921,55712,2403,10096,46157,58649,54745,36569,50518,141830,91785,19374,34814,145977,80814,13152,36659,130627,68535,8129,37528,114194,52571,3368,34942,90881,22584,869,25432,48888,3576,109,13820,17503,377040,92426,334790,804255,55,1166,113395,114622,3399,16441,98348,118192,91217,68598,111649,271470,173084,38662,68226,279975,157949,26206,66823,250980,137074,17173,64398,218644,110315,7787,54815,172921,53658,2213,36031,91901,11101,338,18436,29879,737867,178592,632126,1548581
5RWAU,22,236,12632,12892,313,2099,7836,10247,6844,7500,10039,24385,14475,5209,7265,26949,15725,4270,8299,28293,16825,3518,8687,29028,15105,1754,6869,23733,7815,466,3187,11467,1703,61,1182,2946,78833,25100,65997,169937,55,454,11539,12045,555,3100,5993,9659,9951,8489,8858,27312,17228,5485,7596,30307,17187,4561,8593,30340,17341,3245,8961,29542,13709,1238,7987,22929,5650,314,5777,11741,788,28,2853,3668,82468,26923,68152,177548,81,689,24167,24938,871,5197,13831,19899,16800,15991,18897,51696,31704,10697,14858,57258,32912,8834,16891,58633,34165,6766,17648,58573,28812,2991,14860,46660,13468,780,8959,23212,2492,89,4038,6614,161300,52026,134151,347482
59499,0,0,0,0,0,0,0,0,0,0,0,0,0,0,0,0,0,0,0,0,0,0,0,0,0,0,0,0,0,0,0,0,0,0,0,0,0,0,0,0,0,0,0,0,0,0,0,0,0,0,0,0,0,0,0,0,0,0,0,0,0,0,0,0,0,0,0,0,0,0,0,0,0,0,0,0,0,0,0,0,0,0,0,0,0,0,0,0,0,0,0,0,0,0,0,0,0,0,0,0,0,0,0,0,0,0,0,0,0,0,0,0,0,0,0,0,0,0,0,0
59799,0,0,0,0,0,0,0,0,0,0,0,0,0,0,0,0,0,0,0,0,0,0,0,0,0,0,0,0,0,0,0,0,0,0,0,0,0,0,3,3,0,0,0,0,0,0,0,0,0,0,0,0,0,0,0,0,0,0,0,0,0,0,0,0,0,0,0,0,0,0,0,0,0,0,0,0,0,0,4,4,0,0,0,0,0,0,0,0,0,0,0,0,0,0,0,0,0,0,0,0,0,0,3,3,0,0,0,0,0,0,0,0,0,0,0,0,0,0,0,0
