GCCSA_CODE_2021,T_LPLFS_EPT_DC_0_4,T_LPLFS_EPT_DC_5_9,T_LPLFS_EPT_DC_10_12,T_LPLFS_EPT_DC_13_14,T_LPLFS_EPT_DC_15_17,T_LPLFS_EPT_DC_18_20,T_LPLFS_EPT_DC_21_24,T_LPLFS_EPT_Tot,T_LPLFS_EAW_DC_0_4,T_LPLFS_EAW_DC_5_9,T_LPLFS_EAW_DC_10_12,T_LPLFS_EAW_DC_13_14,T_LPLFS_EAW_DC_15_17,T_LPLFS_EAW_DC_18_20,T_LPLFS_EAW_DC_21_24,T_LPLFS_EAW_Tot,T_LPLFS_HNS_DC_0_4,T_LPLFS_HNS_DC_5_9,T_LPLFS_HNS_DC_10_12,T_LPLFS_HNS_DC_13_14,T_LPLFS_HNS_DC_15_17,T_LPLFS_HNS_DC_18_20,T_LPLFS_HNS_DC_21_24,T_LPLFS_HNS_Tot,T_LPLFS_EW_Tot_DC_0_4,T_LPLFS_EW_Tot_DC_5_9,T_LPLFS_EW_Tot_DC_10_12,T_LPLFS_EW_Tot_DC_13_14,T_LPLFS_EW_Tot_DC_15_17,T_LPLFS_EW_Tot_DC_18_20,T_LPLFS_EW_Tot_DC_21_24,T_LPLFS_EW_Tot_Tot,T_LPLFS_ULFTW_DC_0_4,T_LPLFS_ULFTW_DC_5_9,T_LPLFS_ULFTW_DC_10_12,T_LPLFS_ULFTW_DC_13_14,T_LPLFS_ULFTW_DC_15_17,T_LPLFS_ULFTW_DC_18_20,T_LPLFS_ULFTW_DC_21_24,T_LPLFS_ULFTW_Tot,T_LPLFS_ULPTW_DC_0_4,T_LPLFS_ULPTW_DC_5_9,T_LPLFS_ULPTW_DC_10_12,T_LPLFS_ULPTW_DC_13_14,T_LPLFS_ULPTW_DC_15_17,T_LPLFS_ULPTW_DC_18_20,T_LPLFS_ULPTW_DC_21_24,T_LPLFS_ULPTW_Tot,T_LPLFS_U_T_DC_0_4,T_LPLFS_U_T_DC_5_9,T_LPLFS_U_T_DC_10_12,T_LPLFS_U_T_DC_13_14,T_LPLFS_U_T_DC_15_17,T_LPLFS_U_T_DC_18_20,T_LPLFS_U_T_DC_21_24,T_LPLFS_U_T_Tot,T_LPLFS_T_LF_DC_0_4,T_LPLFS_T_LF_DC_5_9,T_LPLFS_T_LF_DC_10_12,T_LPLFS_T_LF_DC_13_14,T_LPLFS_T_LF_DC_15_17,T_LPLFS_T_LF_DC_18_20,T_LPLFS_T_LF_DC_21_24,T_LPLFS_T_LF_Tot,T_LPLFS_NLF_DC_0_4,T_LPLFS_NLF_DC_5_9,T_LPLFS_NLF_DC_10_12,T_LPLFS_NLF_DC_13_14,T_LPLFS_NLF_DC_15_17,T_LPLFS_NLF_DC_18_20,T_LPLFS_NLF_DC_21_24,T_LPLFS_NLF_Tot,T_LPLFS_LFSNS_DC_0_4,T_LPLFS_LFSNS_DC_5_9,T_LPLFS_LFSNS_DC_10_12,T_LPLFS_LFSNS_DC_13_14,T_LPLFS_LFSNS_DC_15_17,T_LPLFS_LFSNS_DC_18_20,T_LPLFS_LFSNS_DC_21_24,T_LPLFS_LFSNS_Tot,T_LPLFS_Tot_DC_0_4,T_LPLFS_Tot_DC_5_9,T_LPLFS_Tot_DC_10_12,T_LPLFS_Tot_DC_13_14,T_LPLFS_Tot_DC_15_17,T_LPLFS_Tot_DC_18_20,T_LPLFS_Tot_DC_21_24,T_LPLFS_Tot_Tot
5GPER,3302,6948,4834,3405,4002,1379,755,24629,457,399,259,212,263,98,68,1754,165,244,160,125,157,50,37,926,6173,13207,10320,7862,10273,3910,2408,54150,275,606,445,301,387,122,74,2219,547,1050,573,380,388,77,62,3068,823,1652,1013,681,776,199,136,5292,6995,14859,11338,8549,11048,4106,2549,59444,7142,7112,3972,2780,2746,838,523,25122,189,223,155,101,72,23,17,774,14323,22197,15465,11432,13869,4962,3085,85332
5RWAU,808,1799,1304,902,970,76,14,5874,118,111,119,79,78,6,0,508,53,75,51,45,33,0,0,255,1504,3397,2801,2070,2436,195,48,12451,62,154,110,87,64,9,0,485,116,244,126,90,70,4,5,656,182,398,238,174,136,7,4,1140,1683,3800,3036,2246,2570,201,55,13592,2491,2437,1313,871,714,67,19,7911,83,136,81,60,26,0,0,385,4253,6369,4434,3176,3308,269,73,21888
59499,0,0,0,0,0,0,0,0,0,0,0,0,0,0,0,0,0,0,0,0,0,0,0,0,0,0,0,0,0,0,0,0,0,0,0,0,0,0,0,0,0,0,0,0,0,0,0,0,0,0,0,0,0,0,0,0,0,0,0,0,0,0,0,0,0,0,0,0,0,0,0,0,0,0,0,0,0,0,0,0,0,0,0,0,0,0,0,0
59799,0,0,0,0,0,0,0,0,0,0,0,0,0,0,0,0,0,0,0,0,0,0,0,0,0,0,0,0,0,0,0,0,0,0,0,0,0,0,0,0,0,0,0,0,0,0,0,0,0,0,0,0,0,0,0,0,0,0,0,0,0,0,0,0,0,0,0,0,0,0,0,0,0,0,0,0,0,0,0,0,0,0,0,0,0,0,0,0
