GCCSA_CODE_2021,Separate_house_NofB_0_i_b,Separate_house_NofB_1,Separate_house_NofB_2,Separate_house_NofB_3,Separate_house_NofB_4,Separate_house_NofB_5,Separate_house_NofB_6_or_m,Separate_house_NofB_NS,Separate_house_Total,Se_d_r_or_t_h_t_1_s_NofB_0_ib,Se_d_r_or_t_h_t_1_st_NofB_1,Se_d_r_or_t_h_t_1_st_NofB_2,Se_d_r_or_t_h_t_1_st_NofB_3,Se_d_r_or_t_h_t_1_st_NofB_4,Se_d_r_or_t_h_t_1_st_NofB_5,Se_d_r_or_t_h_t_1_st_NofB_6_m,Se_d_r_or_t_h_t_1_st_NofB_NS,Se_d_r_or_t_h_t_1_st_Total,Se_d_r_or_t_h_t_2_s_NofB_0_ib,Se_d_r_or_t_h_t_2_sts_NofB_1,Se_d_r_or_t_h_t_2_sts_NofB_2,Se_d_r_or_t_h_t_2_sts_NofB_3,Se_d_r_or_t_h_t_2_sts_NofB_4,Se_d_r_or_t_h_t_2_sts_NofB_5,Se_d_r_or_t_h_t_2_st_NofB_6_m,Se_d_r_or_t_h_t_2_sts_NofB_NS,Se_d_r_or_t_h_t_2_sts_Total,Se_d_r_or_t_h_t_Tot_NofB_0_ib,Se_d_r_or_t_h_t_Tot_NofB_1,Se_d_r_or_t_h_t_Tot_NofB_2,Se_d_r_or_t_h_t_Tot_NofB_3,Se_d_r_or_t_h_t_Tot_NofB_4,Se_d_r_or_t_h_t_Tot_NofB_5,Se_d_r_or_t_h_t_Tot_NofB_6_m,Se_d_r_or_t_h_t_Tot_NofB_NS,Se_d_r_or_t_h_t_Tot_Total,Flt_at_1or2_st_bl_NofB_0_ib,Flt_at_In_1or2_s_b_NofB_1,Flt_at_In_1or2_s_b_NofB_2,Flt_at_In_1or2_s_b_NofB_3,Flt_at_In_1or2_s_b_NofB_4,Flt_at_In_1or2_s_b_NofB_5,Flt_at_In_1or2_s_b_NoB_6_m,Flt_at_In_1or2_s_b_NoB_NS,Flt_at_In_1or2_s_b_Total,Flt_apt_3_st_bl_NoB_0_ib,Flt_apt_In_3_st_bl_NofB_1,Flt_apt_In_3_st_bl_NofB_2,Flt_apt_In_3_st_bl_NofB_3,Flt_apt_In_3_st_bl_NofB_4,Flt_apt_In_3_st_bl_NofB_5,Flt_apt_In_3_s_bl_NofB_6_m,Flt_apt_In_3_st_bl_NofB_NS,Flt_apt_In_3_st_bl_Total,Flt_apt_4to8_s_b_NofB_0_ib,Flt_apt_4to8_s_b_NofB_1,Flt_apt_4to8_s_b_NofB_2,Flt_apt_4to8_s_b_NofB_3,Flt_apt_4to8_s_b_NofB_4,Flt_apt_4to8_s_b_NofB_5,Flt_apt_4to8_s_b_NofB_6_m,Flt_apt_4to8_s_b_NofB_NS,Flt_apt_4to8_s_b_Total,Flt_apt_9_or_m_s_b_NofB_0_ib,Flt_apt_9_or_m_s_b_NofB_1,Flt_apt_9_or_m_s_b_NofB_2,Flt_apt_9_or_m_s_b_NofB_3,Flt_apt_9_or_m_s_b_NofB_4,Flt_apt_9_or_m_s_b_NofB_5,Flt_apt_9_or_m_s_b_NofB_6_m,Flt_apt_9_or_m_s_b_NofB_NS,Flt_apt_9_or_m_s_b_Total,Flt_apt_At_to_a_h_NofB_0_ib,Flt_apt_At_to_a_hse_NofB_1,Flt_apt_At_to_a_hse_NofB_2,Flt_apt_At_to_a_hse_NofB_3,Flt_apt_At_to_a_hse_NofB_4,Flt_apt_At_to_a_hse_NofB_5,Flt_apt_At_to_a_hs_NofB_6_m,Flt_apt_At_to_a_hs_NofB_NS,Flt_apt_At_to_a_hse_Total,Flt_apart_Tot_NofB_0_i_b,Flt_apart_Tot_NofB_1,Flt_apart_Tot_NofB_2,Flt_apart_Tot_NofB_3,Flt_apart_Tot_NofB_4,Flt_apart_Tot_NofB_5,Flt_apart_Tot_NofB_6_or_m,Flt_apart_Tot_NofB_NS,Flt_apart_Tot_Total,Other_dwelling_NofB_0_i_b,Other_dwelling_NofB_1,Other_dwelling_NofB_2,Other_dwelling_NofB_3,Other_dwelling_NofB_4,Other_dwelling_NofB_5,Other_dwelling_NofB_6_or_m,Other_dwelling_NofB_NS,Other_dwelling_Total,Dweling_structu_NS_NofB_0_i_b,Dweling_structur_NS_NofB_1,Dweling_structur_NS_NofB_2,Dweling_structur_NS_NofB_3,Dweling_structur_NS_NofB_4,Dweling_structur_NS_NofB_5,Dwelig_struct_NS_NofB_6_or_m,Dweling_structur_NS_NofB_NS,Dweling_structur_NS_Total,Total_NofB_0_i_b,Total_NofB_1,Total_NofB_2,Total_NofB_3,Total_NofB_4,Total_NofB_5,Total_NofB_6_or_m,Total_NofB_NS,Total_Total
5GPER,446,3635,28866,219565,297348,42065,7258,6271,605453,119,5582,26437,41374,3920,336,148,1433,79348,79,2165,9094,15573,3247,335,108,377,30979,199,7746,35536,56950,7166,672,255,1804,110325,120,4091,10886,3125,243,24,35,370,18894,194,4028,8062,1794,74,6,8,211,14370,222,4971,8220,2403,92,4,10,194,16121,128,2201,5201,1595,60,3,6,97,9300,16,208,262,118,107,42,33,19,808,678,15501,32628,9040,573,81,95,897,59492,204,883,905,252,109,27,14,138,2537,21,109,165,202,137,23,19,138,820,1552,27874,98096,286008,305335,42868,7640,9246,778620
5RWAU,406,2918,15044,68920,63545,8214,1871,2667,163583,63,1894,5522,4272,579,49,28,436,12837,14,203,625,987,350,51,5,47,2285,76,2095,6146,5257,925,98,36,484,15123,23,629,941,404,47,5,14,81,2147,0,67,174,49,5,0,0,0,293,0,38,83,35,0,0,0,3,155,0,67,71,27,4,0,0,0,169,3,26,30,16,11,4,4,3,108,27,823,1306,531,64,10,21,94,2871,439,1296,646,360,228,44,33,278,3325,54,232,221,239,181,53,73,148,1207,1003,7357,23360,75316,64948,8415,2032,3669,186111
59499,0,0,0,0,0,0,0,0,0,0,0,0,0,0,0,0,0,0,0,0,0,0,0,0,0,0,0,0,0,0,0,0,0,0,0,0,0,0,0,0,0,0,0,0,0,0,0,0,0,0,0,0,0,0,0,0,0,0,0,0,0,0,0,0,0,0,0,0,0,0,0,0,0,0,0,0,0,0,0,0,0,0,0,0,0,0,0,0,0,0,0,0,0,0,0,0,0,0,0,0,0,0,0,0,0,0,0,0,0,0,0,0,0,0,0,0,0
59799,0,0,0,0,0,0,0,0,0,0,0,0,0,0,0,0,0,0,0,0,0,0,0,0,0,0,0,0,0,0,0,0,0,0,0,0,0,0,0,0,0,0,0,0,0,0,0,0,0,0,0,0,0,0,0,0,0,0,0,0,0,0,0,0,0,0,0,0,0,0,0,0,0,0,0,0,0,0,0,0,0,0,0,0,0,0,0,0,0,0,0,0,0,0,0,0,0,0,0,0,0,0,0,0,0,0,0,0,0,0,0,3,0,0,0,0,3
