GCCSA_CODE_2021,M_15_19_Prvided_unpaid_assist,M_15_19_No_unpad_asst_prvided,M_15_19_Unpaid_assist_ns,M_15_19_Tot,M_20_24_Prvided_unpaid_assist,M_20_24_No_unpad_asst_prvided,M_20_24_Unpaid_assist_ns,M_20_24_Tot,M_25_34_Prvided_unpaid_assist,M_25_34_No_unpad_asst_prvided,M_25_34_Unpaid_assist_ns,M_25_34_Tot,M_35_44_Prvided_unpaid_assist,M_35_44_No_unpad_asst_prvided,M_35_44_Unpaid_assist_ns,M_35_44_Tot,M_45_54_Prvided_unpaid_assist,M_45_54_No_unpad_asst_prvided,M_45_54_Unpaid_assist_ns,M_45_54_Tot,M_55_64_Prvided_unpaid_assist,M_55_64_No_unpad_asst_prvided,M_55_64_Unpaid_assist_ns,M_55_64_Tot,M_65_74_Prvided_unpaid_assist,M_65_74_No_unpad_asst_prvided,M_65_74_Unpaid_assist_ns,M_65_74_Tot,M_75_84_Prvided_unpaid_assist,M_75_84_No_unpad_asst_prvided,M_75_84_Unpaid_assist_ns,M_75_84_Tot,M_85_ov_Prvided_unpaid_assist,M_85_ov_No_unpad_asst_prvided,M_85_ov_Unpaid_assist_ns,M_85_ov_Tot,M_Tot_prvided_unpaid_assist,M_Tot_No_unpaid_asst_prvided,M_Tot_Unpaid_assist_ns,M_Tot_Tot,F_15_19_Prvided_unpaid_assist,F_15_19_No_unpad_asst_prvided,F_15_19_Unpaid_assist_ns,F_15_19_Tot,F_20_24_Prvided_unpaid_assist,F_20_24_No_unpad_asst_prvided,F_20_24_Unpaid_assist_ns,F_20_24_Tot,F_25_34_Prvided_unpaid_assist,F_25_34_No_unpad_asst_prvided,F_25_34_Unpaid_assist_ns,F_25_34_Tot,F_35_44_Prvided_unpaid_assist,F_35_44_No_unpad_asst_prvided,F_35_44_Unpaid_assist_ns,F_35_44_Tot,F_45_54_Prvided_unpaid_assist,F_45_54_No_unpad_asst_prvided,F_45_54_Unpaid_assist_ns,F_45_54_Tot,F_55_64_Prvided_unpaid_assist,F_55_64_No_unpad_asst_prvided,F_55_64_Unpaid_assist_ns,F_55_64_Tot,F_65_74_Prvided_unpaid_assist,F_65_74_No_unpad_asst_prvided,F_65_74_Unpaid_assist_ns,F_65_74_Tot,F_75_84_Prvided_unpaid_assist,F_75_84_No_unpad_asst_prvided,F_75_84_Unpaid_assist_ns,F_75_84_Tot,F_85_ov_Prvided_unpaid_assist,F_85_ov_No_unpad_asst_prvided,F_85_ov_Unpaid_assist_ns,F_85_ov_Tot,F_Tot_prvided_unpaid_assist,F_Tot_No_unpaid_asst_prvided,F_Tot_Unpaid_assist_ns,F_Tot_Tot,P_15_19_Prvided_unpaid_assist,P_15_19_No_unpad_asst_prvided,P_15_19_Unpaid_assist_ns,P_15_19_Tot,P_20_24_Prvided_unpaid_assist,P_20_24_No_unpad_asst_prvided,P_20_24_Unpaid_assist_ns,P_20_24_Tot,P_25_34_Prvided_unpaid_assist,P_25_34_No_unpad_asst_prvided,P_25_34_Unpaid_assist_ns,P_25_34_Tot,P_35_44_Prvided_unpaid_assist,P_35_44_No_unpad_asst_prvided,P_35_44_Unpaid_assist_ns,P_35_44_Tot,P_45_54_Prvided_unpaid_assist,P_45_54_No_unpad_asst_prvided,P_45_54_Unpaid_assist_ns,P_45_54_Tot,P_55_64_Prvided_unpaid_assist,P_55_64_No_unpad_asst_prvided,P_55_64_Unpaid_assist_ns,P_55_64_Tot,P_65_74_Prvided_unpaid_assist,P_65_74_No_unpad_asst_prvided,P_65_74_Unpaid_assist_ns,P_65_74_Tot,P_75_84_Prvided_unpaid_assist,P_75_84_No_unpad_asst_prvided,P_75_84_Unpaid_assist_ns,P_75_84_Tot,P_85_ov_Prvided_unpaid_assist,P_85_ov_No_unpad_asst_prvided,P_85_ov_Unpaid_assist_ns,P_85_ov_Tot,P_Tot_prvided_unpaid_assist,P_Tot_No_unpaid_asst_prvided,P_Tot_Unpaid_assist_ns,P_Tot_Tot
5GPER,2525,57573,3047,63138,2935,59606,4747,67284,7230,129095,12943,149264,11493,128540,11817,151848,14796,111577,9447,135822,15718,94409,6913,117039,10882,75350,4424,90651,5308,39473,3325,48100,1581,12186,2024,15791,72463,707802,58679,838947,2835,54442,2906,60176,3869,57898,3577,65344,11633,134090,8921,154640,19083,128669,7312,155066,25131,107806,5807,138742,27033,91367,4756,123146,16801,78079,4426,99302,6256,44503,4237,55001,1210,20236,3590,25048,113848,717089,45528,876467,5358,112015,5948,123315,6803,117500,8329,132631,18859,263184,21862,303907,30574,257208,19133,306917,39931,219383,15252,274565,42753,185771,11664,240188,27677,153430,8845,189951,11559,83974,7564,103099,2791,32423,5619,40831,186312,1424894,104206,1715415
5RWAU,679,12991,1752,15418,582,10970,1963,13513,1618,26480,5682,33781,2645,27592,5541,35786,3431,28335,5228,36989,4121,28424,4296,36850,2854,23566,2746,29161,1359,11022,1484,13867,376,2900,567,3843,17662,172281,29259,219201,706,11960,1581,14251,706,9933,1444,12084,2692,26646,3701,33035,4587,26962,3533,35076,5798,26242,3246,35283,6636,25638,2928,35206,4038,21178,2282,27493,1574,10867,1560,14003,276,4265,860,5399,27007,163690,21137,211827,1386,24952,3335,29670,1290,20902,3401,25595,4309,53129,9388,66822,7231,54552,9075,70860,9223,54573,8466,72266,10759,54067,7229,72050,6894,44739,5025,56655,2930,21894,3050,27867,651,7164,1429,9237,44669,335965,50393,431032
59499,12,65,44,118,14,157,133,295,27,402,391,822,38,359,531,926,36,297,514,842,29,303,331,667,25,269,152,444,3,64,48,118,0,7,9,14,175,1922,2149,4247,12,74,60,147,12,141,103,256,21,404,266,692,55,277,284,613,38,213,219,468,43,278,160,477,24,197,95,316,0,23,14,38,0,5,12,16,205,1613,1215,3030,22,137,104,261,24,297,237,562,51,803,659,1512,88,637,809,1543,67,508,737,1313,70,578,493,1144,50,467,243,758,5,92,61,155,0,12,23,30,380,3536,3360,7285
59799,0,3,7,7,0,9,13,25,0,54,44,99,6,82,71,157,0,54,46,103,0,30,20,55,0,6,4,14,0,0,0,0,0,0,0,0,15,243,202,455,0,0,0,3,0,5,5,11,0,8,3,14,0,9,3,11,0,5,8,9,0,5,0,3,0,5,0,4,0,0,0,0,0,0,0,0,0,39,19,61,0,5,3,6,0,15,15,31,0,67,46,116,6,90,80,170,0,61,48,109,0,35,21,62,0,9,3,18,0,0,0,0,0,0,0,0,15,280,222,516
