GCCSA_CODE_2021,Afghanistan_Before_1951,Afghanistan_1951_1960,Afghanistan_1961_1970,Afghanistan_1971_1980,Afghanistan_1981_1990,Afghanistan_1991_2000,Afghanistan_2001_2010,Afghanistan_2011_2015,Afghanistan_2016,Afghanistan_2017,Afghanistan_2018,Afghanistan_2019,Afghanistan_2020,Afghanistan_2021,Afghanistan_Yr_arrival_NS,Afghanistan_Tot,Bangladesh_Before_1951,Bangladesh_1951_1960,Bangladesh_1961_1970,Bangladesh_1971_1980,Bangladesh_1981_1990,Bangladesh_1991_2000,Bangladesh_2001_2010,Bangladesh_2011_2015,Bangladesh_2016,Bangladesh_2017,Bangladesh_2018,Bangladesh_2019,Bangladesh_2020,Bangladesh_2021,Bangladesh_Yr_arrival_NS,Bangladesh_Tot,Canada_Before_1951,Canada_1951_1960,Canada_1961_1970,Canada_1971_1980,Canada_1981_1990,Canada_1991_2000,Canada_2001_2010,Canada_2011_2015,Canada_2016,Canada_2017,Canada_2018,Canada_2019,Canada_2020,Canada_2021,Canada_Yr_arrival_NS,Canada_Tot,China_exc_SARs_Taiw_Bef_1951,China_exc_SARs_Taiwan_51_60,China_exc_SARs_Taiwan_61_70,China_exc_SARs_Taiwan_71_80,China_exc_SARs_Taiwan_81_90,China_exc_SARs_Taiwan_91_00,China_exc_SARs_Taiwan_01_10,China_exc_SARs_Taiwan_11_15,China_exc_SARs_Taiwan_2016,China_exc_SARs_Taiwan_2017,China_exc_SARs_Taiwan_2018,China_exc_SARs_Taiwan_2019,China_exc_SARs_Taiwan_2020,China_exc_SARs_Taiwan_2021,China_exc_SARs_Tawan_arr_ns,China_exc_SARs_Taiwan_Tot,Croatia_Before_1951,Croatia_1951_1960,Croatia_1961_1970,Croatia_1971_1980,Croatia_1981_1990,Croatia_1991_2000,Croatia_2001_2010,Croatia_2011_2015,Croatia_2016,Croatia_2017,Croatia_2018,Croatia_2019,Croatia_2020,Croatia_2021,Croatia_Yr_arrival_NS,Croatia_Tot,Egypt_Before_1951,Egypt_1951_1960,Egypt_1961_1970,Egypt_1971_1980,Egypt_1981_1990,Egypt_1991_2000,Egypt_2001_2010,Egypt_2011_2015,Egypt_2016,Egypt_2017,Egypt_2018,Egypt_2019,Egypt_2020,Egypt_2021,Egypt_Yr_arrival_NS,Egypt_Tot,Fiji_Before_1951,Fiji_1951_1960,Fiji_1961_1970,Fiji_1971_1980,Fiji_1981_1990,Fiji_1991_2000,Fiji_2001_2010,Fiji_2011_2015,Fiji_2016,Fiji_2017,Fiji_2018,Fiji_2019,Fiji_2020,Fiji_2021,Fiji_Yr_arrival_NS,Fiji_Tot,Germany_Before_1951,Germany_1951_1960,Germany_1961_1970,Germany_1971_1980,Germany_1981_1990,Germany_1991_2000,Germany_2001_2010,Germany_2011_2015,Germany_2016,Germany_2017,Germany_2018,Germany_2019,Germany_2020,Germany_2021,Germany_Yr_arrival_NS,Germany_Tot,Greece_Before_1951,Greece_1951_1960,Greece_1961_1970,Greece_1971_1980,Greece_1981_1990,Greece_1991_2000,Greece_2001_2010,Greece_2011_2015,Greece_2016,Greece_2017,Greece_2018,Greece_2019,Greece_2020,Greece_2021,Greece_Yr_arrival_NS,Greece_Tot,Hng_Kng_SAR_China_Bfre_1951,Hng_Kng_SAR_China_1951_1960,Hng_Kng_SAR_China_1961_1970,Hng_Kng_SAR_China_1971_1980,Hng_Kng_SAR_China_1981_1990,Hng_Kng_SAR_China_1991_2000,Hng_Kng_SAR_China_2001_2010,Hng_Kng_SAR_China_2011_2015,Hong_Kong_SAR_China_2016,Hong_Kong_SAR_China_2017,Hong_Kong_SAR_China_2018,Hong_Kong_SAR_China_2019,Hong_Kong_SAR_China_2020,Hong_Kong_SAR_China_2021,Hng_Kng_SAR_Chna_arrival_ns,Hong_Kong_SAR_China_Tot,India_Before_1951,India_1951_1960,India_1961_1970,India_1971_1980,India_1981_1990,India_1991_2000,India_2001_2010,India_2011_2015,India_2016,India_2017,India_2018,India_2019,India_2020,India_2021,India_Yr_arrival_NS,India_Tot,Indonesia_Before_1951,Indonesia_1951_1960,Indonesia_1961_1970,Indonesia_1971_1980,Indonesia_1981_1990,Indonesia_1991_2000,Indonesia_2001_2010,Indonesia_2011_2015,Indonesia_2016,Indonesia_2017,Indonesia_2018,Indonesia_2019,Indonesia_2020,Indonesia_2021,Indonesia_Yr_arrival_ns,Indonesia_Tot,Iran_Before_1951,Iran_1951_1960,Iran_1961_1970,Iran_1971_1980,Iran_1981_1990,Iran_1991_2000,Iran_2001_2010,Iran_2011_2015
5GPER,0,0,0,17,159,641,1854,1537,190,205,160,283,142,101,113,5389,0,6,17,95,77,150,1038,731,96,102,127,128,90,6,24,2680,3,47,304,584,629,743,1322,802,144,147,155,191,109,49,65,5293,33,36,77,230,1383,2221,10215,6282,1299,1306,1150,1799,630,78,510,27237,86,525,1308,450,287,897,429,117,12,17,4,10,7,0,151,4293,83,149,251,140,175,220,497,495,77,74,62,53,32,8,63,2384,8,22,48,91,216,131,222,181,17,19,28,34,5,8,33,1070,975,953,774,712,1393,814,1729,854,108,119,151,186,84,26,165,9053,108,532,655,242,101,43,70,138,9,18,0,18,12,6,55,2019,15,28,155,474,1031,1013,1303,955,222,194,233,270,199,59,131,6271,361,277,2272,1991,1907,2699,18947,14058,2936,2391,3509,4209,1454,285,935,58229,44,137,100,286,1125,2842,3865,1871,416,436,459,565,562,65,263,13031,8,4,12,60,688,691,1504,2137
5RWAU,0,0,0,0,0,12,72,113,10,12,15,38,6,6,27,308,0,0,0,3,0,4,34,40,8,12,11,9,8,0,11,136,0,3,62,117,100,125,225,131,45,21,34,49,19,3,28,966,5,3,0,5,28,35,302,242,42,67,82,231,38,12,52,1157,3,37,80,14,18,20,13,7,6,0,0,0,0,0,9,203,6,8,15,8,0,11,17,17,8,0,4,21,9,9,8,141,0,6,10,24,42,35,83,62,8,22,21,24,17,43,22,402,329,282,191,144,303,163,376,196,38,26,43,69,32,0,73,2267,5,28,30,18,8,4,6,12,0,4,3,0,0,0,4,123,0,0,19,18,16,25,44,56,11,5,10,13,16,0,13,256,52,25,146,87,67,84,811,734,132,131,166,187,87,28,84,2825,13,24,9,16,52,93,244,218,66,55,60,63,57,8,23,1007,5,0,0,3,19,3,20,78
59499,0,0,0,0,0,0,0,0,0,0,0,0,0,16,3,25,0,0,0,0,0,0,0,0,0,0,0,0,0,0,0,0,0,0,0,3,0,0,0,3,0,0,0,3,3,4,0,24,0,0,0,0,0,0,0,0,0,0,0,7,6,0,5,19,0,0,0,0,0,0,0,0,0,0,0,0,0,0,3,6,0,0,0,0,0,0,0,0,0,0,0,0,0,5,0,0,0,0,0,0,0,0,0,0,0,0,0,0,0,0,0,0,3,3,0,4,9,3,0,0,0,0,0,8,9,0,5,46,0,0,0,0,0,0,0,0,0,0,0,0,0,0,0,0,0,0,0,0,0,0,0,0,0,0,0,0,0,0,0,4,0,0,4,0,0,0,7,0,0,0,4,4,0,0,3,30,0,0,0,0,0,3,3,0,0,5,0,4,0,0,5,15,0,0,0,0,0,0,0,0
59799,0,0,0,0,0,0,0,0,0,0,0,0,0,0,0,0,0,0,0,0,0,0,0,0,0,0,0,0,0,0,0,0,0,0,0,0,0,0,0,0,0,0,0,0,0,0,0,0,0,0,0,0,0,0,0,0,0,0,0,0,0,0,0,0,0,0,0,0,0,0,0,0,0,0,0,0,0,0,0,0,0,0,0,0,0,0,0,0,0,0,0,0,0,0,0,0,0,0,0,0,0,0,0,0,0,0,0,0,0,0,0,0,0,0,0,0,0,0,0,0,0,0,0,0,0,0,0,0,0,0,0,0,0,0,0,0,0,0,0,0,0,0,0,0,0,0,0,0,0,0,0,0,0,0,0,0,0,0,0,0,0,0,0,0,0,0,0,0,0,0,0,0,0,0,0,4,0,0,0,0,0,0,0,0,0,0,0,0,0,0,5,7,0,0,0,0,0,0,0,0
