GCCSA_CODE_2021,O_OR_DS_Sep_house,O_OR_DS_SemiD_ro_or_tce_h_th,O_OR_DS_Flat_apart,O_OR_DS_Oth_dwell,O_OR_DS_not_stated,O_OR_Total,O_MTG_DS_Sep_house,O_MTG_DS_SemiD_ro_or_tce_h_th,O_MTG_DS_Flat_apart,O_MTG_DS_Oth_dwell,O_MTG_DS_not_stated,O_MTG_Total,R_RE_Agt_DS_Sep_house,R_RE_Ag_DS_SemD_ro_or_tc_h_th,R_RE_Agt_DS_Flat_apart,R_RE_Agt_DS_Oth_dwell,R_RE_Agt_DS_not_stated,R_RE_Agt_Total,R_ST_h_auth_DS_Sep_house,R_ST_h_au_DS_SD_ro_or_tc_h_th,R_ST_h_auth_DS_Flat_apart,R_ST_h_auth_DS_Oth_dwell,R_ST_h_auth_DS_not_stated,R_ST_h_auth_Total,R_Com_Hp_DS_Sp_ho,R_Com_Hp_DS_SD_ro_t_h_t,R_Com_Hp_DS_Flt_apt,R_Com_Hp_DS_Ot_dwel,R_Com_Hp_DS_NS,R_Com_Hp_Total,R_Psn_not_in_s_hh_DS_Sep_hous,R_P_not_in_s_h_DS_SD_ro_t_h_t,R_P_not_in_s_hh_DS_Flat_apart,R_Psn_not_in_s_hh_DS_Oth_dwel,R_Psn_not_in_s_hh_DS_NS,R_Psn_not_in_s_hh_Total,R_Ot_landld_typ_DS_Sep_house,R_O_LLd_typ_DS_SD_ro_tc_h_th,R_Ot_LLd_typ_DS_Flat_apart,R_Ot_landld_typ_DS_Oth_dwell,R_Ot_landld_typ_DS_not_stated,R_Ot_landld_typ_Total,R_Landld_typ_NS_DS_Sep_house,R_Ld_typ_NS_DS_SD_ro_tce_h_th,R_LLd_typ_NS_DS_Flat_apart,R_Landld_typ_NS_DS_Oth_dwell,R_Landld_typ_NS_DS_not_stated,R_Landld_typ_NS_Total,R_Tot_DS_Sep_house,R_Tot_DS_SemiD_ro_or_tce_h_th,R_Tot_DS_Flat_apart,R_Tot_DS_Oth_dwell,R_Tot_DS_not_stated,R_Tot_Total,Oth_ten_type_DS_Sep_house,Oth_ten_ty_DS_SD_ro_tce_h_th,Oth_ten_type_DS_Flat_apart,Oth_ten_type_DS_Oth_dwell,Oth_ten_type_DS_not_stated,Oth_ten_type_Total,Ten_type_NS_DS_Sep_house,Ten_ty_NS_DS_SD_ro_tce_h_t,Ten_ty_NS_DS_Flat_apart,Ten_type_NS_DS_Oth_dwell,Ten_type_NS_DS_not_stated,Ten_type_NS_Total,Total_DS_Sep_house,Total_DS_SemiD_ro_or_tce_h_th,Total_DS_Flat_apart,Total_DS_Oth_dwell,Total_DS_not_stated,Total_Total
5GPER,187275,24167,8439,1564,171,221616,287282,28130,10833,135,174,326548,70783,28287,26321,104,136,125631,7085,8709,2800,7,26,18620,1206,1997,997,4,22,4229,34588,10413,6203,124,79,51401,3948,1274,770,384,42,6422,599,371,175,12,0,1160,118212,51050,37269,630,301,207464,6251,5095,2100,82,33,13561,6432,1877,854,124,140,9433,605453,110325,59492,2537,820,778620
5RWAU,55133,2264,272,1708,331,59708,56785,1720,184,254,148,59087,15158,3734,1076,69,50,20083,6603,2624,302,8,47,9586,1954,869,255,28,26,3136,11870,1232,209,148,95,13554,7436,1077,317,607,157,9594,268,105,20,3,8,409,43294,9632,2178,874,383,56362,5533,971,145,240,193,7083,2844,532,98,255,149,3877,163583,15123,2871,3325,1207,186111
59499,0,0,0,0,0,0,0,0,0,0,0,0,0,0,0,0,0,0,0,0,0,0,0,0,0,0,0,0,0,0,0,0,0,0,0,0,0,0,0,0,0,0,0,0,0,0,0,0,0,0,0,0,0,0,0,0,0,0,0,0,0,0,0,0,0,0,0,0,0,0,0,0
59799,0,0,0,0,0,0,0,0,0,0,0,0,0,0,0,0,0,0,0,0,0,0,0,0,0,0,0,0,0,0,0,0,0,0,0,0,0,0,0,0,0,0,0,0,0,0,0,0,0,0,0,0,0,0,0,0,0,0,0,0,0,0,0,0,0,0,0,0,0,0,0,3
