GCCSA_CODE_2021,Num_Psns_UR_1_FamHhold,Num_Psns_UR_1_NonFamHhold,Num_Psns_UR_1_Total,Num_Psns_UR_2_FamHhold,Num_Psns_UR_2_NonFamHhold,Num_Psns_UR_2_Total,Num_Psns_UR_3_FamHhold,Num_Psns_UR_3_NonFamHhold,Num_Psns_UR_3_Total,Num_Psns_UR_4_FamHhold,Num_Psns_UR_4_NonFamHhold,Num_Psns_UR_4_Total,Num_Psns_UR_5_FamHhold,Num_Psns_UR_5_NonFamHhold,Num_Psns_UR_5_Total,Num_Psns_UR_6mo_FamHhold,Num_Psns_UR_6mo_NonFamHhold,Num_Psns_UR_6mo_Total,Total_FamHhold,Total_NonFamHhold,Total_Total
5GPER,..,194168,194168,237042,19365,256410,122207,5424,127629,126560,1814,128371,49154,580,49733,22051,263,22318,557005,221613,778620
5RWAU,..,51026,51026,63163,4081,67245,24688,742,25425,24749,207,24957,11480,59,11535,5854,58,5915,129939,56170,186111
59499,..,0,0,0,0,0,0,0,0,0,0,0,0,0,0,0,0,0,0,0,0
59799,..,0,0,0,0,3,0,0,0,0,0,0,0,0,0,0,0,0,0,0,3
