SA2_CODE_2021,C16_F_a_4_8_FH_One_PFam,C16_F_a_4_8_FH_oth_fa,C16_F_a_4_8_FH_Tot,C16_F_a_4_8_LP_H,C16_F_a_4_8_GH,C16_F_a_4_8_OH,C16_F_a_4_8_Tot,C16_F_a_9m_FH_CF_no_ch,C16_F_a_9m_FH_CF_w_ch,C16_F_a_9m_FH_One_PFam,C16_F_a_9m_FH_oth_fa,C16_F_a_9m_FH_Tot,C16_F_a_9m_LP_H,C16_F_a_9m_GH,C16_F_a_9m_OH,C16_F_a_9m_Tot,C16_F_a_a_h_FH_CF_no_ch,C16_F_a_a_h_FH_CF_w_ch,C16_F_a_a_h_FH_One_PFam,C16_F_a_a_h_FH_oth_fa,C16_F_a_a_h_FH_Tot,C16_F_a_a_h_LP_H,C16_F_a_a_h_GH,C16_F_a_a_h_OH,C16_F_a_a_h_Tot,C16_F_a_Tot_FH_CF_no_ch,C16_F_a_Tot_FH_CF_w_ch,C16_F_a_Tot_FH_One_PFam,C16_F_a_Tot_FH_oth_fa,C16_F_a_Tot_FH_Tot,C16_F_a_Tot_LP_H,C16_F_a_Tot_GH,C16_F_a_Tot_OH,C16_F_a_Tot_Tot,C16_OD_C_c_hb_FH_CF_no_ch,C16_OD_C_c_hb_FH_CF_w_ch,C16_OD_C_c_hb_FH_One_PFam,C16_OD_C_c_hb_FH_oth_fa,C16_OD_C_c_hb_FH_Tot,C16_OD_C_c_hb_LP_H,C16_OD_C_c_hb_GH,C16_OD_C_c_hb_OH,C16_OD_C_c_hb_Tot,C16_OD_Ih_t_s_FH_CF_no_ch,C16_OD_Ih_t_s_FH_CF_w_ch,C16_OD_Ih_t_s_FH_One_PFam,C16_OD_Ih_t_s_FH_oth_fa,C16_OD_Ih_t_s_FH_Tot,C16_OD_Ih_t_s_LP_H,C16_OD_Ih_t_s_GH,C16_OD_Ih_t_s_OH,C16_OD_Ih_t_s_Tot,C16_OD_H_f_so_FH_CF_no_ch,C16_OD_H_f_so_FH_CF_w_ch,C16_OD_H_f_so_FH_One_PFam,C16_OD_H_f_so_FH_oth_fa,C16_OD_H_f_so_FH_Tot,C16_OD_H_f_so_LP_H,C16_OD_H_f_so_GH,C16_OD_H_f_so_OH,C16_OD_H_f_so_Tot,C16_OD_Tot_FH_CF_no_ch,C16_OD_Tot_FH_CF_w_ch,C16_OD_Tot_FH_One_PFam,C16_OD_Tot_FH_oth_fa,C16_OD_Tot_FH_Tot,C16_OD_Tot_LP_H,C16_OD_Tot_GH,C16_OD_Tot_OH,C16_OD_Tot_Tot,C16_DS_ns_FH_CF_no_ch,C16_DS_ns_FH_CF_w_ch,C16_DS_ns_FH_One_PFam,C16_DS_ns_FH_oth_fa,C16_DS_ns_FH_Tot,C16_DS_ns_LP_H,C16_DS_ns_GH,C16_DS_ns_OH,C16_DS_NS_Tot,C16_Tot_FH_CF_no_ch,C16_Tot_FH_CF_w_ch,C16_Tot_FH_One_PFam,C16_Tot_FH_oth_fa,C16_Tot_FH_Tot,C16_Tot_LP_H,C16_Tot_GH,C16_Tot_OH,C16_Tot_Tot,C21_S_h_FH_CF_no_ch,C21_S_h_FH_CF_w_ch,C21_S_h_FH_One_PFam,C21_S_h_FH_oth_fa,C21_S_h_FH_Tot,C21_S_h_LP_H,C21_S_h_GH,C21_S_h_OH,C21_S_h_Tot,C21_SDRTHT1S_FH_CF_no_ch,C21_SDRTHT1S_FH_CF_w_ch,C21_SDRTHT1S_FH_One_PFam,C21_SDRTHT1S_FH_oth_fa,C21_SDRTHT1S_FH_Tot,C21_SDRTHT1S_LP_H,C21_SDRTHT1S_GH,C21_SDRTHT1S_OH,C21_SDRTHT1S_Tot,C21_SDRTHT2S_FH_CF_no_ch,C21_SDRTHT2S_FH_CF_w_ch,C21_SDRTHT2S_FH_One_PFam,C21_SDRTHT2S_FH_oth_fa,C21_SDRTHT2S_FH_Tot,C21_SDRTHT2S_LP_H,C21_SDRTHT2S_GH,C21_SDRTHT2S_OH,C21_SDRTHT2S_Tot,C21_SDRTHT_Tot_FH_CF_no_ch,C21_SDRTHT_Tot_FH_CF_w_ch,C21_SDRTHT_Tot_FH_One_PFam,C21_SDRTHT_Tot_FH_oth_fa,C21_SDRTHT_Tot_FH_Tot,C21_SDRTHT_Tot_LP_H,C21_SDRTHT_Tot_GH,C21_SDRTHT_Tot_OH,C21_SDRTHT_Tot_Tot,C21_F_a_1_2_FH_CF_no_ch,C21_F_a_1_2_FH_CF_w_ch,C21_F_a_1_2_FH_One_PFam,C21_F_a_1_2_FH_oth_fa,C21_F_a_1_2_FH_Tot,C21_F_a_1_2_LP_H,C21_F_a_1_2_GH,C21_F_a_1_2_OH,C21_F_a_1_2_Tot,C21_F_a_3_FH_CF_no_ch,C21_F_a_3_FH_CF_w_ch,C21_F_a_3_FH_One_PFam,C21_F_a_3_FH_oth_fa,C21_F_a_3_FH_Tot,C21_F_a_3_LP_H,C21_F_a_3_GH,C21_F_a_3_OH,C21_F_a_3_Tot,C21_F_a_4_8_FH_CF_no_ch,C21_F_a_4_8_FH_CF_w_ch,C21_F_a_4_8_FH_One_PFam,C21_F_a_4_8_FH_oth_fa,C21_F_a_4_8_FH_Tot,C21_F_a_4_8_LP_H,C21_F_a_4_8_GH,C21_F_a_4_8_OH,C21_F_a_4_8_Tot,C21_F_a_9m_FH_CF_no_ch,C21_F_a_9m_FH_CF_w_ch,C21_F_a_9m_FH_One_PFam,C21_F_a_9m_FH_oth_fa,C21_F_a_9m_FH_Tot,C21_F_a_9m_LP_H,C21_F_a_9m_GH,C21_F_a_9m_OH,C21_F_a_9m_Tot,C21_F_a_a_h_FH_CF_no_ch,C21_F_a_a_h_FH_CF_w_ch,C21_F_a_a_h_FH_One_PFam,C21_F_a_a_h_FH_oth_fa,C21_F_a_a_h_FH_Tot,C21_F_a_a_h_LP_H,C21_F_a_a_h_GH,C21_F_a_a_h_OH,C21_F_a_a_h_Tot,C21_F_a_Tot_FH_CF_no_ch,C21_F_a_Tot_FH_CF_w_ch,C21_F_a_Tot_FH_One_PFam,C21_F_a_Tot_FH_oth_fa,C21_F_a_Tot_FH_Tot,C21_F_a_Tot_LP_H,C21_F_a_Tot_GH,C21_F_a_Tot_OH,C21_F_a_Tot_Tot,C21_OD_C_c_hb_FH_CF_no_ch,C21_OD_C_c_hb_FH_CF_w_ch,C21_OD_C_c_hb_FH_One_PFam,C21_OD_C_c_hb_FH_oth_fa,C21_OD_C_c_hb_FH_Tot,C21_OD_C_c_hb_LP_H,C21_OD_C_c_hb_GH,C21_OD_C_c_hb_OH,C21_OD_C_c_hb_Tot,C21_OD_Ih_t_s_FH_CF_no_ch,C21_OD_Ih_t_s_FH_CF_w_ch,C21_OD_Ih_t_s_FH_One_PFam,C21_OD_Ih_t_s_FH_oth_fa,C21_OD_Ih_t_s_FH_Tot,C21_OD_Ih_t_s_LP_H,C21_OD_Ih_t_s_GH,C21_OD_Ih_t_s_OH,C21_OD_Ih_t_s_Tot,C21_OD_H_f_so_FH_CF_no_ch,C21_OD_H_f_so_FH_CF_w_ch,C21_OD_H_f_so_FH_One_PFam,C21_OD_H_f_so_FH_oth_fa
801011001,0,0,0,0,0,0,0,..,..,..,..,..,..,..,..,..,0,0,0,0,7,0,0,0,3,3,0,0,0,9,6,0,0,16,0,0,0,0,0,0,0,0,0,0,0,0,0,0,0,0,0,0,0,0,0,0,0,0,0,0,0,0,0,0,0,0,0,0,0,0,0,0,0,0,0,3,0,0,3,252,315,62,7,639,170,38,29,879,237,325,61,3,633,119,31,22,805,4,6,0,0,9,11,0,0,23,24,22,3,0,51,11,7,3,75,24,28,4,0,59,25,7,4,97,3,4,0,0,13,0,6,0,16,0,0,0,0,0,0,0,0,0,0,0,0,0,0,0,0,0,0,0,0,0,0,0,0,0,0,0,7,0,0,0,4,0,0,0,8,11,6,0,0,19,0,0,0,23,0,0,0,0,0,0,0,0,0,0,0,0,0,0,0,0,0,0,0,0,0,0
801011002,31,20,613,531,175,159,1474,..,..,..,..,..,..,..,..,..,0,0,0,0,0,0,0,0,0,582,185,57,37,867,757,267,229,2114,0,0,0,0,0,0,0,0,0,0,0,0,0,0,0,0,0,0,0,0,0,0,0,0,0,0,0,0,0,0,0,0,0,0,0,0,0,0,0,0,0,0,0,0,0,776,343,154,55,1329,1060,361,298,3052,0,0,8,0,11,11,3,5,19,113,58,47,9,221,163,29,21,434,141,92,84,11,332,195,57,26,612,257,151,128,21,552,355,87,51,1043,45,26,5,0,77,50,8,8,145,133,37,22,9,200,195,63,31,492,541,130,51,24,750,611,137,61,1558,349,84,30,14,478,360,94,62,992,0,0,0,0,0,0,0,0,0,1059,276,112,48,1498,1215,306,163,3186,0,0,0,0,0,0,0,0,0,0,0,0,0,0,0,0,0,0,0,0,0,0
801011003,17,10,224,297,47,33,597,..,..,..,..,..,..,..,..,..,0,0,0,0,0,0,0,0,0,267,58,24,20,371,453,92,54,972,0,0,0,0,0,0,0,0,0,0,0,0,0,0,0,0,0,0,0,0,0,0,0,0,0,0,0,0,0,0,0,0,0,0,0,0,0,0,0,0,0,0,0,0,5,748,471,111,42,1369,725,337,109,2541,184,234,45,8,468,49,40,15,571,81,39,13,4,138,105,19,18,276,313,190,74,26,600,192,164,15,984,392,232,88,23,739,297,183,30,1259,27,13,4,3,54,24,15,0,92,62,10,12,6,85,120,11,4,219,180,35,16,10,240,323,20,16,604,0,0,0,0,0,0,0,0,0,0,0,0,0,0,0,0,0,0,271,58,31,17,381,471,48,25,919,0,0,0,0,0,0,0,0,0,0,0,0,0,0,0,0,0,0,0,0,0,0
801011004,0,0,0,0,0,0,0,..,..,..,..,..,..,..,..,..,0,0,0,0,0,0,0,0,0,0,0,0,0,0,5,0,0,7,0,0,0,0,0,0,0,0,0,0,0,0,0,0,0,0,0,0,0,0,0,0,0,0,0,0,0,0,0,0,0,0,0,0,0,0,0,0,0,0,0,0,0,0,0,233,318,205,17,766,297,47,65,1179,215,313,186,9,730,256,36,39,1054,26,26,21,0,81,64,6,3,150,0,0,0,0,0,0,0,0,0,29,26,21,0,78,64,6,3,153,0,0,0,0,0,4,0,0,4,0,0,0,0,0,0,0,0,0,0,0,0,0,0,0,0,0,0,0,0,0,0,0,0,0,0,0,0,0,0,0,0,0,0,0,0,0,0,0,0,0,4,0,0,5,0,0,0,0,0,0,0,0,0,0,0,0,0,0,0,0,0,0,0,0,0,0
801011005,0,0,0,0,0,0,0,..,..,..,..,..,..,..,..,..,0,0,0,0,0,0,0,0,0,6,0,0,0,9,25,3,0,37,0,0,0,0,0,0,0,0,0,0,0,0,0,0,0,0,0,0,0,0,0,0,0,0,0,0,0,0,0,0,0,0,0,0,0,0,0,0,0,0,4,0,0,0,9,331,314,98,13,752,364,48,48,1217,222,262,82,12,571,144,32,22,767,95,66,34,4,202,201,15,13,427,13,10,0,0,22,14,4,0,34,110,72,37,4,222,210,20,13,463,8,0,4,0,8,28,0,4,37,0,0,0,0,0,0,0,0,0,0,0,0,0,0,0,0,0,0,0,0,0,0,0,0,0,0,0,0,0,0,0,0,0,0,0,0,8,0,4,0,8,28,0,3,38,0,0,0,0,0,0,0,0,0,0,0,0,0,0,0,0,0,0,0,0,0,0
801011006,0,0,0,0,0,0,0,..,..,..,..,..,..,..,..,..,0,0,0,0,0,0,0,0,0,7,0,3,0,13,11,0,0,25,0,0,0,0,0,0,0,0,0,0,0,0,0,0,0,0,0,0,0,0,0,0,0,0,0,0,0,0,0,0,0,0,0,0,0,0,0,0,0,0,0,0,0,0,3,529,1089,276,19,1911,371,67,71,2419,514,1038,279,23,1852,333,45,47,2279,29,33,22,0,93,53,4,7,159,0,14,4,0,16,0,0,0,13,32,43,29,0,103,59,4,7,178,4,3,5,0,10,18,0,0,29,0,0,0,0,0,0,0,0,0,0,0,0,0,0,0,0,0,0,0,0,0,0,0,0,0,0,0,0,0,0,0,0,0,0,0,0,4,3,5,0,10,18,4,0,28,0,0,0,0,0,0,0,0,0,0,0,0,0,0,0,0,0,0,0,0,0,0
801011007,0,0,0,0,0,0,0,..,..,..,..,..,..,..,..,..,0,0,0,0,0,0,0,0,0,9,0,0,0,11,3,0,9,24,0,0,0,0,3,0,0,0,3,0,0,0,0,0,0,0,0,0,0,0,0,0,0,0,0,0,0,0,0,0,0,3,0,0,0,3,0,0,0,0,0,0,0,0,3,533,675,205,18,1427,338,68,127,1959,545,723,239,22,1518,318,67,33,1932,4,0,0,0,4,0,0,0,5,11,11,7,3,26,6,5,0,37,8,12,7,3,33,6,3,0,41,4,0,0,0,7,8,0,0,23,0,0,0,0,0,0,0,0,0,0,0,0,0,0,0,0,0,0,0,0,0,0,0,0,0,0,0,0,0,0,0,0,0,0,0,0,10,0,6,0,10,9,0,0,24,0,0,0,0,0,0,0,0,0,0,0,0,0,0,0,0,0,0,0,0,0,0
801011008,0,0,0,0,0,0,0,..,..,..,..,..,..,..,..,..,0,0,0,0,0,0,0,0,0,0,3,0,0,3,4,0,0,16,0,0,0,0,0,0,0,0,0,0,0,0,0,0,0,0,0,0,0,0,0,0,0,0,0,0,0,0,0,0,0,0,0,0,0,0,0,0,4,0,4,0,0,0,4,456,576,230,26,1295,427,65,70,1847,407,480,174,11,1078,278,47,38,1438,99,80,42,6,224,168,20,19,436,0,0,0,0,0,0,0,0,0,96,80,42,6,220,168,20,19,437,7,0,0,0,5,3,0,0,8,0,0,0,0,0,0,0,0,0,0,0,0,0,0,0,0,0,0,0,0,0,0,0,0,0,0,0,0,0,0,0,0,0,0,0,0,7,0,0,0,5,3,0,0,8,0,0,0,0,0,0,0,0,0,0,0,0,0,0,0,0,0,0,0,0,0,0
801011009,0,0,0,0,0,0,0,..,..,..,..,..,..,..,..,..,0,0,0,0,0,0,0,0,0,0,0,0,0,3,6,0,0,7,0,0,0,0,0,0,0,0,0,0,0,0,0,0,0,0,0,0,0,0,0,0,0,0,0,0,0,0,0,0,0,0,0,0,0,0,0,0,0,0,0,0,0,0,0,324,473,124,8,930,185,28,31,1169,324,505,115,14,963,183,28,27,1201,4,8,4,0,22,12,5,0,34,0,3,0,0,4,0,0,0,4,7,11,9,0,25,11,7,0,42,0,0,0,0,0,0,0,0,0,0,0,0,0,0,0,0,0,0,0,0,0,0,0,0,0,0,0,0,0,0,0,0,0,0,0,0,0,0,0,0,0,0,0,0,0,0,0,0,0,0,0,0,0,0,0,0,0,0,0,0,0,0,0,0,0,0,0,0,0,0,0,0,0,0,0,0
801011010,0,0,0,0,0,0,0,..,..,..,..,..,..,..,..,..,0,0,0,0,0,0,0,0,0,0,0,8,0,4,3,0,0,7,0,0,0,0,0,0,0,0,0,0,0,0,0,0,0,0,0,0,0,0,0,0,0,0,0,0,0,0,0,0,0,0,0,0,0,0,0,0,0,0,0,0,0,0,4,207,268,82,3,563,103,12,33,714,221,283,78,6,580,105,10,11,708,6,4,9,0,22,3,0,0,24,0,0,0,0,3,0,0,0,3,8,5,9,0,24,3,0,0,27,0,0,0,0,0,5,0,0,6,0,0,0,0,0,0,0,0,0,0,0,0,0,0,0,0,0,0,0,0,0,0,0,0,0,0,0,0,0,0,0,0,0,0,0,0,0,0,0,0,0,5,0,0,4,0,0,0,0,0,0,0,0,0,0,0,0,0,0,0,0,0,0,0,0,0,0
801011011,0,0,0,0,0,0,0,..,..,..,..,..,..,..,..,..,0,0,0,0,0,0,0,0,0,3,3,0,0,6,0,0,0,6,0,0,0,0,0,0,0,0,0,0,0,0,0,0,0,0,0,0,0,0,0,0,0,0,0,0,0,0,0,0,0,0,0,0,0,0,0,0,0,0,0,0,0,0,0,321,432,118,10,871,211,56,44,1186,318,419,130,13,882,195,35,33,1144,19,15,9,0,42,27,0,3,65,0,0,0,0,0,0,0,0,0,19,15,9,0,42,27,0,3,65,5,3,0,0,7,0,0,0,8,0,0,0,0,0,0,0,0,0,0,0,0,0,0,0,0,0,0,0,0,0,0,0,0,0,0,0,0,0,0,0,0,0,0,5,4,9,5,0,0,12,4,0,5,12,0,0,0,0,0,0,0,0,0,0,0,0,0,0,0,0,0,0,0,0,0,0
801011012,0,0,0,0,0,0,0,..,..,..,..,..,..,..,..,..,0,0,0,0,0,0,0,0,0,0,0,0,0,0,0,0,0,0,0,0,0,0,0,0,0,0,0,0,0,0,0,0,0,0,0,0,0,0,0,0,0,0,0,0,0,0,0,0,0,0,0,0,0,0,0,0,0,0,0,0,0,0,0,0,0,0,0,0,0,0,0,0,0,0,0,0,0,0,0,0,0,0,0,0,0,0,0,0,0,0,0,0,0,0,0,0,0,0,0,0,0,0,0,0,0,0,0,0,0,0,0,0,0,0,0,0,0,0,0,0,0,0,0,0,0,0,0,0,0,0,0,0,0,0,0,0,0,0,0,0,0,0,0,0,0,0,0,0,0,0,0,0,0,0,0,0,0,0,0,0,0,0,0,0,0,0,0,0,0,0,0,0,0,0,0,0,0,0,0,0,0,0,0,0
801011013,0,0,0,0,0,0,0,..,..,..,..,..,..,..,..,..,0,0,0,0,0,0,0,0,0,34,37,29,3,103,104,15,26,248,0,0,0,0,0,0,0,0,0,0,0,0,0,0,0,0,0,0,0,0,0,0,0,0,0,0,0,0,0,0,0,0,0,0,0,0,0,0,0,0,0,0,0,0,0,322,369,99,13,801,276,40,35,1151,266,301,71,6,649,132,8,10,803,23,22,9,0,63,59,5,8,135,0,3,3,0,8,12,0,0,24,30,27,17,0,74,77,5,8,157,39,38,25,3,106,98,21,17,244,4,0,0,0,5,4,4,0,14,0,0,0,0,0,0,0,0,0,0,0,0,0,0,0,0,0,0,0,0,0,0,0,0,0,0,0,48,40,25,3,112,106,23,18,255,0,0,0,0,0,0,0,0,0,0,0,0,0,0,0,0,0,0,0,0,0,0
801011014,0,0,0,0,0,0,0,..,..,..,..,..,..,..,..,..,0,0,0,0,0,0,0,0,0,5,0,0,0,11,8,0,3,18,0,0,0,0,0,0,0,0,0,0,0,0,0,0,0,0,0,0,0,0,0,0,0,0,0,0,0,0,0,0,0,0,0,0,0,0,0,0,0,0,0,5,0,0,5,292,369,127,12,806,253,30,52,1143,339,405,131,12,895,249,40,19,1201,6,3,0,0,11,11,0,3,21,5,0,0,0,6,0,0,0,10,12,6,0,0,23,11,0,3,36,5,0,0,0,8,11,0,0,18,0,0,0,0,0,0,0,0,0,0,0,0,0,0,0,0,0,0,0,0,0,0,0,0,0,0,0,0,0,0,0,0,0,0,0,0,5,4,0,0,5,11,0,0,23,0,0,0,0,0,0,0,0,0,0,0,0,0,0,0,0,0,0,0,0,0,0
801011015,0,0,0,0,0,0,0,..,..,..,..,..,..,..,..,..,0,0,0,0,0,0,0,0,0,25,20,7,0,66,80,3,18,161,0,0,0,0,0,0,0,0,0,0,0,0,0,0,0,0,0,0,0,0,0,0,0,0,0,0,0,0,0,0,0,0,0,0,0,0,0,0,0,0,0,0,0,0,0,448,486,225,16,1171,680,66,110,2025,378,507,143,15,1044,278,36,32,1390,148,82,68,9,303,333,25,21,681,24,33,21,0,75,31,4,9,114,163,112,90,12,378,359,33,28,796,4,3,9,0,16,14,3,0,29,31,14,8,3,53,65,11,8,140,0,0,0,0,0,0,0,0,0,0,0,0,0,0,0,0,0,0,0,0,0,0,0,0,0,0,0,37,16,14,3,68,84,15,8,167,0,0,0,0,0,0,0,0,0,0,0,0,0,0,0,0,0,0,0,0,0,0
801011016,0,0,0,0,0,0,0,..,..,..,..,..,..,..,..,..,0,0,0,0,0,0,0,0,0,3,11,0,0,17,3,4,0,26,0,0,0,0,0,0,0,0,0,0,0,0,0,0,0,0,0,0,0,0,0,0,0,0,0,0,3,0,0,0,0,0,0,0,0,3,0,0,0,0,0,0,0,0,4,704,932,234,30,1898,455,159,92,2599,729,920,248,24,1916,412,106,61,2504,18,12,8,5,33,62,3,3,99,6,20,10,4,40,8,11,0,63,26,24,18,7,73,66,19,5,159,0,5,0,0,5,0,7,0,10,0,0,0,0,0,0,0,0,0,11,0,14,3,25,26,0,4,57,0,0,0,0,0,0,0,0,0,9,3,0,0,6,3,0,5,17,13,8,14,3,42,30,9,3,84,0,0,0,0,0,0,0,0,0,0,0,0,0,0,0,0,0,0,0,0,0,0
801011017,0,0,0,0,0,0,0,..,..,..,..,..,..,..,..,..,0,0,0,0,0,0,0,0,0,0,0,0,0,4,4,0,6,12,0,0,0,0,0,0,0,0,0,0,0,0,0,0,0,0,0,0,0,0,0,0,0,0,0,0,0,0,0,0,0,0,0,0,0,3,0,0,0,0,0,0,0,0,0,353,455,149,16,972,295,27,64,1366,333,436,159,11,936,259,35,31,1266,19,26,12,0,55,54,3,3,115,6,4,3,0,14,11,8,3,36,22,26,21,0,68,64,14,8,154,0,0,4,0,7,17,0,0,20,0,0,0,0,0,0,0,0,0,0,0,0,0,0,0,0,0,0,0,0,0,0,0,0,0,0,0,0,0,0,0,0,0,0,0,0,0,5,4,0,4,17,0,0,24,0,0,0,0,0,0,0,0,0,0,0,0,0,0,0,0,0,0,0,0,0,0
801011018,0,0,0,0,0,0,0,..,..,..,..,..,..,..,..,..,0,0,0,0,0,0,0,0,0,0,0,0,0,0,0,0,0,0,0,0,0,0,0,0,0,0,0,0,0,0,0,0,0,0,0,0,0,0,0,0,0,0,0,0,0,0,0,0,0,0,0,0,0,0,0,0,0,0,0,0,0,0,0,7,24,8,0,34,0,3,5,42,43,97,11,5,159,9,29,12,200,0,0,0,0,0,0,0,0,0,217,87,38,23,367,135,120,39,660,217,87,38,23,367,140,120,39,664,41,18,6,6,72,32,27,9,138,10,0,0,0,17,17,0,0,39,0,0,0,0,0,0,0,0,0,0,0,0,0,0,0,0,0,0,0,0,0,0,0,0,0,0,0,49,24,12,6,85,50,32,7,176,0,0,0,0,0,0,0,0,0,0,0,0,0,0,0,0,0,0,0,0,0,0
801011019,0,0,0,0,0,0,0,..,..,..,..,..,..,..,..,..,0,0,0,0,0,0,0,0,0,0,0,0,0,3,0,0,0,7,0,0,0,0,0,0,0,0,0,0,0,0,0,0,0,0,0,0,0,0,0,0,0,0,0,0,0,0,0,0,0,0,0,0,0,0,0,4,0,0,4,0,0,0,4,607,959,281,37,1877,450,79,74,2476,560,938,295,26,1811,396,54,40,2312,38,41,32,0,109,100,9,9,221,0,0,0,0,4,0,3,0,14,42,41,29,0,112,102,12,6,229,0,4,0,0,4,3,0,0,8,0,0,0,0,0,0,0,0,0,0,0,0,0,0,0,0,0,0,0,0,0,0,0,0,0,0,0,0,0,0,0,0,0,0,0,0,0,4,0,0,4,3,0,3,4,0,0,0,0,0,0,0,0,0,0,0,0,0,0,0,0,0,0,0,0,0,0
801011020,4,3,36,26,11,7,74,..,..,..,..,..,..,..,..,..,0,0,0,0,0,0,0,0,0,38,18,15,9,75,99,19,14,204,0,0,0,0,0,0,0,0,0,0,0,0,0,0,0,0,0,0,0,0,0,0,0,0,0,0,0,0,0,0,0,0,0,0,0,0,0,0,0,0,0,0,0,0,0,227,288,125,27,669,334,59,56,1116,214,251,83,8,556,176,46,39,811,24,15,15,0,53,53,3,3,115,13,9,18,0,47,15,10,5,70,36,27,33,4,97,73,13,6,184,14,12,6,0,31,59,0,5,95,15,0,0,0,18,27,4,0,55,48,14,9,0,78,79,9,11,182,0,0,0,0,0,0,0,0,0,0,0,0,0,0,0,0,0,0,81,24,18,0,129,170,17,21,329,0,0,0,0,0,0,0,0,0,0,0,0,0,0,0,0,0,0,0,0,0,0
801011021,0,0,0,0,0,0,0,..,..,..,..,..,..,..,..,..,0,0,0,0,0,0,0,0,0,0,0,0,0,0,0,0,0,4,0,0,0,0,0,0,0,0,0,0,0,0,0,0,0,0,0,0,0,0,0,0,0,0,0,0,0,0,0,0,0,0,0,0,0,0,0,0,0,0,0,0,0,0,0,298,352,92,3,748,153,24,42,967,302,337,93,3,742,141,29,20,930,12,4,9,0,20,31,4,0,53,4,0,0,0,4,0,0,0,3,13,4,9,0,27,34,4,0,58,0,0,0,0,0,0,0,0,0,0,0,0,0,0,0,0,0,0,0,0,0,0,0,0,0,0,0,0,0,0,0,0,0,0,0,0,0,0,0,0,0,0,0,0,0,0,0,0,0,0,0,0,0,3,0,0,0,0,0,0,0,0,0,0,0,0,0,0,0,0,0,0,0,0,0,0
801011022,0,0,0,0,0,0,0,..,..,..,..,..,..,..,..,..,0,0,0,0,0,0,0,0,0,5,4,0,0,15,12,0,0,26,4,0,0,0,4,0,0,0,3,0,0,0,0,0,0,0,0,0,0,0,0,0,0,0,0,0,0,4,0,0,0,4,0,0,0,3,0,0,0,0,0,0,0,0,0,334,376,117,13,838,249,32,35,1158,278,414,101,9,800,149,18,29,989,41,24,23,0,85,94,6,7,195,6,3,0,0,10,4,0,0,20,49,29,22,0,103,95,7,7,213,6,5,0,0,15,12,0,0,19,0,0,0,0,0,0,0,0,0,0,0,0,0,0,0,0,0,0,0,0,0,0,0,0,0,0,0,0,0,0,0,0,0,0,0,0,6,5,0,0,15,12,0,0,19,0,0,0,0,0,0,0,0,0,0,0,0,0,0,0,0,0,0,0,0,0,0
801011023,0,0,0,0,0,0,0,..,..,..,..,..,..,..,..,..,0,0,0,0,0,0,0,0,0,17,8,0,0,22,19,6,3,47,0,0,0,0,0,0,0,0,0,0,0,0,0,0,0,0,0,0,0,0,0,0,0,0,0,0,0,0,0,0,0,0,0,0,0,4,0,0,0,0,0,0,0,0,0,286,277,104,16,687,390,75,57,1208,207,265,102,5,573,194,57,37,865,53,12,13,0,79,187,9,14,293,11,9,0,0,18,9,4,5,29,60,16,14,0,95,194,12,16,319,8,0,3,0,15,16,5,0,36,3,0,0,0,3,4,0,0,13,0,0,0,0,0,0,0,0,0,0,0,0,0,0,0,0,0,0,0,0,0,0,0,0,0,0,0,11,4,3,0,20,21,4,0,48,0,0,0,0,0,0,0,0,0,0,0,0,0,0,0,0,0,0,0,0,0,0
801011024,0,0,0,0,0,0,0,..,..,..,..,..,..,..,..,..,0,0,0,0,0,0,0,0,0,20,11,0,0,27,35,3,9,71,0,0,0,0,0,0,0,0,0,0,0,0,0,0,0,0,0,0,0,0,0,0,0,0,0,0,0,0,0,0,0,0,0,0,0,0,0,0,0,0,0,0,0,0,0,253,327,129,15,721,313,64,63,1160,221,330,104,14,675,211,29,22,944,17,22,13,4,58,40,4,0,96,14,7,16,0,38,24,3,6,72,30,27,30,6,94,59,11,11,170,12,14,0,0,25,33,3,7,74,0,0,0,0,0,0,0,0,0,0,0,0,0,0,0,0,0,0,0,0,0,0,0,0,0,0,0,0,0,0,0,0,0,0,0,0,13,14,0,0,30,33,3,7,78,0,0,0,0,0,0,0,0,0,0,0,0,0,0,0,0,0,0,0,0,0,0
801011025,0,0,0,0,0,0,0,..,..,..,..,..,..,..,..,..,0,0,0,0,0,0,0,0,0,0,0,0,0,0,5,0,7,11,0,0,0,0,0,0,0,0,0,0,0,0,0,0,0,0,0,0,0,0,0,0,0,0,0,0,0,0,0,0,0,0,0,0,0,0,0,0,0,0,0,0,0,0,0,263,312,111,10,697,165,35,38,934,242,320,92,14,673,158,24,15,876,0,0,0,0,3,6,0,0,10,5,9,14,0,25,31,4,6,67,10,6,14,0,29,34,6,6,78,0,0,0,0,0,0,0,0,0,0,0,0,0,0,0,0,0,0,0,0,0,0,0,0,0,0,0,0,0,0,0,0,0,0,0,0,0,0,0,0,0,0,0,0,0,0,0,0,0,0,0,0,0,0,0,0,0,0,0,0,0,0,0,0,0,0,0,0,0,0,0,0,0,0,0,0
801011026,0,0,0,0,0,0,0,..,..,..,..,..,..,..,..,..,0,0,0,0,0,0,0,0,0,6,4,0,0,11,12,0,5,34,0,0,0,0,0,0,0,0,0,0,0,0,0,0,0,0,0,0,0,0,0,0,0,0,0,0,0,0,0,0,0,0,0,0,0,0,0,0,0,0,0,0,0,0,3,265,368,58,9,692,150,23,24,888,253,376,64,7,702,124,22,21,875,11,9,5,0,26,12,4,3,42,7,5,0,0,15,5,0,0,15,18,15,5,0,38,17,4,0,55,7,3,0,0,12,10,0,3,23,0,0,0,0,0,0,0,0,0,0,0,0,0,0,0,0,0,0,0,0,0,0,0,0,0,0,0,0,0,0,0,0,0,0,0,0,7,3,0,0,12,10,0,3,23,0,0,0,0,0,0,0,0,0,0,0,0,0,0,0,0,0,0,0,0,0,0
801011111,0,0,0,0,0,0,0,..,..,..,..,..,..,..,..,..,0,0,0,0,0,0,0,0,0,0,0,0,0,0,0,0,0,0,0,0,0,0,0,0,0,0,0,0,0,0,0,0,0,0,0,0,0,0,0,0,0,0,0,0,0,0,0,0,0,0,0,0,0,0,0,0,0,0,0,0,0,0,0,0,0,0,0,4,0,0,0,5,0,0,0,0,0,0,0,0,4,0,0,0,0,0,0,0,0,0,0,0,0,0,0,0,0,0,0,0,0,0,0,0,0,0,0,0,0,0,0,0,0,0,0,0,0,0,0,0,0,0,0,0,0,0,0,0,0,0,0,0,0,0,0,0,0,0,0,0,0,0,0,0,0,0,0,0,0,0,0,0,0,0,0,0,0,0,0,0,0,0,0,0,0,0,0,0,0,0,0,0,0,0,0,0,0,0,0,0,0,0,0,0
801011142,0,0,0,0,0,0,0,..,..,..,..,..,..,..,..,..,0,0,0,0,0,0,0,0,0,0,0,0,0,0,0,0,0,0,0,0,0,0,0,0,0,0,0,0,0,0,0,0,0,0,0,0,0,0,0,0,0,0,0,0,0,0,0,0,0,0,0,0,0,0,0,0,0,0,0,0,0,0,0,0,0,0,0,0,0,0,0,0,0,0,0,0,0,0,0,0,0,0,0,0,0,0,0,0,0,0,0,0,0,0,0,0,0,0,0,0,0,0,0,0,0,0,0,0,0,0,0,0,0,0,0,0,0,0,0,0,0,0,0,0,0,0,0,0,0,0,0,0,0,0,0,0,0,0,0,0,0,0,0,0,0,0,0,0,0,0,0,0,0,0,0,0,0,0,0,0,0,0,0,0,0,0,0,0,0,0,0,0,0,0,0,0,0,0,0,0,0,0,0,0
801011143,0,0,0,0,0,0,0,..,..,..,..,..,..,..,..,..,0,0,0,0,0,0,0,0,0,0,0,0,0,0,0,0,0,0,0,0,0,0,0,0,0,0,0,0,0,0,0,0,0,0,0,0,0,0,0,0,0,0,0,0,0,0,0,0,0,0,0,0,0,0,0,0,0,0,0,0,0,0,0,0,0,0,0,0,0,0,0,6,56,93,14,0,166,27,5,8,201,3,0,0,0,3,0,0,0,4,12,10,7,0,21,17,0,0,36,15,10,7,0,22,15,0,0,42,0,0,0,0,0,0,0,0,0,0,0,0,0,0,0,0,0,0,0,0,0,0,0,0,0,0,0,0,0,0,0,0,0,0,0,0,0,0,0,0,0,0,0,0,0,0,0,0,0,0,0,0,0,0,0,0,0,0,0,0,0,0,0,0,0,0,0,0,0,0,0,0,0,0,0,0
801011144,0,0,0,0,0,0,0,..,..,..,..,..,..,..,..,..,0,0,0,0,0,0,0,0,0,0,0,0,0,0,0,0,0,0,0,0,0,0,0,0,0,0,0,0,0,0,0,0,0,0,0,0,0,0,0,0,0,0,0,0,0,0,0,0,0,0,0,0,0,0,0,0,0,0,0,0,0,0,0,0,0,0,0,0,0,0,0,0,0,0,0,0,0,0,0,3,5,0,0,0,0,0,0,0,0,0,0,0,0,0,0,0,0,0,0,0,0,0,0,0,0,0,0,0,0,0,0,0,0,0,0,0,0,0,0,0,0,0,0,0,0,0,0,0,0,0,0,0,0,0,0,0,0,0,0,0,0,0,0,0,0,0,0,0,0,0,0,0,0,0,0,0,0,0,0,0,0,0,0,0,0,0,0,0,0,0,0,0,0,0,0,0,0,0,0,0,0,0,0,0
801031031,0,0,0,0,0,0,0,..,..,..,..,..,..,..,..,..,0,0,0,0,0,0,0,0,0,0,0,0,0,0,0,0,0,0,0,0,0,0,0,0,0,0,0,0,0,0,0,0,0,0,0,0,0,0,0,0,0,0,0,0,0,0,0,0,0,0,0,0,0,0,0,0,0,0,0,0,0,0,0,0,0,0,0,0,0,0,0,0,0,0,0,0,0,0,0,0,0,0,0,0,0,0,0,0,0,0,0,0,0,0,0,0,0,0,0,0,0,0,0,0,0,0,0,0,0,0,0,0,0,0,0,0,0,0,0,0,0,0,0,0,0,0,0,0,0,0,0,0,0,0,0,0,0,0,0,0,0,0,0,0,0,0,0,0,0,0,0,0,0,0,0,0,0,0,0,0,0,0,0,0,0,0,0,0,0,0,3,0,0,0,0,0,0,0,0,0,0,0,0,0
801031032,0,0,0,0,0,0,0,..,..,..,..,..,..,..,..,..,0,0,0,0,0,0,0,0,0,0,0,0,0,0,0,0,0,0,0,0,0,0,0,0,0,0,0,0,0,0,0,0,0,0,0,0,0,0,0,0,0,0,0,0,0,0,0,0,0,0,0,0,0,0,0,0,0,0,0,0,0,0,0,0,7,0,0,6,0,0,3,11,4,4,0,0,5,0,0,0,3,0,0,0,0,0,0,0,0,0,0,0,0,0,0,0,0,0,0,0,0,0,0,0,0,0,0,0,0,0,0,0,0,0,0,0,0,0,0,0,0,0,0,0,0,0,0,0,0,0,0,0,0,0,0,0,0,0,0,0,0,0,0,0,0,0,0,0,0,0,0,0,0,0,0,0,0,0,0,0,0,0,0,0,0,0,0,0,0,0,0,0,0,0,0,0,0,0,0,0,0,0,0,0
801031113,0,0,0,0,0,0,5,..,..,..,..,..,..,..,..,..,0,0,0,0,0,0,0,0,0,7,0,0,0,12,65,0,19,96,10,8,12,0,26,83,9,43,156,0,0,0,0,0,0,0,0,0,0,0,0,0,0,0,0,0,0,10,8,12,0,26,83,9,43,156,5,0,0,0,5,7,0,6,18,69,40,26,3,144,248,12,107,514,35,26,8,0,75,68,4,15,155,3,0,0,0,6,13,3,3,22,4,3,0,0,15,8,3,4,26,9,3,0,0,15,25,3,4,52,3,3,0,0,9,51,0,34,97,0,0,0,0,0,3,0,10,12,0,0,0,0,0,0,0,0,0,0,0,0,0,0,0,0,0,0,0,0,0,0,0,0,0,0,0,3,3,0,0,9,53,0,47,107,22,12,14,6,49,86,6,131,275,0,0,0,0,0,0,0,0,0,0,0,0,0
801031114,0,0,0,0,0,0,0,..,..,..,..,..,..,..,..,..,0,0,0,0,0,0,0,0,0,0,0,0,0,0,0,0,0,0,0,0,0,0,0,0,0,0,0,0,0,0,0,0,0,0,0,0,0,0,0,0,0,0,0,0,0,0,0,0,0,0,0,0,0,0,0,0,0,0,0,0,0,0,0,11,13,4,0,26,13,0,7,41,8,6,4,0,20,10,0,8,39,4,0,0,0,4,3,0,6,16,0,0,0,0,0,0,0,0,0,4,0,0,0,4,3,0,6,16,0,0,0,0,0,0,0,0,0,0,0,0,0,0,0,0,0,0,0,0,0,0,0,0,0,0,0,0,0,0,0,0,0,0,0,0,0,0,0,0,0,0,0,0,0,0,0,0,0,0,0,0,0,0,0,0,0,0,0,0,0,0,0,0,0,0,0,0,0,0,0,0,0,0,0,0
801031115,0,0,0,0,0,0,0,..,..,..,..,..,..,..,..,..,0,0,0,0,0,0,0,0,0,0,0,0,0,0,0,0,0,0,0,0,0,0,0,0,0,0,0,0,0,0,0,0,0,0,0,0,0,0,0,0,0,0,0,0,0,0,0,0,0,0,0,0,0,0,0,0,0,0,0,0,0,0,0,14,25,3,0,43,13,0,9,64,12,25,3,0,41,7,0,9,63,0,0,0,0,0,0,0,0,0,0,0,0,0,0,0,0,0,0,0,0,0,0,0,0,0,0,0,0,0,0,0,0,0,0,0,0,0,0,0,0,0,0,0,0,0,0,0,0,0,0,0,0,0,0,0,0,0,0,0,0,0,0,0,0,0,0,0,0,0,0,0,0,0,0,0,0,0,0,0,0,0,0,0,0,0,0,0,0,0,0,0,0,0,0,0,0,0,0,0,0,0,0,0
801041034,0,0,0,0,0,0,0,..,..,..,..,..,..,..,..,..,0,0,0,0,0,0,0,0,0,0,0,0,0,4,0,0,0,5,0,0,0,0,0,0,0,0,0,0,0,0,0,0,0,0,0,0,0,0,0,0,0,0,0,0,0,0,0,0,0,0,0,0,0,0,0,0,0,0,0,0,0,0,4,361,956,197,12,1528,243,32,48,1847,332,865,150,12,1361,210,32,27,1629,40,38,28,0,99,44,4,3,150,22,43,20,0,94,20,0,7,121,63,84,45,0,197,64,5,7,274,0,0,0,0,6,0,0,0,6,0,0,0,0,0,0,0,0,0,52,23,13,5,93,66,6,30,195,0,0,0,0,0,0,0,0,0,0,0,0,0,0,0,0,0,0,56,26,13,5,97,67,6,30,196,0,0,0,0,0,0,0,0,0,0,0,0,0,0,0,0,0,0,0,0,0,0
801041035,0,0,0,0,0,0,0,..,..,..,..,..,..,..,..,..,0,0,0,0,0,0,0,0,0,0,0,0,0,0,4,0,3,12,0,0,0,0,0,0,0,0,0,0,0,0,0,0,0,0,0,0,0,0,0,0,0,0,0,0,0,0,0,0,0,0,0,0,0,0,0,4,0,0,4,0,0,0,0,360,1133,182,23,1698,232,61,86,2067,315,1087,207,24,1628,175,38,51,1892,21,24,10,0,57,18,3,0,90,34,70,26,6,137,34,8,7,198,62,97,38,6,202,59,18,11,284,0,0,0,0,0,0,0,0,0,0,0,0,0,0,0,0,0,0,0,0,0,0,0,0,0,0,0,0,0,0,0,0,0,0,0,0,0,0,0,0,0,0,0,0,0,0,0,0,0,0,5,0,0,4,0,0,0,0,0,0,0,0,0,0,0,0,0,0,0,0,0,0,0,0,0,0
801041036,0,0,0,0,0,0,0,..,..,..,..,..,..,..,..,..,0,0,0,0,0,0,0,0,0,12,3,9,0,25,10,6,9,48,0,0,0,0,0,0,0,0,0,0,0,0,0,0,0,0,0,0,0,0,0,0,0,0,0,0,0,0,0,0,0,0,0,0,0,0,0,3,0,0,5,0,0,0,3,511,867,200,19,1598,311,66,102,2074,325,890,161,14,1387,244,39,32,1696,29,22,9,0,53,33,6,0,93,99,119,55,4,273,111,12,17,413,128,143,65,6,334,141,19,17,510,0,0,0,0,0,0,0,0,0,12,8,8,0,28,11,9,0,37,0,0,0,0,0,0,0,0,0,0,0,0,0,0,0,0,0,0,0,0,0,0,0,0,0,0,0,12,7,8,0,23,14,9,0,42,0,0,0,0,0,0,0,0,0,0,0,0,0,0,0,0,0,0,0,0,0,0
801041037,0,0,18,33,0,0,43,..,..,..,..,..,..,..,..,..,0,0,0,0,0,0,0,0,6,53,7,3,0,66,100,0,19,185,0,0,0,0,0,0,0,0,0,0,0,0,0,0,0,0,0,0,0,0,0,0,0,0,0,0,0,0,0,0,0,0,0,0,0,0,0,0,0,0,0,0,0,0,4,418,707,82,14,1226,240,73,63,1596,269,664,85,12,1033,104,34,17,1188,5,8,0,0,14,4,0,0,20,62,67,21,0,156,64,18,0,245,66,75,29,0,174,69,18,0,263,9,3,4,0,22,23,4,0,45,28,9,6,0,40,45,0,0,94,35,0,0,0,39,82,0,7,125,0,0,0,0,0,0,0,0,0,5,0,0,0,4,0,0,0,5,76,16,6,0,103,145,6,11,260,0,0,0,0,0,0,0,0,0,0,0,0,0,0,0,0,0,0,0,0,0,0
801041038,0,0,0,0,0,0,0,..,..,..,..,..,..,..,..,..,0,0,0,0,0,0,0,0,0,0,4,3,0,8,8,0,0,19,0,0,0,0,0,0,0,0,0,0,0,0,0,0,0,0,0,0,0,0,0,0,0,0,0,0,0,0,0,0,0,0,0,0,0,0,0,0,0,0,6,0,0,0,5,263,773,95,8,1142,146,33,45,1367,231,701,97,3,1036,105,23,24,1184,4,0,0,0,8,0,0,0,6,48,64,18,4,136,33,7,12,191,53,64,18,4,140,38,7,12,194,3,0,7,0,9,5,0,0,8,0,5,0,0,8,7,0,5,17,0,0,0,0,0,0,0,0,0,0,0,0,0,0,0,0,0,0,0,0,0,0,0,0,0,0,0,4,8,6,0,20,9,0,3,32,0,0,0,0,0,0,0,0,0,0,0,0,0,0,0,0,0,0,0,0,0,0
801041039,0,3,51,45,6,12,108,..,..,..,..,..,..,..,..,..,0,0,0,0,0,0,0,0,0,217,92,21,17,344,278,53,54,739,0,0,0,0,0,0,0,0,0,0,0,0,0,0,0,0,0,0,0,0,0,0,0,0,0,0,0,0,0,0,0,0,0,0,0,0,0,0,0,0,0,0,0,4,0,554,869,136,36,1598,447,168,104,2316,264,734,111,17,1118,119,69,26,1325,3,7,6,0,18,7,0,0,25,84,105,26,6,227,63,40,19,348,93,116,28,7,247,64,40,19,371,17,3,0,0,20,18,11,9,61,163,82,32,8,291,227,30,15,568,125,51,19,8,202,115,32,16,367,0,0,0,0,0,0,0,0,0,0,0,0,0,0,0,0,0,0,305,139,62,19,517,362,74,36,992,0,0,0,0,0,0,0,0,0,0,0,0,0,0,0,0,0,0,0,0,0,0
801041040,9,0,100,101,9,36,252,..,..,..,..,..,..,..,..,..,0,0,0,0,0,0,0,0,0,122,61,19,7,206,206,25,60,495,0,0,0,0,0,0,0,0,0,0,0,0,0,0,0,0,0,0,0,0,0,0,0,0,0,0,0,0,0,0,0,0,0,0,0,0,3,3,0,0,7,6,0,0,9,492,792,160,32,1476,428,166,151,2219,234,569,121,16,937,116,89,25,1166,9,13,6,0,31,9,0,0,44,152,159,46,8,368,103,53,20,541,163,174,56,10,397,109,54,23,585,4,0,6,0,7,18,0,3,26,57,19,9,0,92,105,5,12,211,231,99,47,8,386,267,29,41,725,223,81,40,20,357,194,43,23,615,0,0,0,0,0,0,0,0,0,507,210,99,30,843,576,75,75,1579,0,0,0,0,0,0,0,0,0,0,0,0,0,0,0,0,0,0,0,0,0,0
801041043,0,0,0,0,0,0,0,..,..,..,..,..,..,..,..,..,0,0,0,0,0,0,0,0,0,0,0,0,0,0,0,0,0,0,0,0,0,0,0,0,0,0,0,0,0,0,0,0,0,0,0,0,0,0,0,0,0,0,0,0,0,0,0,0,0,0,0,0,0,0,0,0,0,0,0,0,0,0,0,33,38,3,0,73,25,0,5,106,34,46,11,0,83,15,0,8,98,0,0,0,0,0,5,0,0,13,0,0,0,0,0,0,0,0,3,4,0,0,0,4,11,0,0,14,0,0,0,0,0,0,0,0,0,0,0,0,0,0,0,0,0,0,0,0,0,0,0,0,0,0,0,0,0,0,0,0,0,0,0,0,0,0,0,0,0,0,0,0,0,0,0,0,0,0,0,0,0,0,0,0,0,0,0,0,0,0,0,0,0,0,0,0,0,0,0,0,0,0,0,0
801041044,16,3,204,153,35,18,411,..,..,..,..,..,..,..,..,..,0,0,0,0,0,0,0,0,0,192,123,36,10,357,253,60,30,712,0,0,0,0,0,0,0,0,0,0,0,0,0,0,0,0,0,0,0,0,0,0,0,0,0,0,0,0,0,0,0,0,0,0,0,0,0,0,0,0,0,0,0,0,0,582,1150,207,24,1957,428,154,94,2625,301,884,153,17,1348,113,70,33,1564,9,20,8,0,42,16,6,0,64,70,103,41,10,220,99,34,12,364,78,126,53,13,262,116,40,19,436,0,0,0,0,0,7,0,0,13,109,77,23,4,211,122,44,16,395,152,66,17,4,242,161,24,13,444,0,0,0,0,0,0,0,0,0,0,0,0,0,0,0,0,0,0,258,144,45,13,458,291,70,29,848,0,0,0,0,0,0,0,0,0,0,0,0,0,0,0,0,0,0,0,0,0,0
801041045,0,0,0,0,0,0,0,..,..,..,..,..,..,..,..,..,0,0,0,0,0,0,0,0,0,0,0,0,0,0,0,0,0,0,0,0,0,0,0,0,0,0,0,0,0,0,0,0,0,0,0,0,0,0,0,0,0,0,0,0,0,0,0,0,0,0,0,0,0,0,0,0,0,0,0,0,0,0,0,0,0,0,0,0,0,0,0,0,0,0,0,0,0,0,0,0,0,0,0,0,0,0,0,0,0,0,0,0,0,0,0,0,0,0,0,0,0,0,0,0,0,0,0,0,0,0,0,0,0,0,0,0,0,0,0,0,0,0,0,0,0,0,0,0,0,0,0,0,0,0,0,0,0,0,0,0,0,0,0,0,0,0,0,0,0,0,0,0,0,0,0,0,0,0,0,0,0,0,0,0,0,0,0,0,0,0,0,0,0,0,0,0,0,0,0,0,0,0,0,0
801041046,0,0,0,0,0,0,0,..,..,..,..,..,..,..,..,..,0,0,0,0,0,0,0,0,0,0,0,0,0,0,0,0,0,0,0,0,0,0,0,0,0,0,0,0,0,0,0,0,0,0,0,0,0,0,0,0,0,0,0,0,0,0,0,0,0,0,0,0,0,0,0,0,0,0,0,0,0,0,4,871,1430,455,35,2790,848,118,168,3923,639,1147,321,25,2134,513,85,60,2787,218,217,129,7,573,380,29,45,1032,85,89,43,0,223,98,14,16,348,301,304,177,7,789,480,46,57,1378,0,0,0,0,0,0,0,0,0,0,0,0,0,0,0,0,0,0,0,0,0,0,0,0,0,0,0,0,0,0,0,0,0,0,0,0,0,0,0,0,0,0,0,0,6,0,0,0,0,0,0,0,0,0,0,0,0,0,0,0,0,0,0,0,0,0,0,0,0,0,0,0,0,0,0,0
801041047,0,0,0,0,0,0,0,..,..,..,..,..,..,..,..,..,0,0,0,0,0,0,0,0,0,0,3,0,0,3,0,0,0,7,0,0,0,0,0,0,0,0,0,0,0,0,0,0,0,0,0,0,0,0,0,0,0,0,0,0,0,0,0,0,0,0,0,0,0,0,0,0,0,0,0,0,0,0,4,609,1059,176,7,1856,285,35,79,2255,644,962,139,11,1760,241,33,25,2061,25,19,21,3,67,43,3,0,119,28,42,18,0,90,30,3,0,125,60,59,36,4,159,71,5,3,243,0,0,0,0,0,0,0,0,0,0,0,0,0,0,0,0,0,0,0,0,0,0,0,0,0,0,0,0,0,0,0,0,0,0,0,0,0,0,0,0,0,0,0,0,0,0,0,0,0,0,0,0,0,0,0,0,0,0,0,0,0,0,0,0,0,0,0,0,0,0,0,0,0,0,0,0
801041048,0,0,0,0,0,0,0,..,..,..,..,..,..,..,..,..,0,0,0,0,0,0,0,0,0,0,0,0,0,0,0,3,0,9,0,0,0,0,0,0,0,0,0,0,0,0,0,0,0,0,0,0,0,0,0,0,0,0,0,0,0,0,0,0,0,0,0,0,0,0,0,0,0,0,4,0,0,0,4,480,750,215,22,1470,421,71,82,2038,346,533,133,17,1027,174,27,24,1250,138,150,113,5,407,234,30,35,705,37,35,14,5,89,40,13,3,146,175,184,128,11,493,267,40,44,848,0,0,0,0,0,0,0,0,0,0,0,0,0,0,0,0,0,0,0,0,0,0,0,0,0,0,0,0,0,0,0,0,0,0,0,0,0,0,0,0,0,0,0,0,0,0,0,0,0,0,0,0,0,0,0,0,0,0,0,0,0,0,0,0,0,0,0,0,0,0,0,0,0,0,0,0
801041116,0,0,0,0,0,0,0,..,..,..,..,..,..,..,..,..,0,0,0,0,0,0,0,0,0,0,0,0,0,0,0,0,0,0,0,0,0,0,0,0,0,0,0,0,0,0,0,0,0,0,0,0,0,0,0,0,0,0,0,0,0,0,0,0,0,0,0,0,0,0,0,0,0,0,0,0,0,0,0,0,0,0,0,0,0,0,0,0,0,0,0,0,0,0,0,0,0,0,0,0,0,0,0,0,0,0,0,0,0,0,0,0,0,0,0,0,0,0,0,0,0,0,0,0,0,0,0,0,0,0,0,0,0,0,0,0,0,0,0,0,0,0,0,0,0,0,0,0,0,0,0,0,0,0,0,0,0,0,0,0,0,0,0,0,0,0,0,0,0,0,0,0,0,0,0,0,0,0,0,0,0,0,0,0,0,0,0,0,0,0,0,0,0,0,0,0,0,0,0,0
801041117,0,0,0,0,0,0,0,..,..,..,..,..,..,..,..,..,0,0,0,0,0,0,0,0,0,0,0,0,0,0,0,0,0,0,0,0,0,0,0,0,0,0,0,0,0,0,0,0,0,0,0,0,0,0,0,0,0,0,0,0,0,0,0,0,0,0,0,0,0,0,0,0,0,0,0,0,0,0,0,0,0,0,0,0,0,0,0,0,0,0,0,0,0,0,0,0,0,0,0,0,0,0,0,0,0,0,0,0,0,0,0,0,0,0,0,0,0,0,0,0,0,0,0,0,0,0,0,0,0,0,0,0,0,0,0,0,0,0,0,0,0,0,0,0,0,0,0,0,0,0,0,0,0,0,0,0,0,0,0,0,0,0,0,0,0,0,0,0,0,0,0,0,0,0,0,0,0,0,0,0,0,0,0,0,0,0,0,0,0,0,0,0,0,0,0,0,0,0,0,0
801041118,0,0,0,0,0,0,0,..,..,..,..,..,..,..,..,..,0,0,0,0,0,0,0,0,0,0,0,0,0,0,0,0,0,0,0,0,0,0,0,0,0,0,0,0,0,0,0,0,0,0,0,0,0,0,0,0,0,0,0,0,0,0,0,0,0,0,0,0,0,0,0,0,0,0,0,0,0,0,0,40,99,30,4,175,43,13,3,231,5,66,12,0,88,12,3,5,110,9,19,4,0,37,15,4,0,59,19,21,11,0,49,20,4,0,76,23,44,16,6,87,32,7,0,130,0,0,0,0,0,0,0,0,6,0,0,0,0,0,0,0,0,0,0,0,0,0,0,0,0,0,0,0,0,0,0,0,0,0,0,0,0,0,0,0,0,0,0,0,0,0,0,0,0,0,0,0,0,6,0,0,0,0,0,0,0,0,0,0,0,0,0,0,0,0,0,0,0,0,0,0
801041119,0,0,0,0,0,0,0,..,..,..,..,..,..,..,..,..,0,0,0,0,0,0,0,0,0,0,0,0,0,0,0,0,0,0,0,0,0,0,0,0,0,0,0,0,0,0,0,0,0,0,0,0,0,0,0,0,0,0,0,0,0,0,0,0,0,0,0,0,0,0,0,0,0,0,0,0,0,0,0,3,0,0,0,5,0,0,0,5,0,0,0,0,0,0,0,0,0,0,0,0,0,0,0,0,0,0,0,0,0,0,0,0,0,0,0,0,0,0,0,0,0,0,0,0,0,0,0,0,0,0,0,0,0,0,0,0,0,0,0,0,0,0,0,0,0,0,0,0,0,0,0,0,0,0,0,0,0,0,0,0,0,0,0,0,0,0,0,0,0,0,0,0,0,0,0,0,0,0,0,0,0,0,0,0,0,17,14,0,0,0,0,0,0,0,0,0,0,0,0,0
801041120,0,0,0,0,0,0,0,..,..,..,..,..,..,..,..,..,0,0,0,0,0,0,0,0,0,0,0,0,0,0,0,0,0,0,0,0,0,0,0,0,0,0,0,0,0,0,0,0,0,0,0,0,0,0,0,0,0,0,0,0,0,0,0,0,0,0,0,0,0,0,0,0,0,0,0,0,0,0,0,5,14,0,0,19,0,0,0,30,124,625,67,9,823,35,19,24,910,13,35,8,0,58,19,0,6,81,136,206,84,8,435,79,29,23,566,150,235,92,14,490,98,31,29,643,10,20,7,0,31,9,0,0,47,13,14,8,0,34,24,0,7,65,0,0,0,0,0,0,0,0,0,0,0,0,0,0,0,0,0,0,0,0,0,0,0,0,0,0,0,17,28,18,0,62,37,0,11,109,0,0,0,0,0,0,0,0,0,0,0,0,0,0,0,0,0,0,0,0,0,0
801041121,0,0,0,0,0,0,0,..,..,..,..,..,..,..,..,..,0,0,0,0,0,0,0,0,0,0,0,0,0,0,0,0,0,0,0,0,0,0,0,0,0,0,0,0,0,0,0,0,0,0,0,0,0,0,0,0,0,0,0,0,0,0,0,0,0,0,0,0,0,0,0,0,0,0,0,0,0,0,0,0,0,0,0,0,0,0,0,0,88,327,42,3,464,41,11,17,537,4,8,10,5,21,4,0,3,32,23,19,9,0,62,11,3,6,74,29,34,23,5,83,16,0,4,112,0,0,0,0,0,0,0,0,0,0,0,0,0,0,0,0,0,5,0,0,0,0,0,0,0,0,0,0,0,0,0,0,0,0,0,0,0,0,0,0,0,0,0,0,0,0,0,0,0,0,5,0,0,3,0,0,0,0,0,0,0,0,0,0,0,0,0,0,0,0,0,0,0,0,0,0
801041122,0,0,0,0,0,0,0,..,..,..,..,..,..,..,..,..,0,0,0,0,0,0,0,0,0,0,0,0,0,0,0,0,0,0,0,0,0,0,0,0,0,0,0,0,0,0,0,0,0,0,0,0,0,0,0,0,0,0,0,0,0,0,0,0,0,0,0,0,0,0,0,0,0,0,0,0,0,0,0,0,0,0,0,0,0,0,0,0,129,406,46,0,580,38,18,18,656,0,6,0,0,10,0,0,0,10,15,20,7,0,43,17,3,3,61,15,25,7,3,54,17,3,3,74,0,0,0,0,0,0,0,0,0,0,0,0,0,0,0,0,0,0,0,0,0,0,0,0,0,0,0,0,0,0,0,0,0,0,0,0,0,0,0,0,0,0,0,0,0,0,0,0,0,0,0,0,0,0,0,0,0,0,0,0,0,0,0,0,0,0,0,0,0,0,0,0,0,0,0,0
801051049,0,0,0,0,0,0,0,..,..,..,..,..,..,..,..,..,0,0,0,0,0,0,0,0,0,0,0,0,0,0,0,0,0,0,0,0,0,0,0,0,0,0,0,0,0,0,0,0,0,0,0,0,0,0,0,0,0,0,0,0,0,0,0,0,0,0,0,0,0,0,0,0,0,0,0,0,0,0,0,0,0,0,0,0,0,0,0,0,0,0,0,0,0,0,0,0,0,0,0,0,0,0,0,0,0,0,0,0,0,0,0,0,0,0,0,0,0,0,0,0,0,0,0,0,0,0,0,0,0,0,0,0,0,0,0,0,0,0,0,0,0,0,0,0,0,0,0,0,0,0,0,0,0,0,0,0,0,0,0,0,0,0,0,0,0,0,0,0,0,0,0,0,0,0,0,0,0,0,0,0,0,0,0,0,0,0,0,0,0,0,0,0,0,0,0,0,0,0,0,0
801051050,0,0,37,87,0,3,125,..,..,..,..,..,..,..,..,..,0,0,0,0,0,9,0,0,12,40,7,0,0,50,151,4,21,223,0,0,0,0,0,0,0,0,0,0,0,0,0,0,0,0,0,0,0,0,0,0,0,0,0,0,3,0,0,0,0,0,0,0,0,3,0,0,0,0,0,27,4,0,29,441,560,187,16,1204,625,150,102,2081,357,535,149,13,1057,309,105,52,1517,52,30,15,6,99,102,14,7,226,25,25,16,0,66,48,8,6,125,74,58,26,4,160,152,24,14,355,9,0,3,0,15,56,3,12,86,0,0,0,0,0,0,0,0,0,35,0,0,0,34,80,0,14,134,0,0,0,0,0,0,0,0,0,0,4,0,0,3,7,4,0,11,43,3,5,0,59,143,5,23,232,0,0,0,0,0,0,0,0,0,0,0,0,0,0,0,0,0,0,0,0,0,0
801051051,15,10,332,413,100,159,1012,..,..,..,..,..,..,..,..,..,0,0,0,0,0,0,4,0,0,554,87,38,16,705,913,301,296,2222,0,0,0,0,0,0,0,0,0,0,0,0,0,0,0,0,4,4,0,0,0,0,0,0,0,0,0,0,0,0,0,0,0,0,4,3,0,0,0,0,6,4,3,0,13,692,188,72,23,973,1042,414,339,2768,50,48,5,0,102,20,44,10,179,18,9,4,0,31,41,12,4,90,117,40,17,3,176,148,75,21,417,137,52,22,3,207,188,79,24,507,112,18,10,3,143,197,58,27,424,198,37,31,12,270,289,121,50,736,362,57,33,6,461,523,116,83,1186,163,29,9,5,198,271,74,49,587,0,0,0,0,0,0,0,0,0,838,144,75,26,1076,1285,372,205,2937,0,0,0,0,0,0,0,0,0,0,0,0,0,0,0,0,0,0,0,0,0,0
801051053,34,10,515,448,148,240,1346,..,..,..,..,..,..,..,..,..,0,0,0,0,0,0,0,0,0,392,81,35,10,520,447,149,238,1356,0,0,0,0,0,0,0,0,0,0,0,0,0,0,8,0,32,36,0,0,0,0,0,0,0,0,0,0,0,0,0,0,5,0,32,35,0,0,0,0,0,0,0,0,5,392,78,33,10,516,454,149,272,1395,0,0,0,0,0,0,0,0,0,0,0,0,0,0,0,0,0,0,0,0,0,0,0,0,0,0,0,0,0,0,0,0,0,0,0,0,58,7,6,0,68,61,27,16,171,6,0,0,0,6,0,0,3,10,91,6,0,0,97,83,24,20,231,481,84,50,19,638,648,137,192,1612,0,0,0,0,0,0,0,0,0,635,102,52,16,810,794,189,230,2020,0,0,0,0,0,0,0,0,0,0,0,0,0,0,0,0,40,40,0,0,0,0
801051054,5,0,23,20,10,8,63,..,..,..,..,..,..,..,..,..,4,0,0,0,3,5,0,0,3,80,16,12,3,106,115,19,27,271,0,0,0,0,0,0,0,0,0,0,0,0,0,0,0,0,0,0,0,0,0,0,0,0,0,0,0,0,0,0,0,0,0,0,0,0,0,0,0,0,4,0,0,0,7,215,183,62,6,466,280,118,63,941,87,131,40,8,267,82,68,10,428,5,0,3,0,9,7,7,0,24,70,63,37,0,172,68,45,12,301,73,63,33,5,179,80,50,13,323,53,10,0,0,66,106,14,7,194,15,7,5,0,24,22,11,0,61,149,36,19,7,217,187,55,27,483,0,0,0,0,0,0,0,0,0,0,0,0,0,3,0,0,0,3,226,58,20,7,316,312,76,31,739,0,0,0,0,0,0,0,0,0,0,0,0,0,0,0,0,0,0,0,0,0,0
801051055,0,0,0,0,0,0,0,..,..,..,..,..,..,..,..,..,4,0,0,0,4,9,4,0,14,34,10,8,5,54,76,9,10,151,0,0,0,0,0,0,0,0,0,0,0,0,0,0,0,0,0,0,0,0,0,0,0,0,0,0,0,0,0,0,0,0,0,0,0,0,0,0,0,0,0,0,0,0,4,337,377,141,22,873,341,140,71,1425,262,394,107,20,775,207,115,31,1128,26,23,13,0,62,48,9,0,122,36,34,12,4,81,39,18,11,146,64,59,23,4,147,85,26,11,269,52,16,12,0,81,97,12,13,200,0,4,0,0,5,16,0,0,16,15,0,4,0,20,27,0,6,52,0,0,0,0,0,0,0,0,0,3,3,0,0,10,7,0,4,22,70,18,20,0,110,151,12,25,293,0,0,0,0,0,0,0,0,0,0,0,0,0,0,0,0,0,0,0,0,0,0
801051056,0,0,0,4,0,0,5,..,..,..,..,..,..,..,..,..,0,0,0,0,0,0,0,0,0,18,18,3,4,42,58,6,9,120,0,0,0,0,0,0,0,0,0,0,0,0,0,0,0,0,0,0,0,0,0,0,0,0,0,0,0,0,0,0,0,0,0,0,0,0,0,0,0,0,0,0,0,0,0,273,400,104,10,791,299,55,41,1178,220,391,83,9,703,164,31,28,929,24,24,11,0,58,72,7,7,146,7,13,10,0,28,8,0,0,36,26,35,21,0,88,80,12,12,184,9,7,5,0,19,25,0,10,45,12,6,0,0,32,36,3,6,66,0,0,0,0,0,0,0,0,0,0,0,0,0,0,0,0,0,0,0,0,0,0,0,0,0,0,0,20,19,7,0,46,59,3,14,119,0,0,0,0,0,0,0,0,0,0,0,0,0,0,0,0,0,0,0,0,0,0
801051057,18,6,146,161,41,37,385,..,..,..,..,..,..,..,..,..,0,0,0,0,0,3,0,0,3,186,53,34,10,279,355,86,84,807,0,0,0,0,0,3,0,11,13,0,0,0,0,0,0,0,4,7,0,0,0,0,0,0,0,0,0,0,0,0,0,0,10,0,11,20,0,0,0,0,0,5,0,3,4,589,377,154,21,1147,808,223,204,2372,194,198,76,9,471,147,57,23,701,46,43,27,0,119,136,22,9,284,188,117,42,15,364,208,65,27,652,235,156,72,17,484,339,84,34,938,34,18,12,0,72,141,20,12,248,45,24,3,3,79,88,16,8,184,65,7,3,3,81,103,30,10,222,106,20,13,4,140,126,34,7,306,0,0,0,0,0,0,0,0,4,255,68,39,9,366,463,91,36,963,0,0,0,0,0,0,0,0,0,0,0,0,0,0,0,0,5,5,0,0,0,0
801051058,0,0,0,0,0,0,3,..,..,..,..,..,..,..,..,..,0,0,0,0,0,3,3,0,8,104,36,14,3,168,185,44,38,435,0,0,0,0,0,0,0,0,0,0,0,0,0,0,0,0,0,0,0,0,0,0,0,0,0,0,0,0,0,0,0,0,0,0,0,0,3,0,0,0,3,9,4,0,15,485,589,160,31,1261,562,253,128,2207,362,540,138,21,1062,263,164,44,1529,46,33,19,0,99,93,27,6,221,43,18,10,0,79,49,10,4,141,94,49,30,0,173,135,33,16,361,57,15,19,0,96,91,28,10,219,44,18,7,0,74,95,28,11,203,0,0,0,0,0,0,0,0,0,0,0,0,0,0,0,0,0,0,0,0,0,0,4,4,0,0,9,104,37,25,4,171,190,51,14,431,0,0,0,0,0,0,0,0,0,0,0,0,0,0,0,0,0,0,0,0,0,0
801051060,14,10,234,215,81,68,598,..,..,..,..,..,..,..,..,..,0,0,0,0,0,0,0,0,0,375,110,47,33,569,586,204,215,1576,0,0,0,0,0,0,0,0,0,0,0,0,0,0,0,0,0,0,0,0,0,0,0,0,0,0,0,0,0,0,0,0,0,0,0,0,7,0,3,0,7,7,7,0,18,504,217,72,29,827,691,287,242,2050,81,90,18,3,188,43,34,7,274,17,21,5,0,46,24,15,0,80,72,48,10,0,131,50,34,8,225,91,63,19,0,171,75,52,11,307,47,13,0,0,59,93,16,20,189,173,32,24,9,236,287,93,26,646,80,23,12,4,115,100,41,13,259,168,32,18,9,231,217,85,23,547,0,0,0,0,0,4,0,0,4,459,95,59,22,635,698,232,75,1647,0,0,0,0,0,0,0,0,0,0,0,0,0,0,0,0,0,0,0,0,0,0
801051061,0,0,7,9,0,3,20,..,..,..,..,..,..,..,..,..,0,0,0,0,3,3,0,3,16,144,66,53,5,261,262,55,42,615,0,0,0,0,0,0,0,0,0,0,0,0,0,0,0,0,0,0,0,0,0,0,0,0,0,0,0,0,0,0,0,0,0,0,0,0,0,0,0,0,3,0,0,0,3,582,647,213,25,1462,651,175,119,2416,360,592,171,15,1142,318,76,40,1578,16,15,5,0,30,32,4,0,69,217,143,69,8,437,213,62,26,741,228,162,74,14,478,248,68,29,814,41,15,13,0,72,96,11,11,189,20,10,5,0,40,59,9,9,111,8,3,0,0,11,8,3,0,22,0,0,0,0,0,0,0,0,0,13,0,4,0,15,4,0,0,22,76,34,26,5,132,167,21,21,353,0,0,0,0,0,0,0,0,0,0,0,0,0,0,0,0,0,0,0,0,0,0
801051123,0,0,0,0,0,0,0,..,..,..,..,..,..,..,..,..,0,0,0,0,0,0,0,0,0,0,0,0,0,0,0,0,0,0,0,0,0,0,0,0,0,0,0,0,0,0,0,0,0,0,0,0,0,0,0,0,0,0,0,0,0,0,0,0,0,0,0,0,0,0,0,0,0,0,0,0,0,0,0,0,0,0,0,0,0,0,0,0,0,0,0,0,0,0,0,0,0,0,0,0,0,0,0,0,0,0,0,0,0,0,0,0,0,0,0,0,0,0,0,0,0,0,0,0,0,0,0,0,0,0,0,0,0,0,0,0,0,0,0,0,0,0,0,0,0,0,0,0,0,0,0,0,0,0,0,0,0,0,0,0,0,0,0,0,0,0,0,0,0,0,0,0,0,0,0,0,0,0,0,0,0,0,0,0,0,0,0,0,0,0,0,0,0,0,0,0,0,0,0,0
801051124,0,0,17,48,9,6,72,..,..,..,..,..,..,..,..,..,0,0,0,0,0,0,0,0,0,41,3,8,5,53,128,18,22,216,0,0,0,0,0,0,0,0,0,0,0,0,0,0,0,0,0,0,0,0,0,0,0,0,0,0,0,0,0,0,0,0,0,0,0,0,0,0,0,0,0,0,0,0,0,332,350,61,5,749,358,84,70,1262,270,334,49,4,664,142,65,25,897,14,5,3,0,20,45,5,9,76,49,30,14,0,91,40,12,3,151,61,32,16,0,115,84,14,12,228,5,0,0,0,7,13,0,3,25,24,5,0,0,26,73,6,5,114,81,22,8,0,109,104,22,7,244,137,58,15,3,212,153,31,22,409,0,0,0,0,0,0,0,4,4,243,86,25,4,351,343,56,40,798,0,0,0,0,0,0,0,0,0,0,0,0,0,0,0,0,3,3,0,0,0,0
801051125,0,0,0,0,0,0,0,..,..,..,..,..,..,..,..,..,0,0,0,0,0,0,0,0,0,0,0,0,0,0,0,0,0,0,0,0,0,0,0,0,0,0,0,0,0,0,0,0,0,0,0,0,0,0,0,0,0,0,0,0,0,0,0,0,0,0,0,0,0,0,0,0,0,0,0,0,0,0,0,54,78,0,0,137,0,0,8,144,53,63,5,0,123,12,6,16,151,4,3,0,0,7,0,0,0,7,0,0,0,0,0,0,0,0,0,4,3,0,0,7,0,0,0,7,0,0,0,0,0,0,0,0,0,0,0,0,0,0,0,0,0,0,0,0,0,0,0,0,0,0,0,0,0,0,0,0,0,0,0,0,0,0,0,0,0,0,0,0,0,0,0,0,0,0,0,0,0,0,0,0,0,0,0,0,0,0,0,0,0,0,0,0,0,0,0,0,0,0,0,0
801051126,0,0,0,0,0,0,0,..,..,..,..,..,..,..,..,..,0,0,0,0,0,0,0,0,0,0,0,0,0,0,0,0,0,0,0,0,0,0,0,0,0,0,0,0,0,0,0,0,0,0,0,0,0,0,0,0,0,0,0,0,0,0,0,0,0,0,0,0,0,0,0,0,0,0,0,0,0,0,0,0,0,0,0,0,0,0,0,0,0,0,0,0,0,0,0,0,0,0,0,0,0,0,0,0,0,0,0,0,0,0,0,0,0,0,0,0,0,0,0,0,0,0,0,0,0,0,0,0,0,0,0,0,0,0,0,0,0,0,0,0,0,0,0,0,0,0,0,0,0,0,0,0,0,0,0,0,0,0,0,0,0,0,0,0,0,0,0,0,0,0,0,0,0,0,0,0,0,0,0,0,0,0,0,0,0,0,0,0,0,0,0,0,0,0,0,0,0,0,0,0
801051127,8,4,62,94,21,17,195,..,..,..,..,..,..,..,..,..,0,0,0,0,0,0,0,0,0,51,12,27,6,91,248,36,68,441,0,0,0,0,0,0,0,0,0,0,0,0,0,0,0,0,4,4,0,0,0,0,0,0,0,0,0,0,0,0,0,0,0,0,4,4,0,0,0,0,0,8,0,0,7,163,111,49,9,328,340,70,119,858,102,67,12,0,186,48,25,4,265,5,0,0,0,0,5,0,0,7,36,24,13,6,76,48,23,3,153,40,23,13,6,76,50,23,3,154,12,4,0,0,14,61,4,6,96,0,0,0,0,4,19,3,18,43,20,8,4,0,33,63,12,5,114,20,5,0,0,23,37,6,8,79,0,0,0,0,0,0,0,0,0,47,14,7,3,77,183,32,35,323,0,0,0,0,0,0,0,0,0,0,0,0,0,0,0,0,0,0,0,0,0,0
801051128,0,0,0,0,0,0,0,..,..,..,..,..,..,..,..,..,0,0,0,0,0,0,0,0,0,0,0,0,0,0,0,0,0,0,0,0,0,0,0,0,0,0,0,0,0,0,0,0,0,0,0,0,0,0,0,0,0,0,0,0,0,0,0,0,0,0,0,0,0,0,0,0,0,0,0,0,0,0,0,0,0,0,0,0,0,0,0,0,0,0,0,0,0,0,0,0,0,0,0,0,0,0,0,0,0,0,0,0,0,0,0,0,0,0,0,0,0,0,0,0,0,0,0,0,0,0,0,0,0,0,0,0,0,0,0,0,0,0,0,0,0,0,0,0,0,0,0,0,0,0,0,0,0,0,0,0,0,0,0,0,0,0,0,0,0,0,0,0,0,0,0,0,0,0,0,0,0,0,0,0,0,0,0,0,0,0,0,0,0,0,0,0,0,0,0,0,0,0,0,0
801061062,0,0,64,24,0,5,91,..,..,..,..,..,..,..,..,..,0,0,0,0,0,3,0,0,3,71,32,4,0,105,82,6,7,191,0,0,0,0,0,0,0,0,0,0,0,0,0,0,0,0,0,0,0,0,0,0,0,0,0,0,0,0,0,0,0,0,0,0,0,0,0,0,0,0,0,0,0,0,0,304,368,85,7,768,300,26,51,1147,241,339,72,5,659,141,30,23,850,11,8,3,0,24,28,3,6,62,37,21,14,0,65,85,0,9,167,47,27,20,0,97,118,3,10,227,13,3,4,0,20,20,4,0,38,13,9,0,0,15,23,0,5,38,33,4,0,0,37,49,0,0,91,0,0,0,0,0,0,0,0,0,0,0,0,0,0,0,0,0,0,57,16,4,0,75,86,5,9,174,0,0,0,0,0,0,0,0,0,0,0,0,0,0,0,0,0,0,0,0,0,0
801061063,0,0,23,20,3,13,59,..,..,..,..,..,..,..,..,..,0,0,0,0,0,0,0,0,0,77,27,8,0,113,98,22,49,289,0,0,0,0,0,0,0,0,0,0,0,0,0,0,0,0,0,0,0,0,0,0,0,0,0,0,0,0,0,0,0,0,0,0,0,0,0,0,0,0,0,0,0,0,3,206,169,37,0,415,170,37,72,698,103,128,17,0,259,30,5,8,297,10,0,3,0,15,14,0,0,33,42,21,5,0,65,27,0,8,101,54,19,10,0,82,45,0,10,142,3,0,0,0,3,3,0,4,3,81,25,7,3,116,82,14,6,216,47,12,10,0,72,67,14,8,161,0,0,0,0,0,0,0,0,0,0,0,0,0,0,0,0,0,0,133,35,19,4,187,152,22,16,387,0,0,0,0,0,0,0,0,0,0,0,0,0,0,0,0,0,0,0,0,0,0
801061064,9,5,107,227,30,45,401,..,..,..,..,..,..,..,..,..,0,0,0,0,0,0,0,0,3,201,70,51,11,334,500,76,102,1005,0,0,0,0,0,0,0,0,0,0,0,0,0,0,0,0,0,0,0,0,0,0,0,0,0,0,0,0,0,0,0,0,0,0,0,0,0,0,0,0,0,0,0,0,5,477,438,128,15,1055,735,108,142,2035,251,366,66,4,684,126,17,21,849,14,12,5,0,36,36,4,3,75,50,27,10,4,91,81,13,9,187,63,33,18,4,126,110,14,13,266,65,17,9,4,97,96,9,36,236,114,32,25,6,181,210,30,43,466,171,67,30,3,269,290,54,24,633,0,0,0,0,0,0,0,0,0,0,0,0,0,0,0,0,0,0,354,119,65,11,548,596,95,104,1341,0,0,0,0,0,0,0,0,0,0,0,0,0,0,0,0,0,0,0,0,0,0
801061066,0,0,0,0,0,0,0,..,..,..,..,..,..,..,..,..,0,0,0,0,0,0,0,0,0,0,0,0,0,0,0,0,0,0,0,0,0,0,0,0,0,0,0,0,0,0,0,0,0,0,0,0,0,0,0,0,0,0,0,0,0,0,0,0,0,0,0,0,0,0,0,0,0,0,0,0,0,0,0,0,0,0,0,0,0,0,0,0,0,0,0,0,0,0,0,0,0,0,0,0,0,0,0,0,0,0,0,0,0,0,0,0,0,0,0,0,0,0,0,0,0,0,0,0,0,0,0,0,0,0,0,0,0,0,0,0,0,0,0,0,0,0,0,0,0,0,0,0,0,0,0,0,0,0,0,0,0,0,0,0,0,0,0,0,0,0,0,0,0,0,0,0,0,0,0,0,0,0,0,0,0,0,0,0,0,0,0,0,0,0,0,0,0,0,0,0,0,0,0,0
801061067,0,0,0,0,0,0,0,..,..,..,..,..,..,..,..,..,0,0,0,0,0,0,0,0,0,109,55,34,3,208,220,26,58,520,0,0,0,0,0,0,0,0,0,0,0,0,0,0,0,0,0,0,0,0,0,0,0,0,0,0,0,0,0,0,0,0,0,0,0,0,6,3,0,0,0,0,0,0,6,497,665,269,20,1446,681,88,175,2381,363,602,183,19,1165,426,78,70,1741,65,22,16,0,105,58,3,7,176,34,29,17,0,78,56,3,6,145,98,49,36,0,180,113,7,13,319,106,76,43,4,226,181,31,25,460,3,0,9,0,10,23,0,0,33,0,0,0,0,0,0,0,0,0,0,0,0,0,0,0,0,0,0,0,0,0,0,0,0,0,0,0,103,75,50,4,239,198,29,28,496,0,0,0,0,0,0,0,0,0,0,0,0,0,0,0,0,0,0,0,0,0,0
801061068,0,0,0,0,0,0,0,..,..,..,..,..,..,..,..,..,0,0,0,0,0,0,0,0,0,0,0,0,0,0,0,0,0,0,0,0,0,0,0,0,0,0,0,0,0,0,0,0,0,0,4,4,0,0,0,0,0,0,0,0,0,0,0,0,0,0,0,0,4,4,0,0,0,0,0,0,0,0,0,0,0,0,0,0,0,0,4,4,0,0,0,0,0,0,0,0,0,0,0,0,0,0,0,0,0,0,0,0,0,0,0,0,0,0,0,0,0,0,0,0,0,0,0,0,0,0,0,0,0,0,0,0,0,0,0,0,0,0,0,0,0,0,0,0,0,0,0,0,0,0,3,0,0,0,0,0,0,0,0,0,0,0,0,0,0,0,0,0,0,0,0,0,0,0,0,0,0,3,0,0,0,0,0,0,0,0,0,0,0,0,0,0,0,0,0,0,0,0,0,0
801061069,0,0,0,0,0,0,0,..,..,..,..,..,..,..,..,..,0,0,0,0,0,0,0,0,0,22,16,18,3,55,85,11,37,190,0,0,0,0,0,0,0,0,0,0,0,0,0,0,0,0,0,0,0,0,0,0,0,0,0,0,0,0,0,0,0,0,0,0,0,0,0,0,0,0,0,4,0,4,6,252,395,108,8,762,243,33,90,1125,218,390,58,9,673,113,23,23,822,5,0,0,0,4,3,0,0,12,8,25,3,0,41,15,6,0,66,9,23,8,0,43,19,6,0,76,22,20,8,0,54,48,10,6,118,4,5,4,0,11,17,0,4,32,0,0,0,0,0,0,0,0,0,0,0,0,0,0,0,0,0,0,0,0,0,0,0,0,0,0,0,29,22,13,0,69,62,11,15,148,0,0,0,0,0,0,0,0,0,0,0,0,0,0,0,0,0,0,0,0,0,0
801061070,0,0,9,10,0,0,20,..,..,..,..,..,..,..,..,..,0,0,0,0,0,0,0,0,0,26,6,5,0,33,34,4,5,70,0,0,0,0,0,0,0,0,0,0,0,0,0,0,0,0,0,0,0,0,0,0,0,0,0,0,0,0,0,0,0,0,0,0,0,0,0,0,0,0,0,0,0,0,5,405,324,87,3,820,281,24,68,1197,276,296,50,7,624,160,23,24,824,29,13,0,0,44,43,0,5,93,103,42,20,0,164,68,9,7,252,133,56,25,0,213,114,9,14,347,12,5,0,0,14,24,0,0,49,0,0,0,0,0,3,0,0,7,10,10,0,0,18,22,0,0,40,0,0,0,0,0,0,0,0,0,0,0,0,0,0,0,0,0,0,22,10,0,0,35,50,4,0,95,0,0,0,0,0,0,0,0,0,0,0,0,0,0,0,0,0,0,0,0,0,0
801061129,12,5,225,242,31,64,569,..,..,..,..,..,..,..,..,..,0,0,0,0,0,0,0,0,0,203,58,16,5,286,294,43,79,691,0,0,0,0,0,0,0,0,0,0,0,0,0,0,0,0,0,0,0,0,0,0,0,0,0,0,0,0,0,0,0,0,0,0,0,0,0,0,0,0,0,0,0,0,0,230,87,24,5,345,303,45,75,767,25,23,3,0,45,7,4,9,61,4,0,0,0,4,0,0,0,5,9,4,0,0,17,11,4,0,27,11,4,0,0,19,11,4,4,31,5,0,0,0,8,10,0,0,22,37,9,4,3,52,49,3,21,127,141,34,11,4,193,218,19,64,500,57,13,5,0,77,68,4,47,194,45,7,3,0,62,75,12,16,162,286,71,26,10,386,424,45,149,1004,0,0,0,0,0,0,0,0,0,0,0,0,0,0,0,0,0,0,0,0,0,0
801061130,0,0,0,0,0,0,0,..,..,..,..,..,..,..,..,..,0,0,0,0,0,0,0,0,0,0,0,0,0,0,0,0,0,0,0,0,0,0,0,0,0,0,0,0,0,0,0,0,0,0,0,0,0,0,0,0,0,0,0,0,0,0,0,0,0,0,0,0,0,0,0,0,0,0,0,0,0,0,0,0,0,5,0,5,0,0,0,9,3,0,0,0,7,6,0,8,18,0,0,0,0,0,0,0,0,0,0,0,0,0,0,0,0,0,0,0,0,0,0,0,0,0,0,0,0,0,0,0,0,0,0,0,0,0,0,0,0,0,0,0,0,0,0,0,0,0,0,0,0,0,0,0,0,0,0,0,0,0,0,0,0,0,0,0,0,0,0,0,0,0,0,0,0,0,0,0,0,0,0,0,0,0,0,0,0,0,0,0,0,0,0,0,0,0,0,0,0,0,0,0
801061131,34,5,560,569,106,182,1420,..,..,..,..,..,..,..,..,..,0,0,0,0,0,0,0,0,0,606,160,62,10,848,840,222,229,2138,0,0,0,0,0,0,0,0,0,0,0,0,0,0,0,0,0,0,0,0,0,0,0,0,0,0,0,0,0,0,0,0,0,0,0,0,4,0,0,0,4,0,0,0,4,685,221,94,18,1014,913,238,246,2409,26,25,22,0,70,20,0,13,106,4,4,3,0,11,11,0,4,19,72,41,11,6,126,58,10,20,216,76,48,17,6,132,66,10,23,236,21,6,6,0,34,26,3,0,69,212,91,55,7,364,285,87,35,770,695,178,105,4,983,1057,135,405,2587,0,0,0,0,0,0,0,0,0,0,0,0,0,0,0,0,0,0,920,282,160,16,1380,1374,224,444,3425,0,0,0,0,0,0,0,0,0,0,0,0,0,0,0,0,0,0,0,0,0,0
801071071,0,0,0,0,0,0,0,..,..,..,..,..,..,..,..,..,0,0,0,0,0,0,0,0,0,8,11,5,0,24,25,0,0,55,0,0,0,0,0,0,0,0,0,0,0,0,0,0,0,0,0,0,0,0,0,0,0,0,0,0,0,0,0,0,0,0,0,0,0,0,0,0,0,0,0,0,0,0,0,382,722,223,15,1349,306,28,61,1740,333,619,194,6,1160,232,12,17,1421,57,80,34,0,181,82,9,16,284,3,13,4,0,26,9,3,0,34,62,95,48,0,206,95,11,20,320,10,11,10,0,35,24,0,3,68,0,0,0,0,0,0,0,0,0,0,0,0,0,0,0,0,0,0,0,0,0,0,0,0,0,0,0,0,0,0,0,0,0,0,0,0,14,11,10,0,37,24,0,5,70,0,0,0,0,0,0,0,0,0,0,0,0,0,0,0,0,0,0,0,0,0,0
801071072,0,0,0,0,0,0,0,..,..,..,..,..,..,..,..,..,0,0,0,0,0,0,0,0,0,4,0,4,0,6,0,0,0,9,0,0,0,0,0,0,0,0,0,0,0,0,0,0,0,0,0,0,0,0,0,0,0,0,0,0,0,0,0,0,0,0,0,0,0,0,0,0,0,0,0,0,0,0,0,324,488,205,18,1035,332,50,36,1447,216,361,110,16,700,140,18,17,875,11,5,11,0,35,67,0,0,94,61,77,69,0,211,106,17,17,344,72,82,82,4,242,164,17,17,440,38,33,19,0,93,67,3,0,157,0,0,0,0,0,0,0,0,0,0,0,0,0,0,0,0,0,0,0,0,0,0,0,0,0,0,0,0,0,0,0,0,0,0,0,4,38,33,19,0,93,71,3,0,164,0,0,0,0,0,0,0,0,0,0,0,0,0,0,0,0,0,0,0,0,0,0
801071073,0,0,0,0,0,0,0,..,..,..,..,..,..,..,..,..,0,0,0,0,0,0,0,0,0,0,0,0,0,0,0,0,0,0,0,0,0,0,0,0,0,0,0,0,0,0,0,0,0,0,0,0,0,0,0,0,0,0,0,0,0,0,0,0,0,0,0,0,0,0,0,0,0,0,0,0,0,0,0,511,788,225,21,1536,357,34,82,2014,478,730,196,23,1426,290,38,33,1785,38,32,38,0,119,76,14,12,213,0,0,0,0,8,6,3,0,12,44,33,41,6,123,76,13,12,223,9,11,11,0,31,19,0,0,54,0,0,0,0,0,0,0,0,0,0,0,0,0,0,0,0,0,0,0,0,0,0,0,0,0,0,0,0,0,0,0,0,0,0,0,0,9,11,11,0,31,19,0,0,54,0,0,0,0,0,0,0,0,0,0,0,0,0,0,0,0,0,0,0,0,0,0
801071074,0,0,0,0,0,0,0,..,..,..,..,..,..,..,..,..,0,0,0,0,0,0,0,0,0,0,0,0,0,0,0,0,0,3,0,0,0,0,0,0,0,0,0,0,0,0,0,0,0,0,0,0,0,0,0,0,0,0,0,0,0,0,0,0,0,0,0,0,0,0,0,0,0,0,3,0,0,0,3,460,686,236,10,1393,351,51,69,1856,487,682,220,17,1399,347,38,35,1823,5,6,4,0,10,27,0,5,40,4,0,3,0,10,8,4,0,24,7,8,4,0,20,41,4,4,67,0,0,0,0,0,9,0,0,8,0,0,0,0,0,0,0,0,0,0,0,0,0,0,0,0,0,0,0,0,0,0,0,0,0,0,0,3,0,0,0,6,0,0,0,9,4,0,0,0,10,9,0,0,20,0,0,0,0,0,0,0,0,0,0,0,0,0,0,0,0,0,0,0,0,0,0
801071075,0,0,0,0,0,0,0,..,..,..,..,..,..,..,..,..,0,0,0,0,0,0,0,0,0,31,20,13,0,69,51,4,0,128,0,0,0,0,0,0,0,0,0,0,0,0,0,0,0,0,0,0,0,0,0,0,0,0,0,0,0,0,0,0,0,0,0,0,0,0,0,0,0,0,0,0,0,0,4,368,775,202,16,1365,290,24,79,1754,361,661,185,8,1224,173,16,27,1438,26,12,23,0,57,65,6,8,137,22,18,9,0,45,13,0,0,57,46,24,33,0,102,78,3,9,189,34,29,20,0,84,65,4,7,158,0,0,0,0,0,0,0,0,0,0,0,0,0,0,0,0,0,0,0,0,0,0,0,0,0,0,0,0,0,0,0,0,0,0,0,0,34,29,20,0,84,65,4,7,158,0,0,0,0,0,0,0,0,0,0,0,0,0,0,0,0,0,0,0,0,0,0
801071076,0,0,0,0,0,0,0,..,..,..,..,..,..,..,..,..,0,0,0,0,0,0,0,0,0,0,0,0,0,0,0,0,0,0,0,0,0,0,0,0,0,0,0,0,0,0,0,0,0,0,0,0,0,0,0,0,0,0,0,0,0,0,0,0,0,0,0,0,0,0,0,0,0,0,0,0,0,0,0,325,447,68,6,845,151,14,25,1030,332,456,81,8,872,119,14,10,1014,0,0,0,0,0,0,0,0,0,7,4,0,0,13,3,0,3,24,7,4,0,0,13,3,0,3,24,6,0,0,0,9,5,0,0,14,0,0,0,0,0,0,0,0,0,0,0,0,0,0,0,0,0,0,0,0,0,0,0,0,0,0,0,0,0,0,0,0,0,0,0,0,6,0,0,0,9,5,0,0,14,0,0,0,0,0,0,0,0,0,0,0,0,0,0,0,0,0,0,0,0,0,0
801071077,0,0,0,0,0,0,0,..,..,..,..,..,..,..,..,..,0,0,0,0,0,0,0,0,0,0,0,0,0,0,0,0,0,0,0,0,0,0,0,0,0,0,0,0,0,0,0,0,0,0,0,0,0,0,0,0,0,0,0,0,0,0,0,0,0,0,0,0,0,0,0,0,0,0,0,0,0,0,0,247,366,119,12,740,155,20,37,948,248,351,116,3,722,146,11,20,896,8,9,12,0,27,22,5,0,55,8,4,0,0,10,6,0,0,17,13,12,12,0,39,25,3,0,69,0,0,0,0,0,0,0,0,0,0,0,0,0,0,0,0,0,0,0,0,0,0,0,0,0,0,0,0,0,0,0,0,0,0,0,0,0,3,0,0,3,0,0,0,0,0,3,0,0,3,0,0,0,0,0,0,0,0,0,0,0,0,0,0,0,0,0,0,0,0,0,0,0,0,0,0
801071078,0,0,0,0,0,0,0,..,..,..,..,..,..,..,..,..,0,0,0,0,0,0,0,0,0,5,0,7,0,9,32,0,4,43,0,0,0,0,0,0,0,0,0,0,0,0,0,0,0,0,0,0,0,0,0,0,0,0,0,0,0,0,0,0,0,0,0,0,0,0,0,0,0,0,0,0,0,0,0,663,1009,382,35,2090,559,51,88,2793,540,906,231,17,1696,263,31,21,2005,176,119,139,4,434,308,12,23,776,17,20,16,0,52,34,10,6,100,196,132,157,8,485,336,19,24,872,3,4,0,0,7,32,0,5,40,0,0,0,0,0,0,0,0,0,0,0,0,0,0,0,0,0,0,0,0,0,0,0,0,0,0,0,0,0,0,0,0,0,0,0,0,3,4,0,0,7,32,0,5,40,0,0,0,0,0,0,0,0,0,0,0,0,0,0,0,0,0,0,0,0,0,0
801071079,0,0,0,0,0,0,0,..,..,..,..,..,..,..,..,..,0,0,0,0,0,0,0,0,0,0,0,0,0,0,0,0,0,0,0,0,0,0,0,0,0,0,0,0,0,0,0,0,0,0,0,0,0,0,0,0,0,0,0,0,0,0,0,0,0,0,0,0,0,0,0,0,0,0,0,0,0,0,0,307,411,146,12,874,163,14,37,1086,335,427,131,6,908,168,18,20,1113,0,0,0,0,0,0,0,0,0,0,0,5,0,8,9,0,3,9,0,0,5,0,8,6,0,3,9,0,0,0,0,0,0,0,0,0,0,0,0,0,0,0,0,0,0,0,0,0,0,0,0,0,0,0,0,0,0,0,0,0,0,0,0,0,0,0,0,0,0,0,0,0,0,0,0,0,0,0,0,0,0,0,0,0,0,0,0,0,0,0,0,0,0,0,0,0,0,0,0,0,0,0,0
801071080,13,5,111,113,13,30,267,..,..,..,..,..,..,..,..,..,0,0,0,0,0,0,0,0,0,105,63,27,4,193,159,21,40,417,0,0,0,0,0,0,0,0,0,0,0,0,0,0,0,0,0,0,0,0,0,0,0,0,0,0,0,0,0,0,0,0,0,0,0,0,0,0,0,0,0,0,0,0,0,245,159,87,8,502,318,51,53,925,25,11,0,0,35,19,0,0,54,98,43,54,5,195,136,10,14,359,111,81,50,4,248,90,25,7,366,207,121,104,8,444,231,39,14,727,57,32,17,0,110,38,8,0,160,42,17,12,3,73,73,8,13,167,140,51,42,3,237,295,17,37,591,119,40,30,8,196,255,13,16,475,0,0,0,0,0,0,0,0,0,355,144,103,10,616,663,45,64,1390,0,0,0,0,0,0,0,0,0,0,0,0,0,0,0,0,0,0,0,0,0,0
801071081,0,0,0,0,0,0,0,..,..,..,..,..,..,..,..,..,0,0,0,0,0,0,0,0,0,32,0,0,0,38,47,0,24,105,0,0,0,0,0,0,0,0,0,0,0,0,0,0,0,0,0,0,0,0,0,0,0,0,0,0,0,0,0,0,0,0,0,0,0,0,3,0,0,0,7,9,0,0,15,377,593,188,17,1173,347,34,86,1638,303,506,163,13,985,198,24,18,1228,93,62,45,4,208,177,11,5,404,0,0,0,0,0,0,0,0,0,93,62,45,4,208,177,11,5,404,0,0,0,0,0,0,0,0,0,0,0,0,0,0,0,0,0,0,0,0,0,0,0,0,0,0,0,0,0,0,0,0,0,0,0,0,0,0,0,0,0,0,0,0,4,0,0,0,0,0,0,0,0,4,0,0,0,0,0,0,0,0,0,0,0,0,0,0,0,0,0,0,0,0,0,0
801071082,0,0,0,0,0,0,0,..,..,..,..,..,..,..,..,..,0,0,0,0,4,4,0,0,8,12,4,8,0,25,68,0,12,106,0,0,0,0,0,0,0,0,0,0,0,0,0,0,0,0,0,0,0,0,0,0,3,0,0,0,3,0,0,0,0,3,0,0,0,3,0,0,0,0,0,5,0,0,4,1470,1855,680,57,4059,1202,139,246,5651,1460,1771,640,53,3921,921,105,150,5097,143,78,84,5,314,330,29,21,687,19,16,16,3,58,50,8,11,126,163,97,103,13,367,380,32,31,805,6,0,7,0,15,62,0,7,87,0,0,0,0,0,18,0,0,17,0,0,0,0,0,0,0,0,0,0,0,0,0,0,0,0,0,0,3,5,4,0,7,6,0,5,21,12,4,8,4,28,85,3,16,128,0,0,0,0,0,0,0,0,0,0,0,0,0,0,0,0,0,0,0,0,0,0
801071083,0,0,0,0,0,0,0,..,..,..,..,..,..,..,..,..,0,0,0,0,0,0,0,0,0,0,0,0,0,0,0,0,0,0,0,0,0,0,0,0,0,0,0,0,0,0,0,0,0,0,0,0,0,0,0,0,0,0,0,0,0,0,0,0,0,0,0,0,0,0,0,0,0,0,0,0,0,0,0,134,230,44,6,410,49,4,21,483,145,226,45,0,415,53,3,6,482,4,3,0,0,3,8,0,0,14,0,0,0,0,0,0,0,0,0,4,3,0,0,3,8,0,0,14,0,0,0,0,0,0,0,0,0,0,0,0,0,0,0,0,0,0,0,0,0,0,0,0,0,0,0,0,0,0,0,0,0,0,0,0,0,0,0,0,0,0,0,0,0,0,0,0,0,0,0,0,0,0,0,0,0,0,0,0,0,0,0,0,0,0,0,0,0,0,0,0,0,0,0,0
801071084,0,0,0,0,0,0,0,..,..,..,..,..,..,..,..,..,0,0,0,0,0,0,0,0,0,0,0,0,0,3,0,0,0,3,0,0,0,0,0,0,0,0,0,0,0,0,0,0,0,0,0,0,0,0,0,0,0,0,0,0,0,0,0,0,0,0,0,0,0,0,0,0,0,0,0,0,0,0,0,542,669,227,16,1455,502,45,74,2075,522,640,193,24,1378,420,31,40,1867,39,15,20,0,75,84,3,10,175,19,21,21,0,66,28,0,0,103,51,40,45,0,138,116,10,17,273,0,0,0,0,0,0,0,0,0,3,3,0,0,8,20,0,0,27,0,0,0,0,0,0,0,0,0,0,0,0,0,0,0,0,0,0,0,0,0,0,0,0,0,0,0,4,4,0,0,13,20,0,0,30,0,0,0,0,0,0,0,0,0,0,0,0,0,0,0,0,0,0,0,0,0,0
801071085,0,0,0,0,0,0,0,..,..,..,..,..,..,..,..,..,0,0,0,0,0,0,0,0,0,0,0,0,0,0,0,0,0,0,0,0,0,0,0,0,0,0,0,0,0,0,0,0,0,0,0,0,0,0,0,0,0,0,0,0,0,0,0,0,0,0,0,0,0,0,0,0,0,0,0,0,0,0,0,0,0,0,0,0,0,0,0,0,0,0,0,0,0,0,0,0,0,0,0,0,0,0,0,0,0,0,0,0,0,0,0,0,0,0,0,0,0,0,0,0,0,0,0,0,0,0,0,0,0,0,0,0,0,0,0,0,0,0,0,0,0,0,0,0,0,0,0,0,0,0,0,0,0,0,0,0,0,0,0,0,0,0,0,0,0,0,0,0,0,0,0,0,0,0,0,0,0,0,0,0,0,0,0,0,0,0,0,0,0,0,0,0,0,0,0,0,0,0,0,0
801071086,0,0,0,0,0,0,0,..,..,..,..,..,..,..,..,..,0,0,0,0,0,0,0,0,0,0,0,0,0,0,0,0,0,0,0,0,0,0,0,0,0,0,0,0,0,0,0,0,0,0,0,0,0,0,0,0,0,0,0,0,0,0,0,0,0,0,0,0,0,0,0,0,0,0,0,0,0,0,0,158,213,88,7,472,113,11,20,615,173,210,63,8,456,93,9,19,574,8,8,11,0,25,21,0,0,48,0,0,0,0,0,0,0,0,0,8,8,11,0,25,21,0,0,48,0,0,0,0,0,0,0,0,0,0,0,0,0,0,0,0,0,0,0,0,0,0,0,0,0,0,0,0,0,0,0,0,0,0,0,0,0,0,0,0,0,0,0,0,0,0,0,0,0,0,0,0,0,0,0,0,0,0,0,0,0,0,0,0,0,0,0,0,0,0,0,0,0,0,0,0
801071087,0,0,0,0,0,0,0,..,..,..,..,..,..,..,..,..,0,0,0,0,0,0,0,0,0,0,0,0,0,0,0,0,0,0,0,0,0,0,0,0,0,0,0,0,0,0,0,0,0,0,0,0,0,0,0,0,0,0,0,0,0,0,0,0,0,0,0,0,0,0,0,0,0,0,0,0,0,0,0,249,379,188,12,829,203,30,35,1097,258,359,170,20,804,236,21,36,1101,0,6,12,0,22,10,0,0,31,4,3,0,0,9,6,0,0,11,5,9,7,0,25,19,0,5,48,0,0,0,0,0,0,0,0,0,0,0,0,0,0,0,0,0,0,0,0,0,0,0,0,0,0,0,0,0,0,0,0,0,0,0,0,0,0,0,0,0,0,0,0,6,0,0,0,0,0,0,0,0,6,0,0,0,0,0,0,0,0,0,0,0,0,0,0,0,0,0,0,0,0,0,0
801071088,0,0,0,0,0,0,0,..,..,..,..,..,..,..,..,..,0,0,0,0,0,0,0,0,0,0,0,0,0,0,0,0,0,0,0,0,0,0,0,0,0,0,0,0,0,0,0,0,0,0,0,0,0,0,0,0,0,0,0,0,0,0,0,0,0,0,0,0,0,0,0,0,0,0,0,0,0,0,0,270,562,188,10,1027,249,19,38,1340,323,524,153,8,1011,210,29,21,1271,9,5,17,0,29,27,0,4,60,4,0,0,0,9,0,0,0,10,11,9,15,0,41,31,0,4,75,0,0,0,0,0,0,0,0,0,0,0,0,0,0,0,0,0,0,0,0,0,0,0,0,0,0,0,0,0,0,0,0,0,0,0,0,0,0,0,0,0,0,0,0,0,0,0,0,0,0,0,0,0,0,0,0,0,0,0,0,0,0,0,0,0,0,0,0,0,0,0,0,0,0,0,0
801071089,0,0,0,0,0,0,0,..,..,..,..,..,..,..,..,..,0,0,0,0,0,0,0,0,0,0,0,0,0,0,0,0,0,0,0,0,0,0,0,0,0,0,0,0,0,0,0,0,0,0,0,0,0,0,0,0,0,0,0,0,0,0,0,0,0,0,0,0,0,0,0,0,0,0,0,0,0,0,0,0,3,0,0,4,4,0,3,12,0,0,0,0,4,3,0,4,12,0,0,0,0,0,0,0,0,0,0,0,0,0,0,0,0,0,0,0,0,0,0,0,0,0,0,0,0,0,0,0,0,0,0,0,0,0,0,0,0,0,0,0,0,0,0,0,0,0,0,0,0,0,0,0,0,0,0,0,0,0,0,0,0,0,0,0,0,0,0,0,0,0,0,0,0,0,0,0,0,0,0,0,0,0,0,0,0,0,0,0,0,0,0,0,0,0,0,0,0,0,0,0
801071090,0,0,0,0,0,0,0,..,..,..,..,..,..,..,..,..,0,0,0,0,0,0,0,0,0,0,0,5,0,0,9,0,7,23,0,0,0,0,0,0,0,0,0,0,0,0,0,0,0,0,0,0,0,0,0,0,3,0,0,0,3,0,0,0,0,3,0,0,0,3,0,4,0,0,4,4,0,0,6,784,949,327,19,2083,597,65,101,2847,790,967,288,24,2066,481,56,65,2666,19,7,8,6,39,77,8,7,130,27,17,21,0,63,79,3,9,157,48,31,32,0,109,155,8,17,288,3,0,6,0,7,7,0,0,15,0,0,0,0,0,0,0,0,0,0,0,0,0,0,0,0,0,0,0,0,0,0,0,0,0,0,0,0,0,3,0,3,4,0,0,10,3,0,6,0,12,15,0,3,26,0,0,0,0,0,0,0,0,0,0,0,0,0,0,0,0,0,0,0,0,0,0
801071132,0,0,0,0,0,0,0,..,..,..,..,..,..,..,..,..,0,0,0,0,0,0,0,0,0,0,0,0,0,0,0,0,0,0,0,0,0,0,0,0,0,0,0,0,0,0,0,0,0,0,0,0,0,0,0,0,0,0,0,0,0,0,0,0,0,0,0,0,0,0,0,0,0,0,0,0,0,0,0,0,0,0,0,0,0,0,0,0,0,0,0,0,0,0,0,0,0,0,0,0,0,0,0,0,0,0,0,0,0,0,0,0,0,0,0,0,0,0,0,0,0,0,0,0,0,0,0,0,0,0,0,0,0,0,0,0,0,0,0,0,0,0,0,0,0,0,0,0,0,0,0,0,0,0,0,0,0,0,0,0,0,0,0,0,0,0,0,0,0,0,0,0,0,0,0,0,0,0,0,0,0,0,0,0,0,0,0,0,0,0,0,0,0,0,0,0,0,0,0,0
801081091,0,0,0,0,0,0,0,..,..,..,..,..,..,..,..,..,3,0,0,0,4,0,0,0,3,8,0,0,0,9,3,0,0,16,0,0,0,0,0,0,0,0,0,0,0,0,0,0,0,0,0,0,0,0,0,0,0,0,0,0,0,0,0,0,0,0,0,0,0,0,0,0,0,0,0,0,0,0,6,297,402,54,8,760,144,7,28,941,318,386,86,7,791,120,3,19,933,10,4,9,0,29,44,3,0,79,0,0,0,0,3,0,0,0,7,13,5,9,0,32,46,3,0,81,3,3,0,0,7,3,0,0,10,3,0,0,0,5,4,0,0,15,0,0,0,0,0,0,0,0,0,0,0,0,0,0,0,0,0,0,0,0,0,0,5,0,0,0,5,10,6,0,0,16,13,0,0,34,0,0,0,0,0,0,0,0,0,0,0,0,0,0,0,0,0,0,0,0,0,0
801081092,0,0,0,0,0,0,0,..,..,..,..,..,..,..,..,..,0,0,0,0,0,5,0,0,5,8,6,9,0,23,22,7,13,57,0,0,0,0,0,0,0,0,0,0,0,0,0,0,0,0,0,0,0,0,0,0,0,0,0,0,0,0,0,0,0,0,0,0,0,0,0,0,0,0,0,0,0,0,0,295,418,131,10,857,252,23,45,1182,312,443,120,5,878,181,20,22,1098,10,8,11,4,35,47,0,0,84,6,3,0,0,12,8,4,3,18,18,14,11,4,41,52,8,6,105,4,9,7,4,18,14,10,3,55,0,0,0,0,0,0,0,0,0,0,0,0,0,0,0,0,0,0,0,0,0,0,0,0,0,0,0,0,0,3,0,6,0,0,4,6,6,9,8,4,24,18,10,7,57,0,0,0,0,0,0,0,0,0,0,0,0,0,0,0,0,0,0,0,0,0,0
801081093,0,0,0,0,0,0,0,..,..,..,..,..,..,..,..,..,7,5,0,0,10,26,0,6,40,7,5,0,0,10,28,0,8,49,0,0,0,0,0,0,0,0,0,0,0,0,0,0,0,0,0,0,0,0,0,0,0,0,0,0,0,0,0,0,0,0,0,0,0,0,0,0,0,0,0,0,0,0,0,274,367,118,10,765,324,18,51,1163,259,401,103,11,773,201,23,32,1029,9,11,3,0,21,16,0,3,42,6,5,9,0,23,9,0,4,34,19,18,9,0,42,33,0,7,78,21,0,0,0,21,79,0,0,96,0,0,0,0,0,0,0,0,0,0,0,0,0,0,0,0,0,0,0,0,0,0,0,0,0,0,0,4,8,3,0,17,25,0,3,46,26,8,3,0,42,104,0,3,145,0,0,0,0,0,0,0,0,0,0,0,0,0,0,0,0,0,0,0,0,0,0
801081094,0,0,0,0,0,0,0,..,..,..,..,..,..,..,..,..,0,0,0,0,0,0,0,0,3,8,16,6,0,19,40,0,4,71,0,0,0,0,0,0,0,0,0,0,0,0,0,0,0,0,0,0,0,8,3,0,11,3,0,0,16,0,8,3,0,11,3,0,0,16,0,0,0,0,0,0,0,0,0,316,312,109,6,732,267,20,32,1043,251,304,95,3,664,138,12,18,832,49,26,22,5,97,86,5,9,202,0,4,0,0,3,8,6,5,18,49,23,19,5,101,99,10,11,225,12,6,6,0,26,31,4,3,62,0,0,0,0,0,0,0,0,0,0,0,0,0,0,0,0,0,0,0,0,0,0,0,0,0,0,0,0,0,0,0,0,6,0,0,7,17,6,6,0,30,33,4,5,66,0,0,0,0,0,0,0,0,0,0,0,0,0,0,0,0,0,0,0,0,0,0
801081095,0,0,0,0,0,0,0,..,..,..,..,..,..,..,..,..,0,0,0,0,0,0,0,3,3,0,0,0,0,0,0,0,3,9,0,0,0,0,0,0,0,0,0,0,0,0,0,0,0,0,0,0,0,0,0,0,0,0,0,0,0,0,0,0,0,0,0,0,0,0,0,0,0,0,0,0,0,0,0,316,366,161,8,854,316,35,65,1271,315,396,141,9,859,227,22,36,1145,28,3,14,0,46,97,4,5,151,0,3,7,0,14,9,0,0,25,30,7,21,4,61,106,4,9,170,0,0,0,0,0,0,0,0,0,0,0,0,0,0,0,0,0,0,0,0,0,0,0,0,0,0,0,0,0,0,0,0,0,0,0,0,0,0,0,0,4,0,0,0,3,0,0,0,0,4,0,0,0,3,0,0,0,0,0,0,0,0,0,0,0,0,0,0,0,0,0,0,0,0,0,0
801081096,0,0,0,0,0,0,0,..,..,..,..,..,..,..,..,..,0,0,0,0,0,0,0,0,6,0,0,0,0,0,6,0,0,3,0,0,0,0,0,0,0,0,0,0,0,0,0,0,0,0,0,0,0,0,0,0,0,0,0,0,0,0,0,0,0,0,0,0,0,0,0,0,0,0,0,0,0,0,0,226,237,81,9,552,160,14,38,770,194,239,73,6,507,110,15,18,656,18,20,6,0,52,75,4,4,134,0,0,0,0,3,0,0,0,3,18,20,12,0,53,74,4,4,135,0,0,0,0,0,0,0,0,0,0,0,0,0,0,0,0,0,0,0,0,0,0,0,0,0,0,0,0,0,0,0,0,0,0,0,0,0,0,0,0,0,3,0,0,7,0,0,0,0,0,3,0,0,7,0,0,0,0,0,0,0,0,0,0,0,0,0,0,0,0,0,0,0,0,0,0
801081097,0,0,0,0,0,0,0,..,..,..,..,..,..,..,..,..,4,4,0,0,3,15,0,0,18,8,4,0,0,9,19,0,4,26,0,0,0,0,0,0,0,0,0,0,0,0,0,0,0,0,0,0,0,0,0,0,0,0,0,0,0,0,0,0,0,0,0,0,0,0,0,0,0,0,0,0,0,0,0,257,326,94,7,686,313,22,43,1070,227,323,89,5,645,165,23,29,862,19,13,7,3,36,104,8,11,160,18,9,18,0,43,24,0,4,67,33,19,20,3,81,123,3,15,223,0,0,0,0,0,0,0,0,0,0,0,0,0,0,0,0,0,0,0,0,0,0,0,0,0,0,0,0,0,0,0,0,0,0,0,0,5,9,0,0,12,14,0,3,37,5,9,0,0,12,14,0,3,37,0,0,0,0,0,0,0,0,0,0,0,0,0,0,0,0,0,0,0,0,0,0
801081098,0,0,0,0,0,0,0,..,..,..,..,..,..,..,..,..,0,0,0,0,0,3,0,0,7,4,0,4,0,11,7,0,0,14,0,0,0,0,0,0,0,0,0,0,0,0,0,0,0,0,0,0,0,0,0,0,0,0,0,0,0,0,0,0,0,0,0,0,0,0,0,0,0,0,6,0,0,0,3,370,423,121,9,925,328,35,60,1338,326,431,103,9,871,194,27,35,1123,50,23,10,6,79,66,0,3,154,29,25,26,0,83,62,11,12,162,72,48,38,5,162,129,12,14,326,7,0,3,0,11,55,4,0,65,0,0,0,0,0,0,0,0,0,0,0,0,0,0,0,0,0,0,0,0,0,0,0,0,0,0,0,0,0,0,0,0,5,0,0,4,7,3,3,0,12,53,5,4,72,0,0,0,0,0,0,0,0,0,0,0,0,0,0,0,0,0,0,0,0,0,0
801081133,0,0,0,0,0,0,0,..,..,..,..,..,..,..,..,..,0,0,0,0,0,0,0,0,0,0,0,0,0,0,0,0,0,0,0,0,0,0,0,0,0,0,0,0,0,0,0,0,0,0,0,0,0,0,0,0,0,0,0,0,0,0,0,0,0,0,0,0,0,0,0,0,0,0,0,0,0,0,0,0,0,0,0,0,0,0,0,0,0,0,0,0,0,0,0,0,3,0,0,0,0,0,0,0,0,0,0,0,0,0,0,0,0,0,0,0,0,0,0,0,0,0,0,0,0,0,0,0,0,0,0,0,0,0,0,0,0,0,0,0,0,0,0,0,0,0,0,0,0,0,0,0,0,0,0,0,0,0,0,0,0,0,0,0,0,0,0,0,0,0,0,0,0,0,0,0,0,0,0,0,0,0,0,0,0,0,0,0,0,0,0,0,0,0,0,0,0,0,0,0
801091099,0,0,0,0,0,0,0,..,..,..,..,..,..,..,..,..,0,0,0,0,0,0,0,0,0,9,13,5,0,29,31,3,10,80,0,0,0,0,0,0,0,0,0,0,0,0,0,0,0,0,0,0,0,0,0,0,0,0,0,0,0,0,0,0,0,0,0,0,0,0,0,0,0,0,0,0,0,0,0,249,279,105,17,645,297,36,43,1026,192,254,72,9,524,167,31,21,741,21,14,5,5,43,36,9,0,85,51,26,10,6,91,97,10,9,202,72,38,12,7,133,137,11,5,291,3,0,0,0,3,3,4,0,8,9,9,0,3,23,19,6,0,48,0,0,0,0,0,0,0,0,0,0,0,0,0,0,0,0,0,0,0,0,0,0,0,0,0,0,4,12,11,0,3,24,27,9,6,63,0,0,0,0,0,0,0,0,0,0,0,0,0,0,0,0,0,0,0,0,0,0
801091100,0,0,0,0,0,0,0,..,..,..,..,..,..,..,..,..,3,0,0,0,5,6,0,0,9,50,36,11,4,101,90,14,11,216,0,0,0,0,0,0,0,0,0,0,0,0,0,0,0,0,0,0,0,0,0,0,0,0,0,0,0,0,0,0,0,0,0,0,0,0,0,0,0,0,0,0,0,0,0,493,692,163,21,1379,450,54,81,1971,473,686,157,10,1327,332,32,47,1738,11,8,7,0,25,26,3,5,62,5,12,4,0,28,11,3,3,42,21,21,6,0,51,41,4,6,104,4,0,0,0,5,14,0,0,23,58,30,14,5,106,86,12,9,206,0,0,0,0,0,0,0,0,0,0,0,0,0,0,0,0,0,0,3,0,0,0,11,4,0,0,14,66,34,15,5,119,103,12,10,240,0,0,0,0,0,0,0,0,0,0,0,0,0,0,0,0,0,0,0,0,0,0
801091101,0,0,0,0,0,0,0,..,..,..,..,..,..,..,..,..,5,0,0,0,5,0,0,0,3,14,0,0,0,13,38,0,0,54,0,0,0,0,0,0,0,0,0,0,0,0,0,0,0,0,0,0,0,0,0,0,0,0,0,0,0,0,0,0,0,0,0,0,0,0,0,0,0,0,0,0,0,0,0,327,451,112,11,898,223,16,28,1169,285,457,86,11,840,145,20,21,1028,12,5,3,0,25,38,0,8,71,32,30,20,0,75,62,7,6,143,48,35,22,0,107,97,3,8,220,0,0,0,0,0,0,0,0,0,4,0,0,0,4,11,0,10,24,53,0,0,0,54,80,0,10,146,0,0,0,0,0,0,0,0,0,0,0,0,0,0,0,0,0,4,61,0,0,0,65,93,0,20,172,0,0,0,0,0,0,0,0,0,0,0,0,0,0,0,0,0,0,0,0,0,0
801091102,0,0,0,0,0,0,0,..,..,..,..,..,..,..,..,..,0,0,0,0,0,3,0,0,6,44,55,20,3,116,77,17,18,226,0,0,0,0,0,0,0,0,0,0,0,0,0,0,0,0,0,0,0,0,0,0,0,0,0,0,0,0,0,0,0,0,0,0,0,0,0,0,0,0,0,0,0,0,4,295,456,75,9,836,295,42,61,1227,222,351,60,9,630,119,13,16,783,9,4,9,0,17,22,0,0,46,61,84,27,0,171,64,9,5,248,62,87,34,0,184,90,9,5,290,17,19,3,0,39,49,3,6,96,27,32,12,4,71,37,0,6,116,0,0,0,0,0,0,0,0,0,0,0,0,0,0,0,0,0,0,0,0,0,0,0,4,0,0,4,43,52,14,4,111,95,3,9,216,0,0,0,0,0,0,0,0,0,0,0,0,0,0,0,0,0,0,0,0,0,0
801091103,0,0,0,0,0,0,0,..,..,..,..,..,..,..,..,..,0,0,0,0,0,0,0,0,3,17,12,8,0,36,96,6,20,162,0,0,0,0,0,0,0,0,0,0,0,0,0,0,0,0,0,0,0,0,0,0,0,0,0,0,0,0,0,0,0,0,0,0,0,0,0,0,0,0,4,0,0,0,4,254,362,96,5,722,285,26,80,1113,214,374,75,7,670,151,12,16,850,18,3,0,0,29,23,0,0,49,20,26,13,0,63,26,8,0,108,41,33,21,0,91,45,8,4,156,10,7,6,0,27,30,3,0,64,12,0,5,4,26,56,0,5,87,0,0,0,0,0,0,0,0,0,0,0,0,0,0,0,0,0,0,0,0,0,0,0,3,0,0,3,26,10,13,4,53,88,4,6,152,0,0,0,0,0,0,0,0,0,0,0,0,0,0,0,0,0,0,0,0,0,0
801091104,0,0,0,0,0,0,0,..,..,..,..,..,..,..,..,..,0,0,0,0,0,0,0,0,0,0,0,0,0,0,0,0,0,0,0,0,0,0,0,0,0,0,0,0,0,0,0,0,0,0,0,0,0,0,0,0,0,0,0,0,0,0,0,0,0,0,0,0,0,0,0,0,0,0,0,0,0,0,0,290,311,73,3,685,186,11,23,898,277,246,63,5,600,149,17,15,774,34,35,13,4,89,39,4,0,140,9,6,0,0,12,4,0,0,20,42,42,20,4,105,40,4,0,150,0,0,0,0,0,0,0,0,0,0,0,0,0,0,0,0,0,0,0,0,0,0,0,0,0,0,0,0,0,0,0,0,0,0,0,0,0,0,0,0,0,0,0,0,0,0,0,0,0,0,0,0,0,0,0,0,0,0,0,0,0,0,0,0,0,0,0,0,0,0,0,0,0,0,0,0
801091105,0,0,72,55,9,10,148,..,..,..,..,..,..,..,..,..,0,0,0,0,5,0,0,0,3,143,34,3,0,180,226,22,73,501,0,0,0,0,0,0,0,0,0,0,0,0,0,0,0,0,0,0,0,0,0,0,0,0,0,0,0,0,0,0,0,0,0,0,0,0,0,0,0,0,0,4,0,0,4,337,285,109,10,740,475,51,138,1409,149,268,90,8,516,153,30,22,717,19,13,5,0,37,42,7,7,92,59,36,9,4,107,66,10,6,195,79,48,15,4,145,108,14,18,285,27,17,6,0,47,48,0,6,98,33,13,3,0,48,72,3,4,133,32,0,0,0,31,42,0,0,73,16,8,0,0,31,47,4,9,85,0,0,0,0,4,4,0,0,9,106,41,10,3,161,207,13,13,390,0,0,0,0,0,0,0,0,0,0,0,0,0,0,0,0,0,0,0,0,0,0
801091106,10,4,91,87,11,19,205,..,..,..,..,..,..,..,..,..,0,0,0,0,0,0,0,0,0,58,45,17,4,124,127,17,26,287,0,0,0,0,0,0,0,0,0,0,0,0,0,0,0,0,0,0,0,0,0,0,0,0,0,0,3,0,0,0,0,0,0,0,0,3,0,0,0,0,6,3,0,0,4,358,375,104,11,851,411,50,56,1360,241,264,73,3,575,151,20,16,764,36,37,11,4,87,80,0,6,170,58,40,28,0,127,61,4,7,204,96,71,42,4,215,139,10,10,374,0,0,0,0,0,0,0,0,0,16,15,8,5,44,33,3,11,79,50,22,6,9,95,83,14,10,205,0,0,0,0,0,0,0,0,0,0,0,0,0,0,0,0,0,3,69,39,11,8,134,118,18,21,289,0,0,0,0,0,0,0,0,0,0,0,0,0,0,0,0,0,0,0,0,0,0
801091107,0,0,0,0,0,0,0,..,..,..,..,..,..,..,..,..,0,0,0,0,0,0,0,0,0,0,0,0,0,0,0,0,0,0,0,0,0,0,0,0,0,0,0,0,0,0,0,0,0,0,0,0,0,0,0,0,0,0,0,0,0,0,0,0,0,0,0,0,0,0,0,0,0,0,0,0,0,0,0,114,136,19,0,263,39,0,24,327,114,125,17,0,263,41,4,9,314,0,0,0,0,0,0,0,0,0,0,0,0,0,0,0,0,0,0,0,0,0,0,5,0,0,0,5,0,0,0,0,0,0,0,0,0,0,0,0,0,0,0,0,0,0,0,0,0,0,0,0,0,0,0,0,0,0,0,0,0,0,0,0,0,0,0,0,0,0,0,0,0,0,0,0,0,0,0,0,0,0,0,0,0,0,0,0,0,0,0,0,0,0,0,0,0,0,0,0,0,0,0,0
801091108,0,0,0,0,0,0,0,..,..,..,..,..,..,..,..,..,0,0,0,0,0,0,0,0,0,6,8,0,0,16,18,5,5,41,0,0,0,0,0,0,0,0,0,0,0,0,0,0,0,0,0,0,0,0,0,0,0,0,0,0,0,0,0,0,0,0,0,0,0,0,0,0,0,0,0,3,0,0,3,249,313,85,10,663,303,22,54,1041,171,296,56,3,537,115,13,14,674,71,27,31,0,124,147,10,16,298,17,10,7,0,33,29,0,0,70,88,33,38,0,158,179,9,15,367,0,0,0,0,3,6,0,0,10,6,5,0,0,16,14,0,0,31,0,0,0,0,0,0,0,0,0,0,0,0,0,0,0,0,0,0,0,0,0,0,0,0,0,0,0,11,8,0,0,23,20,0,0,47,0,0,0,0,0,0,0,0,0,0,0,0,0,0,0,0,0,0,0,0,0,0
801091109,6,0,65,53,7,24,155,..,..,..,..,..,..,..,..,..,0,0,0,0,0,0,0,0,0,200,104,27,6,339,287,52,69,742,0,0,0,0,0,0,0,0,0,0,0,0,0,0,0,0,3,3,0,0,0,0,0,0,0,0,0,0,0,0,0,0,0,0,3,3,0,0,0,0,0,0,0,0,0,351,235,80,14,672,641,90,157,1567,0,0,0,0,3,0,0,0,3,24,18,11,3,58,49,4,4,111,176,136,50,11,380,339,33,38,785,207,153,62,10,439,387,37,41,903,19,12,3,0,32,13,3,0,51,171,97,36,5,309,266,42,18,631,120,47,21,9,190,169,15,12,388,210,76,40,9,339,319,60,52,762,0,0,0,0,0,0,0,0,0,516,229,100,21,869,768,116,79,1835,0,0,0,0,0,0,0,0,0,0,0,0,0,0,0,0,4,4,0,0,0,0
801091110,0,0,0,0,0,0,0,..,..,..,..,..,..,..,..,..,0,0,0,0,0,0,0,0,0,3,0,5,0,6,4,0,6,18,0,0,0,0,0,0,0,0,0,0,0,0,0,0,0,0,0,0,0,0,0,0,0,0,0,0,0,0,0,0,0,0,0,0,0,0,0,0,0,0,0,0,0,0,0,195,311,69,13,590,180,27,24,817,183,306,72,4,573,132,23,21,748,15,12,4,0,34,26,0,0,66,3,9,8,0,19,21,4,0,42,15,26,9,0,53,48,4,0,109,3,0,3,0,13,10,0,0,21,0,0,0,0,0,0,0,0,0,0,0,0,0,0,0,0,0,0,0,0,0,0,0,0,0,0,0,0,0,0,0,0,0,0,0,0,3,0,3,0,13,10,0,0,21,0,0,0,0,0,0,0,0,0,0,0,0,0,0,0,0,0,0,0,0,0,0
801101134,0,0,0,0,0,0,0,..,..,..,..,..,..,..,..,..,0,0,0,0,0,0,0,0,0,0,0,0,0,0,0,0,0,0,0,0,0,0,0,0,0,0,0,0,0,0,0,0,0,0,0,0,0,0,0,0,0,0,0,0,0,0,0,0,0,0,0,0,0,0,0,0,0,0,0,0,0,0,0,0,0,0,0,0,0,0,0,0,0,0,0,0,0,0,0,0,0,0,0,0,0,0,0,0,0,0,0,0,0,0,0,0,0,0,0,0,0,0,0,0,0,0,0,0,0,0,0,0,0,0,0,0,0,0,0,0,0,0,0,0,0,0,0,0,0,0,0,0,0,0,0,0,0,0,0,0,0,0,0,0,0,0,0,0,0,0,0,0,0,0,0,0,0,0,0,0,0,0,0,0,0,0,0,0,0,0,0,0,0,0,0,0,0,0,0,0,0,0,0,0
801101135,0,0,0,0,0,0,3,..,..,..,..,..,..,..,..,..,0,0,0,0,0,0,0,0,0,4,8,0,0,15,30,0,9,51,0,0,0,0,0,0,0,0,0,0,0,0,0,0,0,0,0,0,0,0,0,0,0,0,0,0,0,0,0,0,0,0,0,0,0,0,0,0,0,0,0,0,0,0,4,163,258,47,6,479,121,15,43,668,124,388,53,0,561,66,17,12,657,7,11,19,0,41,13,5,3,59,133,165,59,9,368,126,46,13,557,138,175,82,9,409,140,50,22,619,9,19,23,0,46,20,4,10,80,74,57,16,8,156,59,19,8,243,42,30,10,4,83,51,6,4,143,11,3,0,0,11,13,4,0,33,0,0,0,0,0,0,0,0,0,129,112,56,8,303,147,31,23,501,0,0,0,0,0,0,0,0,0,0,0,0,0,0,0,0,0,0,0,0,0,0
801101136,0,0,0,0,0,0,0,..,..,..,..,..,..,..,..,..,0,0,0,0,0,0,0,0,0,0,0,0,0,0,0,0,0,0,0,0,0,0,0,0,0,0,0,0,0,0,0,0,0,0,0,0,0,0,0,0,0,0,0,0,0,0,0,0,0,0,0,0,0,0,0,0,0,0,0,0,0,0,0,0,0,0,0,0,0,0,0,0,84,338,28,0,449,20,3,4,480,3,9,14,0,26,11,0,0,32,69,46,24,6,145,54,11,11,224,77,52,38,5,172,63,11,12,258,0,0,0,0,0,0,0,0,0,15,0,0,0,18,9,0,5,29,68,35,12,4,117,93,10,9,228,0,0,0,0,0,0,0,0,0,0,0,0,0,0,0,0,0,3,83,37,15,4,136,101,11,13,265,0,0,0,0,0,0,0,0,0,0,0,0,0,0,0,0,0,0,0,0,0,0
801101137,0,0,0,0,0,0,0,..,..,..,..,..,..,..,..,..,0,0,0,0,0,0,0,0,0,0,0,0,0,0,0,0,0,0,0,0,0,0,0,0,0,0,0,0,0,0,0,0,0,0,0,0,0,0,0,0,0,0,0,0,0,0,0,0,0,0,0,0,0,0,0,0,0,0,0,0,0,0,0,0,0,0,0,0,0,0,0,0,0,0,0,0,0,0,0,0,0,0,0,0,0,0,0,0,0,0,0,0,0,0,0,0,0,0,0,0,0,0,0,0,0,0,0,0,0,0,0,0,0,0,0,0,0,0,0,0,0,0,0,0,0,0,0,0,0,0,0,0,0,0,0,0,0,0,0,0,0,0,0,0,0,0,0,0,0,0,0,0,0,0,0,0,0,0,0,0,0,0,0,0,0,0,0,0,0,0,0,0,0,0,0,0,0,0,0,0,0,0,0,0
801101139,20,7,189,164,35,59,452,..,..,..,..,..,..,..,..,..,0,0,0,0,0,0,0,0,0,165,63,22,11,262,232,46,79,618,0,0,0,0,0,0,0,0,0,0,0,0,0,0,0,0,0,0,0,0,0,0,0,0,0,0,0,0,0,0,0,0,0,0,0,0,0,0,0,0,0,0,0,0,0,309,318,64,20,715,298,73,116,1202,127,352,54,4,532,35,19,10,594,5,0,0,0,9,0,0,0,7,47,28,20,0,94,37,11,9,154,52,28,22,0,102,37,11,9,158,5,0,0,0,4,11,0,4,18,24,8,3,0,34,42,5,10,90,175,88,41,7,314,272,62,29,681,0,0,0,0,0,0,0,0,0,0,0,0,0,0,0,0,0,0,198,98,47,9,356,324,65,40,783,0,0,0,0,0,0,0,0,0,0,0,0,0,0,0,0,0,0,0,0,0,0
801101145,0,0,0,0,0,0,0,..,..,..,..,..,..,..,..,..,0,0,0,0,0,0,0,0,0,0,0,0,0,0,0,0,0,0,0,0,0,0,0,0,0,0,0,0,0,0,0,0,0,0,0,0,0,0,0,0,0,0,0,0,0,0,0,0,0,0,0,0,0,0,0,0,0,0,0,0,0,0,0,0,0,0,0,0,0,0,0,0,0,0,0,0,0,0,0,0,0,0,0,0,0,0,0,0,0,0,0,0,0,0,0,0,0,0,0,0,0,0,0,0,0,0,0,0,0,0,0,0,0,0,0,0,0,0,0,0,0,0,0,0,0,0,0,0,0,0,0,0,0,0,0,0,0,0,0,0,0,0,0,0,0,0,0,0,0,0,0,0,0,0,0,0,0,0,0,0,0,0,0,0,0,0,0,0,0,0,0,0,0,0,0,0,0,0,0,0,0,0,0,0
801101146,0,0,0,0,0,0,0,..,..,..,..,..,..,..,..,..,0,0,0,0,0,0,0,0,0,0,0,0,0,0,0,0,0,0,0,0,0,0,0,0,0,0,0,0,0,0,0,0,0,0,0,0,0,0,0,0,0,0,0,0,0,0,0,0,0,0,0,0,0,0,0,0,0,0,0,0,0,0,0,0,0,0,0,0,0,0,0,3,0,0,0,0,0,0,0,0,0,0,0,0,0,0,0,0,0,0,0,0,0,0,0,0,0,0,0,0,0,0,0,0,0,0,0,0,0,0,0,0,0,0,0,0,0,0,0,0,0,0,0,0,0,0,0,0,0,0,0,0,0,0,0,0,0,0,0,0,0,0,0,0,0,0,0,0,0,0,0,0,0,0,0,0,0,0,0,0,0,0,0,0,0,0,0,0,0,0,0,0,0,0,0,0,0,0,0,0,0,0,0,0
801111140,0,0,0,0,0,0,0,..,..,..,..,..,..,..,..,..,0,0,0,0,0,0,0,0,0,0,0,0,0,0,0,0,3,3,0,0,0,0,0,0,0,0,0,0,0,0,0,0,0,0,4,4,0,0,0,0,0,0,0,0,0,0,0,0,0,0,0,0,4,9,0,0,0,0,0,0,0,0,0,46,71,14,0,126,23,5,21,173,52,68,16,0,139,20,0,13,175,0,0,0,0,0,0,0,0,0,0,0,0,0,0,0,0,0,0,0,0,0,0,0,0,0,0,0,0,0,0,0,0,0,0,0,0,0,0,0,0,0,0,0,0,0,0,0,0,0,0,0,0,0,0,0,0,0,0,0,0,0,0,0,0,0,0,0,0,0,0,0,0,0,0,0,0,0,0,0,0,0,0,0,0,0,0,0,0,0,0,0,0,0,0,0,0,0,0,0,0,0,0,0
801111141,0,0,0,0,0,0,0,..,..,..,..,..,..,..,..,..,0,0,0,0,0,0,0,0,0,0,0,0,0,0,0,0,0,0,0,0,0,0,0,0,0,0,0,0,0,0,0,0,0,0,0,0,0,0,0,0,0,0,0,0,0,0,0,0,0,0,0,0,0,0,0,0,0,0,0,0,0,0,0,7,0,0,0,8,6,0,0,16,7,9,6,0,13,0,0,4,25,0,0,0,0,0,0,0,0,0,0,0,0,0,0,0,0,0,0,0,0,0,0,0,0,0,0,0,0,0,0,0,0,0,0,0,0,0,0,0,0,0,0,0,0,0,0,0,0,0,0,0,0,0,0,0,0,0,0,0,0,0,0,0,0,0,0,0,0,0,0,0,0,0,0,0,0,0,0,0,0,0,0,0,0,0,0,0,0,0,0,0,0,0,0,0,0,0,0,0,0,0,0,0
897979799,0,0,0,0,0,0,0,..,..,..,..,..,..,..,..,..,0,0,0,0,0,0,0,0,0,0,0,0,0,0,0,0,0,0,0,0,0,0,0,0,0,0,0,0,0,0,0,0,0,0,0,0,0,0,0,0,0,0,0,0,0,0,0,0,0,0,0,0,0,0,0,0,0,0,0,0,0,0,0,0,0,0,0,0,0,0,0,0,0,0,0,0,0,0,0,0,0,0,0,0,0,0,0,0,0,0,0,0,0,0,0,0,0,0,0,0,0,0,0,0,0,0,0,0,0,0,0,0,0,0,0,0,0,0,0,0,0,0,0,0,0,0,0,0,0,0,0,0,0,0,0,0,0,0,0,0,0,0,0,0,0,0,0,0,0,0,0,0,0,0,0,0,0,0,0,0,0,0,0,0,0,0,0,0,0,0,0,0,0,0,0,0,0,0,0,0,0,0,0,0
899999499,0,0,0,0,0,0,0,..,..,..,..,..,..,..,..,..,0,0,0,0,0,0,0,0,0,0,0,0,0,0,0,0,0,0,0,0,0,0,0,0,0,0,0,0,0,0,0,0,0,0,0,0,0,0,0,0,0,0,0,0,0,0,0,0,0,0,0,0,0,0,0,0,0,0,0,0,0,0,0,0,0,0,0,0,0,0,0,0,0,0,0,0,0,0,0,0,0,0,0,0,0,0,0,0,0,0,0,0,0,0,0,0,0,0,0,0,0,0,0,0,0,0,0,0,0,0,0,0,0,0,0,0,0,0,0,0,0,0,0,0,0,0,0,0,0,0,0,0,0,0,0,0,0,0,0,0,0,0,0,0,0,0,0,0,0,0,0,0,0,0,0,0,0,0,0,0,0,0,0,0,0,0,0,0,0,0,0,0,0,0,0,0,0,0,0,0,0,0,0,0
