SA2_CODE_2021,C16_SH_3b_NPFH_4,C16_SH_3b_NPFH_5,C16_SH_3b_NPFH_6_mor,C16_SH_3b_Tot,C16_SH_4mb_NPFH_2,C16_SH_4mb_NPFH_3,C16_SH_4mb_NPFH_4,C16_SH_4mb_NPFH_5,C16_SH_4mb_NPFH_6_mor,C16_SH_4mb_Tot,C16_SH_NB_NS_NPFH_2,C16_SH_NB_NS_NPFH_3,C16_SH_NB_NS_NPFH_4,C16_SH_NB_NS_NPFH_5,C16_SH_NB_NS_NPFH_6_mor,C16_SH_NB_NS_Tot,C16_SH_Tot_NPFH_2,C16_SH_Tot_NPFH_3,C16_SH_Tot_NPFH_4,C16_SH_Tot_NPFH_5,C16_SH_Tot_NPFH_6_mor,C16_SH_Tot_Tot,C16_SDRTHT_0b_s_a_b_NPFH_2,C16_SDRTHT_0b_s_a_b_NPFH_3,C16_SDRTHT_0b_s_a_b_NPFH_4,C16_SDRTHT_0b_s_a_b_NPFH_5,C16_SDRTHT_0b_s_a_b_NPFH_6mor,C16_SDRTHT_0b_s_a_b_Tot,C16_SDRTHT_1b_NPFH_2,C16_SDRTHT_1b_NPFH_3,C16_SDRTHT_1b_NPFH_4,C16_SDRTHT_1b_NPFH_5,C16_SDRTHT_1b_NPFH_6_mor,C16_SDRTHT_1b_Tot,C16_SDRTHT_2b_NPFH_2,C16_SDRTHT_2b_NPFH_3,C16_SDRTHT_2b_NPFH_4,C16_SDRTHT_2b_NPFH_5,C16_SDRTHT_2b_NPFH_6_mor,C16_SDRTHT_2b_Tot,C16_SDRTHT_3b_NPFH_2,C16_SDRTHT_3b_NPFH_3,C16_SDRTHT_3b_NPFH_4,C16_SDRTHT_3b_NPFH_5,C16_SDRTHT_3b_NPFH_6_mor,C16_SDRTHT_3b_Tot,C16_SDRTHT_4mb_NPFH_2,C16_SDRTHT_4mb_NPFH_3,C16_SDRTHT_4mb_NPFH_4,C16_SDRTHT_4mb_NPFH_5,C16_SDRTHT_4mb_NPFH_6_mor,C16_SDRTHT_4mb_Tot,C16_SDRTHT_NB_NS_NPFH_2,C16_SDRTHT_NB_NS_NPFH_3,C16_SDRTHT_NB_NS_NPFH_4,C16_SDRTHT_NB_NS_NPFH_5,C16_SDRTHT_NB_NS_NPFH_6_mor,C16_SDRTHT_NB_NS_Tot,C16_SDRTHT_Tot_NPFH_2,C16_SDRTHT_Tot_NPFH_3,C16_SDRTHT_Tot_NPFH_4,C16_SDRTHT_Tot_NPFH_5,C16_SDRTHT_Tot_NPFH_6_mor,C16_SDRTHT_Tot_Tot,C16_F_a_0b_s_a_b_NPFH_2,C16_F_a_0b_s_a_b_NPFH_3,C16_F_a_0b_s_a_b_NPFH_4,C16_F_a_0b_s_a_b_NPFH_5,C16_F_a_0b_s_a_b_NPFH_6_mor,C16_F_a_0b_s_a_b_Tot,C16_F_a_1b_NPFH_2,C16_F_a_1b_NPFH_3,C16_F_a_1b_NPFH_4,C16_F_a_1b_NPFH_5,C16_F_a_1b_NPFH_6_mor,C16_F_a_1b_Tot,C16_F_a_2b_NPFH_2,C16_F_a_2b_NPFH_3,C16_F_a_2b_NPFH_4,C16_F_a_2b_NPFH_5,C16_F_a_2b_NPFH_6_mor,C16_F_a_2b_Tot,C16_F_a_3b_NPFH_2,C16_F_a_3b_NPFH_3,C16_F_a_3b_NPFH_4,C16_F_a_3b_NPFH_5,C16_F_a_3b_NPFH_6_mor,C16_F_a_3b_Tot,C16_F_a_4mb_NPFH_2,C16_F_a_4mb_NPFH_3,C16_F_a_4mb_NPFH_4,C16_F_a_4mb_NPFH_5,C16_F_a_4mb_NPFH_6_mor,C16_F_a_4mb_Tot,C16_F_a_NB_NS_NPFH_2,C16_F_a_NB_NS_NPFH_3,C16_F_a_NB_NS_NPFH_4,C16_F_a_NB_NS_NPFH_5,C16_F_a_NB_NS_NPFH_6_mor,C16_F_a_NB_NS_Tot,C16_F_a_Tot_NPFH_2,C16_F_a_Tot_NPFH_3,C16_F_a_Tot_NPFH_4,C16_F_a_Tot_NPFH_5,C16_F_a_Tot_NPFH_6_mor,C16_F_a_Tot_Tot,C16_OD_0b_s_a_b_NPFH_2,C16_OD_0b_s_a_b_NPFH_3,C16_OD_0b_s_a_b_NPFH_4,C16_OD_0b_s_a_b_NPFH_5,C16_OD_0b_s_a_b_NPFH_6_mor,C16_OD_0b_s_a_b_Tot,C16_OD_1b_NPFH_2,C16_OD_1b_NPFH_3,C16_OD_1b_NPFH_4,C16_OD_1b_NPFH_5,C16_OD_1b_NPFH_6_mor,C16_OD_1b_Tot,C16_OD_2b_NPFH_2,C16_OD_2b_NPFH_3,C16_OD_2b_NPFH_4,C16_OD_2b_NPFH_5,C16_OD_2b_NPFH_6_mor,C16_OD_2b_Tot,C16_OD_3b_NPFH_2,C16_OD_3b_NPFH_3,C16_OD_3b_NPFH_4,C16_OD_3b_NPFH_5,C16_OD_3b_NPFH_6_mor,C16_OD_3b_Tot,C16_OD_4mb_NPFH_2,C16_OD_4mb_NPFH_3,C16_OD_4mb_NPFH_4,C16_OD_4mb_NPFH_5,C16_OD_4mb_NPFH_6_mor,C16_OD_4mb_Tot,C16_OD_NB_NS_NPFH_2,C16_OD_NB_NS_NPFH_3,C16_OD_NB_NS_NPFH_4,C16_OD_NB_NS_NPFH_5,C16_OD_NB_NS_NPFH_6_mor,C16_OD_NB_NS_Tot,C16_OD_Tot_NPFH_2,C16_OD_Tot_NPFH_3,C16_OD_Tot_NPFH_4,C16_OD_Tot_NPFH_5,C16_OD_Tot_NPFH_6_mor,C16_OD_Tot_Tot,C16_DS_NS_NPFH_2,C16_DS_NS_NPFH_3,C16_DS_NS_NPFH_4,C16_DS_NS_NPFH_5,C16_DS_NS_NPFH_6_mor,C16_DS_NS_Tot,C16_Tot_NPFH_2,C16_Tot_NPFH_3,C16_Tot_NPFH_4,C16_Tot_NPFH_5,C16_Tot_NPFH_6_mor,C16_Tot_Tot,C21_SH_0b_s_a_b_NPFH_2,C21_SH_0b_s_a_b_NPFH_3,C21_SH_0b_s_a_b_NPFH_4,C21_SH_0b_s_a_b_NPFH_5,C21_SH_0b_s_a_b_NPFH_6_mor,C21_SH_0b_s_a_b_Tot,C21_SH_1b_NPFH_2,C21_SH_1b_NPFH_3,C21_SH_1b_NPFH_4,C21_SH_1b_NPFH_5,C21_SH_1b_NPFH_6_mor,C21_SH_1b_Tot,C21_SH_2b_NPFH_2,C21_SH_2b_NPFH_3,C21_SH_2b_NPFH_4,C21_SH_2b_NPFH_5,C21_SH_2b_NPFH_6_mor,C21_SH_2b_Tot,C21_SH_3b_NPFH_2,C21_SH_3b_NPFH_3,C21_SH_3b_NPFH_4,C21_SH_3b_NPFH_5,C21_SH_3b_NPFH_6_mor,C21_SH_3b_Tot,C21_SH_4mb_NPFH_2,C21_SH_4mb_NPFH_3,C21_SH_4mb_NPFH_4,C21_SH_4mb_NPFH_5,C21_SH_4mb_NPFH_6_mor,C21_SH_4mb_Tot,C21_SH_NB_NS_NPFH_2,C21_SH_NB_NS_NPFH_3,C21_SH_NB_NS_NPFH_4,C21_SH_NB_NS_NPFH_5,C21_SH_NB_NS_NPFH_6_mor,C21_SH_NB_NS_Tot,C21_SH_Tot_NPFH_2,C21_SH_Tot_NPFH_3,C21_SH_Tot_NPFH_4,C21_SH_Tot_NPFH_5
801011001,54,11,4,202,125,80,106,40,11,365,3,0,0,0,0,11,225,122,161,58,14,584,0,0,0,0,0,0,0,0,0,0,0,0,10,3,4,0,0,15,12,3,0,0,0,26,0,4,0,0,0,4,0,0,0,0,0,0,24,9,5,4,0,43,0,0,0,0,0,0,3,0,0,0,0,3,5,0,0,0,0,5,0,0,0,0,0,6,0,0,0,0,0,0,0,0,0,0,0,0,8,0,0,0,0,9,0,0,0,0,0,0,0,0,0,0,0,0,0,0,0,0,0,0,0,0,0,0,0,0,0,0,0,0,0,0,0,0,0,0,0,0,0,0,0,0,0,0,0,0,0,0,0,0,255,134,169,59,17,639,0,0,0,0,0,0,0,3,0,0,0,0,14,0,0,0,0,14,98,44,43,13,0,192,142,83,136,52,14,419,0,0,0,0,0,0,249,125,172,66
801011002,0,0,0,10,0,0,0,0,0,0,0,0,0,0,0,0,4,5,0,0,0,8,0,0,0,0,0,0,0,0,0,0,0,4,135,43,20,6,3,200,88,64,51,12,11,221,3,8,8,3,0,22,3,0,5,0,0,12,234,118,81,14,13,454,0,0,0,0,0,0,245,40,9,0,0,294,299,120,32,5,0,459,43,31,14,3,0,96,0,0,0,0,0,0,5,0,5,0,0,12,594,202,51,9,4,867,0,0,0,0,0,0,0,0,0,0,0,0,0,0,0,0,0,0,0,0,0,0,0,0,0,0,0,0,0,0,0,0,0,0,0,0,0,0,0,0,0,0,0,0,0,0,0,0,838,317,140,25,10,1329,0,0,0,0,0,0,0,0,0,0,0,0,5,0,0,0,0,5,3,0,0,0,0,3,0,0,0,0,0,0,0,0,0,0,0,0,4,0,0,0
801011003,11,7,5,81,106,58,100,35,20,318,0,0,0,0,0,0,157,71,111,33,22,400,0,0,0,0,0,0,17,3,0,0,0,17,71,10,6,0,0,93,179,93,43,15,0,337,55,35,38,11,6,140,4,0,0,0,0,7,329,146,88,25,10,596,0,0,0,0,0,0,159,17,0,0,0,176,117,41,10,6,0,167,7,12,6,0,0,27,0,0,0,0,0,3,3,0,0,0,0,3,280,73,18,4,0,371,0,0,0,0,0,0,0,0,0,0,0,0,0,0,0,0,0,0,0,0,0,0,0,0,0,0,0,0,0,0,0,0,0,0,0,0,0,0,0,0,0,0,0,0,0,0,0,0,768,288,218,63,37,1369,0,0,0,0,0,0,0,0,0,0,0,0,3,0,3,0,0,6,51,21,11,5,0,88,132,79,100,36,21,374,0,0,0,0,0,4,184,100,117,42
801011004,97,36,16,489,46,44,45,23,22,176,3,3,0,0,0,14,292,182,146,56,35,712,0,0,0,0,0,0,0,0,0,0,0,0,7,3,0,0,0,10,17,8,10,0,0,39,0,0,0,0,0,6,0,0,0,0,0,3,25,13,10,3,0,53,0,0,0,0,0,0,0,0,0,0,0,0,0,0,0,0,0,0,0,0,0,0,0,0,0,0,0,0,0,0,0,0,0,0,0,0,0,0,0,0,0,0,0,0,0,0,0,0,0,0,0,0,0,0,0,0,0,0,0,0,0,0,0,0,0,0,0,0,0,0,0,0,0,0,0,0,0,0,0,0,0,0,0,0,0,0,0,0,0,0,318,191,159,58,35,766,0,0,0,0,0,0,0,0,0,0,0,0,14,10,5,0,0,29,211,139,109,40,13,506,52,49,50,22,18,191,0,0,0,0,0,4,284,196,161,62
801011005,43,13,8,235,101,49,71,27,6,255,4,0,0,0,0,4,227,122,119,40,14,527,0,0,0,0,0,0,0,0,0,0,0,0,67,14,10,0,0,89,66,19,25,5,0,113,10,4,4,0,0,10,0,0,0,0,0,0,145,33,36,4,0,217,0,0,0,0,0,0,5,0,0,0,0,5,5,0,0,0,0,8,0,0,0,0,0,0,0,0,0,0,0,0,0,0,0,0,0,0,9,0,0,0,0,9,0,0,0,0,0,0,0,0,0,0,0,0,0,0,0,0,0,0,0,0,0,0,0,0,0,0,0,0,0,0,0,0,0,0,0,0,0,0,0,0,0,0,0,0,0,0,0,4,380,157,158,45,13,752,0,0,0,0,0,0,0,0,0,0,0,0,15,5,7,0,0,22,121,63,46,5,8,237,115,70,82,30,10,304,0,0,0,0,0,0,248,134,127,42
801011006,137,45,9,613,258,251,375,156,85,1116,6,0,0,0,0,9,543,405,515,203,99,1769,0,0,0,0,0,0,0,0,0,0,0,0,18,0,0,0,0,14,41,18,16,3,4,85,10,4,5,3,0,26,0,0,0,0,0,0,67,25,27,11,4,132,0,0,0,0,0,0,0,0,0,0,0,0,9,4,0,0,0,10,0,0,0,0,0,0,0,0,0,0,0,0,0,0,0,0,0,0,9,4,0,0,0,13,0,0,0,0,0,0,0,0,0,0,0,0,0,0,0,0,0,0,0,0,0,0,0,0,0,0,0,0,0,0,0,0,0,0,0,0,0,0,0,0,0,0,0,0,0,0,0,0,619,433,542,212,103,1911,0,0,0,0,0,0,0,0,0,0,0,0,13,3,0,0,0,21,263,166,142,52,15,632,321,258,364,163,82,1189,6,0,0,3,0,8,604,431,507,218
801011007,136,38,4,642,241,124,205,78,41,697,4,0,0,0,0,11,583,296,349,121,46,1391,0,0,0,0,0,0,0,0,0,0,0,0,0,0,0,0,0,0,9,5,0,0,0,21,0,0,0,0,0,0,0,0,0,0,0,0,9,5,0,0,0,25,0,0,0,0,0,0,0,0,0,0,0,0,3,0,0,0,0,4,0,0,0,0,0,4,0,0,0,0,0,0,0,0,0,0,0,0,9,0,0,0,0,11,0,0,0,0,0,0,0,0,0,0,0,0,0,0,0,0,0,0,0,0,0,0,0,0,0,0,0,0,0,3,0,0,0,0,0,0,0,0,0,0,0,3,0,0,0,0,0,0,598,306,349,122,46,1427,0,0,0,0,0,0,3,0,0,0,0,10,33,9,3,0,0,51,311,167,153,35,6,675,255,169,230,95,37,780,9,0,0,0,0,11,616,347,387,130
801011008,86,41,12,452,203,122,136,70,28,560,6,7,4,0,0,13,454,235,233,104,36,1061,0,0,0,0,0,0,0,0,0,0,0,0,51,17,8,0,0,80,59,31,31,7,3,125,0,0,7,0,0,9,4,0,0,0,0,4,113,52,39,11,10,224,0,0,0,0,0,0,0,0,0,0,0,0,0,0,0,0,0,0,0,0,0,0,0,0,0,0,0,0,0,0,0,0,0,0,0,0,3,0,0,0,0,3,0,0,0,0,0,0,0,0,0,0,0,0,0,0,0,0,0,0,0,0,0,0,0,0,0,0,0,0,0,0,0,0,0,0,0,0,0,0,0,0,0,0,4,0,0,0,0,4,569,288,276,119,45,1295,0,0,0,0,0,0,0,0,0,0,0,0,26,8,0,0,0,35,203,113,82,30,7,439,240,120,136,68,40,599,0,0,0,0,0,3,470,244,224,95
801011009,75,22,4,330,187,118,155,59,34,545,3,0,0,0,0,9,350,202,228,79,40,907,0,0,0,0,0,0,0,0,0,0,0,0,0,0,0,0,0,0,10,3,0,0,0,15,3,0,0,0,0,4,0,0,0,0,0,0,9,5,0,0,0,19,0,0,0,0,0,0,0,0,0,0,0,0,0,0,0,0,0,0,0,0,0,0,0,0,0,0,0,0,0,0,0,0,0,0,0,0,0,0,0,0,0,3,0,0,0,0,0,0,0,0,0,0,0,0,0,0,0,0,0,0,0,0,0,0,0,0,0,0,0,0,0,0,0,0,0,0,0,0,0,0,0,0,0,0,0,0,0,0,0,0,367,208,236,79,40,930,0,0,0,0,0,0,3,0,0,0,0,6,12,0,0,0,0,11,163,72,66,20,9,326,186,125,181,88,41,616,0,0,0,0,0,3,358,198,241,104
801011010,44,8,3,195,119,69,87,46,14,322,4,0,3,0,0,9,215,120,137,51,18,539,0,0,0,0,0,0,0,0,0,0,0,0,0,0,0,0,0,0,6,7,0,0,0,9,0,0,0,0,0,5,0,0,0,0,0,0,3,7,0,0,0,15,0,0,0,0,0,0,0,0,0,0,0,0,0,3,0,0,0,3,0,0,0,0,0,0,0,0,0,0,0,0,0,0,0,0,0,0,0,3,0,0,0,4,0,0,0,0,0,0,0,0,0,0,0,0,0,0,0,0,0,0,0,0,0,0,0,0,0,0,0,0,0,0,0,0,0,0,0,0,0,0,0,0,0,0,0,0,0,0,0,0,226,131,132,55,18,563,0,0,0,0,0,0,0,0,0,0,0,0,4,0,0,0,0,5,84,39,47,12,0,186,142,74,100,51,25,388,0,0,0,0,0,0,231,117,143,64
801011011,89,18,8,396,131,96,100,66,21,416,5,0,3,0,0,11,325,196,192,90,35,834,0,0,0,0,0,0,0,0,0,0,0,0,3,0,0,0,0,6,6,5,6,0,0,11,5,0,3,0,0,4,0,0,0,0,0,0,17,4,7,0,0,31,0,0,0,0,0,0,3,0,0,0,0,3,0,0,0,0,0,0,0,0,0,0,0,4,0,0,0,0,0,0,0,0,0,0,0,0,3,0,0,3,0,6,0,0,0,0,0,0,0,0,0,0,0,0,0,0,0,0,0,0,0,0,0,0,0,0,0,0,0,0,0,0,0,0,0,0,0,0,0,0,0,0,0,0,0,0,0,0,0,0,344,201,199,94,38,871,0,0,0,0,0,0,3,0,0,0,0,3,12,4,0,0,0,12,174,93,96,32,3,402,161,106,120,59,22,460,0,0,0,0,0,0,343,203,214,92
801011012,0,0,0,0,0,0,0,0,0,0,0,0,0,0,0,0,0,0,0,0,0,0,0,0,0,0,0,0,0,0,0,0,0,0,0,0,0,0,0,0,0,0,0,0,0,0,0,0,0,0,0,0,0,0,0,0,0,0,0,0,0,0,0,0,0,0,0,0,0,0,0,0,0,0,0,0,0,0,0,0,0,0,0,0,0,0,0,0,0,0,0,0,0,0,0,0,0,0,0,0,0,0,0,0,0,0,0,0,0,0,0,0,0,0,0,0,0,0,0,0,0,0,0,0,0,0,0,0,0,0,0,0,0,0,0,0,0,0,0,0,0,0,0,0,0,0,0,0,0,0,0,0,0,0,0,0,0,0,0,0,0,0,0,0,0,0,0,0,0,0,0,0,0,0,0,0,0,0,0,0,0,0,0,0,0,0,0,0,0,0,0,0,0,0,0,0,0,0,0,0
801011013,34,3,0,136,178,75,137,46,24,457,3,0,0,0,0,10,265,103,171,51,27,617,0,0,0,0,0,0,0,0,0,0,0,0,17,4,4,0,0,21,38,10,5,3,5,60,0,0,0,0,0,5,0,0,0,0,0,0,50,17,11,3,4,81,0,0,0,0,0,0,4,0,0,0,0,4,36,14,10,8,0,73,7,10,11,0,0,32,0,0,0,0,0,0,0,0,0,0,0,0,50,23,21,5,4,103,0,0,0,0,0,0,0,0,0,0,0,0,0,0,0,0,0,0,0,0,0,0,0,0,0,0,0,0,0,0,0,0,0,0,0,0,0,0,0,0,0,0,0,0,0,0,0,0,369,140,198,64,29,801,0,0,0,0,0,0,0,5,0,0,0,3,9,0,0,0,0,11,88,28,19,3,4,146,191,95,130,52,21,486,0,0,0,0,0,0,285,127,150,54
801011014,95,29,5,441,99,58,88,41,22,312,9,0,0,0,0,9,328,168,183,73,36,778,0,0,0,0,0,0,0,0,0,0,0,3,5,3,0,0,0,7,0,4,0,0,0,6,0,0,0,0,0,0,0,0,0,0,0,0,8,7,0,0,0,18,0,0,0,0,0,0,3,0,0,0,0,3,0,0,0,0,0,5,3,0,0,0,0,3,0,0,0,0,0,0,0,0,0,0,0,0,7,0,0,0,0,11,0,0,0,0,0,0,0,0,0,0,0,0,0,0,0,0,0,0,0,0,0,0,0,0,0,0,0,0,0,0,0,0,0,0,0,0,0,0,0,0,0,0,0,0,0,0,0,0,343,171,186,73,36,806,0,0,0,0,0,0,7,0,0,0,0,10,35,9,0,0,0,47,219,95,102,32,9,457,134,79,97,45,26,381,0,0,0,0,0,3,397,187,199,79
801011015,100,30,7,490,101,67,72,39,20,305,3,3,0,0,0,11,339,181,185,74,31,811,0,0,0,0,0,0,0,3,0,0,0,3,60,19,5,0,0,90,102,45,30,7,0,190,5,0,0,0,0,9,4,0,0,0,0,5,176,71,37,7,0,296,0,0,0,0,0,0,16,0,0,0,0,16,24,8,6,0,0,48,0,5,0,0,0,3,0,0,0,0,0,0,0,0,0,0,0,0,40,16,6,0,0,66,0,0,0,0,0,0,0,0,0,0,0,0,0,0,0,0,0,0,0,0,0,0,0,0,0,0,0,0,0,0,0,0,0,0,0,0,0,0,0,0,0,0,0,0,0,0,0,0,555,270,227,86,34,1171,0,0,0,0,0,0,0,0,0,0,0,0,11,0,0,0,0,19,281,141,111,38,10,572,131,98,122,51,37,441,3,5,0,0,0,11,426,253,240,88
801011016,163,41,11,761,372,209,242,119,65,1018,14,7,4,0,5,26,747,420,409,163,78,1829,0,0,0,0,0,0,4,0,0,0,0,4,9,0,0,0,0,8,14,13,5,0,0,32,0,0,0,0,0,6,0,0,0,0,0,0,25,14,7,0,0,47,0,0,0,0,0,0,0,0,0,0,0,0,0,0,0,0,0,3,6,3,3,0,0,11,0,0,0,0,0,5,0,0,0,0,0,0,3,3,3,0,0,17,0,0,0,0,0,0,0,0,0,0,0,0,0,0,0,0,0,0,0,0,0,0,0,0,0,0,0,0,0,0,0,0,0,0,0,0,0,0,0,0,0,0,0,0,0,0,0,0,786,437,425,166,81,1898,0,0,0,0,0,0,5,0,5,0,0,10,9,4,0,0,0,19,356,173,165,44,12,755,418,225,282,123,66,1129,7,3,3,0,0,7,796,412,453,172
801011017,108,33,13,459,172,71,101,59,29,431,6,0,3,6,0,14,375,195,216,94,39,924,0,0,0,0,0,0,0,0,0,0,0,0,11,9,6,0,0,27,8,5,4,0,0,18,0,0,0,0,3,0,0,0,0,0,0,0,21,16,8,0,3,46,0,0,0,0,0,0,0,0,0,0,0,0,4,0,0,0,0,4,0,0,0,0,0,0,0,0,0,0,0,0,0,0,0,0,0,0,4,0,0,0,0,4,0,0,0,0,0,0,0,0,0,0,0,0,0,0,0,0,0,0,0,0,0,0,0,0,0,0,0,0,0,0,0,0,0,0,0,0,0,0,0,0,0,0,0,0,0,0,0,0,399,214,217,91,44,972,0,0,0,0,0,0,3,0,0,0,0,3,13,6,0,0,0,20,191,142,87,14,10,450,178,81,131,47,31,465,7,0,0,0,0,7,382,227,225,62
801011018,5,0,0,14,3,5,8,0,4,21,0,0,0,0,0,0,7,6,12,0,3,35,0,0,0,0,0,0,0,0,0,0,0,0,0,0,0,0,0,0,0,0,0,0,0,0,0,0,0,0,0,0,0,0,0,0,0,0,0,0,0,0,0,0,0,0,0,0,0,0,0,0,0,0,0,0,0,0,0,0,0,0,0,0,0,0,0,0,0,0,0,0,0,0,0,0,0,0,0,0,0,0,0,0,0,0,0,0,0,0,0,0,0,0,0,0,0,0,0,0,0,0,0,0,0,0,0,0,0,0,0,0,0,0,0,0,0,0,0,0,0,0,0,0,0,0,0,0,0,0,0,0,0,0,11,6,12,0,3,34,0,0,0,0,0,0,0,0,0,0,0,0,5,0,0,0,0,5,7,7,7,4,0,28,19,31,40,18,15,121,0,0,0,0,0,0,29,42,52,15
801011019,231,52,20,940,189,142,175,92,40,636,4,3,0,0,0,15,577,419,407,150,57,1610,0,0,0,0,0,0,0,0,0,0,0,0,34,11,4,3,0,53,79,55,45,13,4,199,0,3,0,0,0,10,6,0,0,0,0,4,118,73,55,14,3,262,0,0,0,0,0,0,0,0,0,0,0,0,0,0,0,0,0,0,0,0,0,0,0,0,0,0,0,0,0,0,0,0,0,0,0,0,0,0,0,0,0,3,0,0,0,0,0,0,0,0,0,0,0,0,0,0,0,0,0,0,0,0,0,0,0,0,0,0,0,0,0,0,0,0,0,0,0,0,0,0,0,0,0,0,0,0,0,0,0,4,700,494,460,166,61,1877,0,0,0,0,0,5,0,0,0,0,0,0,6,4,0,0,0,15,430,294,277,68,28,1090,206,137,209,101,51,701,5,0,0,0,0,7,648,438,488,166
801011020,59,10,7,287,58,43,68,29,19,220,3,0,0,0,0,3,209,135,128,42,28,543,0,0,0,0,0,0,0,0,0,0,0,0,11,6,0,0,0,13,7,15,4,0,0,34,0,5,5,0,0,3,0,0,0,0,0,0,22,18,4,0,0,51,0,0,0,0,0,0,24,7,0,0,0,30,8,4,0,0,0,16,14,7,7,0,0,24,0,0,0,0,0,0,0,0,0,0,0,0,52,14,3,0,0,75,0,0,0,0,0,0,0,0,0,0,0,0,0,0,0,0,0,0,0,0,0,0,0,0,0,0,0,0,0,0,0,0,0,0,0,0,0,0,0,0,0,0,0,0,0,0,0,0,286,174,141,41,29,669,0,0,0,0,0,0,5,0,0,0,0,4,26,6,3,0,0,33,135,70,50,8,6,273,78,52,64,32,9,241,3,0,0,0,0,5,238,128,123,42
801011021,29,12,6,210,190,78,128,68,31,501,0,0,0,0,0,5,302,139,157,73,42,723,0,0,0,0,0,0,0,0,0,0,0,0,0,0,0,0,0,0,14,5,0,0,0,24,0,0,0,0,0,6,0,0,0,0,0,0,17,7,6,0,0,28,0,0,0,0,0,0,0,0,0,0,0,0,0,0,0,0,0,0,0,0,0,0,0,0,0,0,0,0,0,0,0,0,0,0,0,0,0,0,0,0,0,0,0,0,0,0,0,0,0,0,0,0,0,0,0,0,0,0,0,0,0,0,0,0,0,0,0,0,0,0,0,0,0,0,0,0,0,0,0,0,0,0,0,0,0,0,0,0,0,0,317,150,158,73,42,748,0,0,0,0,0,0,0,0,0,0,0,0,4,3,0,0,0,10,105,48,30,14,3,200,223,99,128,53,30,530,0,0,4,0,0,3,326,151,157,68
801011022,56,12,0,264,185,74,119,64,37,471,0,4,0,0,0,5,312,149,169,76,38,753,0,0,0,0,0,0,0,0,0,0,0,0,21,15,0,0,0,36,29,6,5,0,0,37,0,0,0,0,0,0,0,0,0,0,0,0,50,20,3,0,0,72,0,0,0,0,0,0,0,0,0,0,0,0,7,0,0,0,0,7,0,0,0,0,0,6,0,0,0,0,0,0,0,0,0,0,0,0,8,0,0,0,0,15,0,0,0,0,0,0,0,0,0,0,0,0,0,0,0,0,0,0,0,0,0,0,0,0,0,0,0,0,0,0,0,0,0,0,0,0,0,0,0,0,0,4,0,0,0,0,0,0,368,178,178,80,36,838,0,0,0,0,0,0,0,0,0,0,0,0,7,0,0,0,0,7,107,64,70,14,0,257,187,83,153,71,39,533,0,0,0,0,0,0,302,151,218,89
801011023,57,18,3,291,60,33,49,25,18,187,8,0,3,0,0,10,224,128,113,45,25,535,0,0,0,0,0,0,0,0,0,0,0,0,56,5,0,0,0,60,39,13,14,6,0,75,0,0,0,0,0,0,0,0,0,0,0,0,93,22,14,6,0,138,0,0,0,0,0,0,0,0,0,0,0,4,12,0,0,0,0,11,3,5,0,0,0,6,0,0,0,0,0,0,0,0,0,0,0,0,10,3,3,0,0,22,0,0,0,0,0,0,0,0,0,0,0,0,0,0,0,0,0,0,0,0,0,0,0,0,0,0,0,0,0,0,0,0,0,0,0,0,0,0,0,0,0,0,0,0,0,0,0,0,328,147,131,54,25,687,0,0,0,0,0,0,8,0,0,0,0,8,13,17,9,0,0,46,141,84,69,9,8,312,57,33,78,35,13,206,0,0,0,0,0,5,225,133,152,39
801011024,70,10,9,330,72,38,68,34,23,239,3,0,0,0,0,12,244,139,146,53,33,614,0,0,0,0,0,0,0,0,0,0,0,0,11,11,3,0,0,23,20,16,14,0,4,58,5,0,0,0,0,7,0,0,0,0,0,0,36,26,17,5,6,85,0,0,0,0,0,0,7,0,0,0,0,9,10,7,6,0,0,16,0,0,0,0,0,0,0,0,0,0,0,0,0,0,0,0,0,0,16,6,6,0,0,27,0,0,0,0,0,0,0,0,0,0,0,0,0,0,0,0,0,0,0,0,0,0,0,0,0,0,0,0,0,0,0,0,0,0,0,0,0,0,0,0,0,0,0,0,0,0,0,0,296,176,166,53,33,721,0,0,0,0,0,0,4,4,3,0,0,4,25,3,7,4,0,38,155,102,79,19,7,360,71,58,82,33,23,263,0,0,0,0,0,4,255,167,170,61
801011025,75,9,0,300,125,66,104,39,31,357,0,0,0,0,0,9,275,131,180,51,30,664,0,0,0,0,0,0,0,0,0,0,0,0,7,0,0,0,0,12,3,3,4,0,0,16,0,0,0,0,0,0,0,0,0,0,0,0,15,10,3,0,0,27,0,0,0,0,0,0,0,0,0,0,0,0,0,0,0,0,0,0,0,0,0,0,0,0,0,0,0,0,0,0,0,0,0,0,0,0,0,0,0,0,0,0,0,0,0,0,0,0,0,0,0,0,0,0,0,0,0,0,0,0,0,0,0,0,0,0,0,0,0,0,0,0,0,0,0,0,0,0,0,0,0,0,0,0,0,0,0,0,0,0,295,140,187,51,32,697,0,0,0,0,0,0,0,0,0,0,0,0,0,0,0,0,0,0,150,54,66,12,9,290,125,76,96,60,24,379,0,0,0,0,0,0,278,134,165,70
801011026,27,3,0,128,175,91,149,74,28,517,4,4,0,0,0,3,255,119,178,76,34,660,0,0,0,0,0,0,0,0,0,0,0,0,3,0,0,0,0,3,5,0,0,0,0,11,4,0,0,0,0,3,0,0,0,0,0,0,10,3,6,0,0,20,0,0,0,0,0,0,0,0,0,0,0,0,4,0,0,0,0,4,0,0,0,0,0,4,0,0,0,0,0,0,0,0,0,0,0,0,6,0,0,0,0,11,0,0,0,0,0,0,0,0,0,0,0,0,0,0,0,0,0,0,0,0,0,0,0,0,0,0,0,0,0,0,0,0,0,0,0,0,0,0,0,0,0,0,0,0,0,0,0,0,277,124,184,83,34,692,0,0,0,0,0,0,3,6,0,0,0,6,4,8,0,0,0,12,60,17,18,3,0,103,181,104,174,75,40,570,3,0,0,0,0,7,251,132,195,78
801011111,0,0,0,0,0,0,0,0,0,0,0,0,0,0,0,0,0,0,0,0,0,0,0,0,0,0,0,0,0,0,0,0,0,0,0,0,0,0,0,0,0,0,0,0,0,0,0,0,0,0,0,0,0,0,0,0,0,0,0,0,0,0,0,0,0,0,0,0,0,0,0,0,0,0,0,0,0,0,0,0,0,0,0,0,0,0,0,0,0,0,0,0,0,0,0,0,0,0,0,0,0,0,0,0,0,0,0,0,0,0,0,0,0,0,0,0,0,0,0,0,0,0,0,0,0,0,0,0,0,0,0,0,0,0,0,0,0,0,0,0,0,0,0,0,0,0,0,0,0,0,0,0,0,0,0,0,0,0,0,4,0,0,0,0,0,0,0,0,0,0,0,0,0,0,0,0,0,0,0,0,0,0,0,0,0,0,0,0,0,0,0,0,0,0,0,0,0,0,0,0
801011142,0,0,0,0,0,0,0,0,0,0,0,0,0,0,0,0,0,0,0,0,0,0,0,0,0,0,0,0,0,0,0,0,0,0,0,0,0,0,0,0,0,0,0,0,0,0,0,0,0,0,0,0,0,0,0,0,0,0,0,0,0,0,0,0,0,0,0,0,0,0,0,0,0,0,0,0,0,0,0,0,0,0,0,0,0,0,0,0,0,0,0,0,0,0,0,0,0,0,0,0,0,0,0,0,0,0,0,0,0,0,0,0,0,0,0,0,0,0,0,0,0,0,0,0,0,0,0,0,0,0,0,0,0,0,0,0,0,0,0,0,0,0,0,0,0,0,0,0,0,0,0,0,0,0,0,0,0,0,0,0,0,0,0,0,0,0,0,0,0,0,0,0,0,0,0,0,0,0,0,0,0,0,0,0,0,0,0,0,0,0,0,0,0,0,0,0,0,0,0,0
801011143,0,0,0,0,0,0,0,0,0,0,0,0,0,0,0,0,0,0,0,0,0,0,0,0,0,0,0,0,0,0,0,0,0,0,0,0,0,0,0,0,0,0,0,0,0,0,0,0,0,0,0,0,0,0,0,0,0,0,0,0,0,0,0,0,0,0,0,0,0,0,0,0,0,0,0,0,0,0,0,0,0,0,0,0,0,0,0,0,0,0,0,0,0,0,0,0,0,0,0,0,0,0,0,0,0,0,0,0,0,0,0,0,0,0,0,0,0,0,0,0,0,0,0,0,0,0,0,0,0,0,0,0,0,0,0,0,0,0,0,0,0,0,0,0,0,0,0,0,0,0,0,0,0,0,0,0,0,0,0,0,0,0,0,0,0,0,0,0,0,0,0,0,8,0,0,0,0,7,25,15,11,3,0,59,22,19,32,18,11,101,0,0,0,0,0,0,52,32,50,21
801011144,0,0,0,0,0,0,0,0,0,0,0,0,0,0,0,0,0,0,0,0,0,0,0,0,0,0,0,0,0,0,0,0,0,0,0,0,0,0,0,0,0,0,0,0,0,0,0,0,0,0,0,0,0,0,0,0,0,0,0,0,0,0,0,0,0,0,0,0,0,0,0,0,0,0,0,0,0,0,0,0,0,0,0,0,0,0,0,0,0,0,0,0,0,0,0,0,0,0,0,0,0,0,0,0,0,0,0,0,0,0,0,0,0,0,0,0,0,0,0,0,0,0,0,0,0,0,0,0,0,0,0,0,0,0,0,0,0,0,0,0,0,0,0,0,0,0,0,0,0,0,0,0,0,0,0,0,0,0,0,0,0,0,0,0,0,0,0,0,0,0,0,0,0,0,0,0,0,0,0,0,0,0,0,0,0,0,0,0,0,0,0,0,0,0,0,0,0,0,0,0
801031031,0,0,0,0,0,0,0,0,0,0,0,0,0,0,0,0,0,0,0,0,0,0,0,0,0,0,0,0,0,0,0,0,0,0,0,0,0,0,0,0,0,0,0,0,0,0,0,0,0,0,0,0,0,0,0,0,0,0,0,0,0,0,0,0,0,0,0,0,0,0,0,0,0,0,0,0,0,0,0,0,0,0,0,0,0,0,0,0,0,0,0,0,0,0,0,0,0,0,0,0,0,0,0,0,0,0,0,0,0,0,0,0,0,0,0,0,0,0,0,0,0,0,0,0,0,0,0,0,0,0,0,0,0,0,0,0,0,0,0,0,0,0,0,0,0,0,0,0,0,0,0,0,0,0,0,0,0,0,0,0,0,0,0,0,0,0,0,0,0,0,0,0,0,0,0,0,0,0,0,0,0,0,0,0,0,0,0,0,0,0,0,0,0,0,0,0,0,0,0,0
801031032,0,0,0,4,0,3,0,0,0,0,0,0,0,0,0,0,0,3,0,0,0,6,0,0,0,0,0,0,0,0,0,0,0,0,0,0,0,0,0,0,0,0,0,0,0,0,0,0,0,0,0,0,0,0,0,0,0,0,0,0,0,0,0,0,0,0,0,0,0,0,0,0,0,0,0,0,0,0,0,0,0,0,0,0,0,0,0,0,0,0,0,0,0,0,0,0,0,0,0,0,0,0,0,0,0,0,0,0,0,0,0,0,0,0,0,0,0,0,0,0,0,0,0,0,0,0,0,0,0,0,0,0,0,0,0,0,0,0,0,0,0,0,0,0,0,0,0,0,0,0,0,0,0,0,0,3,0,0,0,6,0,0,0,0,0,0,0,0,0,0,0,0,0,0,0,0,0,0,0,0,0,0,0,3,0,0,0,0,0,3,0,0,0,0,0,0,4,0,0,0
801031113,10,3,0,34,3,5,4,0,0,15,0,0,0,0,0,0,62,16,18,5,0,103,0,0,0,0,0,0,0,0,0,0,0,0,0,0,0,0,0,0,0,0,0,0,0,0,0,0,0,0,0,0,0,0,0,0,0,0,0,0,0,0,0,0,0,0,0,0,0,0,8,0,0,0,0,9,0,0,0,0,0,0,0,0,0,0,0,0,0,0,0,0,0,0,0,0,0,0,0,0,9,0,0,0,0,12,0,0,0,0,0,0,5,0,0,0,0,5,9,3,0,0,0,11,5,0,0,0,0,4,0,0,0,0,0,0,0,0,0,0,0,0,20,4,0,0,0,26,5,0,0,0,0,5,92,23,22,3,0,144,0,0,0,0,0,0,0,0,0,0,0,5,25,4,0,0,0,24,10,6,8,0,6,26,0,6,6,0,0,16,0,0,0,0,0,0,34,15,18,0
801031114,0,0,0,16,0,0,0,0,0,0,0,0,0,0,0,0,10,5,0,0,0,19,0,0,0,0,0,0,0,0,0,0,0,0,0,0,0,0,0,0,4,0,0,0,0,4,0,0,0,0,0,0,0,0,0,0,0,0,6,0,0,0,0,9,0,0,0,0,0,0,0,0,0,0,0,0,0,0,0,0,0,0,0,0,0,0,0,0,0,0,0,0,0,0,0,0,0,0,0,0,0,0,0,0,0,0,0,0,0,0,0,0,0,0,0,0,0,0,0,0,0,0,0,0,0,0,0,0,0,0,0,0,0,0,0,0,0,0,0,0,0,0,0,0,0,0,0,0,0,0,0,0,0,0,14,4,7,0,0,26,0,0,0,0,0,0,0,0,0,0,0,0,0,0,0,0,0,0,4,3,0,0,0,17,0,0,0,0,0,6,0,0,0,0,0,0,9,3,3,0
801031115,6,0,0,14,0,5,10,0,3,21,0,0,0,0,0,0,17,14,8,0,3,43,0,0,0,0,0,0,0,0,0,0,0,0,0,0,0,0,0,0,0,0,0,0,0,0,0,0,0,0,0,0,0,0,0,0,0,0,0,0,0,0,0,0,0,0,0,0,0,0,0,0,0,0,0,0,0,0,0,0,0,0,0,0,0,0,0,0,0,0,0,0,0,0,0,0,0,0,0,0,0,0,0,0,0,0,0,0,0,0,0,0,0,0,0,0,0,0,0,0,0,0,0,0,0,0,0,0,0,0,0,0,0,0,0,0,0,0,0,0,0,0,0,0,0,0,0,0,0,0,0,0,0,0,17,14,8,0,3,43,0,0,0,0,0,0,0,0,0,0,0,4,3,0,0,0,0,4,3,3,0,0,0,14,6,9,7,3,0,24,0,0,0,0,0,0,12,11,15,3
801041034,108,17,12,390,192,194,325,140,60,915,6,9,7,3,0,22,349,307,447,161,70,1336,0,0,0,0,0,0,0,0,0,0,0,0,3,9,0,0,0,21,55,46,23,12,0,143,3,6,9,6,6,25,0,4,0,0,0,4,69,72,31,15,3,191,0,0,0,0,0,0,0,0,0,0,0,0,0,0,0,0,0,0,0,0,0,0,0,4,0,0,0,0,0,0,0,0,0,0,0,0,0,0,0,0,0,4,0,0,0,0,0,0,0,0,0,0,0,0,0,0,0,0,0,0,0,0,0,0,0,0,0,0,0,0,0,0,0,0,0,0,0,0,0,0,0,0,0,0,0,0,0,0,0,0,416,383,474,177,75,1528,0,0,0,0,0,0,0,0,0,0,0,0,7,0,0,0,0,8,166,89,88,29,12,390,222,204,361,116,58,958,0,0,0,0,0,9,389,297,453,152
801041035,116,33,13,362,155,207,372,159,88,977,0,5,6,0,0,4,265,315,486,193,106,1365,0,0,0,0,0,0,3,0,0,0,0,4,35,10,9,0,0,57,78,47,54,17,3,207,8,11,22,9,10,55,0,0,0,0,0,4,129,70,86,27,12,328,0,0,0,0,0,0,0,0,0,0,0,0,0,0,0,0,0,0,0,0,0,0,0,0,0,0,0,0,0,0,0,0,0,0,0,0,0,0,0,0,0,0,0,0,0,0,0,0,0,0,0,0,0,0,0,0,0,0,0,0,0,0,0,0,0,0,0,0,0,0,0,0,0,0,0,0,0,0,0,0,0,0,0,0,0,0,0,0,0,4,394,389,579,222,115,1698,0,0,0,0,0,0,9,0,0,0,0,10,15,9,9,0,0,36,123,141,136,47,30,475,170,223,385,194,119,1092,5,0,0,6,4,12,322,375,527,251
801041036,61,15,3,307,167,203,269,80,27,749,9,3,0,0,0,14,328,293,335,92,37,1088,0,0,0,0,0,0,4,0,0,0,0,5,74,32,11,3,0,114,130,97,56,13,6,299,12,22,9,7,0,56,0,0,0,0,0,4,223,157,78,21,5,482,0,0,0,0,0,0,0,0,0,0,0,0,20,5,0,0,0,22,0,0,0,0,0,0,0,0,0,0,0,0,0,0,0,0,0,0,15,5,0,0,0,25,0,0,0,0,0,0,0,0,0,0,0,0,0,0,0,0,0,0,0,0,0,0,0,0,0,0,0,0,0,0,0,0,0,0,0,0,0,0,0,0,0,0,0,0,0,0,0,5,568,456,413,123,46,1598,0,0,0,0,0,0,0,0,0,0,0,0,43,18,11,0,0,72,149,153,118,25,8,455,162,209,318,114,43,842,5,3,0,0,0,18,362,385,450,137
801041037,38,13,0,204,141,190,233,80,36,681,0,5,4,0,0,11,241,250,270,93,39,898,0,0,0,0,0,0,4,0,0,0,0,4,71,32,16,0,0,124,47,37,29,3,0,120,6,5,0,4,0,9,3,0,0,0,0,0,134,77,48,11,0,263,0,0,0,0,0,0,21,0,0,0,0,23,30,0,0,0,0,33,8,0,0,0,0,8,0,0,0,0,0,0,0,0,0,0,0,0,60,4,0,0,0,66,0,0,0,0,0,0,0,0,0,0,0,0,0,0,0,0,0,0,0,0,0,0,0,0,0,0,0,0,0,0,0,0,0,0,0,0,0,0,0,0,0,0,0,0,0,0,0,0,432,337,316,104,40,1226,0,0,0,0,0,0,0,0,0,0,0,0,23,5,5,0,0,45,110,60,66,12,7,253,153,174,264,96,35,721,0,0,0,0,0,9,285,243,341,108
801041038,30,3,0,144,134,171,306,130,35,774,3,7,0,0,0,8,217,226,335,136,37,950,0,0,0,0,0,0,0,0,0,0,0,0,14,3,0,0,0,18,39,23,20,3,0,84,17,14,27,8,5,73,0,0,0,0,0,0,73,46,53,10,3,179,0,0,0,0,0,0,0,0,0,0,0,0,3,0,3,0,0,10,0,0,0,0,0,0,0,0,0,0,0,0,0,0,0,0,0,0,3,0,3,0,0,8,0,0,0,0,0,0,0,0,0,0,0,0,0,0,0,0,0,0,0,0,0,0,0,0,0,0,0,0,0,0,0,0,0,0,0,0,0,0,0,0,0,0,3,0,0,0,0,6,294,271,388,152,46,1142,0,0,0,0,0,0,8,0,0,0,0,8,17,16,0,0,0,32,73,51,23,3,0,160,152,183,334,123,40,833,0,4,0,0,0,4,252,246,367,130
801041039,53,10,3,226,127,149,267,109,71,725,3,3,6,0,0,11,222,218,329,120,73,967,0,0,0,0,0,4,0,0,0,0,0,0,23,14,4,4,0,50,70,59,61,10,7,196,10,4,11,7,4,39,0,0,5,0,0,3,110,82,69,20,8,283,0,0,0,0,0,0,93,25,0,0,0,119,112,53,14,0,0,180,13,9,15,7,0,46,0,0,0,0,0,0,0,0,0,0,0,0,227,84,29,10,0,344,0,0,0,0,0,0,0,0,0,0,0,0,0,0,0,0,0,0,0,0,0,0,0,0,0,0,0,0,0,0,0,0,0,0,0,0,0,0,0,0,0,0,0,0,0,0,0,0,553,386,431,146,82,1598,0,0,0,0,0,0,0,0,0,0,0,4,23,12,4,0,0,44,89,76,82,27,8,278,142,176,276,128,61,783,6,3,3,0,6,16,258,270,364,152
801041040,23,0,0,77,136,134,228,91,54,643,6,0,0,0,0,3,169,158,251,95,59,726,6,0,0,0,0,6,31,8,0,0,0,42,26,17,5,0,0,52,115,65,63,14,6,261,46,33,52,22,22,182,4,0,0,0,0,7,221,132,121,41,33,542,0,0,0,0,0,0,77,12,3,0,0,97,46,36,16,3,0,98,0,0,0,0,0,4,0,0,0,0,0,3,4,0,0,0,0,5,131,47,23,4,0,206,0,0,0,0,0,0,0,0,0,0,0,0,0,0,0,0,0,0,0,0,0,0,0,0,0,0,0,0,0,0,0,0,0,0,0,0,0,0,0,0,0,0,3,0,0,0,0,7,521,330,391,141,91,1476,0,0,0,0,0,0,0,3,0,0,0,7,4,0,0,0,0,10,76,47,54,11,5,196,169,157,236,107,55,725,0,0,3,0,0,6,247,214,302,121
801041043,0,3,0,20,15,8,7,11,0,47,0,0,0,0,0,0,30,12,9,14,3,74,0,0,0,0,0,0,0,0,0,0,0,0,0,0,0,0,0,0,0,0,0,0,0,0,0,0,0,0,0,0,0,0,0,0,0,0,0,0,0,0,0,0,0,0,0,0,0,0,0,0,0,0,0,0,0,0,0,0,0,0,0,0,0,0,0,0,0,0,0,0,0,0,0,0,0,0,0,0,0,0,0,0,0,0,0,0,0,0,0,0,0,0,0,0,0,0,0,0,0,0,0,0,0,0,0,0,0,0,0,0,0,0,0,0,0,0,0,0,0,0,0,0,0,0,0,0,0,0,0,0,0,0,32,12,9,14,3,73,0,0,0,0,0,0,0,0,0,0,0,0,3,3,0,0,0,3,10,3,4,0,0,25,14,7,12,11,0,54,0,0,0,0,0,0,32,14,10,18
801041044,38,8,0,134,212,220,369,153,71,1033,4,4,4,0,0,12,274,262,408,162,76,1184,0,0,0,0,0,0,13,3,5,0,0,16,29,23,12,8,0,68,58,48,32,9,5,146,47,39,50,25,7,171,0,0,0,0,0,3,147,115,93,40,12,410,0,0,0,0,0,0,89,21,6,0,0,106,80,43,28,6,0,154,16,20,15,8,0,66,7,8,6,3,6,29,0,5,0,0,0,5,197,93,53,17,5,357,0,0,0,0,0,0,0,0,0,0,0,0,0,0,0,0,0,0,0,0,0,0,0,0,0,0,0,0,0,0,0,0,0,0,0,0,0,0,0,0,0,0,0,0,0,0,0,0,617,466,557,218,96,1957,0,0,0,0,0,0,0,0,0,0,0,0,0,4,0,0,0,5,68,38,45,12,0,163,236,247,417,187,78,1172,3,0,0,0,0,6,311,294,462,199
801041045,0,0,0,0,0,0,0,0,0,0,0,0,0,0,0,0,0,0,0,0,0,0,0,0,0,0,0,0,0,0,0,0,0,0,0,0,0,0,0,0,0,0,0,0,0,0,0,0,0,0,0,0,0,0,0,0,0,0,0,0,0,0,0,0,0,0,0,0,0,0,0,0,0,0,0,0,0,0,0,0,0,0,0,0,0,0,0,0,0,0,0,0,0,0,0,0,0,0,0,0,0,0,0,0,0,0,0,0,0,0,0,0,0,0,0,0,0,0,0,0,0,0,0,0,0,0,0,0,0,0,0,0,0,0,0,0,0,0,0,0,0,0,0,0,0,0,0,0,0,0,0,0,0,0,0,0,0,0,0,0,0,0,0,0,0,0,0,0,0,0,0,0,0,0,0,0,0,0,0,0,0,0,0,0,0,0,0,0,0,0,0,0,0,0,0,0,0,0,0,0
801041046,267,69,18,1150,186,170,248,125,50,776,8,10,4,0,0,19,680,520,534,205,75,2020,0,0,0,0,0,0,0,0,0,0,0,0,71,35,14,4,0,123,270,179,124,32,8,611,11,3,10,0,5,33,0,0,0,0,0,4,345,221,151,40,11,775,0,0,0,0,0,0,0,0,0,0,0,0,0,0,0,0,0,0,0,0,0,0,0,0,0,0,0,0,0,0,0,0,0,0,0,0,0,0,0,0,0,0,0,0,0,0,0,0,0,0,0,0,0,0,0,0,0,0,0,0,0,0,0,0,0,0,0,0,0,0,0,0,0,0,0,0,0,0,0,0,0,0,0,0,0,0,0,0,0,0,1031,743,686,241,90,2790,0,0,0,0,0,0,0,0,0,0,0,0,45,16,12,0,0,79,480,299,281,95,25,1189,204,198,252,139,69,861,3,0,5,0,0,11,739,518,552,235
801041047,46,7,5,280,388,263,408,217,80,1351,5,6,0,0,0,13,560,329,461,224,82,1656,0,0,0,0,0,0,0,0,0,0,0,0,7,4,0,0,0,11,75,34,17,9,3,138,15,13,7,0,3,40,0,0,0,0,0,5,100,56,25,8,8,194,0,0,0,0,0,0,0,0,0,0,0,0,0,0,0,0,0,0,0,0,0,0,0,6,0,0,0,0,0,0,0,0,0,0,0,0,0,0,0,0,0,3,0,0,0,0,0,0,0,0,0,0,0,0,0,0,0,0,0,0,0,0,0,0,0,0,0,0,0,0,0,0,0,0,0,0,0,0,0,0,0,0,0,0,0,0,0,0,0,0,659,388,487,235,91,1856,0,0,0,0,0,0,0,0,0,0,0,0,9,0,0,0,0,11,192,66,48,16,9,327,470,295,408,179,59,1418,3,0,0,0,0,7,672,370,464,194
801041048,66,22,9,305,181,139,188,73,47,618,7,3,3,0,0,19,326,223,261,99,52,950,0,0,0,0,0,0,0,0,0,0,0,0,81,29,11,0,0,123,129,96,79,18,10,328,12,10,19,9,0,57,4,3,0,0,0,9,229,141,109,30,11,515,0,0,0,0,0,0,0,0,0,0,0,0,0,0,0,0,0,0,0,0,0,0,0,0,0,0,0,0,0,0,0,0,0,0,0,0,0,0,0,0,0,0,0,0,0,0,0,0,0,0,0,0,0,0,0,0,0,0,0,0,0,0,0,0,0,0,0,0,0,0,0,0,0,0,0,0,0,0,0,0,0,0,0,0,0,0,0,0,0,4,555,362,362,121,63,1470,0,0,0,0,0,0,0,0,0,0,0,0,12,0,6,0,0,18,140,79,86,19,6,332,229,146,170,77,40,671,4,0,0,0,0,10,386,232,264,99
801041116,0,0,0,0,0,0,0,0,0,0,0,0,0,0,0,0,0,0,0,0,0,0,0,0,0,0,0,0,0,0,0,0,0,0,0,0,0,0,0,0,0,0,0,0,0,0,0,0,0,0,0,0,0,0,0,0,0,0,0,0,0,0,0,0,0,0,0,0,0,0,0,0,0,0,0,0,0,0,0,0,0,0,0,0,0,0,0,0,0,0,0,0,0,0,0,0,0,0,0,0,0,0,0,0,0,0,0,0,0,0,0,0,0,0,0,0,0,0,0,0,0,0,0,0,0,0,0,0,0,0,0,0,0,0,0,0,0,0,0,0,0,0,0,0,0,0,0,0,0,0,0,0,0,0,0,0,0,0,0,0,0,0,0,0,0,0,0,0,0,0,0,0,0,0,0,0,0,0,0,0,0,0,0,0,0,0,0,0,0,0,0,0,0,0,0,0,0,0,0,0
801041117,0,0,0,0,0,0,0,0,0,0,0,0,0,0,0,0,0,0,0,0,0,0,0,0,0,0,0,0,0,0,0,0,0,0,0,0,0,0,0,0,0,0,0,0,0,0,0,0,0,0,0,0,0,0,0,0,0,0,0,0,0,0,0,0,0,0,0,0,0,0,0,0,0,0,0,0,0,0,0,0,0,0,0,0,0,0,0,0,0,0,0,0,0,0,0,0,0,0,0,0,0,0,0,0,0,0,0,0,0,0,0,0,0,0,0,0,0,0,0,0,0,0,0,0,0,0,0,0,0,0,0,0,0,0,0,0,0,0,0,0,0,0,0,0,0,0,0,0,0,0,0,0,0,0,0,0,0,0,0,0,0,0,0,0,0,0,0,0,0,0,0,0,0,0,0,0,0,0,0,0,0,0,0,0,0,0,0,0,0,0,0,0,0,0,0,0,0,0,0,0
801041118,10,4,0,33,7,10,18,13,4,52,0,0,0,0,0,0,17,23,24,16,4,87,0,0,0,0,0,0,0,0,0,0,0,0,20,15,4,7,0,36,13,12,10,3,0,44,0,0,0,0,0,0,0,0,0,0,0,0,32,26,19,4,4,85,0,0,0,0,0,0,0,0,0,0,0,0,0,0,0,0,0,0,0,0,0,0,0,0,0,0,0,0,0,0,0,0,0,0,0,0,0,0,0,0,0,0,0,0,0,0,0,0,0,0,0,0,0,0,0,0,0,0,0,0,0,0,0,0,0,0,0,0,0,0,0,0,0,0,0,0,0,0,0,0,0,0,0,0,0,0,0,0,0,0,49,44,48,23,6,175,0,0,0,0,0,0,0,0,0,0,0,0,0,0,0,0,0,0,5,9,13,3,0,30,8,16,17,17,5,58,0,0,0,0,0,0,10,23,33,18
801041119,0,0,0,0,0,0,0,0,0,0,0,0,0,0,0,0,0,0,0,0,0,3,0,0,0,0,0,0,0,0,0,0,0,0,0,0,0,0,0,0,0,0,0,0,0,0,0,0,0,0,0,0,0,0,0,0,0,0,0,0,0,0,0,0,0,0,0,0,0,0,0,0,0,0,0,0,0,0,0,0,0,0,0,0,0,0,0,0,0,0,0,0,0,0,0,0,0,0,0,0,0,0,0,0,0,0,0,0,0,0,0,0,0,0,0,0,0,0,0,0,0,0,0,0,0,0,0,0,0,0,0,0,0,0,0,0,0,0,0,0,0,0,0,0,0,0,0,0,0,0,0,0,0,0,3,0,0,0,0,5,0,0,0,0,0,0,0,0,0,0,0,0,0,0,0,0,0,0,0,0,0,0,0,0,0,0,0,0,0,0,0,0,0,0,0,0,0,0,0,0
801041120,0,0,0,0,4,0,4,0,3,17,0,0,0,0,0,0,5,0,11,0,3,18,0,0,0,0,0,0,0,0,0,0,0,0,0,0,0,0,0,0,0,0,0,0,0,0,0,0,0,0,0,0,0,0,0,0,0,0,0,0,0,0,0,0,0,0,0,0,0,0,0,0,0,0,0,0,0,0,0,0,0,0,0,0,0,0,0,0,0,0,0,0,0,0,0,0,0,0,0,0,0,0,0,0,0,0,0,0,0,0,0,0,0,0,0,0,0,0,0,0,0,0,0,0,0,0,0,0,0,0,0,0,0,0,0,0,0,0,0,0,0,0,0,0,0,0,0,0,0,0,0,0,0,0,5,5,11,0,3,19,0,0,0,0,0,0,0,0,0,0,0,0,5,0,3,0,0,12,34,36,31,10,5,121,98,149,265,114,57,679,3,3,7,0,4,12,135,187,305,123
801041121,0,0,0,0,0,0,0,0,0,0,0,0,0,0,0,0,0,0,0,0,0,0,0,0,0,0,0,0,0,0,0,0,0,0,0,0,0,0,0,0,0,0,0,0,0,0,0,0,0,0,0,0,0,0,0,0,0,0,0,0,0,0,0,0,0,0,0,0,0,0,0,0,0,0,0,0,0,0,0,0,0,0,0,0,0,0,0,0,0,0,0,0,0,0,0,0,0,0,0,0,0,0,0,0,0,0,0,0,0,0,0,0,0,0,0,0,0,0,0,0,0,0,0,0,0,0,0,0,0,0,0,0,0,0,0,0,0,0,0,0,0,0,0,0,0,0,0,0,0,0,0,0,0,0,0,0,0,0,0,0,0,0,0,0,0,0,0,0,0,0,0,3,6,8,4,0,0,18,29,37,22,11,4,104,54,72,103,56,47,334,0,0,0,0,0,4,89,110,136,72
801041122,0,0,0,0,0,0,0,0,0,0,0,0,0,0,0,0,0,0,0,0,0,0,0,0,0,0,0,0,0,0,0,0,0,0,0,0,0,0,0,0,0,0,0,0,0,0,0,0,0,0,0,0,0,0,0,0,0,0,0,0,0,0,0,0,0,0,0,0,0,0,0,0,0,0,0,0,0,0,0,0,0,0,0,0,0,0,0,0,0,0,0,0,0,0,0,0,0,0,0,0,0,0,0,0,0,0,0,0,0,0,0,0,0,0,0,0,0,0,0,0,0,0,0,0,0,0,0,0,0,0,0,0,0,0,0,0,0,0,0,0,0,0,0,0,0,0,0,0,0,0,0,0,0,0,0,0,0,0,0,0,0,0,0,0,0,0,0,0,0,0,0,0,0,4,0,0,0,8,62,48,31,7,5,150,64,101,168,58,28,420,0,0,3,0,0,4,125,149,200,70
801051049,0,0,0,0,0,0,0,0,0,0,0,0,0,0,0,0,0,0,0,0,0,0,0,0,0,0,0,0,0,0,0,0,0,0,0,0,0,0,0,0,0,0,0,0,0,0,0,0,0,0,0,0,0,0,0,0,0,0,0,0,0,0,0,0,0,0,0,0,0,0,0,0,0,0,0,0,0,0,0,0,0,0,0,0,0,0,0,0,0,0,0,0,0,0,0,0,0,0,0,0,0,0,0,0,0,0,0,0,0,0,0,0,0,0,0,0,0,0,0,0,0,0,0,0,0,0,0,0,0,0,0,0,0,0,0,0,0,0,0,0,0,0,0,0,0,0,0,0,0,0,0,0,0,0,0,0,0,0,0,0,0,0,0,0,0,0,0,0,0,0,0,0,0,0,0,0,0,0,0,0,0,0,0,0,0,0,0,0,0,0,0,0,0,0,0,0,0,0,0,0
801051050,98,18,12,470,73,87,149,68,20,400,5,3,0,0,0,5,380,231,255,89,28,981,0,0,0,0,0,0,6,0,0,0,0,4,29,7,3,0,0,39,52,21,19,5,0,99,12,0,13,0,0,25,3,0,0,0,0,5,108,29,31,6,0,172,0,0,0,0,0,0,4,0,0,0,0,4,38,0,0,0,0,42,0,0,0,0,0,9,0,0,0,0,0,0,0,0,0,0,0,0,42,0,3,0,0,50,0,0,0,0,0,0,0,0,0,0,0,0,0,0,0,0,0,0,0,0,0,0,0,0,0,0,0,0,0,0,0,0,0,0,0,0,0,0,0,0,0,0,0,0,0,0,0,0,523,259,294,100,28,1204,0,0,0,0,0,0,5,0,0,0,0,8,53,20,3,0,0,79,212,108,113,23,6,459,119,120,165,85,19,508,0,0,0,0,0,3,394,249,282,104
801051051,10,3,0,44,18,3,16,11,6,50,0,0,0,0,0,0,43,19,33,14,5,116,0,0,0,0,0,0,14,0,0,0,0,11,32,9,0,0,0,45,47,21,4,0,0,80,5,0,4,3,0,12,0,0,0,0,0,0,96,38,16,6,0,155,0,0,0,0,0,0,273,13,3,0,0,288,253,75,16,3,0,346,32,9,11,5,0,55,3,5,0,0,0,5,3,0,0,0,0,3,558,103,24,10,0,705,0,0,0,0,0,0,0,0,0,0,0,0,0,0,0,0,0,0,0,0,0,0,0,0,0,0,0,0,0,0,0,0,0,0,0,0,0,0,0,0,0,0,6,0,0,0,0,6,706,162,69,29,8,973,0,0,0,0,0,0,0,0,0,0,0,0,12,0,0,0,0,14,17,7,9,0,0,33,20,7,10,9,3,54,3,0,0,0,0,3,46,23,20,16
801051053,0,0,0,0,0,0,0,0,0,0,0,0,0,0,0,0,0,0,0,0,0,0,0,0,0,0,0,0,0,0,0,0,0,0,0,0,0,0,0,0,0,0,0,0,0,0,0,0,0,0,0,0,0,0,0,0,0,0,0,0,0,0,0,0,5,6,0,0,0,7,153,9,0,0,0,168,195,48,15,0,0,263,54,12,9,3,0,77,0,0,0,0,0,0,0,0,0,0,0,8,414,72,24,6,0,520,0,0,0,0,0,0,0,0,0,0,0,0,0,0,0,0,0,0,0,0,0,0,0,0,0,0,0,0,0,0,0,0,0,0,0,0,0,0,0,0,0,0,0,0,0,0,0,0,414,74,25,6,0,516,0,0,0,0,0,0,0,0,0,0,0,0,0,0,0,0,0,0,0,0,0,0,0,0,0,0,0,0,0,0,0,0,0,0,0,0,0,0,0,0
801051054,21,11,0,137,28,13,29,14,9,101,0,0,0,0,0,0,101,55,54,26,8,249,0,0,0,0,0,0,3,0,0,0,0,3,10,3,3,0,0,18,36,19,12,10,3,72,0,3,6,5,0,16,0,0,0,0,0,0,52,28,19,8,6,108,0,0,0,0,0,0,54,7,0,0,0,59,30,10,7,0,0,43,7,0,0,0,0,8,0,0,0,0,0,0,0,0,0,0,0,0,87,14,10,0,0,106,0,0,0,0,0,0,0,0,0,0,0,0,0,0,0,0,0,0,0,0,0,0,0,0,0,0,0,0,0,0,0,0,0,0,0,0,0,0,0,0,0,0,4,0,0,0,0,4,240,89,83,34,14,466,0,0,0,0,0,0,5,0,0,0,0,4,11,0,0,0,0,11,58,42,30,8,3,147,31,15,41,16,8,108,0,0,0,0,0,0,107,59,68,24
801051055,79,23,7,387,63,61,82,36,19,262,7,3,0,0,0,9,280,165,161,60,33,701,0,0,0,0,0,0,4,0,0,0,0,8,10,7,4,0,0,20,32,14,17,6,3,67,3,8,3,3,3,18,0,0,0,0,0,0,55,22,21,7,3,113,0,0,0,0,0,0,9,6,0,0,0,15,19,5,0,0,0,30,0,0,0,0,0,0,0,0,0,0,0,0,7,0,0,0,0,7,41,10,10,0,0,54,0,0,0,0,0,0,0,0,0,0,0,0,0,0,0,0,0,0,0,0,0,0,0,0,0,0,0,0,0,0,0,0,0,0,0,0,0,0,0,0,0,0,0,0,0,0,0,0,377,199,193,69,35,873,0,0,0,0,0,0,14,0,0,0,0,13,26,14,15,0,0,58,171,104,73,22,4,380,82,65,101,49,29,326,5,0,0,0,0,9,293,185,192,72
801051056,58,17,0,286,100,74,104,53,12,330,3,0,0,0,0,5,271,144,162,64,16,655,0,0,0,0,0,0,0,0,0,0,0,3,19,0,0,0,0,26,20,19,12,0,0,48,0,0,9,0,0,12,0,0,0,0,0,0,41,21,24,0,0,94,0,0,0,0,0,0,10,4,0,0,0,13,15,12,4,0,0,30,0,0,0,0,0,0,0,0,0,0,0,0,0,0,0,0,0,0,18,13,3,0,0,42,0,0,0,0,0,0,0,0,0,0,0,0,0,0,0,0,0,0,0,0,0,0,0,0,0,0,0,0,0,0,0,0,0,0,0,0,0,0,0,0,0,0,0,0,0,0,0,0,336,183,187,72,16,791,0,0,0,0,0,0,3,0,0,0,0,3,25,4,0,0,0,31,130,54,67,11,0,265,104,86,139,62,9,404,0,0,0,0,0,0,252,144,209,77
801051057,37,12,5,199,81,29,63,27,15,211,3,0,3,0,0,8,200,70,104,40,12,434,0,0,0,0,0,0,6,0,0,0,0,6,91,23,14,3,3,138,145,48,55,14,0,257,4,0,3,6,3,20,3,6,0,0,0,5,259,78,69,17,12,430,0,0,0,0,0,0,83,14,0,0,0,95,115,37,19,0,0,164,7,4,4,0,0,16,0,0,0,0,0,0,0,0,0,0,0,0,206,49,30,4,0,279,0,0,0,0,0,0,0,0,0,0,0,0,0,0,0,0,0,0,0,0,0,0,0,0,0,0,0,0,0,0,0,0,0,0,0,0,0,0,0,0,0,0,0,0,0,0,0,0,662,198,197,65,26,1147,0,0,0,0,0,0,0,0,0,0,0,0,13,9,0,0,0,18,93,53,43,6,0,198,103,39,64,34,6,252,0,0,0,0,0,5,220,96,111,41
801051058,103,24,7,435,102,90,154,90,20,462,3,0,0,0,0,12,355,192,261,121,28,967,0,0,0,0,0,0,16,0,0,0,0,22,19,5,3,0,0,32,29,22,4,3,0,63,7,3,3,6,0,16,0,0,0,0,0,0,77,34,11,3,0,130,0,0,0,0,0,0,48,0,0,0,0,54,66,20,11,0,0,101,3,4,4,0,0,11,0,0,0,0,0,0,0,0,0,0,0,0,120,28,16,0,0,168,0,0,0,0,0,0,0,0,0,0,0,0,0,0,0,0,0,0,0,0,0,0,0,0,0,0,0,0,0,0,0,0,0,0,0,0,0,0,0,0,0,0,3,0,0,0,0,3,557,251,293,127,33,1261,0,0,0,0,0,0,14,0,0,0,0,14,46,10,3,0,0,61,197,88,100,19,10,421,147,111,182,97,29,562,0,0,0,0,0,6,407,208,289,122
801051060,5,0,0,51,27,17,20,25,6,90,0,0,0,0,0,3,72,32,29,23,6,164,0,0,0,0,0,0,6,3,0,0,0,10,8,0,0,0,0,6,32,15,8,0,0,57,3,0,6,0,0,17,0,0,0,0,0,0,47,23,13,0,0,90,0,0,0,0,0,0,160,15,3,0,0,182,216,74,31,3,0,320,34,15,9,0,0,60,0,0,0,0,0,0,0,0,0,0,0,4,413,105,46,0,3,569,0,0,0,0,0,0,0,0,0,0,0,0,0,0,0,0,0,0,0,0,0,0,0,0,0,0,0,0,0,0,0,0,0,0,0,0,0,0,0,0,0,0,7,0,0,0,0,7,542,162,86,33,10,827,0,0,0,0,0,0,5,0,0,0,0,5,4,5,0,0,0,14,43,16,7,7,0,74,35,20,23,17,7,99,0,0,0,0,0,0,83,37,39,23
801051061,146,16,7,521,98,78,111,42,19,351,3,3,0,0,0,6,376,227,265,67,30,958,0,0,0,0,0,0,4,0,0,0,0,4,11,0,3,0,0,8,102,62,35,6,3,207,8,5,5,0,0,15,0,0,0,0,0,0,120,69,39,8,8,241,0,0,0,0,0,0,29,5,0,0,0,25,132,34,31,4,0,203,12,8,3,0,0,26,0,0,0,0,0,0,3,0,0,0,0,0,172,44,34,9,4,261,0,0,0,0,0,0,0,0,0,0,0,0,0,0,0,0,0,0,0,0,0,0,0,0,0,0,0,0,0,0,0,0,0,0,0,0,0,0,0,0,0,0,0,0,0,0,0,3,674,341,337,82,37,1462,0,0,0,0,0,0,10,0,0,0,0,13,37,20,8,0,0,72,242,141,138,31,10,561,122,106,174,63,11,487,0,0,3,0,0,7,425,270,325,93
801051123,0,0,0,0,0,0,0,0,0,0,0,0,0,0,0,0,0,0,0,0,0,0,0,0,0,0,0,0,0,0,0,0,0,0,0,0,0,0,0,0,0,0,0,0,0,0,0,0,0,0,0,0,0,0,0,0,0,0,0,0,0,0,0,0,0,0,0,0,0,0,0,0,0,0,0,0,0,0,0,0,0,0,0,0,0,0,0,0,0,0,0,0,0,0,0,0,0,0,0,0,0,0,0,0,0,0,0,0,0,0,0,0,0,0,0,0,0,0,0,0,0,0,0,0,0,0,0,0,0,0,0,0,0,0,0,0,0,0,0,0,0,0,0,0,0,0,0,0,0,0,0,0,0,0,0,0,0,0,0,0,0,0,0,0,0,0,0,0,0,0,0,0,0,0,0,0,0,0,0,0,0,0,0,0,0,0,0,0,0,0,0,0,0,0,0,0,0,0,0,0
801051124,32,12,0,205,139,82,102,51,14,384,0,0,0,0,0,3,270,130,142,59,14,618,0,0,0,0,0,0,0,0,0,0,0,0,12,4,0,0,0,20,29,19,8,0,0,52,4,6,0,0,0,7,0,0,0,0,0,0,45,22,13,0,0,82,0,0,0,0,0,0,26,5,4,0,0,24,18,4,0,0,0,20,0,0,0,0,0,0,0,0,0,0,0,0,0,0,0,0,0,0,44,7,3,0,0,53,0,0,0,0,0,0,0,0,0,0,0,0,0,0,0,0,0,0,0,0,0,0,0,0,0,0,0,0,0,0,0,0,0,0,0,0,0,0,0,0,0,0,0,0,0,0,0,0,362,164,150,64,14,749,0,0,0,0,0,0,3,0,0,0,0,3,11,0,0,0,0,11,101,47,33,4,3,192,159,93,125,61,16,456,0,0,0,0,0,0,279,143,164,69
801051125,12,0,0,53,18,17,25,14,7,77,0,0,0,0,0,0,55,30,32,11,7,133,0,0,0,0,0,0,0,0,0,0,0,0,0,0,0,0,0,0,3,0,0,0,0,3,0,0,0,0,0,0,0,0,0,0,0,0,3,0,0,0,0,3,0,0,0,0,0,0,0,0,0,0,0,0,0,0,0,0,0,0,0,0,0,0,0,0,0,0,0,0,0,0,0,0,0,0,0,0,0,0,0,0,0,0,0,0,0,0,0,0,0,0,0,0,0,0,0,0,0,0,0,0,0,0,0,0,0,0,0,0,0,0,0,0,0,0,0,0,0,0,0,0,0,0,0,0,0,0,0,0,0,0,52,30,32,11,7,137,0,0,0,0,0,0,0,0,0,0,0,0,0,0,0,0,0,0,26,12,5,7,0,40,28,17,22,6,0,75,0,0,0,0,0,0,52,26,33,6
801051126,0,0,0,0,0,0,0,0,0,0,0,0,0,0,0,0,0,0,0,0,0,0,0,0,0,0,0,0,0,0,0,0,0,0,0,0,0,0,0,0,0,0,0,0,0,0,0,0,0,0,0,0,0,0,0,0,0,0,0,0,0,0,0,0,0,0,0,0,0,0,0,0,0,0,0,0,0,0,0,0,0,0,0,0,0,0,0,0,0,0,0,0,0,0,0,0,0,0,0,0,0,0,0,0,0,0,0,0,0,0,0,0,0,0,0,0,0,0,0,0,0,0,0,0,0,0,0,0,0,0,0,0,0,0,0,0,0,0,0,0,0,0,0,0,0,0,0,0,0,0,0,0,0,0,0,0,0,0,0,0,0,0,0,0,0,0,0,0,0,0,0,0,0,0,0,0,0,0,0,0,0,0,0,0,0,0,0,0,0,0,0,0,0,0,0,0,0,0,0,0
801051127,14,3,0,65,30,19,19,11,0,88,0,0,0,0,0,0,78,28,36,18,0,158,0,0,0,0,0,0,0,0,0,0,0,0,11,6,0,0,0,18,23,18,5,0,0,46,3,0,0,0,0,8,0,0,0,0,0,0,42,21,10,4,0,70,0,0,0,0,0,0,34,0,3,0,0,35,38,5,4,0,0,47,4,0,0,0,0,4,0,0,0,0,0,0,0,0,0,0,0,0,75,10,3,0,0,91,0,0,0,0,0,0,0,0,0,0,0,0,0,0,0,0,0,0,0,0,0,0,0,0,0,0,0,0,0,0,0,0,0,0,0,0,0,0,0,0,0,0,0,0,0,0,0,0,191,56,53,24,3,328,0,0,0,0,0,0,0,0,0,0,0,0,4,0,0,0,0,14,50,13,13,4,0,69,48,20,15,15,5,99,0,0,0,0,0,0,101,29,30,13
801051128,0,0,0,0,0,0,0,0,0,0,0,0,0,0,0,0,0,0,0,0,0,0,0,0,0,0,0,0,0,0,0,0,0,0,0,0,0,0,0,0,0,0,0,0,0,0,0,0,0,0,0,0,0,0,0,0,0,0,0,0,0,0,0,0,0,0,0,0,0,0,0,0,0,0,0,0,0,0,0,0,0,0,0,0,0,0,0,0,0,0,0,0,0,0,0,0,0,0,0,0,0,0,0,0,0,0,0,0,0,0,0,0,0,0,0,0,0,0,0,0,0,0,0,0,0,0,0,0,0,0,0,0,0,0,0,0,0,0,0,0,0,0,0,0,0,0,0,0,0,0,0,0,0,0,0,0,0,0,0,0,0,0,0,0,0,0,0,0,0,0,0,0,0,0,0,0,0,0,0,0,0,0,0,0,0,0,0,0,0,0,0,0,0,0,0,0,0,0,0,0
801061062,43,5,0,196,96,90,111,47,15,357,8,0,0,0,0,3,217,146,148,53,16,576,0,0,0,0,0,0,0,0,0,0,0,4,18,0,0,0,0,15,20,10,6,0,0,33,7,17,10,4,0,32,0,0,0,0,0,0,48,21,9,3,0,86,0,0,0,0,0,0,8,0,0,0,0,10,40,17,4,0,0,62,15,9,0,0,0,29,0,0,0,0,0,0,0,0,0,0,0,0,72,23,9,0,0,105,0,0,0,0,0,0,0,0,0,0,0,0,0,0,0,0,0,0,0,0,0,0,0,0,0,0,0,0,0,0,0,0,0,0,0,0,0,0,0,0,0,0,0,0,0,0,0,0,330,195,169,56,15,768,0,0,0,0,0,0,0,0,0,0,0,0,8,4,4,0,0,17,107,41,41,7,0,192,153,96,124,52,18,443,0,0,0,0,0,6,268,142,169,57
801061063,6,0,0,39,67,38,44,28,4,183,0,0,0,0,0,3,89,48,47,28,6,230,0,0,0,0,0,0,0,0,0,0,0,0,11,5,0,0,0,13,33,6,6,0,0,38,4,0,3,0,0,15,0,0,0,0,0,0,45,11,12,4,0,71,0,0,0,0,0,0,23,0,0,0,0,25,52,10,7,0,0,68,10,5,0,0,0,19,0,0,0,0,0,0,0,0,0,0,0,0,80,17,7,0,3,113,0,0,0,0,0,0,0,0,0,0,0,0,0,0,0,0,0,0,0,0,0,0,0,0,0,0,0,0,0,0,0,0,0,0,0,0,0,0,0,0,0,0,0,0,0,0,0,0,220,85,73,29,14,415,0,0,0,0,0,0,0,0,0,0,0,0,0,0,0,0,0,0,31,10,4,0,0,43,73,47,49,21,13,209,0,0,0,0,0,0,110,60,52,21
801061064,37,8,3,213,115,80,117,44,14,374,7,0,0,0,0,4,252,128,160,55,14,616,0,0,0,0,0,0,10,0,0,0,0,10,25,6,8,0,0,40,26,14,6,0,0,44,0,6,3,0,0,11,0,0,0,0,0,0,61,24,14,3,0,108,0,0,0,0,0,0,41,7,0,0,0,44,186,43,20,0,0,253,15,10,5,4,0,34,0,0,0,0,0,0,0,0,0,0,0,0,242,56,30,4,0,334,0,0,0,0,0,0,0,0,0,0,0,0,0,0,0,0,0,0,0,0,0,0,0,0,0,0,0,0,0,0,0,0,0,0,0,0,0,0,0,0,0,0,0,0,0,0,0,0,558,213,202,66,16,1055,0,0,0,0,0,0,3,0,0,0,0,4,13,5,0,0,0,21,119,44,30,15,0,203,138,90,142,72,20,461,0,0,0,0,0,3,272,137,173,83
801061066,0,0,0,0,0,0,0,0,0,0,0,0,0,0,0,0,0,0,0,0,0,0,0,0,0,0,0,0,0,0,0,0,0,0,0,0,0,0,0,0,0,0,0,0,0,0,0,0,0,0,0,0,0,0,0,0,0,0,0,0,0,0,0,0,0,0,0,0,0,0,0,0,0,0,0,0,0,0,0,0,0,0,0,0,0,0,0,0,0,0,0,0,0,0,0,0,0,0,0,0,0,0,0,0,0,0,0,0,0,0,0,0,0,0,0,0,0,0,0,0,0,0,0,0,0,0,0,0,0,0,0,0,0,0,0,0,0,0,0,0,0,0,0,0,0,0,0,0,0,0,0,0,0,0,0,0,0,0,0,0,0,0,0,0,0,0,0,0,0,0,0,0,0,0,0,0,0,0,0,0,0,0,0,0,0,0,0,0,0,0,0,0,0,0,0,0,0,0,0,0
801061067,136,17,8,562,99,85,147,64,14,416,14,4,0,0,0,15,440,262,298,83,21,1119,0,0,0,0,0,0,0,0,0,0,0,0,13,6,0,0,0,22,40,26,20,0,4,90,0,0,0,0,0,5,0,0,0,0,0,0,58,29,19,0,4,114,0,0,0,0,0,0,19,3,0,0,0,16,91,26,8,0,0,131,21,17,11,4,0,56,0,0,0,0,0,0,6,0,0,0,0,3,137,48,20,3,0,208,0,0,0,0,0,0,0,0,0,0,0,0,0,0,0,0,0,0,0,0,0,0,0,0,0,0,0,0,0,0,0,0,0,0,0,0,0,0,0,0,0,0,0,0,0,0,0,0,640,343,348,93,25,1446,0,0,0,0,0,0,4,3,0,0,0,5,67,16,5,5,0,94,236,139,119,31,4,537,128,117,178,70,26,523,4,0,0,0,0,6,438,285,308,109
801061068,0,0,0,0,0,0,0,0,0,0,0,0,0,0,0,0,0,0,0,0,0,0,0,0,0,0,0,0,0,0,0,0,0,0,0,0,0,0,0,0,0,0,0,0,0,0,0,0,0,0,0,0,0,0,0,0,0,0,0,0,0,0,0,0,0,0,0,0,0,0,0,0,0,0,0,0,0,0,0,0,0,0,0,0,0,0,0,0,0,0,0,0,0,0,0,0,0,0,0,0,0,0,0,0,0,0,0,0,0,0,0,0,0,0,0,0,0,0,0,0,0,0,0,0,0,0,0,0,0,0,0,0,0,0,0,0,0,0,0,0,0,0,0,0,0,0,0,0,0,0,0,0,0,0,0,0,0,0,0,0,0,0,0,0,0,0,0,0,0,0,0,0,0,0,0,0,0,0,0,0,0,0,0,0,0,0,0,0,0,0,0,0,0,0,0,0,0,0,0,0
801061069,26,6,0,133,151,92,140,67,30,479,0,0,4,0,0,4,223,128,173,72,33,626,0,0,0,0,0,0,0,0,0,0,0,0,12,0,0,0,0,14,29,6,14,4,0,53,7,0,3,3,0,12,0,0,0,0,0,0,37,13,22,4,0,77,0,0,0,0,0,0,5,0,0,0,0,5,21,4,6,0,0,36,5,3,3,0,0,10,0,0,0,0,0,5,0,0,0,0,0,0,34,8,3,0,0,55,0,0,0,0,0,0,0,0,0,0,0,0,0,0,0,0,0,0,0,0,0,0,0,0,0,0,0,0,0,0,0,0,0,0,0,0,0,0,0,0,0,0,0,0,0,0,0,0,296,151,206,78,31,762,0,0,0,0,0,0,6,0,0,0,0,5,8,0,0,0,0,8,69,22,32,8,0,133,161,96,168,69,28,527,4,0,0,0,0,7,242,123,203,77
801061070,29,3,0,203,133,53,90,46,12,333,4,3,3,0,0,10,276,102,132,46,10,568,0,0,0,0,0,0,3,0,0,0,0,3,31,5,0,0,0,31,86,27,21,4,0,129,22,14,7,5,0,45,4,0,0,0,0,4,139,37,25,5,0,212,0,0,0,0,0,0,13,4,0,0,0,13,8,0,0,0,0,13,8,0,0,0,0,7,0,0,0,0,0,0,0,0,0,0,0,0,25,6,4,0,0,33,0,0,0,0,0,0,0,0,0,0,0,0,0,0,0,0,0,0,0,0,0,0,0,0,0,0,0,0,0,0,0,0,0,0,0,0,0,0,0,0,0,0,0,0,0,0,0,0,448,142,164,54,13,820,0,0,0,0,0,0,0,0,0,0,0,0,24,6,3,0,0,28,115,32,30,0,0,178,145,76,112,56,21,414,3,0,0,0,0,0,290,111,139,61
801061129,0,0,0,15,13,4,3,4,0,27,0,0,0,0,0,0,23,11,8,3,0,43,0,0,0,0,0,0,0,0,0,0,0,0,3,0,0,0,0,7,0,0,0,0,0,3,0,0,0,0,0,0,0,0,0,0,0,0,4,3,0,0,0,10,0,0,0,0,0,0,71,4,0,0,0,75,98,27,6,0,0,131,55,15,8,3,0,72,0,0,0,0,0,0,0,0,0,0,0,0,220,40,16,6,0,286,0,0,0,0,0,0,0,0,0,0,0,0,0,0,0,0,0,0,0,0,0,0,0,0,0,0,0,0,0,0,0,0,0,0,0,0,0,0,0,0,0,0,0,0,0,0,0,0,248,52,22,9,4,345,0,0,0,0,0,0,0,0,0,0,0,0,5,0,0,0,0,3,11,0,3,0,0,18,10,3,6,0,0,28,0,0,0,0,0,0,24,9,14,0
801061130,0,0,0,4,0,0,0,0,0,0,0,0,0,0,0,0,0,0,0,0,0,4,0,0,0,0,0,0,0,0,0,0,0,0,0,0,0,0,0,0,0,0,0,0,0,0,0,0,0,0,0,0,0,0,0,0,0,0,0,0,0,0,0,0,0,0,0,0,0,0,0,0,0,0,0,0,0,0,0,0,0,0,0,0,0,0,0,0,0,0,0,0,0,0,0,0,0,0,0,0,0,0,0,0,0,0,0,0,0,0,0,0,0,0,0,0,0,0,0,0,0,0,0,0,0,0,0,0,0,0,0,0,0,0,0,0,0,0,0,0,0,0,0,0,0,0,0,0,0,0,0,0,0,0,0,0,0,0,0,5,0,0,0,0,0,0,4,0,0,0,0,4,0,0,0,0,0,0,0,0,0,0,0,4,0,0,0,0,0,0,0,0,0,0,0,0,0,4,0,0
801061131,10,0,0,33,0,0,0,0,0,8,0,0,0,0,0,0,21,11,13,0,0,44,0,0,0,0,0,0,0,0,0,0,0,0,14,3,3,0,0,17,41,14,15,0,0,73,12,8,5,8,0,30,0,0,0,0,0,0,68,20,22,8,7,123,0,0,0,0,0,0,153,4,0,0,0,152,386,88,23,0,0,495,104,47,25,5,3,185,0,0,3,0,0,4,3,0,0,0,0,5,644,143,55,4,0,848,0,0,0,0,0,0,0,0,0,0,0,0,0,0,0,0,0,0,0,0,0,0,0,0,0,0,0,0,0,0,0,0,0,0,0,0,0,0,0,0,0,0,4,0,0,0,0,4,733,175,85,14,6,1014,0,0,0,0,0,0,0,0,0,0,0,0,3,0,0,0,0,3,19,5,3,4,0,36,9,3,5,10,0,32,0,0,0,0,0,0,31,14,11,12
801071071,138,39,15,555,128,116,188,83,39,548,0,0,0,3,0,7,365,258,329,125,48,1126,0,0,0,0,0,0,0,0,0,0,0,0,7,5,0,0,0,9,65,54,27,6,3,151,6,5,9,0,0,29,0,0,0,0,0,0,83,64,36,12,0,197,0,0,0,0,0,0,0,0,0,0,0,0,3,0,0,0,0,6,7,6,4,4,0,22,0,0,5,0,0,5,0,0,0,0,0,0,12,6,6,4,0,24,0,0,0,0,0,0,0,0,0,0,0,0,0,0,0,0,0,0,0,0,0,0,0,0,0,0,0,0,0,0,0,0,0,0,0,0,0,0,0,0,0,0,0,0,0,0,0,0,457,328,374,134,55,1349,0,0,0,0,0,0,0,0,0,0,0,0,15,3,0,0,0,17,204,129,134,34,12,521,159,133,198,78,47,618,4,0,0,0,0,3,378,270,333,115
801071072,69,17,7,313,136,116,139,48,26,469,4,0,0,0,0,4,297,189,209,69,35,797,0,0,0,0,0,0,7,0,0,0,0,7,34,0,0,0,0,38,64,47,29,4,0,146,14,6,7,8,0,42,0,3,0,0,0,3,110,60,37,13,0,227,0,0,0,0,0,0,0,0,0,0,0,0,4,0,0,0,0,9,0,0,0,0,0,0,0,0,0,0,0,0,0,0,0,0,0,0,4,0,0,0,0,6,0,0,0,0,0,0,0,0,0,0,0,0,0,0,0,0,0,0,0,0,0,0,0,0,0,0,0,0,0,0,0,0,0,0,0,0,0,0,0,0,0,0,0,0,0,0,0,0,413,255,250,80,43,1035,0,0,0,0,0,0,0,0,0,0,0,0,5,0,0,0,0,6,103,54,44,14,8,229,148,88,131,57,33,454,3,0,4,0,0,5,265,142,181,75
801071073,136,29,12,597,242,144,229,109,46,773,11,3,5,0,0,16,536,305,373,140,58,1409,0,0,0,0,0,0,0,0,0,0,0,0,12,0,0,0,0,13,47,31,19,9,0,106,0,0,0,0,0,0,0,0,0,0,0,5,61,37,24,9,0,124,0,0,0,0,0,0,0,0,0,0,0,0,0,0,0,0,0,0,0,0,0,0,0,0,0,0,0,0,0,0,0,0,0,0,0,0,0,0,0,0,0,0,0,0,0,0,0,0,0,0,0,0,0,0,0,0,0,0,0,0,0,0,0,0,0,0,0,0,0,0,0,0,0,0,0,0,0,0,0,0,0,0,0,0,0,0,0,0,0,0,596,342,397,148,63,1536,0,0,0,0,0,0,0,0,0,0,0,0,9,3,0,0,0,14,269,133,137,37,9,578,268,192,207,109,40,818,3,0,0,0,0,6,554,328,343,148
801071074,157,41,10,690,202,125,161,85,52,628,5,7,3,5,3,22,522,318,330,129,65,1361,0,0,0,0,0,0,0,0,0,0,0,0,14,0,0,0,0,12,6,4,0,0,0,10,0,0,0,0,0,0,0,0,0,0,0,0,23,4,0,4,0,25,0,0,0,0,0,0,0,0,0,0,0,0,0,0,0,0,0,0,0,0,0,0,0,0,0,0,0,0,0,0,0,0,0,0,0,0,0,0,0,0,0,0,0,0,0,0,0,0,0,0,0,0,0,0,0,0,0,0,0,0,0,0,0,0,0,0,0,0,0,0,0,0,0,0,0,0,0,0,0,0,0,0,0,0,0,0,0,0,0,3,541,327,325,134,65,1393,0,0,0,0,0,0,0,0,0,0,0,0,13,9,3,0,0,31,290,178,163,40,13,680,240,147,156,82,58,682,8,0,0,0,0,8,548,330,324,120
801071075,95,24,6,377,190,179,255,95,32,760,10,3,5,0,0,13,351,297,354,124,38,1167,0,0,0,0,0,0,0,0,0,0,0,0,4,4,0,0,0,5,41,16,12,3,0,70,12,7,12,4,4,40,0,0,0,0,0,3,59,26,28,4,5,126,0,0,0,0,0,0,0,0,0,0,0,0,0,0,0,0,0,4,32,18,4,0,3,54,0,4,0,5,3,9,0,0,0,0,0,0,38,20,6,3,5,69,0,0,0,0,0,0,0,0,0,0,0,0,0,0,0,0,0,0,0,0,0,0,0,0,0,0,0,0,0,0,0,0,0,0,0,0,0,0,0,0,0,0,0,0,0,0,0,0,449,342,388,132,52,1365,0,0,0,0,0,0,0,0,0,0,0,0,4,0,0,0,0,10,162,95,89,25,5,373,243,180,249,104,55,825,3,0,3,0,0,10,414,276,343,130
801071076,29,3,0,154,243,146,175,82,26,671,4,0,0,0,0,5,347,179,203,85,26,835,0,0,0,0,0,0,0,0,0,0,0,0,0,0,0,0,0,0,3,4,0,0,0,6,7,3,0,0,0,7,0,0,0,0,0,0,6,0,0,0,0,11,0,0,0,0,0,0,0,0,0,0,0,0,0,0,0,0,0,0,0,0,0,0,0,0,0,0,0,0,0,0,0,0,0,0,0,0,0,0,0,0,0,0,0,0,0,0,0,0,0,0,0,0,0,0,0,0,0,0,0,0,0,0,0,0,0,0,0,0,0,0,0,0,0,0,0,0,0,0,0,0,0,0,0,0,0,0,0,0,0,0,354,187,207,85,26,845,0,0,0,0,0,0,0,0,0,0,0,0,3,0,0,0,0,3,76,34,25,3,0,146,277,120,200,96,27,710,6,0,0,0,0,6,362,153,227,98
801071077,63,20,12,311,104,89,92,44,28,362,5,0,3,0,0,12,253,174,161,69,41,699,0,0,0,0,0,0,0,0,0,0,0,0,10,0,0,0,0,10,9,14,0,0,0,30,0,0,0,0,0,0,0,0,0,0,0,0,22,14,0,0,0,41,0,0,0,0,0,0,0,0,0,0,0,0,0,0,0,0,0,0,0,0,0,0,0,0,0,0,0,0,0,0,0,0,0,0,0,0,0,0,0,0,0,0,0,0,0,0,0,0,0,0,0,0,0,0,0,0,0,0,0,0,0,0,0,0,0,0,0,0,0,0,0,0,0,0,0,0,0,0,0,0,0,0,0,0,0,0,0,0,0,0,272,189,168,73,41,740,0,0,0,0,0,0,0,0,0,0,0,3,8,0,0,0,0,12,139,82,79,20,6,321,125,82,95,53,27,386,3,4,0,0,0,8,281,166,173,72
801071078,130,28,6,580,291,212,288,152,61,1008,9,7,4,0,0,17,575,377,421,180,70,1625,0,0,0,0,0,0,0,0,0,0,0,0,58,9,0,0,0,70,187,83,55,22,9,360,8,7,0,0,0,18,6,3,0,0,0,12,259,105,66,20,7,454,0,0,0,0,0,0,0,0,0,0,0,0,9,0,0,0,0,9,0,0,0,0,0,0,0,0,0,0,0,0,0,0,0,0,0,0,5,0,0,0,0,9,0,0,0,0,0,0,0,0,0,0,0,0,0,0,0,0,0,0,0,0,0,0,0,0,0,0,0,0,0,0,0,0,0,0,0,0,0,0,0,0,0,0,0,0,0,0,0,0,835,479,486,203,83,2090,0,0,0,0,0,0,0,0,0,0,0,0,11,3,0,0,0,11,271,163,141,25,12,604,326,232,299,141,70,1060,10,0,0,4,0,15,615,397,440,164
801071079,71,13,10,343,196,106,133,53,19,501,3,0,0,0,0,8,364,195,205,68,32,864,0,0,0,0,0,0,0,0,0,0,0,0,4,0,0,0,0,5,0,0,0,0,0,0,0,0,0,0,0,0,0,0,0,0,0,0,4,0,0,0,0,8,0,0,0,0,0,0,0,0,0,0,0,0,0,0,0,0,0,0,0,0,0,0,0,0,0,0,0,0,0,0,0,0,0,0,0,0,0,0,0,0,0,0,0,0,0,0,0,0,0,0,0,0,0,0,0,0,0,0,0,0,0,0,0,0,0,0,0,0,0,0,0,0,0,0,0,0,0,0,0,0,0,0,0,0,0,0,0,0,0,0,368,194,210,68,32,874,0,0,0,0,0,0,0,0,0,0,0,0,9,3,0,0,0,8,155,87,67,26,3,337,217,113,148,55,33,560,0,0,0,0,0,7,383,199,213,77
801071080,4,0,0,30,0,0,0,0,0,3,0,0,0,0,0,0,23,6,4,0,0,29,0,0,0,0,0,0,0,0,0,0,0,0,26,3,0,0,0,35,93,51,26,4,6,178,30,12,12,3,0,63,3,0,0,0,0,3,147,66,47,11,4,271,0,0,0,0,0,0,34,9,0,0,0,49,74,35,15,0,0,120,8,5,0,0,0,22,0,4,0,0,0,10,0,0,0,0,0,0,121,54,15,3,0,193,0,0,0,0,0,0,0,0,0,0,0,0,0,0,0,0,0,0,0,0,0,0,0,0,0,0,0,0,0,0,0,0,0,0,0,0,0,0,0,0,0,0,0,0,0,0,0,0,290,124,65,12,9,502,0,0,0,0,0,0,0,0,0,0,0,0,0,0,0,0,0,0,24,7,0,0,0,37,3,0,0,0,0,0,0,0,0,0,0,0,30,7,0,0
801071081,125,38,8,519,94,81,136,57,34,402,5,0,4,0,0,14,316,231,263,96,49,952,0,0,0,0,0,0,0,0,0,0,0,5,13,0,0,0,0,15,68,40,27,11,0,149,8,0,0,3,0,7,0,0,0,0,0,0,86,48,33,7,0,178,0,0,0,0,0,0,0,0,0,0,0,0,0,0,0,0,0,0,0,0,0,0,0,0,0,0,0,0,0,0,32,0,0,0,0,32,32,0,0,0,0,38,0,0,0,0,0,0,0,0,0,0,0,0,0,0,0,0,0,0,0,0,0,0,0,0,0,0,0,0,0,0,0,0,0,0,0,0,0,0,0,0,0,0,3,0,0,0,0,7,440,278,303,106,46,1173,0,0,0,0,0,0,3,0,0,0,0,3,5,5,0,0,0,10,219,151,110,31,17,533,124,96,118,59,36,435,0,0,0,0,0,4,355,255,228,96
801071082,349,87,38,1616,740,412,496,237,106,1994,20,10,3,0,0,40,1567,821,853,332,147,3718,0,0,0,0,0,0,0,0,0,0,0,0,60,27,5,0,0,95,92,53,29,7,3,181,23,0,7,5,0,38,0,0,0,0,0,0,175,79,48,12,3,317,0,0,0,0,0,0,3,0,0,0,0,3,16,3,0,0,0,17,0,0,0,0,0,7,0,0,0,0,0,0,0,0,0,0,0,0,13,7,0,0,0,25,0,0,0,0,0,0,0,0,0,0,0,0,0,0,0,0,0,0,0,0,0,0,0,0,0,0,0,0,0,0,0,0,0,0,0,0,0,0,0,0,0,3,0,0,0,0,0,0,1757,908,900,340,156,4059,0,0,0,0,0,0,8,0,0,0,0,8,39,9,0,0,0,52,822,392,300,92,36,1642,811,434,573,274,105,2198,11,4,6,3,5,23,1681,848,882,370
801071083,16,6,4,110,94,75,89,28,7,292,0,0,0,0,0,5,139,104,103,39,10,406,0,0,0,0,0,0,0,0,0,0,0,0,0,0,0,0,0,0,4,0,0,0,0,8,0,0,0,0,0,0,0,0,0,0,0,0,4,0,0,0,0,8,0,0,0,0,0,0,0,0,0,0,0,0,0,0,0,0,0,0,0,0,0,0,0,0,0,0,0,0,0,0,0,0,0,0,0,0,0,0,0,0,0,0,0,0,0,0,0,0,0,0,0,0,0,0,0,0,0,0,0,0,0,0,0,0,0,0,0,0,0,0,0,0,0,0,0,0,0,0,0,0,0,0,0,0,0,0,0,0,0,0,146,104,106,39,10,410,0,0,0,0,0,0,0,0,0,0,0,0,0,6,0,0,0,6,36,27,28,3,0,94,125,58,91,30,8,313,0,0,0,0,0,3,160,86,120,38
801071084,88,24,14,502,257,145,218,86,32,739,5,4,4,0,0,13,516,291,310,111,52,1274,0,0,0,0,0,0,0,0,0,0,0,0,30,0,0,0,0,35,79,32,22,3,0,133,0,0,0,0,0,0,3,0,0,0,0,5,114,39,19,3,0,179,0,0,0,0,0,0,0,0,0,0,0,0,0,0,0,0,0,0,0,0,0,0,0,0,0,0,0,0,0,0,0,0,0,0,0,0,0,0,0,0,0,3,0,0,0,0,0,0,0,0,0,0,0,0,0,0,0,0,0,0,0,0,0,0,0,0,0,0,0,0,0,0,0,0,0,0,0,0,0,0,0,0,0,0,0,0,0,0,0,0,629,329,328,117,52,1455,0,0,0,0,0,0,4,0,0,0,0,8,40,0,3,0,0,46,260,116,102,36,10,532,297,163,208,84,43,789,5,0,0,0,0,4,603,284,314,117
801071085,0,0,0,0,0,0,0,0,0,0,0,0,0,0,0,0,0,0,0,0,0,0,0,0,0,0,0,0,0,0,0,0,0,0,0,0,0,0,0,0,0,0,0,0,0,0,0,0,0,0,0,0,0,0,0,0,0,0,0,0,0,0,0,0,0,0,0,0,0,0,0,0,0,0,0,0,0,0,0,0,0,0,0,0,0,0,0,0,0,0,0,0,0,0,0,0,0,0,0,0,0,0,0,0,0,0,0,0,0,0,0,0,0,0,0,0,0,0,0,0,0,0,0,0,0,0,0,0,0,0,0,0,0,0,0,0,0,0,0,0,0,0,0,0,0,0,0,0,0,0,0,0,0,0,0,0,0,0,0,0,0,0,0,0,0,0,0,0,0,0,0,0,0,0,0,0,0,0,0,0,0,0,0,0,0,0,0,0,0,0,0,0,0,0,0,0,0,0,0,0
801071086,37,9,3,189,80,51,61,22,20,235,0,0,0,0,0,5,171,110,99,38,22,440,0,0,0,0,0,0,0,0,0,0,0,0,15,0,0,0,0,17,3,3,0,0,0,12,0,0,0,0,0,0,0,0,0,0,0,0,21,3,0,3,0,28,0,0,0,0,0,0,0,0,0,0,0,0,0,0,0,0,0,0,0,0,0,0,0,0,0,0,0,0,0,0,0,0,0,0,0,0,0,0,0,0,0,0,0,0,0,0,0,0,0,0,0,0,0,0,0,0,0,0,0,0,0,0,0,0,0,0,0,0,0,0,0,0,0,0,0,0,0,0,0,0,0,0,0,0,0,0,0,0,0,0,190,113,101,43,23,472,0,0,0,0,0,0,0,0,0,0,0,0,7,0,0,0,0,12,79,49,38,10,4,186,95,55,57,24,19,257,0,0,5,0,0,5,190,104,96,35
801071087,106,31,17,525,70,48,72,41,19,250,4,3,4,0,0,14,297,219,178,66,34,805,0,0,0,0,0,0,0,0,0,0,0,0,3,0,0,0,0,3,11,8,4,0,0,22,0,0,0,0,0,0,0,0,0,0,0,0,17,8,4,0,0,25,0,0,0,0,0,0,0,0,0,0,0,0,0,0,0,0,0,0,0,0,0,0,0,0,0,0,0,0,0,0,0,0,0,0,0,0,0,0,0,0,0,0,0,0,0,0,0,0,0,0,0,0,0,0,0,0,0,0,0,0,0,0,0,0,0,0,0,0,0,0,0,0,0,0,0,0,0,0,0,0,0,0,0,0,0,0,0,0,0,0,314,229,184,75,34,829,0,0,0,0,0,0,0,0,0,3,0,3,7,3,0,0,0,13,217,144,114,26,17,516,85,48,68,46,15,271,3,0,3,0,0,4,316,197,180,79
801071088,116,34,13,463,125,117,151,67,34,496,3,5,0,0,0,10,321,253,268,110,46,982,0,0,0,0,0,0,0,0,0,0,0,3,4,0,0,0,0,8,17,7,4,4,0,30,0,0,0,0,0,5,0,0,0,0,0,0,23,10,8,4,0,43,0,0,0,0,0,0,0,0,0,0,0,0,0,0,0,0,0,0,0,0,0,0,0,0,0,0,0,0,0,0,0,0,0,0,0,0,0,0,0,0,0,0,0,0,0,0,0,0,0,0,0,0,0,0,0,0,0,0,0,0,0,0,0,0,0,0,0,0,0,0,0,0,0,0,0,0,0,0,0,0,0,0,0,0,0,0,0,0,0,0,349,259,275,106,48,1027,0,0,0,0,0,0,0,0,0,0,0,0,8,5,0,0,0,12,193,128,112,41,11,490,156,108,152,55,34,509,4,0,0,0,0,5,368,243,265,95
801071089,0,0,0,5,0,0,0,0,0,0,0,0,0,0,0,0,0,0,0,0,0,4,0,0,0,0,0,0,0,0,0,0,0,0,0,0,0,0,0,0,0,0,0,0,0,0,0,0,0,0,0,0,0,0,0,0,0,0,0,0,0,0,0,0,0,0,0,0,0,0,0,0,0,0,0,0,0,0,0,0,0,0,0,0,0,0,0,0,0,0,0,0,0,0,0,0,0,0,0,0,0,0,0,0,0,0,0,0,0,0,0,0,0,0,0,0,0,0,0,0,0,0,0,0,0,0,0,0,0,0,0,0,0,0,0,0,0,0,0,0,0,0,0,0,0,0,0,0,0,0,0,0,0,0,0,0,0,0,0,4,0,0,0,0,0,0,0,0,0,0,0,0,0,0,0,0,0,0,0,0,0,0,0,0,0,0,0,0,0,3,0,0,0,0,0,0,0,0,0,0
801071090,198,41,10,874,413,190,259,125,67,1048,4,6,9,5,0,21,856,404,466,174,85,1981,0,0,0,0,0,0,8,0,0,0,0,8,33,14,6,0,0,56,6,8,0,0,0,21,0,0,0,0,0,3,0,0,0,0,0,5,56,23,12,4,0,92,0,0,0,0,0,0,0,0,0,0,0,0,5,0,0,0,0,5,0,0,0,0,0,0,0,0,0,0,0,0,0,0,0,0,0,0,0,0,0,0,0,0,0,0,0,0,0,0,0,0,0,0,0,0,0,0,0,0,0,0,0,0,0,0,0,0,0,0,0,0,0,3,0,0,0,0,0,0,0,0,0,0,0,3,0,0,0,0,0,4,918,433,476,178,83,2083,0,0,0,0,0,0,5,0,0,0,0,9,15,9,0,0,0,20,394,219,177,62,14,865,440,216,295,144,71,1159,0,0,0,3,0,9,855,445,481,203
801071132,0,0,0,0,0,0,0,0,0,0,0,0,0,0,0,0,0,0,0,0,0,0,0,0,0,0,0,0,0,0,0,0,0,0,0,0,0,0,0,0,0,0,0,0,0,0,0,0,0,0,0,0,0,0,0,0,0,0,0,0,0,0,0,0,0,0,0,0,0,0,0,0,0,0,0,0,0,0,0,0,0,0,0,0,0,0,0,0,0,0,0,0,0,0,0,0,0,0,0,0,0,0,0,0,0,0,0,0,0,0,0,0,0,0,0,0,0,0,0,0,0,0,0,0,0,0,0,0,0,0,0,0,0,0,0,0,0,0,0,0,0,0,0,0,0,0,0,0,0,0,0,0,0,0,0,0,0,0,0,0,0,0,0,0,0,0,0,0,0,0,0,0,0,0,0,0,0,0,0,0,0,0,0,0,0,0,0,0,0,0,0,0,0,0,0,0,0,0,0,0
801081091,24,8,0,132,199,124,158,78,26,584,4,0,0,0,0,3,282,152,184,83,26,728,0,0,0,0,0,0,0,0,0,0,0,0,10,0,0,0,0,14,3,0,0,0,0,10,0,0,0,0,0,0,0,0,0,0,0,0,18,3,0,0,0,22,0,0,0,0,0,0,0,0,0,0,0,0,0,0,0,0,0,3,4,0,0,0,0,4,0,0,0,0,0,0,0,0,0,0,0,0,8,0,0,0,0,9,0,0,0,0,0,0,0,0,0,0,0,0,0,0,0,0,0,0,0,0,0,0,0,0,0,0,0,0,0,0,0,0,0,0,0,0,0,0,0,0,0,0,0,0,0,0,0,0,308,156,191,83,26,760,0,0,0,0,0,0,0,0,0,0,0,0,10,0,0,0,0,12,71,21,24,10,0,124,254,128,173,81,20,651,0,0,0,0,0,5,334,153,203,89
801081092,63,23,7,304,149,99,142,60,22,470,3,0,0,0,0,12,307,172,207,79,31,799,0,0,0,0,0,0,0,0,0,0,0,0,10,0,0,0,0,7,19,4,3,0,0,25,0,0,0,0,0,0,0,0,0,0,0,0,29,4,4,0,0,37,0,0,0,0,0,0,0,0,0,0,0,0,8,0,0,0,0,12,0,0,0,0,0,3,0,0,0,0,0,0,0,0,0,0,0,0,10,0,6,0,0,23,0,0,0,0,0,0,0,0,0,0,0,0,0,0,0,0,0,0,0,0,0,0,0,0,0,0,0,0,0,0,0,0,0,0,0,0,0,0,0,0,0,0,0,0,0,0,0,0,351,179,218,83,28,857,0,0,0,0,0,0,0,0,0,0,0,0,11,0,0,0,0,11,147,64,67,11,3,298,181,109,167,75,28,560,4,3,3,0,0,9,343,182,241,82
801081093,73,11,0,307,110,83,109,56,25,382,0,0,0,0,0,7,287,142,189,70,29,715,0,0,0,0,0,0,0,0,0,0,0,0,20,0,0,0,0,21,9,7,5,0,0,18,0,0,3,0,0,5,0,0,0,0,0,0,29,9,3,0,0,42,0,0,0,0,0,0,0,0,0,0,0,0,0,0,0,0,0,4,3,0,0,0,0,0,0,0,0,0,0,0,0,0,0,0,0,0,8,3,0,0,0,10,0,0,0,0,0,0,0,0,0,0,0,0,0,0,0,0,0,0,0,0,0,0,0,0,0,0,0,0,0,0,0,0,0,0,0,0,0,0,0,0,0,0,0,0,0,0,0,0,323,153,192,70,29,765,0,0,0,0,0,0,4,0,0,0,0,4,11,5,4,0,0,28,151,75,67,15,3,305,139,72,131,77,20,440,0,3,0,0,0,10,305,154,200,89
801081094,59,15,5,269,122,53,91,43,16,323,5,0,0,0,0,5,286,103,149,55,19,613,0,0,0,0,0,0,0,0,0,0,0,0,25,11,4,0,0,30,40,13,6,6,0,59,0,0,0,0,0,0,0,0,0,0,0,0,59,21,3,6,0,91,0,0,0,0,0,0,0,0,0,0,0,0,0,0,0,0,0,4,8,4,0,0,0,7,0,0,3,0,4,9,0,0,0,0,0,0,12,3,3,0,4,19,0,0,0,0,0,0,0,0,0,0,0,0,0,0,0,0,0,0,0,0,0,0,0,4,0,0,0,0,0,4,0,0,0,0,0,0,6,4,8,0,0,11,0,0,0,0,0,0,359,122,164,58,24,732,0,0,0,0,0,0,0,0,0,0,0,0,9,3,0,0,0,15,145,55,50,14,0,263,132,72,114,43,10,379,5,0,0,0,0,5,291,135,162,55
801081095,81,30,10,447,108,67,87,42,11,318,4,0,0,0,0,4,360,168,170,72,25,795,0,0,0,0,0,0,0,0,0,0,0,0,19,6,0,0,0,20,15,13,9,0,0,32,0,0,0,0,0,0,0,0,0,0,0,0,40,13,9,0,0,56,0,0,0,0,0,0,0,0,0,0,0,0,0,0,0,0,0,0,0,0,0,0,0,0,0,0,0,0,0,0,0,0,0,0,0,0,0,0,0,0,0,0,0,0,0,0,0,0,0,0,0,0,0,0,0,0,0,0,0,0,0,0,0,0,0,0,0,0,0,0,0,0,0,0,0,0,0,0,0,0,0,0,0,0,0,0,0,0,0,0,394,187,175,74,25,854,0,0,0,0,0,0,0,0,0,0,0,0,12,0,0,0,0,20,218,107,114,22,3,461,138,66,94,52,18,373,0,0,3,0,0,6,367,176,211,80
801081096,28,9,6,156,123,55,82,32,19,313,5,0,0,0,0,5,216,90,113,41,19,481,0,0,0,0,0,0,3,0,0,0,0,3,12,6,0,0,0,17,17,8,6,3,0,37,3,0,3,5,0,14,0,0,0,0,0,0,40,14,13,9,0,68,0,0,0,0,0,0,0,0,0,0,0,0,0,0,0,0,0,0,0,0,0,0,0,0,0,0,0,0,0,0,0,0,0,0,0,0,0,0,0,0,0,0,0,0,0,0,0,0,0,0,0,0,0,0,0,0,0,0,0,0,0,0,0,0,0,0,0,0,0,0,0,0,0,0,0,0,0,0,0,0,0,0,0,0,0,0,0,0,0,0,256,103,123,46,20,552,0,0,0,0,0,0,0,0,0,0,0,0,3,0,0,0,0,6,92,30,16,13,6,160,121,67,88,43,19,343,4,0,0,0,0,4,213,103,111,59
801081097,64,10,6,292,90,61,84,29,15,276,3,0,0,0,0,8,249,136,145,42,20,594,0,0,0,0,0,0,0,0,0,0,0,0,28,8,4,3,0,41,17,11,4,0,0,35,0,0,3,0,0,3,0,3,0,0,0,3,52,17,12,6,0,82,0,0,0,0,0,0,0,0,0,0,0,6,0,0,0,0,0,0,0,0,4,0,0,6,0,0,0,0,0,0,0,0,0,0,0,0,6,0,4,0,0,9,0,0,0,0,0,0,0,0,0,0,0,0,0,0,0,0,0,0,0,0,0,0,0,0,0,0,0,0,0,0,0,0,0,0,0,0,0,0,0,0,0,0,0,0,0,0,0,0,305,159,157,48,22,686,0,0,0,0,0,0,3,0,0,0,0,3,20,0,3,0,0,26,148,81,57,5,6,297,101,59,95,53,13,319,0,0,0,0,0,0,268,141,156,60
801081098,69,16,5,329,168,93,127,48,19,455,9,0,4,0,0,12,357,170,201,64,26,816,0,0,0,0,0,0,6,0,0,0,0,6,20,6,5,0,0,32,27,15,10,0,0,49,8,0,3,0,0,11,0,0,0,0,0,0,65,20,13,0,0,97,0,0,0,0,0,0,0,0,0,0,0,0,0,0,0,0,0,4,0,0,0,0,0,0,0,0,0,0,0,0,0,0,0,0,0,0,7,0,0,0,0,11,0,0,0,0,0,0,0,0,0,0,0,0,0,0,0,0,0,0,0,0,0,0,0,0,0,0,0,0,0,0,0,0,0,0,0,0,0,0,0,0,0,0,0,0,0,0,0,6,427,188,213,66,25,925,0,0,0,0,0,0,0,3,0,0,0,3,13,6,0,0,0,15,168,56,68,17,8,314,178,114,151,61,26,532,0,0,0,0,0,4,359,178,221,85
801081133,0,0,0,0,0,0,0,0,0,0,0,0,0,0,0,0,0,0,0,0,0,0,0,0,0,0,0,0,0,0,0,0,0,0,0,0,0,0,0,0,0,0,0,0,0,0,0,0,0,0,0,0,0,0,0,0,0,0,0,0,0,0,0,0,0,0,0,0,0,0,0,0,0,0,0,0,0,0,0,0,0,0,0,0,0,0,0,0,0,0,0,0,0,0,0,0,0,0,0,0,0,0,0,0,0,0,0,0,0,0,0,0,0,0,0,0,0,0,0,0,0,0,0,0,0,0,0,0,0,0,0,0,0,0,0,0,0,0,0,0,0,0,0,0,0,0,0,0,0,0,0,0,0,0,0,0,0,0,0,0,0,0,0,0,0,0,0,0,0,0,0,0,0,0,0,0,0,0,0,0,0,0,0,0,0,0,0,0,0,0,0,0,0,0,0,0,0,0,0,0
801091099,44,11,10,276,65,49,69,24,11,211,0,0,0,0,0,8,226,116,112,40,18,507,4,0,0,0,0,4,3,0,0,0,0,4,35,16,5,0,0,55,18,3,10,0,0,36,0,0,0,0,0,11,0,0,0,0,0,4,62,20,17,4,0,104,0,0,0,0,0,0,0,0,0,0,0,3,6,15,0,0,0,25,0,0,0,0,0,4,0,0,0,0,0,0,0,0,0,0,0,0,9,19,4,0,0,29,0,0,0,0,0,0,0,0,0,0,0,0,0,0,0,0,0,0,0,0,0,0,0,0,0,0,0,0,0,0,0,0,0,0,0,0,0,0,0,0,0,0,0,0,0,0,0,0,300,154,130,46,20,645,0,0,0,0,0,0,0,0,0,0,0,0,9,0,0,0,0,13,130,65,45,13,11,265,70,60,64,38,9,241,3,0,0,0,0,3,216,128,113,49
801091100,105,17,4,501,199,136,212,112,19,682,8,3,6,4,0,15,481,264,328,130,24,1229,0,0,0,0,0,0,0,0,0,0,0,0,0,0,0,0,0,0,14,7,9,0,0,35,4,0,11,0,0,12,0,0,0,0,0,0,21,7,16,0,0,51,0,0,0,0,0,0,10,3,0,0,0,21,38,24,13,0,0,73,0,3,0,0,0,4,0,0,0,0,0,0,0,0,0,0,0,0,55,28,18,0,0,101,0,0,0,0,0,0,0,0,0,0,0,0,0,0,0,0,0,0,0,0,0,0,0,0,0,0,0,0,0,0,0,0,0,0,0,0,0,0,0,0,0,0,0,0,0,0,0,0,563,302,353,130,24,1379,0,0,0,0,0,0,6,0,0,0,0,6,28,5,0,0,0,31,249,105,102,17,6,480,247,150,276,108,23,813,0,4,0,0,0,7,523,266,377,131
801091101,53,6,0,210,187,123,145,76,22,558,4,0,5,0,0,9,299,180,204,80,26,788,0,0,0,0,0,0,6,0,0,0,0,6,36,12,3,0,0,50,20,12,7,0,0,33,0,0,0,0,0,0,0,0,0,0,0,0,58,18,13,4,3,96,0,0,0,0,0,0,0,0,0,0,0,0,10,0,0,0,0,10,0,0,0,0,0,3,0,0,0,0,0,0,0,0,0,0,0,0,14,0,0,0,0,13,0,0,0,0,0,0,0,0,0,0,0,0,0,0,0,0,0,0,0,0,0,0,0,0,0,0,0,0,0,0,0,0,0,0,0,0,0,0,0,0,0,0,0,0,0,0,0,0,373,195,211,86,30,898,0,0,0,0,0,0,4,0,0,0,0,0,4,3,0,0,0,9,103,41,40,8,3,201,200,135,184,71,38,623,3,0,0,0,0,9,311,184,226,79
801091102,43,17,6,179,117,72,108,65,15,370,4,0,0,0,0,9,209,105,150,81,20,568,0,0,0,0,0,0,5,0,0,0,0,4,23,13,11,5,4,49,32,16,19,6,0,83,6,0,0,0,0,18,0,0,0,0,0,0,70,34,31,5,5,147,0,0,0,0,0,0,4,0,0,0,0,3,18,10,11,0,0,38,30,18,19,6,0,70,0,0,0,0,0,6,0,0,0,0,0,0,53,29,28,9,0,116,0,0,0,0,0,0,0,0,0,0,0,0,0,0,0,0,0,0,0,0,0,0,0,0,0,0,0,0,0,0,0,0,0,0,0,0,0,0,0,0,0,0,0,0,0,0,0,0,333,169,213,97,26,836,0,0,0,0,0,0,0,0,0,0,0,5,3,0,0,0,0,9,82,46,38,16,9,183,146,73,129,65,21,437,0,3,0,0,0,0,232,125,169,82
801091103,49,16,0,221,104,75,104,60,11,356,0,0,5,0,0,7,227,129,153,74,18,609,0,0,0,0,0,0,0,0,0,0,0,0,21,3,0,0,0,25,27,15,8,0,0,50,0,0,0,0,0,7,0,0,0,0,0,0,48,15,8,0,0,79,0,0,0,0,0,0,10,6,0,0,0,7,11,3,4,0,0,21,4,0,0,0,0,7,0,0,0,0,0,0,0,0,0,0,0,0,24,7,9,0,0,36,0,0,0,0,0,0,0,0,0,0,0,0,0,0,0,0,0,0,0,0,0,0,0,0,0,0,0,0,0,0,0,0,0,0,0,0,0,0,0,0,0,0,0,0,0,0,0,4,300,159,168,80,18,722,0,0,0,0,0,0,8,0,0,0,0,5,8,4,0,0,0,11,100,48,56,13,4,217,132,89,133,59,20,429,0,0,0,0,0,0,245,141,188,74
801091104,17,3,4,152,150,95,90,46,18,390,3,0,0,0,0,11,269,120,110,50,17,570,0,0,0,0,0,0,0,0,0,0,0,0,4,0,0,0,0,6,39,23,16,5,0,79,5,3,10,0,4,19,0,0,0,0,0,0,46,27,24,9,4,110,0,0,0,0,0,0,0,0,0,0,0,0,0,0,0,0,0,0,0,0,0,0,0,0,0,0,0,0,0,0,0,0,0,0,0,0,0,0,0,0,0,0,0,0,0,0,0,0,0,0,0,0,0,0,0,0,0,0,0,0,0,0,0,0,0,0,0,0,0,0,0,0,0,0,0,0,0,0,0,0,0,0,0,0,0,0,0,0,0,0,314,152,126,61,21,685,0,0,0,0,0,0,0,0,0,0,0,0,15,0,0,0,0,11,93,21,20,8,5,152,188,96,94,31,15,429,0,0,0,0,0,0,302,121,117,36
801091105,49,9,3,218,52,38,71,36,22,225,4,0,0,0,0,5,177,91,120,53,21,461,0,0,0,0,0,0,0,0,0,0,0,5,34,11,0,0,3,46,17,5,6,0,0,24,3,0,0,0,0,4,0,0,0,0,0,0,53,20,10,6,5,87,0,0,0,0,0,0,33,4,0,0,0,39,68,25,12,5,0,103,35,0,0,0,0,40,0,0,0,0,0,0,3,0,0,0,0,0,138,27,15,7,0,180,0,0,0,0,0,0,0,0,0,0,0,0,0,0,0,0,0,0,0,0,0,0,0,0,0,0,0,0,0,0,0,0,0,0,0,0,0,0,0,0,0,0,0,0,0,0,0,0,372,137,143,57,27,740,0,0,0,0,0,0,0,0,0,0,0,0,10,0,3,0,0,18,95,56,49,12,3,222,65,58,99,30,20,272,0,0,0,0,0,0,178,116,154,44
801091106,45,11,3,242,106,64,75,43,14,299,0,0,0,0,0,0,248,107,122,54,23,558,0,0,0,0,0,0,3,0,0,0,0,4,18,15,0,4,0,33,50,23,23,5,6,113,3,5,3,0,0,9,0,0,0,0,0,0,85,44,26,11,6,164,0,0,0,0,0,0,23,7,0,0,0,28,42,31,12,4,0,87,0,0,0,0,0,0,0,0,0,0,0,0,0,0,0,0,0,0,68,40,14,3,0,124,0,0,0,0,0,0,0,0,0,0,0,0,0,0,0,0,0,0,0,0,0,0,0,0,0,0,0,0,0,0,0,0,0,0,0,0,0,0,0,0,0,0,0,0,0,0,0,6,401,190,160,70,26,851,0,0,0,0,0,0,0,0,0,0,0,0,13,0,0,0,0,12,138,40,33,15,9,228,123,56,104,41,12,328,4,0,0,0,0,5,276,99,136,48
801091107,0,0,0,16,85,37,60,19,25,229,0,0,0,0,0,0,101,41,61,19,25,253,0,0,0,0,0,0,0,0,0,0,0,0,0,0,0,0,0,0,0,0,0,0,0,0,0,0,4,0,3,4,0,0,0,0,0,0,5,0,4,0,5,10,0,0,0,0,0,0,0,0,0,0,0,0,0,0,0,0,0,0,0,0,0,0,0,0,0,0,0,0,0,0,0,0,0,0,0,0,0,0,0,0,0,0,0,0,0,0,0,0,0,0,0,0,0,0,0,0,0,0,0,0,0,0,0,0,0,0,0,0,0,0,0,0,0,0,0,0,0,0,0,0,0,0,0,0,0,0,0,0,0,0,111,42,62,19,30,263,0,0,0,0,0,0,0,0,0,0,0,0,4,0,0,0,0,4,19,0,3,0,0,24,94,55,42,25,23,232,3,0,0,0,0,0,117,59,44,25
801091108,47,10,0,185,96,56,98,52,14,316,0,0,0,0,0,0,201,81,143,63,19,510,0,0,0,0,0,0,4,0,0,0,0,4,49,7,7,0,0,68,39,5,8,6,0,59,0,0,0,0,4,6,0,0,0,0,0,4,92,15,12,3,4,141,0,0,0,0,0,0,0,0,0,0,0,0,7,4,4,0,0,13,0,0,0,0,0,0,0,0,0,0,0,0,0,0,0,0,0,0,10,4,4,0,0,16,0,0,0,0,0,0,0,0,0,0,0,0,0,0,0,0,0,0,0,0,0,0,0,0,0,0,0,0,0,0,0,0,0,0,0,0,0,0,0,0,0,0,0,0,0,0,0,0,306,106,164,71,25,663,0,0,0,0,0,0,4,0,0,0,0,3,0,0,0,0,0,0,75,33,36,13,7,158,105,83,107,48,20,369,0,0,0,0,0,0,187,123,143,59
801091109,0,0,0,3,0,0,0,0,0,0,0,0,0,0,0,0,0,0,0,0,0,3,0,0,0,0,0,0,27,16,4,0,0,48,61,29,23,9,3,127,80,31,25,5,6,152,0,3,3,0,0,6,0,0,0,0,0,4,179,79,56,16,11,336,0,0,0,0,0,0,90,12,0,0,0,106,94,47,36,5,4,186,19,14,6,0,4,42,0,0,0,0,0,0,8,0,0,0,0,8,208,77,48,4,3,339,0,0,0,0,0,0,0,0,0,0,0,0,0,0,0,0,0,0,0,0,0,0,0,0,0,0,0,0,0,0,0,0,0,0,0,0,0,0,0,0,0,0,0,0,0,0,0,0,381,150,103,23,16,672,0,0,0,0,0,0,0,0,0,0,0,0,0,0,0,0,0,0,3,0,0,0,0,3,0,0,0,0,0,0,0,0,0,0,0,0,3,0,0,0
801091110,54,17,0,212,81,71,91,46,18,305,9,0,0,0,0,10,190,124,144,57,21,532,0,0,0,0,0,0,3,0,0,0,0,3,15,3,0,0,0,17,4,5,4,0,0,19,6,0,0,0,0,3,0,0,0,0,0,0,31,12,12,3,0,49,0,0,0,0,0,0,0,0,0,0,0,0,0,0,0,0,0,4,0,0,0,0,0,0,0,0,0,0,0,0,0,0,0,0,0,0,5,0,0,0,0,6,0,0,0,0,0,0,0,0,0,0,0,0,0,0,0,0,0,0,0,0,0,0,0,0,0,0,0,0,0,0,0,0,0,0,0,0,0,0,0,0,0,0,0,0,0,0,0,0,223,131,152,55,24,590,0,0,0,0,0,0,0,0,0,0,0,0,7,4,0,0,0,13,98,38,46,15,0,202,106,70,119,35,25,355,0,0,0,0,0,4,210,117,162,53
801101134,0,0,0,0,0,0,0,0,0,0,0,0,0,0,0,0,0,0,0,0,0,0,0,0,0,0,0,0,0,0,0,0,0,0,0,0,0,0,0,0,0,0,0,0,0,0,0,0,0,0,0,0,0,0,0,0,0,0,0,0,0,0,0,0,0,0,0,0,0,0,0,0,0,0,0,0,0,0,0,0,0,0,0,0,0,0,0,0,0,0,0,0,0,0,0,0,0,0,0,0,0,0,0,0,0,0,0,0,0,0,0,0,0,0,0,0,0,0,0,0,0,0,0,0,0,0,0,0,0,0,0,0,0,0,0,0,0,0,0,0,0,0,0,0,0,0,0,0,0,0,0,0,0,0,0,0,0,0,0,0,0,0,0,0,0,0,0,0,0,0,0,0,0,0,0,0,0,0,0,0,0,0,0,0,0,0,0,0,0,0,0,0,0,0,0,0,0,0,0,0
801101135,10,4,0,41,43,69,86,35,13,244,0,0,0,0,0,4,68,81,92,36,13,288,0,0,0,0,0,0,3,0,0,0,0,3,10,0,0,0,0,8,62,26,9,0,0,102,26,14,24,4,0,62,3,0,0,0,0,3,95,43,33,7,0,172,0,0,0,0,0,0,0,0,0,0,0,0,3,9,0,0,0,15,0,0,0,0,0,0,0,0,0,0,0,0,0,0,0,0,0,0,3,9,0,0,0,15,0,0,0,0,0,0,0,0,0,0,0,0,0,0,0,0,0,0,0,0,0,0,0,0,0,0,0,0,0,0,0,0,0,0,0,0,0,0,0,0,0,0,0,0,0,0,0,0,170,131,123,43,13,479,0,0,0,0,0,0,4,0,0,0,0,4,5,0,0,0,0,8,52,42,39,13,5,153,69,77,157,54,31,391,0,5,0,0,0,6,125,126,200,70
801101136,0,0,0,0,0,0,0,0,0,0,0,0,0,0,0,0,0,0,0,0,0,0,0,0,0,0,0,0,0,0,0,0,0,0,0,0,0,0,0,0,0,0,0,0,0,0,0,0,0,0,0,0,0,0,0,0,0,0,0,0,0,0,0,0,0,0,0,0,0,0,0,0,0,0,0,0,0,0,0,0,0,0,0,0,0,0,0,0,0,0,0,0,0,0,0,0,0,0,0,0,0,0,0,0,0,0,0,0,0,0,0,0,0,0,0,0,0,0,0,0,0,0,0,0,0,0,0,0,0,0,0,0,0,0,0,0,0,0,0,0,0,0,0,0,0,0,0,0,0,0,0,0,0,0,0,0,0,0,0,0,0,0,0,0,0,0,0,0,0,0,0,0,0,0,0,0,0,0,15,19,8,5,3,40,72,100,153,51,24,404,0,0,0,0,0,0,86,118,160,57
801101137,0,0,0,0,0,0,0,0,0,0,0,0,0,0,0,0,0,0,0,0,0,0,0,0,0,0,0,0,0,0,0,0,0,0,0,0,0,0,0,0,0,0,0,0,0,0,0,0,0,0,0,0,0,0,0,0,0,0,0,0,0,0,0,0,0,0,0,0,0,0,0,0,0,0,0,0,0,0,0,0,0,0,0,0,0,0,0,0,0,0,0,0,0,0,0,0,0,0,0,0,0,0,0,0,0,0,0,0,0,0,0,0,0,0,0,0,0,0,0,0,0,0,0,0,0,0,0,0,0,0,0,0,0,0,0,0,0,0,0,0,0,0,0,0,0,0,0,0,0,0,0,0,0,0,0,0,0,0,0,0,0,0,0,0,0,0,0,0,0,0,0,0,0,0,0,0,0,0,0,0,0,0,0,0,0,0,0,0,0,0,0,0,0,0,0,0,0,0,0,0
801101139,10,0,0,53,66,75,99,26,17,274,5,0,4,0,0,3,89,89,111,30,16,338,0,0,0,0,0,0,0,0,0,0,0,0,4,3,0,0,0,6,43,28,7,0,0,81,12,10,4,0,0,26,0,4,0,0,0,4,56,34,15,4,0,116,0,0,0,0,0,0,48,4,0,0,0,59,118,33,6,0,0,162,20,11,8,0,0,40,0,0,0,0,0,0,0,0,0,0,0,0,179,54,22,5,0,262,0,0,0,0,0,0,0,0,0,0,0,0,0,0,0,0,0,0,0,0,0,0,0,0,0,0,0,0,0,0,0,0,0,0,0,0,0,0,0,0,0,0,0,0,0,0,0,0,330,185,142,40,18,715,0,0,0,0,0,0,0,0,0,0,0,0,5,0,0,0,0,5,30,22,17,0,0,73,90,116,166,49,31,448,0,0,0,0,0,6,127,134,185,48
801101145,0,0,0,0,0,0,0,0,0,0,0,0,0,0,0,0,0,0,0,0,0,0,0,0,0,0,0,0,0,0,0,0,0,0,0,0,0,0,0,0,0,0,0,0,0,0,0,0,0,0,0,0,0,0,0,0,0,0,0,0,0,0,0,0,0,0,0,0,0,0,0,0,0,0,0,0,0,0,0,0,0,0,0,0,0,0,0,0,0,0,0,0,0,0,0,0,0,0,0,0,0,0,0,0,0,0,0,0,0,0,0,0,0,0,0,0,0,0,0,0,0,0,0,0,0,0,0,0,0,0,0,0,0,0,0,0,0,0,0,0,0,0,0,0,0,0,0,0,0,0,0,0,0,0,0,0,0,0,0,0,0,0,0,0,0,0,0,0,0,0,0,0,0,0,0,0,0,0,0,0,0,0,0,0,0,0,0,0,0,0,0,0,0,0,0,0,0,0,0,0
801101146,0,0,0,0,0,0,0,0,0,0,0,0,0,0,0,0,0,0,0,0,0,0,0,0,0,0,0,0,0,0,0,0,0,0,0,0,0,0,0,0,0,0,0,0,0,0,0,0,0,0,0,0,0,0,0,0,0,0,0,0,0,0,0,0,0,0,0,0,0,0,0,0,0,0,0,0,0,0,0,0,0,0,0,0,0,0,0,0,0,0,0,0,0,0,0,0,0,0,0,0,0,0,0,0,0,0,0,0,0,0,0,0,0,0,0,0,0,0,0,0,0,0,0,0,0,0,0,0,0,0,0,0,0,0,0,0,0,0,0,0,0,0,0,0,0,0,0,0,0,0,0,0,0,0,0,0,0,0,0,0,0,0,0,0,0,0,0,0,0,0,0,0,0,0,0,0,0,0,0,0,0,0,0,0,0,0,0,0,0,0,0,0,0,0,0,0,0,0,0,0
801111140,11,4,0,43,19,19,16,16,5,78,0,0,0,0,0,0,37,30,29,18,7,123,0,0,0,0,0,0,0,0,0,0,0,0,0,0,0,0,0,0,0,0,0,0,0,0,0,0,0,0,0,0,0,0,0,0,0,0,0,0,0,0,0,0,0,0,0,0,0,0,0,0,0,0,0,0,0,0,0,0,0,0,0,0,0,0,0,0,0,0,0,0,0,0,0,0,0,0,0,0,0,0,0,0,0,0,0,0,0,0,0,0,0,0,0,0,0,0,0,0,0,0,0,0,0,0,0,0,0,0,0,0,0,0,0,0,0,0,0,0,0,0,0,0,0,0,0,0,0,0,0,0,0,0,41,30,29,18,5,126,0,0,0,0,0,0,0,0,0,0,0,0,5,0,0,0,0,9,21,9,10,0,3,48,20,12,25,14,11,75,0,0,0,0,0,4,49,27,38,14
801111141,0,0,0,9,0,0,0,0,0,3,0,0,0,0,0,0,7,0,0,0,0,8,0,0,0,0,0,0,0,0,0,0,0,0,0,0,0,0,0,0,0,0,0,0,0,0,0,0,0,0,0,0,0,0,0,0,0,0,0,0,0,0,0,0,0,0,0,0,0,0,0,0,0,0,0,0,0,0,0,0,0,0,0,0,0,0,0,0,0,0,0,0,0,0,0,0,0,0,0,0,0,0,0,0,0,0,0,0,0,0,0,0,0,0,0,0,0,0,0,0,0,0,0,0,0,0,0,0,0,0,0,0,0,0,0,0,0,0,0,0,0,0,0,0,0,0,0,0,0,0,0,0,0,0,7,0,0,0,0,8,0,0,0,0,0,0,0,0,0,0,0,0,0,0,4,0,0,8,0,0,0,0,0,8,3,0,0,0,0,4,0,0,0,0,0,0,4,0,4,0
897979799,0,0,0,0,0,0,0,0,0,0,0,0,0,0,0,0,0,0,0,0,0,0,0,0,0,0,0,0,0,0,0,0,0,0,0,0,0,0,0,0,0,0,0,0,0,0,0,0,0,0,0,0,0,0,0,0,0,0,0,0,0,0,0,0,0,0,0,0,0,0,0,0,0,0,0,0,0,0,0,0,0,0,0,0,0,0,0,0,0,0,0,0,0,0,0,0,0,0,0,0,0,0,0,0,0,0,0,0,0,0,0,0,0,0,0,0,0,0,0,0,0,0,0,0,0,0,0,0,0,0,0,0,0,0,0,0,0,0,0,0,0,0,0,0,0,0,0,0,0,0,0,0,0,0,0,0,0,0,0,0,0,0,0,0,0,0,0,0,0,0,0,0,0,0,0,0,0,0,0,0,0,0,0,0,0,0,0,0,0,0,0,0,0,0,0,0,0,0,0,0
899999499,0,0,0,0,0,0,0,0,0,0,0,0,0,0,0,0,0,0,0,0,0,0,0,0,0,0,0,0,0,0,0,0,0,0,0,0,0,0,0,0,0,0,0,0,0,0,0,0,0,0,0,0,0,0,0,0,0,0,0,0,0,0,0,0,0,0,0,0,0,0,0,0,0,0,0,0,0,0,0,0,0,0,0,0,0,0,0,0,0,0,0,0,0,0,0,0,0,0,0,0,0,0,0,0,0,0,0,0,0,0,0,0,0,0,0,0,0,0,0,0,0,0,0,0,0,0,0,0,0,0,0,0,0,0,0,0,0,0,0,0,0,0,0,0,0,0,0,0,0,0,0,0,0,0,0,0,0,0,0,0,0,0,0,0,0,0,0,0,0,0,0,0,0,0,0,0,0,0,0,0,0,0,0,0,0,0,0,0,0,0,0,0,0,0,0,0,0,0,0,0
