SA2_CODE_2021,C21_Aus_Bplace_NS,C21_Aus_Tot_resp,C21_Aus_Ab_BP_B_OS,C21_Aus_Ab_Fa_O_B_OS,C21_Aus_Ab_Mo_O_B_OS,C21_Aus_Ab_BP_B_Aus,C21_Aus_Abor_Bplace_NS,C21_Aus_Abor_Tot_respons,C21_Chi_BP_B_OS,C21_Chi_Fa_O_B_OS,C21_Chi_Mo_O_B_OS,C21_Chi_BP_B_Aus,C21_Chi_Bplace_NS,C21_Chi_Tot_resp,C21_Cro_BP_B_OS,C21_Cro_Fa_O_B_OS,C21_Cro_Mo_O_B_OS,C21_Cro_BP_B_Aus,C21_Cro_Bplace_NS,C21_Cro_Tot_resp,C21_Dut_BP_B_OS,C21_Dut_Fa_O_B_OS,C21_Dut_Mo_O_B_OS,C21_Dut_BP_B_Aus,C21_Dut_Bplace_NS,C21_Dut_Tot_resp,C21_Eng_BP_B_OS,C21_Eng_Fa_O_B_OS,C21_Eng_Mo_O_B_OS,C21_Eng_BP_B_Aus,C21_Eng_Bplace_NS,C21_Eng_Tot_resp,C21_Fil_BP_B_OS,C21_Fil_Fa_O_B_OS,C21_Fil_Mo_O_B_OS,C21_Fil_BP_B_Aus,C21_Fil_Bplace_NS,C21_Fil_Tot_resp,C21_Fre_BP_B_OS,C21_Fre_Fa_O_B_OS,C21_Fre_Mo_O_B_OS,C21_Fre_BP_B_Aus,C21_Fre_Bplace_NS,C21_Fre_Tot_resp,C21_Ger_BP_B_OS,C21_Ger_Fa_O_B_OS,C21_Ger_Mo_O_B_OS,C21_Ger_BP_B_Aus,C21_Ger_Bplace_NS,C21_Ger_Tot_resp,C21_Gre_BP_B_OS,C21_Gre_Fa_O_B_OS,C21_Gre_Mo_O_B_OS,C21_Gre_BP_B_Aus,C21_Gre_Bplace_NS,C21_Gre_Tot_resp,C21_Hun_BP_B_OS,C21_Hun_Fa_O_B_OS,C21_Hun_Mo_O_B_OS,C21_Hun_BP_B_Aus,C21_Hun_Bplace_NS,C21_Hun_Tot_resp,C21_Ind_BP_B_OS,C21_Ind_Fa_O_B_OS,C21_Ind_Mo_O_B_OS,C21_Ind_BP_B_Aus,C21_Ind_Bplace_NS,C21_Ind_Tot_resp,C21_Iri_BP_B_OS,C21_Iri_Fa_O_B_OS,C21_Iri_Mo_O_B_OS,C21_Iri_BP_B_Aus,C21_Iri_Bplace_NS,C21_Iri_Tot_resp,C21_Ita_BP_B_OS,C21_Ita_Fa_O_B_OS,C21_Ita_Mo_O_B_OS,C21_Ita_BP_B_Aus,C21_Ita_Bplace_NS,C21_Ita_Tot_resp,C21_Kor_BP_B_OS,C21_Kor_Fa_O_B_OS,C21_Kor_Mo_O_B_OS,C21_Kor_BP_B_Aus,C21_Kor_Bplace_NS,C21_Kor_Tot_resp,C21_Leb_BP_B_OS,C21_Leb_Fa_O_B_OS,C21_Leb_Mo_O_B_OS,C21_Leb_BP_B_Aus,C21_Leb_Bplace_NS,C21_Leb_Tot_resp,C21_Mac_BP_B_OS,C21_Mac_Fa_O_B_OS,C21_Mac_Mo_O_B_OS,C21_Mac_BP_B_Aus,C21_Mac_Bplace_NS,C21_Mac_Tot_resp,C21_Mal_BP_B_OS,C21_Mal_Fa_O_B_OS,C21_Mal_Mo_O_B_OS,C21_Mal_BP_B_Aus,C21_Mal_Bplace_NS,C21_Mal_Tot_resp,C21_Mao_BP_B_OS,C21_Mao_Fa_O_B_OS,C21_Mao_Mo_O_B_OS,C21_Mao_BP_B_Aus,C21_Mao_Bplace_NS,C21_Mao_Tot_resp,C21_NZ_BP_B_OS,C21_NZ_Fa_O_B_OS,C21_NZ_Mo_O_B_OS,C21_NZ_BP_B_Aus,C21_NZ_Bplace_NS,C21_NZ_Tot_resp,C21_Pol_BP_B_OS,C21_Pol_Fa_O_B_OS,C21_Pol_Mo_O_B_OS,C21_Pol_BP_B_Aus,C21_Pol_Bplace_NS,C21_Pol_Tot_resp,C21_Rus_BP_B_OS,C21_Rus_Fa_O_B_OS,C21_Rus_Mo_O_B_OS,C21_Rus_BP_B_Aus,C21_Rus_Birthplac_ns,C21_Rus_Tot_resp,C21_Sam_BP_B_OS,C21_Sam_Fa_O_B_OS,C21_Sam_Mo_O_B_OS,C21_Sam_BP_B_Aus,C21_Sam_Birthplac_ns,C21_Sam_Tot_resp,C21_Sco_BP_B_OS,C21_Sco_Fa_O_B_OS,C21_Sco_Mo_O_B_OS,C21_Sco_BP_B_Aus,C21_Sco_Birthplac_ns,C21_Sco_Tot_resp,C21_Ser_BP_B_OS,C21_Ser_Fa_O_B_OS,C21_Ser_Mo_O_B_OS,C21_Ser_BP_B_Aus,C21_Ser_Bplace_NS,C21_Ser_Tot_resp,C21_SAf_BP_B_OS,C21_SAf_Fa_O_B_OS,C21_SAf_Mo_O_B_OS,C21_SAf_BP_B_Aus,C21_SAf_Bplace_NS,C21_SAf_Tot_resp,C21_Span_BP_B_OS,C21_Span_Fa_O_B_OS,C21_Span_Mo_O_B_OS,C21_Span_BP_B_Aus,C21_Span_Bplace_NS,C21_Span_Tot_resp,C21_SriL_BP_B_OS,C21_SriL_Fa_O_B_OS,C21_SriL_Mo_O_B_OS,C21_SriL_BP_B_Aus,C21_SriL_Bplace_NS,C21_SriL_Tot_resp,C21_Viet_BP_B_OS,C21_Viet_Fa_O_B_OS,C21_Viet_Mo_O_B_OS,C21_Viet_BP_B_Aus,C21_Viet_Bplace_NS,C21_Viet_Tot_resp,C21_Wel_BP_B_OS,C21_Wel_Fa_O_B_OS,C21_Wel_Mo_O_B_OS,C21_Wel_BP_B_Aus,C21_Wel_Bplace_NS,C21_Wel_Tot_resp,C21_Oth_BP_B_OS,C21_Oth_Fa_O_B_OS,C21_Oth_Mo_O_B_OS,C21_Oth_BP_B_Aus,C21_Oth_Bplace_NS,C21_Oth_Tot_resp,C21_Anc_ns_BP_B_OS,C21_Anc_ns_Fa_O_B_OS,C21_Anc_ns_Mo_O_B_OS,C21_Anc_ns_BP_B_Aus,C21_Anc_ns_Bplace_NS,C21_Anc_NS_Tot_resp,C21_Tot_P_BP_B_OS,C21_Tot_P_Fa_O_B_OS,C21_Tot_P_Mo_O_B_OS,C21_Tot_P_BP_B_Aus,C21_Tot_P_Bplace_NS,C21_Tot_P_Tot_resp
801011001,5,936,0,0,0,30,0,32,157,0,8,7,0,172,17,3,0,3,0,23,9,8,5,20,0,49,191,107,99,594,3,988,4,0,0,0,0,12,8,0,0,10,0,19,35,11,7,63,0,124,9,5,3,0,0,16,9,0,0,8,0,16,54,10,5,0,0,63,45,37,19,273,0,375,35,15,3,29,0,81,11,0,4,0,0,20,3,3,0,0,0,9,0,0,0,0,0,4,3,0,4,0,0,5,0,0,0,3,0,8,10,5,3,0,0,17,20,3,9,8,0,42,3,0,0,0,0,11,5,0,0,0,0,4,55,23,24,240,0,334,7,0,0,0,0,3,0,0,0,0,0,10,7,3,0,0,0,9,5,0,0,0,0,5,13,0,0,3,0,16,3,11,4,14,0,29,199,31,25,65,5,319,10,0,0,6,73,86,783,230,192,1310,92,2605
801011002,4,1690,6,3,3,117,0,127,1268,12,14,16,4,1309,13,6,3,9,0,32,39,10,8,29,0,90,388,203,192,1106,7,1886,230,5,16,0,0,257,11,0,0,12,0,28,65,24,27,157,0,265,14,11,0,27,0,52,15,3,6,3,0,19,535,4,9,3,0,550,99,46,37,483,0,663,61,18,19,71,0,172,154,0,0,0,0,165,10,0,0,9,0,20,12,3,0,0,0,11,4,8,5,21,0,39,10,3,4,0,0,20,15,4,12,4,0,34,34,8,11,23,0,75,13,4,8,6,0,32,16,0,0,0,0,16,95,60,51,434,4,642,23,0,0,6,0,37,25,0,4,0,0,28,63,3,3,3,0,76,42,0,3,3,0,49,144,0,9,0,5,156,15,0,3,20,0,41,1862,63,83,100,8,2110,68,3,0,12,391,474,4838,394,403,2443,423,8502
801011003,24,2031,3,4,8,81,0,95,772,9,23,20,0,829,24,0,0,13,0,43,35,24,19,49,0,123,381,238,197,1324,18,2148,97,0,14,0,0,116,25,6,7,17,0,50,68,31,18,176,0,292,25,10,5,36,0,81,8,12,5,11,0,27,418,10,0,3,0,428,96,40,43,552,0,732,71,29,13,100,0,217,61,0,0,0,0,66,13,0,0,5,0,24,11,0,0,4,0,13,5,4,0,15,0,28,7,4,3,0,0,12,20,11,3,4,0,39,40,6,6,19,0,71,26,0,0,7,0,37,12,4,5,0,3,17,94,56,71,476,0,694,15,0,0,8,0,23,29,0,8,0,0,40,38,3,6,9,0,45,51,0,0,0,0,56,139,0,12,3,0,153,13,5,0,21,0,39,1276,85,83,108,4,1559,50,0,0,21,242,316,3418,473,418,2920,289,7520
801011004,4,1078,0,8,5,109,8,126,56,3,0,8,3,73,9,0,0,4,0,17,23,12,11,15,0,61,139,138,91,737,15,1123,68,0,15,5,0,89,6,5,0,6,0,18,37,12,10,83,0,147,15,5,0,8,0,22,3,6,0,0,0,8,54,0,0,0,0,51,26,24,28,281,0,356,42,6,11,34,0,92,3,0,0,6,0,11,11,0,0,0,0,6,0,0,0,0,0,4,0,0,0,3,0,11,11,0,3,0,0,22,11,5,0,4,0,24,9,3,4,8,0,20,10,4,0,3,0,16,7,0,0,0,0,3,35,37,18,210,0,299,7,0,0,0,0,10,8,3,0,0,0,8,21,0,0,3,0,25,0,0,0,0,0,0,32,0,0,0,0,32,7,0,0,17,0,22,364,32,38,60,8,496,21,0,0,26,113,161,868,235,188,1621,141,3055
801011005,0,1017,0,0,0,26,0,26,77,5,7,18,0,104,16,0,3,5,0,27,23,12,5,13,0,58,247,155,116,663,4,1181,20,0,9,0,0,26,17,7,3,14,0,41,47,19,19,75,0,155,28,7,4,14,0,55,12,4,0,7,0,20,45,0,0,3,0,47,56,49,25,327,0,455,33,16,3,32,0,88,12,0,0,0,0,10,3,0,0,3,0,12,3,0,0,0,0,3,0,0,0,8,0,11,9,5,0,0,0,17,8,6,4,0,0,14,21,0,4,17,0,44,17,3,4,3,0,31,0,0,0,0,0,0,60,33,44,265,0,402,7,0,0,0,0,13,9,6,0,0,0,13,14,0,0,0,0,14,14,0,0,0,0,18,6,0,11,3,0,15,12,3,6,19,0,39,247,42,51,54,4,392,7,4,0,9,96,113,845,293,235,1480,104,2965
801011006,6,2835,5,14,9,187,0,210,144,3,25,15,0,190,43,9,9,23,0,93,45,12,12,56,0,123,361,239,209,1691,8,2503,103,0,18,14,0,128,17,0,0,17,0,40,67,35,27,185,0,311,25,15,3,33,0,75,17,0,6,13,0,36,233,10,5,0,0,253,70,54,39,571,0,731,73,24,19,97,0,215,5,0,6,0,0,18,22,11,0,4,0,34,17,3,0,0,0,16,8,4,4,22,0,34,0,0,0,0,0,8,11,14,16,15,0,55,47,9,3,26,0,91,10,7,7,10,0,34,16,0,0,0,0,21,84,60,51,479,0,683,17,4,0,0,0,27,8,0,5,0,0,13,28,3,5,6,0,36,28,0,0,0,0,34,93,0,0,0,0,94,19,4,3,12,0,42,891,72,91,123,0,1174,27,0,3,33,175,247,2197,515,473,3888,195,7265
801011007,12,2151,0,3,5,94,0,108,158,14,19,22,0,215,67,9,4,40,0,119,41,18,10,23,0,94,277,212,163,1315,6,1978,45,0,3,0,0,54,11,3,3,15,0,26,75,26,28,162,0,293,37,4,6,26,0,69,16,7,0,7,0,28,99,10,0,7,0,120,73,51,30,591,0,745,96,25,17,85,0,216,24,0,0,0,0,24,3,0,0,5,0,11,5,0,4,3,0,14,6,3,0,3,0,15,9,0,8,5,0,22,13,8,0,4,0,21,34,7,5,19,0,66,15,0,0,8,0,24,9,5,0,4,0,21,76,60,44,453,3,633,15,5,0,0,0,13,16,4,0,0,0,15,24,0,0,13,0,30,12,0,0,0,0,18,51,3,10,0,0,65,16,9,8,26,0,58,434,68,66,87,0,665,25,0,0,31,107,161,1482,435,344,3138,125,5531
801011008,0,1446,4,4,0,78,0,91,264,0,8,10,0,293,55,15,0,19,0,90,32,14,9,29,0,86,281,142,105,927,6,1457,87,0,9,0,0,102,18,5,6,12,0,34,50,19,14,103,0,182,24,0,7,19,0,49,12,3,0,12,0,28,168,3,3,0,0,177,59,54,32,404,0,540,97,13,15,67,0,193,9,0,0,0,0,9,14,0,0,7,0,20,13,0,0,0,0,16,3,4,0,4,0,12,9,0,0,0,0,9,10,4,4,7,0,24,26,4,8,7,0,47,19,0,0,4,0,22,0,0,0,0,0,4,66,55,22,289,0,435,15,0,0,4,0,22,11,0,0,0,0,14,20,5,0,0,0,26,14,0,0,0,0,16,207,7,11,0,3,224,9,8,4,15,0,33,624,55,40,79,11,807,47,0,5,7,123,186,1997,327,260,2060,147,4781
801011009,4,1379,0,9,0,78,0,81,72,3,3,6,0,89,22,4,0,10,0,43,25,15,13,29,0,86,196,155,116,987,0,1458,28,0,6,0,0,34,15,0,0,3,0,16,38,23,10,97,0,170,19,3,0,19,0,43,9,3,0,4,0,18,61,0,0,8,0,66,74,30,28,402,0,537,45,12,14,65,4,139,4,0,4,0,0,6,0,0,3,0,0,9,9,0,0,0,0,9,5,3,0,11,0,19,7,0,0,0,0,10,19,5,11,10,0,40,19,9,3,12,0,47,11,0,0,0,0,12,10,0,0,0,0,10,47,36,25,300,0,400,12,0,0,0,0,14,9,0,0,0,0,17,15,3,7,5,0,32,0,0,0,0,0,0,27,0,3,0,0,31,13,11,5,28,0,53,318,55,33,68,0,478,4,3,0,11,94,114,927,304,223,2110,104,3671
801011010,0,891,0,3,0,35,0,41,27,0,0,4,0,34,3,0,0,10,0,17,15,11,4,19,0,42,159,90,89,594,5,935,7,0,3,5,0,16,0,4,0,0,0,5,46,14,8,65,0,128,12,9,0,8,0,27,0,0,0,0,0,3,14,0,0,0,0,23,39,28,14,223,0,298,7,12,0,12,0,40,7,0,0,0,0,9,0,0,0,0,0,0,0,0,0,0,0,4,0,0,0,0,0,3,3,0,0,0,0,8,7,3,0,3,0,11,15,5,0,5,0,21,5,0,0,0,0,3,0,0,0,0,0,9,51,18,15,197,0,285,8,0,0,0,0,8,4,0,0,0,0,4,5,0,0,0,0,3,4,0,0,0,0,8,5,0,0,3,0,14,4,4,0,14,0,26,134,32,22,40,5,236,0,0,0,13,41,53,460,192,151,1277,49,2126
801011011,3,1200,5,0,8,66,0,80,107,3,9,8,0,127,39,0,0,14,0,57,28,13,6,23,0,66,188,120,88,762,4,1166,27,0,0,0,0,34,13,0,0,5,0,24,48,16,12,110,0,191,37,0,5,17,0,66,7,6,3,0,0,16,45,3,0,0,0,48,31,27,24,343,3,431,71,11,7,70,0,167,29,0,5,0,0,29,6,0,0,4,0,13,5,0,0,3,0,16,3,4,0,0,0,4,0,0,0,0,0,4,16,9,5,0,0,25,25,4,4,17,0,43,0,0,0,3,0,8,7,0,3,0,0,11,41,41,23,271,0,382,9,5,0,0,0,19,4,0,0,0,0,6,14,0,0,11,0,26,19,0,0,0,0,19,18,0,3,0,0,26,11,0,0,5,0,25,294,32,44,73,3,445,8,0,0,20,93,120,973,248,212,1832,113,3372
801011012,0,0,0,0,0,0,0,0,0,0,0,0,0,0,0,0,0,0,0,0,0,0,0,0,0,0,0,0,0,0,0,0,0,0,0,0,0,0,0,0,0,0,0,0,0,0,0,0,0,0,0,0,0,0,0,0,0,0,0,0,0,0,0,0,0,0,0,0,0,0,0,0,0,0,0,0,0,0,0,0,0,0,0,0,0,0,0,0,0,0,0,0,0,0,0,0,0,0,0,0,0,0,0,0,0,0,0,0,0,0,0,0,0,0,0,0,0,0,0,0,0,0,0,0,0,0,0,0,0,0,0,0,0,0,0,0,0,3,0,3,0,0,0,0,0,0,0,0,0,0,0,0,0,0,0,0,0,0,0,0,0,0,0,0,0,0,0,0,0,0,0,0,0,0,0,0,0,0,0,0,0,0,0,0,0,0,0,0,0,0,0,3,0,3
801011013,4,1002,0,5,3,26,5,34,104,7,10,8,0,123,17,0,4,8,0,30,15,5,9,16,0,38,182,93,97,727,6,1111,16,0,3,5,0,27,13,0,0,8,0,16,40,11,5,90,0,145,43,0,3,16,0,62,8,0,0,5,0,23,75,0,0,4,0,79,39,23,17,317,0,398,40,12,9,54,0,114,8,0,0,0,0,7,0,3,0,0,0,3,0,0,0,0,0,0,0,0,4,4,0,9,0,0,0,0,0,7,5,6,0,4,0,11,10,0,0,13,0,28,0,0,0,4,0,9,0,0,0,0,0,0,72,32,28,270,0,398,3,3,0,0,0,6,5,0,0,0,0,4,7,0,0,4,0,12,7,0,3,0,0,7,47,3,0,3,0,51,5,3,5,23,0,44,343,37,37,56,0,484,17,0,0,4,89,112,941,213,188,1563,112,3008
801011014,7,1206,0,0,0,72,0,80,90,0,0,6,0,97,16,3,0,15,0,39,16,13,4,32,0,68,182,125,107,702,8,1128,39,0,18,0,0,58,8,4,4,3,0,15,33,20,18,90,0,165,31,6,0,14,0,47,10,0,0,7,0,17,76,4,3,0,0,75,43,15,19,333,9,418,25,9,8,60,0,95,19,0,0,0,0,21,5,0,0,7,0,14,0,0,0,0,0,0,0,0,0,7,0,7,12,7,3,0,0,25,4,0,0,0,0,4,24,0,4,10,0,39,6,0,4,0,0,18,4,11,3,0,0,23,44,26,18,223,3,317,6,3,0,0,0,15,5,0,3,0,0,9,19,0,0,0,0,31,10,0,0,0,0,13,58,3,4,0,0,71,9,0,5,10,0,15,330,30,53,81,0,496,12,0,0,13,82,108,980,250,231,1759,98,3321
801011015,12,1866,0,8,3,167,0,181,120,0,12,20,0,156,19,4,3,9,0,35,36,14,15,30,5,103,316,199,131,1319,11,1971,97,0,9,0,3,109,7,0,3,14,0,28,66,21,15,176,0,284,22,3,0,20,0,44,13,3,0,13,0,33,200,0,4,3,0,203,68,55,29,571,3,720,48,27,5,78,0,155,12,0,0,6,0,14,3,0,0,0,0,7,10,0,0,0,0,10,6,11,0,12,0,33,9,3,0,0,0,17,15,3,4,9,0,39,29,9,4,30,0,76,9,0,0,4,0,15,3,3,0,0,0,9,90,58,37,418,3,599,7,0,0,5,0,13,23,7,0,3,0,29,27,0,0,0,0,35,15,0,0,0,0,15,66,0,0,0,0,67,17,10,4,24,0,52,728,65,49,97,5,942,27,0,0,15,166,215,1840,416,275,2903,195,5628
801011016,15,2379,0,7,9,154,0,170,496,9,16,22,6,548,104,8,4,34,0,152,48,12,11,29,0,93,381,261,193,1515,21,2365,88,0,27,0,0,114,17,4,0,10,0,35,83,21,18,163,3,290,94,16,8,40,0,160,24,5,0,9,0,40,194,3,3,5,0,211,84,63,46,706,3,900,167,43,22,138,0,367,22,3,0,0,0,26,19,6,0,5,0,33,33,7,0,10,0,44,16,6,5,12,0,38,9,3,3,5,0,20,20,14,12,3,0,55,55,8,8,24,0,97,23,5,4,15,0,41,43,4,0,0,0,46,79,76,47,558,8,765,41,0,4,4,0,49,15,7,0,3,0,27,37,4,0,3,0,44,23,4,7,0,0,36,140,4,3,0,0,148,19,7,10,27,0,66,814,95,92,128,10,1142,32,4,6,29,219,298,2845,578,465,3508,274,7672
801011017,8,1419,0,0,0,80,0,82,89,5,6,15,0,113,18,8,0,8,0,33,27,15,10,32,0,85,195,149,87,892,11,1334,38,0,8,0,0,45,12,0,0,7,0,21,30,17,10,82,4,150,19,6,9,11,0,40,5,6,4,5,0,22,88,0,0,0,0,97,51,38,29,402,0,530,51,15,6,60,0,132,9,0,0,0,0,9,5,0,0,0,0,8,0,0,0,0,0,3,5,0,5,12,0,17,10,4,3,4,0,18,9,11,4,0,0,18,13,8,5,10,0,45,9,0,6,0,0,20,9,3,0,0,0,8,56,29,28,300,0,418,0,3,0,0,0,4,11,0,0,0,0,9,19,0,4,9,0,28,4,0,0,3,0,3,43,0,0,0,0,47,12,7,6,16,0,33,326,43,45,53,0,474,7,0,0,14,140,166,998,332,209,2062,164,3767
801011018,0,478,0,5,0,22,0,29,564,3,3,4,0,579,0,4,0,4,0,11,11,5,4,16,0,36,111,45,40,307,0,502,47,0,9,0,0,54,0,3,0,0,0,6,13,9,5,33,0,59,4,3,0,5,0,12,6,0,0,0,0,7,256,0,0,0,0,254,19,9,8,122,0,159,9,6,5,33,0,53,49,0,0,3,0,52,3,0,6,0,0,8,0,0,0,0,0,8,0,3,0,4,0,12,9,0,0,0,0,8,6,3,6,4,0,12,13,3,0,3,0,17,9,0,0,0,0,10,5,0,0,0,0,3,30,7,9,90,0,141,7,4,0,0,0,17,7,0,5,0,0,13,10,4,0,0,0,19,18,0,0,3,0,20,78,0,7,0,0,91,0,5,0,6,0,9,538,21,30,24,0,614,28,0,0,3,172,207,1679,110,112,659,174,2739
801011019,6,2515,6,17,0,196,0,217,167,12,20,3,0,203,18,3,0,13,0,37,23,16,7,53,0,99,379,260,167,1453,6,2260,183,10,19,0,0,212,21,3,0,5,0,34,76,30,32,166,4,311,37,9,4,25,0,65,12,6,6,5,0,27,363,3,7,6,0,379,85,61,38,561,0,751,50,22,9,100,0,190,10,0,0,0,0,10,6,3,0,4,0,15,8,3,0,3,0,16,5,0,0,13,0,28,18,0,3,0,0,28,12,12,10,11,0,38,40,14,9,28,0,80,27,0,3,0,0,38,9,8,0,0,0,13,94,57,46,450,0,644,18,0,0,4,0,23,21,8,0,5,0,39,22,0,5,8,0,26,35,8,5,5,0,46,91,0,3,0,0,98,15,8,0,25,0,56,1031,72,95,107,11,1316,32,0,0,30,160,224,2545,518,419,3389,178,7049
801011020,8,983,0,6,3,61,0,77,142,11,4,10,0,167,15,7,7,0,0,29,26,3,9,10,0,57,199,118,90,578,4,984,39,0,7,3,0,46,17,3,4,9,0,31,34,19,4,55,0,108,13,3,5,12,0,33,11,0,0,0,0,14,79,7,4,0,0,90,36,30,17,273,0,362,45,12,4,30,0,95,15,0,3,4,0,21,0,0,0,3,0,5,7,0,0,0,0,13,6,0,0,0,0,11,3,0,0,0,0,7,7,6,5,3,0,21,17,4,3,13,0,33,12,0,3,3,0,17,4,4,0,0,0,10,61,37,21,215,4,336,13,0,0,0,0,15,5,0,0,0,0,3,9,0,0,0,0,14,4,4,0,0,0,3,71,3,0,0,0,77,5,4,0,15,0,30,428,38,36,56,0,558,20,4,0,15,167,202,1148,269,164,1343,183,3104
801011021,4,834,0,5,0,43,0,46,141,8,11,0,0,161,63,5,3,10,0,88,13,17,8,23,0,59,140,77,51,519,0,786,24,3,3,0,0,29,3,0,0,9,0,15,24,8,12,72,0,108,40,10,0,24,3,73,4,0,0,3,0,13,62,0,4,5,0,69,35,13,12,201,0,270,91,20,10,55,0,185,8,0,4,0,0,15,8,3,0,14,0,20,5,0,0,0,0,12,4,0,0,0,0,5,5,3,0,5,0,9,4,3,0,3,0,13,27,3,4,3,0,40,8,0,0,0,0,9,3,0,0,0,0,7,39,18,7,151,0,225,22,0,0,0,0,26,3,5,0,3,0,13,13,3,0,0,0,20,17,0,3,0,3,24,63,0,4,0,0,68,6,0,4,10,0,17,315,37,31,32,0,410,3,0,0,16,84,108,1080,194,160,1204,97,2740
801011022,11,1307,0,3,0,68,0,78,105,8,6,5,0,128,20,8,0,10,0,37,29,11,7,24,0,70,207,141,89,761,9,1197,33,0,9,0,4,43,15,3,0,12,0,28,43,18,17,100,0,169,30,7,3,17,0,58,10,0,5,0,0,11,44,9,0,0,0,58,51,38,21,333,3,443,29,18,4,44,0,94,7,0,0,0,0,7,4,0,4,0,0,6,6,0,0,0,0,7,6,3,0,6,0,16,4,0,0,0,0,4,10,11,15,0,0,38,14,3,0,12,0,34,5,0,0,4,0,14,9,0,0,0,3,11,63,39,23,253,0,375,12,0,0,5,0,17,9,0,0,0,0,12,22,0,0,3,0,24,13,0,4,0,0,19,25,0,0,3,0,31,16,0,0,17,0,36,309,43,34,49,6,439,7,3,0,11,101,126,953,308,209,1788,130,3383
801011023,7,927,7,3,0,50,3,62,126,0,7,5,0,139,20,0,0,9,0,33,18,8,9,15,0,48,181,95,68,604,12,955,43,0,4,0,0,43,8,0,3,3,0,18,29,9,10,73,0,123,26,3,6,3,0,36,3,3,0,0,0,5,115,0,3,0,0,115,40,19,13,312,3,382,44,11,0,30,4,87,6,0,4,0,0,11,0,3,0,7,0,5,9,0,0,0,0,11,7,0,0,4,0,9,5,0,0,0,0,3,8,3,3,0,0,14,12,4,3,9,0,29,6,0,0,0,0,12,7,0,0,0,0,7,43,23,21,217,4,299,8,0,0,0,0,8,10,0,0,5,0,16,22,0,4,0,0,23,10,0,0,5,0,14,49,0,5,0,0,58,4,3,0,14,0,26,367,29,37,48,8,488,21,0,0,9,188,223,1113,196,158,1366,220,3054
801011024,0,1022,0,6,0,50,0,61,93,10,16,10,0,130,13,0,3,9,0,25,13,14,11,24,0,63,131,129,109,619,6,999,43,5,9,0,0,55,12,3,3,4,0,23,34,6,13,79,0,134,13,3,0,4,0,21,8,6,4,3,0,19,85,3,0,7,0,93,35,29,30,260,0,353,25,13,6,44,0,85,9,0,4,5,0,14,3,0,0,0,0,6,0,0,0,0,0,0,3,4,0,11,0,19,7,3,0,0,0,14,9,8,0,3,0,19,19,9,3,17,0,47,10,3,3,4,0,19,4,0,0,0,0,3,47,35,33,242,0,355,11,0,0,0,0,11,6,0,0,3,0,8,23,5,0,0,0,31,9,0,0,0,0,9,36,0,3,4,0,41,8,0,3,9,0,19,436,61,52,48,5,591,21,3,0,11,109,142,1018,271,228,1438,122,3069
801011025,5,1074,0,8,0,55,0,63,44,8,7,6,0,68,20,0,0,3,0,20,14,4,4,22,0,46,141,101,85,677,6,1007,5,0,0,0,0,5,8,0,0,4,0,9,27,16,10,67,0,121,22,0,3,21,0,48,3,0,0,0,0,5,13,0,3,3,0,24,40,31,17,303,0,385,21,5,10,41,0,75,0,0,0,0,0,4,0,0,0,4,0,6,0,0,0,0,0,0,7,3,0,9,0,20,12,0,0,0,0,15,0,0,0,0,0,0,15,0,0,21,0,33,10,0,0,5,0,10,3,0,0,0,0,3,35,35,32,228,0,334,14,0,3,0,0,13,9,0,0,0,0,6,15,0,4,0,0,21,4,0,0,0,0,7,24,3,0,0,0,27,7,5,9,10,0,28,183,43,29,43,0,291,4,0,0,8,82,95,547,218,160,1556,94,2587
801011026,0,940,0,0,0,14,0,20,116,10,7,9,0,148,17,5,4,4,0,30,21,8,4,13,0,47,204,110,103,703,0,1121,8,0,3,0,0,8,7,0,0,13,0,22,26,14,15,67,0,125,35,10,0,9,0,55,0,0,0,0,0,0,61,0,3,3,4,68,32,30,37,300,0,397,49,10,3,58,0,127,9,0,0,0,0,5,0,0,0,0,0,0,0,0,0,4,0,3,0,0,3,3,0,15,5,0,0,0,0,3,20,4,3,0,0,20,10,0,3,3,0,21,11,0,3,0,0,17,5,0,0,0,0,5,51,25,19,251,0,353,0,0,0,3,0,7,0,0,0,0,0,0,5,0,0,0,0,5,11,3,0,0,0,13,43,0,0,0,0,49,11,5,0,15,0,26,251,35,32,55,3,380,4,0,0,11,63,74,842,200,182,1500,68,2795
801011111,0,7,0,0,0,0,0,0,0,0,0,0,0,0,0,0,0,0,0,0,0,0,0,0,0,0,0,4,0,0,0,6,0,0,0,0,0,0,0,0,0,0,0,0,0,0,0,0,0,0,0,0,0,0,0,0,0,0,0,0,0,0,0,0,0,0,0,0,0,0,0,0,0,0,0,0,0,0,0,0,0,0,0,0,0,0,0,0,0,0,0,0,0,0,0,0,0,0,0,0,0,0,0,0,0,0,0,0,0,0,0,0,0,0,0,0,0,0,0,0,0,0,0,0,0,0,0,0,0,0,0,0,0,0,0,0,0,0,0,0,0,0,0,0,0,0,0,0,0,0,0,0,0,0,0,0,0,0,0,0,0,0,0,0,0,0,0,0,0,0,0,0,0,0,0,0,0,0,0,0,0,0,0,0,0,0,3,3,0,0,0,7,3,12
801011142,0,0,0,0,0,0,0,0,0,0,0,0,0,0,0,0,0,0,0,0,0,0,0,0,0,0,0,0,0,0,0,0,0,0,0,0,0,0,0,0,0,0,0,0,0,0,0,0,0,0,0,0,0,0,0,0,0,0,0,0,0,0,0,0,0,0,0,0,0,0,0,0,0,0,0,0,0,0,0,0,0,0,0,0,0,0,0,0,0,0,0,0,0,0,0,0,0,0,0,0,0,0,0,0,0,0,0,0,0,0,0,0,0,0,0,0,0,0,0,0,0,0,0,0,0,0,0,0,0,0,0,0,0,0,0,0,0,0,0,0,0,0,0,0,0,0,0,0,0,0,0,0,0,0,0,0,0,0,0,0,0,0,0,0,0,0,0,0,0,0,0,0,0,0,0,0,0,0,0,0,0,0,0,0,0,0,0,0,0,0,0,0,0,0
801011143,0,138,0,0,0,0,0,0,19,0,0,3,0,20,4,0,0,0,0,3,3,3,0,5,0,9,36,14,0,67,0,120,33,0,0,0,6,41,0,0,0,0,0,0,0,0,0,10,0,13,0,0,0,0,0,3,0,0,0,0,0,0,81,0,0,0,0,81,3,4,0,33,0,38,0,0,3,11,0,24,0,0,0,0,0,0,7,0,0,0,0,7,0,0,0,0,0,0,0,0,0,0,0,8,0,0,0,0,0,0,3,0,0,0,0,3,10,0,0,3,0,12,8,0,0,0,0,9,0,0,0,0,0,0,3,8,0,14,0,26,0,0,0,0,0,0,5,6,0,0,0,8,0,0,0,0,0,3,20,0,0,0,0,20,0,0,0,0,0,0,0,0,0,0,0,0,249,0,5,6,0,267,11,0,0,0,27,44,472,40,16,163,31,714
801011144,0,9,0,0,0,3,0,5,0,0,0,0,0,0,0,0,0,0,0,0,3,0,0,0,0,3,0,0,0,0,0,4,0,0,0,0,0,0,0,0,0,0,0,0,0,0,0,0,0,0,0,0,0,0,0,0,0,0,0,0,0,0,0,0,0,0,0,0,0,0,0,0,0,0,0,0,0,0,0,0,0,0,0,0,0,0,0,0,0,0,0,0,0,0,0,0,0,0,0,0,0,0,0,0,0,0,0,0,0,0,0,0,0,0,0,0,0,0,0,0,0,0,0,0,0,0,0,0,0,0,0,0,0,0,0,0,0,0,0,0,0,0,0,0,0,0,0,0,0,0,0,0,0,0,0,0,0,0,0,0,0,0,0,0,0,0,0,0,0,0,0,0,0,0,0,0,3,0,0,0,0,3,0,0,0,0,6,6,11,0,0,4,6,25
801031031,0,7,0,0,0,0,0,0,0,0,0,0,0,0,0,0,0,0,0,0,0,0,0,0,0,0,0,0,0,4,0,5,0,0,0,0,0,0,0,0,0,0,0,0,0,0,0,0,0,0,0,0,0,0,0,0,0,0,0,0,0,0,0,0,0,0,0,0,0,0,0,0,0,0,0,0,0,0,0,0,0,0,0,0,0,0,0,0,0,0,0,0,0,0,0,0,0,0,0,0,0,0,0,0,0,0,0,0,0,0,0,0,0,0,0,0,0,0,0,0,0,0,0,0,0,0,0,0,0,0,0,0,0,0,0,0,0,0,0,0,0,0,0,0,0,0,0,0,0,0,0,0,0,0,0,0,0,0,0,0,0,0,0,0,0,0,0,0,0,0,0,0,0,0,0,0,0,0,0,0,0,0,0,0,0,0,376,376,3,0,0,15,376,395
801031032,0,14,0,0,0,0,0,0,0,0,0,0,0,0,0,0,0,0,0,0,0,0,0,5,0,5,0,0,0,6,0,6,0,0,0,0,0,0,0,0,0,0,0,0,0,0,0,0,0,0,0,0,0,0,0,0,0,0,0,0,0,0,0,0,0,0,0,0,0,0,0,0,0,0,0,0,0,0,0,0,0,0,0,0,0,0,0,0,0,0,0,0,0,0,0,0,0,0,0,0,0,0,0,0,0,0,0,0,0,0,0,0,0,0,0,0,0,0,0,0,0,0,0,0,0,0,0,0,0,0,0,0,0,0,0,0,0,0,0,0,0,0,0,0,0,0,0,0,0,0,0,0,0,0,0,0,0,0,0,0,0,0,0,0,0,0,0,0,0,0,0,0,0,0,0,0,0,0,0,0,0,0,0,0,0,0,3,3,3,0,0,15,3,25
801031113,3,282,0,3,0,18,0,17,21,0,0,0,0,24,6,0,0,0,0,8,4,0,9,7,0,16,53,22,20,159,3,254,32,0,0,0,0,31,3,0,0,3,0,5,10,0,0,23,0,37,9,0,0,3,0,11,3,0,0,0,0,9,9,0,0,0,0,9,7,13,0,92,4,116,8,0,0,10,0,26,0,0,0,0,0,0,0,0,0,0,0,0,0,0,0,0,0,0,6,0,0,0,0,3,10,3,4,0,0,17,4,4,0,0,0,7,7,0,0,3,0,11,0,0,0,0,0,0,0,0,0,0,0,0,11,4,0,52,0,73,0,0,0,0,0,0,0,0,0,0,0,0,0,0,0,0,0,5,0,0,0,0,0,0,4,0,0,0,0,4,3,0,0,0,0,4,94,0,9,11,0,125,0,0,0,3,307,313,267,52,54,399,323,1097
801031114,0,40,0,0,0,0,0,0,0,0,0,0,0,0,0,0,0,0,0,0,0,0,0,0,0,0,6,0,4,19,0,25,0,0,0,0,0,0,0,0,0,0,0,0,0,0,0,4,0,3,3,0,0,0,0,4,0,0,0,0,0,0,0,0,0,0,0,0,0,4,0,6,0,18,0,0,0,0,0,6,0,0,0,0,0,0,0,0,0,0,0,0,0,0,0,0,0,0,0,0,0,0,0,0,0,0,0,0,0,0,0,0,0,0,0,0,0,0,0,0,0,3,0,0,4,0,0,4,0,0,0,0,0,0,5,0,0,5,0,12,0,0,0,0,0,0,0,0,0,0,0,0,0,0,0,0,0,0,0,0,0,0,0,0,0,0,0,0,0,0,0,0,0,0,0,0,18,5,0,5,0,32,0,0,0,0,31,31,34,10,7,47,29,125
801031115,0,96,0,0,0,8,0,8,0,0,0,0,0,0,0,0,0,6,0,7,0,0,0,3,0,3,16,8,8,72,0,107,0,0,0,0,0,0,0,0,0,0,0,0,8,0,5,6,0,18,0,0,0,0,0,0,0,0,0,0,0,0,0,0,0,0,0,3,0,3,3,24,0,29,0,5,0,8,0,8,0,0,0,0,0,0,0,0,0,0,0,0,0,0,0,0,0,0,0,0,0,0,0,0,0,0,0,0,0,0,7,0,0,0,0,7,0,0,0,5,0,5,0,0,0,0,0,0,0,0,0,0,0,0,5,0,0,19,0,24,0,0,0,0,0,0,0,0,0,0,0,0,0,0,0,0,0,0,4,0,0,0,0,3,3,0,0,0,0,3,0,0,0,0,0,4,12,6,8,11,0,28,0,0,0,0,47,47,57,14,16,158,47,296
801041034,10,2368,0,6,0,95,0,107,226,0,25,9,0,260,76,18,6,47,0,147,19,18,14,36,0,90,291,226,158,1235,3,1910,72,10,12,8,0,94,6,5,0,5,0,21,49,36,20,125,0,224,14,5,0,18,0,45,7,3,0,6,0,20,301,7,0,0,0,318,55,42,26,448,0,568,79,33,16,114,0,242,61,0,10,0,0,66,5,5,0,4,0,20,29,0,4,8,0,33,10,6,3,12,0,26,10,5,3,7,0,33,19,19,10,3,0,54,34,6,4,20,0,59,8,0,0,3,0,16,22,4,0,0,0,27,87,47,30,367,0,532,17,3,5,3,0,20,29,4,4,6,0,36,40,5,0,9,0,60,23,3,0,0,0,27,52,0,4,0,0,65,18,0,6,19,0,46,710,68,78,92,3,951,26,4,4,21,166,218,2108,486,370,2976,186,6129
801041035,6,1779,5,3,3,133,0,146,294,12,10,13,4,339,55,8,7,38,0,108,24,9,12,25,0,76,297,119,110,956,10,1495,170,4,10,7,6,195,13,0,0,5,0,19,42,16,17,117,0,191,21,9,3,15,0,62,12,3,0,8,0,19,833,6,6,10,0,854,55,26,30,321,0,429,50,18,21,73,0,157,83,5,8,0,0,93,10,6,0,5,0,18,15,17,0,8,0,39,6,6,0,5,0,18,47,10,4,16,0,77,24,13,10,0,0,46,36,0,7,12,0,58,25,0,4,9,0,28,53,8,0,0,0,68,73,41,36,304,5,452,18,6,0,0,0,23,42,0,0,0,0,51,29,0,4,0,0,37,79,3,0,0,0,84,111,5,9,6,0,127,17,10,6,15,0,37,1918,100,85,92,6,2205,111,3,0,21,239,372,4103,380,349,2241,267,7339
801041036,0,1916,0,12,0,83,0,94,329,10,24,10,3,385,73,14,7,41,0,140,34,13,7,36,0,93,296,180,146,1109,4,1735,137,8,11,4,0,156,10,5,0,10,0,27,37,29,12,139,0,218,30,0,0,34,0,73,7,0,4,6,0,19,506,9,3,8,0,521,52,43,29,453,0,569,73,30,14,137,3,255,53,0,3,0,0,56,12,0,0,5,0,16,28,3,0,4,0,34,6,3,3,21,0,35,10,5,0,8,0,20,11,7,3,4,0,30,34,5,8,16,0,58,26,5,0,9,0,37,18,3,0,0,0,17,60,39,42,294,0,439,13,0,0,7,0,18,34,3,3,4,0,48,37,0,5,7,0,46,57,5,0,0,0,62,48,5,8,0,0,60,11,0,6,23,0,50,1164,74,60,88,0,1387,45,3,0,12,179,246,2880,420,326,2649,198,6471
801041037,7,1233,0,0,9,78,0,85,569,17,22,14,0,625,48,8,8,24,4,93,21,8,7,17,0,55,196,127,116,698,0,1144,78,0,13,5,0,96,8,0,0,0,0,12,28,21,14,90,0,150,24,8,0,16,0,53,11,0,5,3,0,20,432,9,0,3,0,448,50,37,26,268,0,372,59,12,7,91,0,170,50,0,0,0,0,52,13,4,3,8,0,26,4,0,0,5,4,15,3,0,0,7,0,19,5,4,0,0,0,12,13,5,0,0,0,20,10,7,3,17,0,35,20,4,0,4,0,34,0,0,0,0,0,4,48,26,29,215,0,318,26,7,0,5,0,43,22,5,0,0,0,26,21,3,3,6,0,35,26,0,0,0,0,30,69,0,5,0,0,76,10,3,0,12,0,28,803,38,63,52,0,968,37,5,0,17,99,162,2451,300,263,1666,116,4800
801041038,0,1359,0,0,6,40,0,43,320,6,26,8,4,364,76,15,8,31,0,131,25,21,16,29,0,90,256,136,97,718,0,1209,59,0,16,4,3,76,15,0,0,4,0,22,40,8,12,103,0,166,14,3,3,18,0,42,4,3,0,9,0,13,338,5,3,3,0,350,58,31,23,264,3,374,47,22,12,92,3,167,54,0,5,0,0,57,4,0,0,0,0,12,21,4,3,5,0,30,10,0,0,12,0,26,5,0,4,0,0,14,8,12,0,8,0,33,19,3,15,13,0,47,15,0,0,4,0,18,13,0,0,0,0,13,77,39,28,204,0,347,18,0,0,10,0,22,21,0,3,4,0,25,38,4,0,5,0,48,39,0,0,3,0,40,67,0,0,0,0,78,16,3,0,12,0,37,541,47,65,58,0,707,14,0,0,26,117,160,1929,290,284,1799,130,4435
801041039,3,1468,5,4,8,83,0,102,1104,7,23,12,6,1152,59,12,8,25,0,110,28,13,13,32,0,77,308,126,115,757,8,1314,153,0,16,3,0,170,10,0,0,13,0,25,55,16,13,91,0,173,13,9,3,16,4,42,8,0,0,0,0,11,695,5,8,0,6,717,56,33,32,286,0,402,50,21,13,81,0,168,197,0,0,0,0,200,7,0,0,7,0,13,25,6,0,0,0,30,4,4,3,4,0,15,4,0,6,0,0,12,15,8,0,4,0,28,12,13,0,10,0,35,17,0,0,8,0,23,7,0,0,0,0,7,59,36,22,223,0,339,29,0,0,0,0,29,39,0,0,0,0,41,27,5,0,3,0,35,74,0,7,0,0,89,227,4,10,4,3,248,0,5,9,12,0,28,1829,74,67,75,4,2053,107,0,0,18,240,359,4744,316,303,1848,264,7484
801041040,10,1835,4,10,8,119,0,143,1117,3,42,13,5,1184,60,0,6,11,0,76,39,21,13,29,0,96,433,184,160,1057,12,1849,179,6,20,0,0,206,18,5,0,11,0,36,62,14,27,143,0,249,32,5,4,19,0,57,9,7,3,4,0,23,607,3,9,6,0,625,71,32,31,417,0,557,58,33,14,111,0,214,285,0,5,0,0,294,8,4,0,4,0,17,35,8,3,4,0,46,3,0,3,10,0,21,5,4,4,5,0,20,25,15,15,3,0,56,30,4,12,25,0,68,12,0,0,0,0,16,18,8,0,0,0,20,66,48,40,340,0,499,23,8,3,5,0,36,30,4,0,0,0,35,44,3,0,7,0,55,31,0,0,0,0,26,216,0,4,0,3,220,13,9,5,13,0,34,1920,60,73,83,5,2143,115,0,4,20,299,431,5012,431,386,2424,331,8586
801041043,3,129,0,0,0,7,0,8,0,0,0,4,0,0,4,0,0,0,0,6,5,0,0,5,0,11,21,15,7,85,0,124,0,0,0,0,0,0,0,0,0,0,0,3,3,0,0,7,0,14,0,0,0,0,0,0,0,0,0,0,0,0,0,0,0,0,0,0,5,4,0,28,0,38,4,7,0,0,0,8,0,0,0,0,0,0,0,0,0,3,0,3,0,0,0,0,0,0,0,0,0,0,0,0,0,0,0,0,0,0,0,3,0,0,0,6,4,0,0,0,0,8,0,0,0,0,0,0,0,0,0,0,0,0,4,11,4,31,0,45,0,0,0,0,0,0,0,0,0,0,0,0,0,0,0,0,0,0,0,0,0,0,0,0,0,0,0,0,0,0,0,0,0,0,0,3,14,6,0,3,0,23,0,0,0,0,5,6,46,35,11,195,10,298
801041044,7,2110,0,7,3,78,0,89,965,14,41,11,6,1037,63,10,10,28,0,112,33,24,9,34,0,104,398,215,173,1155,0,1939,129,9,11,5,0,151,23,5,0,13,0,38,45,18,12,138,0,210,43,7,4,38,0,93,13,7,6,9,0,34,665,7,10,0,0,680,46,36,35,397,0,512,65,31,11,118,0,229,209,0,0,0,0,208,5,0,0,8,0,20,9,0,0,0,0,20,3,6,0,10,0,17,8,4,7,0,0,14,14,6,18,4,0,39,14,9,8,35,0,62,14,0,4,6,0,24,34,0,0,0,0,30,76,47,39,364,0,532,22,3,0,3,0,31,21,3,4,3,0,27,42,6,0,4,0,51,29,0,0,4,0,31,192,3,4,4,0,204,19,5,0,11,0,38,1556,74,103,113,11,1854,63,0,3,17,248,334,4356,451,420,2737,274,8244
801041045,0,0,0,0,0,0,0,0,3,0,0,0,0,3,0,0,0,0,0,0,0,0,0,0,0,0,0,0,0,0,0,0,0,0,0,0,0,0,0,0,0,0,0,0,0,0,0,0,0,0,0,0,0,0,0,0,0,0,0,0,0,0,0,0,0,0,0,0,0,0,0,0,0,0,0,0,0,0,0,0,0,0,0,0,0,0,0,0,0,0,0,0,0,0,0,0,0,0,0,0,0,0,0,0,0,0,0,0,0,0,0,0,0,0,0,0,0,0,0,0,0,0,0,0,0,0,0,0,0,0,0,0,0,0,0,0,0,0,0,0,0,0,0,0,0,0,0,0,0,0,0,0,0,0,0,0,0,0,0,0,0,0,0,0,0,0,0,0,0,0,0,0,0,0,0,0,0,0,0,0,0,0,0,0,0,0,6,6,3,0,0,0,6,7
801041046,16,3582,3,14,11,208,0,237,416,23,39,30,0,503,115,15,10,48,0,189,73,38,19,103,0,237,519,382,262,2175,6,3350,151,9,24,6,0,192,19,3,0,15,0,45,96,47,27,250,6,422,38,19,4,45,0,110,18,13,6,18,0,57,536,3,5,3,0,550,95,67,62,811,4,1034,154,50,27,152,0,383,85,0,5,6,0,100,8,7,0,19,0,33,19,3,3,9,0,31,9,9,3,24,0,45,29,9,17,13,0,69,26,19,13,8,0,67,48,13,9,40,0,100,28,0,5,14,0,45,12,8,0,3,0,27,141,94,70,673,3,970,51,4,0,7,0,68,41,0,4,0,0,47,41,9,9,14,0,69,60,3,0,3,0,67,186,4,8,3,0,204,23,12,0,44,0,76,1621,149,122,162,13,2067,52,5,0,33,324,418,4118,833,622,5014,363,10957
801041047,7,2038,0,6,3,93,0,96,535,6,15,19,5,584,98,13,10,25,0,145,57,10,10,38,0,114,424,199,137,1400,9,2169,31,4,5,0,0,41,9,8,0,23,0,40,92,27,15,140,0,279,82,8,5,59,0,160,15,0,4,10,0,30,219,7,3,4,0,232,95,44,39,588,5,770,121,31,12,124,4,298,39,0,0,0,0,40,8,0,0,8,0,14,23,0,0,6,0,30,11,4,5,8,0,35,10,0,4,4,0,17,19,13,8,5,0,44,63,0,4,21,0,93,11,0,0,6,0,9,5,0,0,0,0,5,118,44,34,405,0,605,26,9,0,12,0,41,49,5,3,0,0,56,14,0,9,4,0,36,51,4,3,0,0,53,115,0,0,0,0,117,16,13,3,30,0,54,691,56,68,86,0,905,17,0,3,14,100,136,2696,446,324,3094,123,6680
801041048,10,1706,0,5,3,86,0,96,426,7,17,10,0,462,60,7,0,29,0,101,20,4,4,22,0,59,285,137,135,1054,0,1607,99,6,20,5,0,125,4,0,0,16,0,24,51,13,18,106,0,181,36,13,3,22,0,69,8,0,0,0,0,9,212,3,0,0,0,217,56,45,40,417,0,563,88,20,12,75,0,191,66,4,8,6,0,75,8,6,6,6,0,21,29,0,4,0,0,37,4,0,7,8,0,18,11,3,7,0,0,24,8,5,0,0,0,21,35,4,9,7,0,51,15,0,0,6,0,24,0,5,3,0,0,7,80,35,43,310,0,459,25,8,0,4,0,44,19,0,8,0,0,23,19,0,0,5,0,29,23,5,7,0,0,31,160,4,7,4,0,172,4,0,5,21,0,39,766,74,81,71,4,996,31,0,0,16,166,212,2357,337,350,2354,180,5579
801041116,0,0,0,0,0,0,0,0,0,0,0,0,0,0,0,0,0,0,0,0,0,0,0,0,0,0,0,0,0,0,0,0,0,0,0,0,0,0,0,0,0,0,0,0,0,0,0,0,0,0,0,0,0,0,0,0,0,0,0,0,0,0,0,0,0,0,0,0,0,0,0,0,0,0,0,0,0,0,0,0,0,0,0,0,0,0,0,0,0,0,0,0,0,0,0,0,0,0,0,0,0,0,0,0,0,0,0,0,0,0,0,0,0,0,0,0,0,0,0,0,0,0,0,0,0,0,0,0,0,0,0,0,0,0,0,0,0,0,0,0,0,0,0,0,0,0,0,0,0,0,0,0,0,0,0,0,0,0,0,0,0,0,0,0,0,0,0,0,0,0,0,0,0,0,0,0,0,0,0,0,0,0,0,0,0,0,0,0,0,0,0,0,0,0
801041117,0,0,0,0,0,0,0,0,0,0,0,0,0,0,0,0,0,0,0,0,0,0,0,0,0,0,0,0,0,0,0,0,0,0,0,0,0,0,0,0,0,0,0,0,0,0,0,0,0,0,0,0,0,0,0,0,0,0,0,0,0,0,0,0,0,0,0,0,0,0,0,0,0,0,0,0,0,0,0,0,0,0,0,0,0,0,0,0,0,0,0,0,0,0,0,0,0,0,0,0,0,0,0,0,0,0,0,0,0,0,0,0,0,0,0,0,0,0,0,0,0,0,0,0,0,0,0,0,0,0,0,0,0,0,0,0,0,0,0,0,0,0,0,0,0,0,0,0,0,0,0,0,0,0,0,0,0,0,0,0,0,0,0,0,0,0,0,0,0,0,0,0,0,0,0,0,0,0,0,0,0,0,0,0,0,0,0,0,0,0,0,0,0,0
801041118,0,155,5,0,0,8,0,10,26,0,0,0,0,30,0,0,0,3,0,8,7,0,0,3,0,10,30,8,18,89,0,146,15,4,4,0,0,22,4,0,0,0,0,3,6,0,3,16,0,23,0,0,0,0,0,0,0,0,0,0,0,0,121,0,0,0,0,121,10,9,0,37,0,45,5,0,4,9,0,12,14,0,0,0,0,14,0,0,0,0,0,0,0,0,0,0,0,0,0,0,0,0,0,0,8,0,0,3,0,12,0,0,0,0,0,0,4,0,0,0,0,6,0,0,0,0,0,0,0,0,0,0,0,0,14,0,0,22,0,38,0,0,0,0,0,0,12,0,0,0,0,12,0,0,0,0,0,0,6,0,0,0,0,6,5,0,0,0,0,4,0,0,0,0,0,0,209,8,7,13,0,242,0,0,0,3,24,29,434,24,31,196,21,712
801041119,0,0,0,0,0,3,0,3,0,0,0,0,0,0,0,0,0,0,0,0,0,0,0,0,0,0,0,0,0,4,0,4,0,0,0,0,0,0,0,0,0,0,0,0,0,0,0,0,0,0,0,0,0,0,0,0,0,0,0,0,0,0,0,0,0,0,0,0,0,0,0,0,0,0,0,0,0,0,0,0,0,0,0,0,0,0,0,0,0,0,0,0,0,0,0,0,0,0,0,0,0,0,0,0,0,0,0,0,0,0,0,0,0,0,0,0,0,0,0,0,0,0,0,0,0,0,0,0,0,0,0,0,0,0,0,0,0,0,0,0,0,0,0,0,0,0,0,0,0,0,0,0,0,0,0,0,0,0,0,0,0,0,0,0,0,0,0,0,0,0,0,0,0,0,0,0,0,0,0,0,0,0,0,0,0,0,9,9,0,0,0,7,9,19
801041120,3,1194,0,4,7,76,0,95,277,12,16,9,0,317,26,8,0,32,0,66,20,5,6,17,0,43,192,92,85,595,0,964,143,3,7,5,0,160,11,0,0,4,0,19,27,10,12,75,0,125,11,0,4,10,0,31,8,0,3,3,0,14,818,0,0,0,0,821,32,16,17,210,0,269,37,15,4,54,0,115,90,0,3,0,0,99,14,0,0,3,0,21,10,0,0,5,0,21,6,6,0,20,0,32,9,0,0,0,0,9,5,3,0,0,0,14,9,6,3,15,0,33,12,0,0,10,0,22,6,4,0,4,0,17,35,30,17,197,0,283,30,0,3,0,0,30,22,5,0,0,0,23,20,0,0,11,0,28,39,0,0,0,0,39,62,4,5,3,0,78,9,0,3,5,0,16,1417,46,50,54,3,1572,57,0,0,3,197,267,3172,216,223,1485,211,5310
801041121,0,371,0,0,4,25,0,31,95,0,8,9,0,111,18,0,5,17,3,40,0,0,0,0,0,0,84,24,27,164,0,295,36,0,3,4,0,44,3,0,0,0,0,3,6,0,0,28,0,36,6,0,0,4,0,10,0,0,0,0,0,0,535,5,0,0,0,540,7,0,3,37,0,50,12,3,0,17,0,28,29,0,0,0,0,32,3,0,0,0,0,3,0,0,0,0,0,0,0,0,0,6,0,11,10,0,0,0,0,10,0,0,0,0,0,5,0,0,0,3,0,3,12,4,0,0,0,10,0,0,0,0,0,0,11,5,6,43,0,63,4,0,0,0,0,11,5,0,0,0,0,5,9,0,0,0,0,10,26,0,0,0,0,23,19,0,0,0,0,19,3,0,0,0,0,0,811,12,8,14,0,846,25,0,0,0,79,101,1646,49,57,379,83,2220
801041122,3,428,0,4,0,20,0,29,319,4,4,4,0,331,20,0,10,11,0,39,4,3,0,5,0,17,85,24,33,193,0,341,36,4,3,6,0,44,5,0,0,3,0,12,9,0,8,30,0,50,12,0,0,4,0,15,4,0,0,5,0,5,355,0,5,0,0,368,21,7,4,81,0,109,15,7,5,20,0,46,39,0,0,0,0,45,0,0,0,0,0,0,9,0,0,0,0,17,0,0,0,5,0,4,0,0,0,0,0,5,3,0,0,0,0,3,0,5,0,9,0,14,0,0,0,0,0,0,0,0,0,0,0,0,21,7,5,60,0,99,4,0,0,0,0,7,18,0,3,0,0,23,5,0,0,0,0,13,31,0,0,0,0,31,40,0,0,0,0,42,0,0,0,0,0,5,695,19,23,6,4,746,30,0,0,0,51,84,1686,74,80,495,59,2405
801051049,4,929,0,0,0,16,4,19,272,7,11,12,0,301,0,0,0,8,0,12,21,7,6,17,0,54,178,152,87,371,7,798,12,0,0,0,0,14,10,5,8,10,0,26,19,16,17,49,0,102,3,0,0,26,0,33,4,0,3,6,0,19,114,0,5,0,0,117,49,50,27,193,3,323,9,8,10,50,0,80,19,0,5,0,0,23,7,4,0,4,0,16,0,0,0,0,0,7,0,0,0,7,0,11,5,0,0,0,0,5,11,3,7,3,0,28,5,11,9,9,0,30,6,0,0,3,0,20,0,0,0,0,0,0,35,35,27,134,0,228,0,0,0,0,0,0,24,6,7,0,0,31,3,0,0,0,0,9,11,0,0,0,0,11,13,0,4,0,0,17,11,0,0,15,0,26,243,43,54,48,5,391,9,0,0,5,490,499,844,306,228,965,504,2848
801051050,5,1885,0,10,4,87,5,104,110,10,23,16,0,162,31,10,5,15,0,63,35,16,16,42,0,113,438,235,208,1295,21,2190,14,0,8,0,0,31,26,10,0,23,0,61,83,22,21,138,0,266,35,10,4,23,0,73,19,10,6,12,0,38,48,3,5,4,0,62,96,86,61,647,9,892,84,26,17,64,0,196,12,4,5,0,0,14,5,3,0,3,0,13,16,5,3,0,0,25,10,0,5,5,0,17,8,0,0,0,0,6,24,14,5,4,0,60,34,9,19,13,0,73,19,0,3,3,0,25,0,0,0,0,0,0,120,71,73,489,4,761,8,0,0,0,0,13,15,3,0,0,0,22,6,5,0,3,0,15,10,0,0,0,0,11,75,0,7,0,0,84,20,6,5,30,0,63,371,88,80,123,5,660,19,6,0,13,165,195,1425,525,448,2789,193,5376
801051051,9,1597,3,4,4,60,0,73,740,14,18,18,5,795,39,4,0,15,0,63,44,16,10,55,0,121,403,245,212,1160,9,2031,71,6,19,0,0,95,29,6,9,20,0,65,82,30,29,141,0,289,24,10,0,32,0,69,9,3,0,8,0,25,235,3,0,0,0,248,126,77,69,596,6,866,75,36,14,108,0,236,90,0,8,3,0,100,13,3,0,10,0,26,15,5,0,8,0,26,14,0,0,11,0,31,10,0,0,0,0,17,22,8,10,5,0,39,37,6,5,27,0,73,17,0,3,10,0,32,0,0,0,0,0,7,122,62,57,447,0,692,17,4,5,3,0,20,19,0,7,0,0,24,29,7,7,3,0,47,30,3,0,6,0,41,83,0,6,0,0,95,20,3,7,26,0,58,711,78,84,109,5,982,25,3,0,10,306,348,2641,487,443,2472,339,6383
801051053,0,959,0,5,7,44,0,57,1072,8,21,10,5,1122,13,0,0,4,0,24,36,13,0,17,0,66,249,129,105,638,0,1125,33,3,12,0,0,49,23,0,0,4,0,37,53,14,16,82,0,168,18,15,5,18,0,54,3,3,0,5,0,16,209,5,5,0,0,218,59,37,27,296,5,427,45,15,16,57,0,129,106,0,5,0,0,108,12,5,7,0,0,18,5,0,0,0,0,3,4,4,0,6,0,9,3,0,0,0,0,5,12,6,3,0,0,23,25,0,7,12,0,43,15,3,0,3,0,22,3,0,0,0,0,7,91,33,28,229,0,375,0,0,0,0,0,0,14,0,0,0,0,20,20,3,4,0,0,26,18,5,3,4,0,23,48,0,0,0,0,58,17,8,4,9,0,38,512,47,59,55,0,678,23,0,0,3,533,560,2400,280,251,1362,548,4835
801051054,0,942,0,5,0,45,0,55,313,6,16,12,0,356,24,3,5,11,0,47,27,7,8,31,0,66,174,135,116,644,3,1071,25,0,3,0,0,28,13,0,3,11,0,22,42,24,17,104,0,191,19,6,7,16,0,46,5,0,0,4,0,13,56,3,7,5,0,73,48,56,34,348,0,488,46,16,8,55,0,124,33,0,4,0,0,36,7,0,0,9,0,14,8,0,0,0,0,9,7,0,0,13,0,16,6,0,0,0,0,9,5,3,0,0,0,18,15,10,5,19,0,41,14,0,0,3,0,25,0,0,3,0,0,7,48,51,27,229,0,355,7,0,0,0,0,9,9,0,0,0,0,14,11,3,0,6,0,27,18,5,0,0,0,25,63,0,4,0,0,68,8,4,4,15,0,31,385,48,46,75,3,564,12,0,0,7,108,129,1239,289,238,1415,115,3292
801051055,3,1376,0,9,5,67,0,78,202,11,12,9,5,237,25,6,4,4,0,43,32,24,16,30,0,99,247,174,141,823,6,1394,29,0,11,0,0,43,19,5,9,13,0,47,49,18,10,95,0,171,48,6,8,23,0,81,12,4,3,4,0,24,91,5,7,0,0,103,52,75,39,392,5,560,53,17,5,57,0,139,28,0,4,0,0,33,3,0,0,4,0,11,5,0,0,0,0,9,10,0,4,11,0,24,8,4,4,4,0,17,13,10,9,0,0,24,14,9,0,14,5,39,15,0,0,13,0,29,0,4,0,0,0,8,64,45,38,323,0,472,17,3,0,0,0,15,9,0,3,4,0,19,23,0,3,7,0,31,16,0,0,0,0,27,81,5,3,0,0,91,12,7,5,21,0,39,567,82,69,84,5,799,21,3,0,13,140,181,1515,411,327,1886,163,4296
801051056,0,1153,5,0,0,29,0,42,42,7,7,11,0,70,20,8,0,11,0,37,26,3,5,22,0,63,245,139,115,801,4,1308,6,0,0,6,0,10,17,4,7,8,0,27,45,25,9,111,0,188,38,11,0,27,0,77,5,0,0,4,0,8,29,6,8,5,0,41,52,51,52,400,5,558,33,14,5,45,0,106,12,0,8,0,0,20,0,4,0,7,0,9,5,0,0,0,0,5,5,4,5,5,0,26,0,0,0,3,0,5,8,3,7,0,0,20,14,4,6,15,0,37,4,0,0,4,0,10,0,0,0,0,0,6,76,54,31,295,0,450,4,0,0,0,0,9,4,8,0,0,0,22,6,0,0,3,0,11,6,0,0,0,0,10,21,0,0,0,0,26,11,7,0,18,0,36,233,62,63,69,0,430,9,0,0,11,93,119,793,330,274,1728,103,3227
801051057,11,1535,0,4,0,61,0,66,360,3,24,24,0,415,64,0,0,3,0,71,45,25,10,36,0,114,378,198,159,1080,7,1818,33,8,7,0,0,44,29,0,3,12,0,46,87,26,16,106,0,237,52,0,10,32,0,87,7,7,0,9,0,31,188,0,11,5,0,205,88,60,54,537,3,749,73,16,8,76,3,181,47,0,6,0,0,52,4,3,6,0,0,14,5,0,0,4,0,10,6,3,0,0,0,8,9,3,0,0,0,10,18,3,0,0,0,26,35,3,0,20,0,59,18,5,4,12,0,35,15,0,0,0,0,15,100,52,42,406,0,604,42,0,0,3,0,46,16,4,0,0,0,20,25,3,0,3,0,37,11,5,0,0,0,15,98,3,4,0,0,106,22,6,11,35,0,66,754,98,78,115,6,1055,28,0,0,14,315,351,2254,446,353,2300,348,5703
801051058,4,1995,0,0,0,73,0,78,205,17,28,30,0,280,42,6,8,39,0,93,43,26,16,45,0,128,407,253,220,1258,6,2143,29,0,6,4,0,33,22,6,5,21,0,52,108,34,24,140,5,310,33,8,8,38,0,98,19,4,8,5,0,38,147,9,0,9,0,165,95,65,63,639,0,857,63,33,28,108,0,222,29,0,3,0,0,34,0,0,9,8,0,19,14,0,0,3,0,16,8,3,0,5,0,15,10,0,3,6,0,17,25,20,11,7,0,59,52,11,13,27,3,110,13,0,4,10,0,26,9,0,0,0,0,10,112,75,64,477,3,732,20,7,3,6,0,38,28,0,6,5,0,38,15,0,0,6,0,32,13,0,0,0,0,15,62,5,6,4,0,78,23,14,5,18,0,56,590,95,92,141,4,923,15,7,0,3,152,180,1832,574,469,2866,177,5917
801051060,4,1247,0,3,0,48,0,52,417,6,17,5,0,448,27,0,5,8,0,40,25,20,17,35,0,101,246,187,159,842,5,1443,52,0,4,0,0,57,24,7,8,16,0,51,64,13,26,110,0,215,12,7,9,26,0,57,6,4,5,0,0,14,147,8,4,0,0,161,84,60,45,443,0,631,57,27,19,91,0,184,41,0,3,0,0,54,10,0,0,10,0,25,3,3,0,4,0,11,7,4,0,3,0,19,13,0,4,0,0,13,18,7,10,0,0,32,36,7,13,24,0,72,19,0,3,0,0,24,7,0,0,0,0,8,83,64,38,376,3,566,8,0,0,0,0,14,7,0,3,0,0,11,16,0,7,0,0,21,16,0,3,0,0,22,44,7,0,0,0,57,8,10,3,15,0,40,525,74,58,93,5,746,8,0,4,14,145,170,1715,401,336,1852,165,4470
801051061,18,2331,0,13,9,96,0,115,251,14,30,17,0,310,34,3,6,33,0,82,48,24,16,59,0,143,399,292,287,1399,6,2380,58,5,19,5,0,81,30,11,3,14,0,59,102,40,27,182,0,353,32,5,8,30,0,79,15,0,3,5,0,23,149,5,4,6,0,167,107,81,72,675,6,940,71,46,19,117,0,254,33,0,3,0,0,33,0,0,0,11,0,14,6,4,0,6,0,18,17,4,3,15,0,36,8,0,3,0,0,9,18,8,10,13,0,53,41,4,14,26,0,89,18,0,4,4,0,24,7,9,0,0,0,18,117,72,85,460,0,734,17,6,3,5,0,27,19,0,0,9,0,26,28,0,0,9,0,34,16,0,0,3,0,21,84,4,12,3,0,103,19,7,10,20,0,53,800,109,128,108,6,1148,26,4,0,16,209,254,2151,621,583,3139,238,6727
801051123,0,0,0,0,0,0,0,0,0,0,0,0,0,0,0,0,0,0,0,0,0,0,0,0,0,0,0,0,0,0,0,0,0,0,0,0,0,0,0,0,0,0,0,0,0,0,0,0,0,0,0,0,0,0,0,0,0,0,0,0,0,0,0,0,0,0,0,0,0,0,0,0,0,0,0,0,0,0,0,0,0,0,0,0,0,0,0,0,0,0,0,0,0,0,0,0,0,0,0,0,0,0,0,0,0,0,0,0,0,0,0,0,0,0,0,0,0,0,0,0,0,0,0,0,0,0,0,0,0,0,0,0,0,0,0,0,0,0,0,0,0,0,0,0,0,0,0,0,0,0,0,0,0,0,0,0,0,0,0,0,0,0,0,0,0,0,0,0,0,0,0,0,0,0,0,0,0,0,0,0,0,0,0,0,0,0,0,0,0,0,0,0,0,0
801051124,0,1479,0,6,4,20,0,28,177,3,12,11,0,200,20,4,0,14,0,44,25,14,13,26,0,84,303,213,152,1082,8,1765,26,0,8,0,0,34,21,11,3,18,0,53,67,34,17,127,0,250,37,8,9,26,0,70,7,3,0,0,0,15,47,0,10,5,0,61,78,57,47,539,8,730,61,24,13,74,0,178,24,4,3,0,0,33,3,3,0,5,0,10,22,0,3,9,0,35,0,0,0,5,0,8,4,0,0,0,0,8,21,10,9,5,0,42,19,9,10,18,0,56,15,4,0,9,0,30,3,3,0,0,0,4,117,65,38,359,0,583,12,0,0,0,0,17,10,3,0,0,0,18,22,0,5,4,0,30,12,0,3,0,0,16,34,0,4,0,0,40,14,3,0,32,0,56,389,55,70,86,0,597,5,0,3,11,243,268,1274,433,341,2280,254,4588
801051125,8,745,0,0,0,30,0,33,31,6,14,6,0,55,3,0,0,0,0,5,4,4,0,20,0,35,115,93,69,385,0,663,15,0,5,0,0,20,6,0,0,3,0,10,11,14,7,74,0,99,0,0,0,10,0,13,6,5,0,0,0,8,26,3,3,0,0,43,25,21,28,138,0,212,5,7,3,37,0,53,10,0,3,0,0,10,0,0,0,0,0,0,0,0,0,0,0,0,0,0,0,4,0,6,6,0,0,6,0,10,18,3,3,0,0,33,0,0,3,9,0,8,4,0,0,0,0,11,3,0,0,0,0,6,35,20,9,133,0,201,3,0,0,0,0,3,6,4,0,0,0,11,0,0,0,0,0,3,0,0,0,0,0,4,17,0,0,0,0,14,9,0,5,0,0,15,102,23,32,33,5,190,4,0,0,6,350,356,370,171,150,917,361,1974
801051126,0,0,0,0,0,0,0,0,0,0,0,0,0,0,0,0,0,0,0,0,0,0,0,0,0,0,0,0,0,0,0,0,0,0,0,0,0,0,0,0,0,0,0,0,0,0,0,0,0,0,0,0,0,0,0,0,0,0,0,0,0,0,0,0,0,0,0,0,0,0,0,0,0,0,0,0,0,0,0,0,0,0,0,0,0,0,0,0,0,0,0,0,0,0,0,0,0,0,0,0,0,0,0,0,0,0,0,0,0,0,0,0,0,0,0,0,0,0,0,0,0,0,0,0,0,0,0,0,0,0,0,0,0,0,0,0,0,0,0,0,0,0,0,0,0,0,0,0,0,0,0,0,0,0,0,0,0,0,0,0,0,0,0,0,0,0,0,0,0,0,0,0,0,0,0,0,0,0,0,0,0,0,0,0,0,0,0,0,0,0,0,0,0,0
801051127,4,444,0,0,0,14,0,15,56,3,0,9,5,65,5,0,0,4,0,12,13,0,0,8,0,25,113,52,54,328,0,548,8,0,0,0,0,10,10,0,0,3,0,22,26,16,6,28,0,76,12,4,5,3,0,26,6,0,0,0,0,11,36,0,4,0,0,41,26,16,14,178,0,238,12,6,7,17,0,41,36,0,4,0,0,33,0,0,0,0,0,3,0,0,0,0,0,0,3,0,0,0,0,5,3,0,0,0,0,3,4,0,0,0,0,8,15,0,4,3,0,28,5,0,0,5,0,13,8,0,0,0,0,3,32,16,16,122,0,193,3,0,0,4,0,5,0,0,0,0,0,0,3,0,0,0,0,7,5,0,0,0,0,5,14,0,0,0,0,14,3,0,0,4,0,18,162,23,25,35,0,248,13,0,0,5,93,109,540,117,113,666,104,1544
801051128,0,0,0,0,0,0,0,0,0,0,0,0,0,0,0,0,0,0,0,0,0,0,0,0,0,0,0,0,0,0,0,0,0,0,0,0,0,0,0,0,0,0,0,0,0,0,0,0,0,0,0,0,0,0,0,0,0,0,0,0,0,0,0,0,0,0,0,0,0,0,0,0,0,0,0,0,0,0,0,0,0,0,0,0,0,0,0,0,0,0,0,0,0,0,0,0,0,0,0,0,0,0,0,0,0,0,0,0,0,0,0,0,0,0,0,0,0,0,0,0,0,0,0,0,0,0,0,0,0,0,0,0,0,0,0,0,0,0,0,0,0,0,0,0,0,0,0,0,0,0,0,0,0,0,0,0,0,0,0,0,0,0,0,0,0,0,0,0,0,0,0,0,0,0,0,0,0,0,0,0,0,0,0,0,0,0,0,0,0,0,0,0,0,0
801061062,3,960,0,0,0,31,0,35,121,3,11,10,0,146,28,5,0,17,0,50,15,3,9,21,0,44,233,109,117,756,7,1219,9,0,0,0,0,8,12,5,7,10,0,27,47,15,11,61,0,133,43,4,3,29,0,86,7,0,0,0,0,8,88,0,0,4,0,98,44,30,27,315,0,415,53,16,4,54,0,134,14,0,0,0,0,15,3,0,0,4,0,3,7,0,0,0,0,6,0,0,3,3,0,8,7,0,0,0,0,10,16,6,3,0,0,25,35,4,4,12,0,55,20,4,0,0,0,32,3,0,0,0,0,3,49,38,25,242,0,363,5,0,4,0,0,10,5,3,0,0,0,10,10,4,0,0,0,17,14,0,0,0,0,16,24,0,5,0,0,30,13,0,0,12,0,30,285,36,44,42,6,405,10,0,0,11,114,126,1017,239,229,1506,125,3124
801061063,0,534,0,0,0,7,0,6,68,0,4,4,0,85,11,0,0,11,0,24,14,5,3,9,0,31,99,67,50,405,0,625,12,0,3,0,0,13,14,0,3,9,0,28,21,11,4,46,0,83,33,16,0,20,0,70,8,0,0,0,0,8,49,5,9,0,0,62,28,15,24,211,0,278,41,8,7,42,0,105,9,0,5,0,0,10,0,0,0,4,0,4,10,0,0,0,0,10,3,5,0,0,0,7,0,0,0,0,0,3,13,4,3,6,0,20,12,6,3,11,0,37,5,0,0,0,0,5,0,0,0,0,0,0,41,19,16,179,0,254,5,0,4,0,0,7,4,0,0,0,0,7,3,0,4,0,0,10,16,3,0,0,0,22,17,5,0,0,0,18,6,0,0,5,0,18,166,33,29,30,3,258,0,0,0,3,47,54,598,151,139,887,52,1827
801061064,8,1594,0,5,0,47,0,53,242,15,30,12,0,305,36,0,3,21,0,53,36,25,13,49,0,111,359,256,182,1155,14,1968,39,5,5,8,0,52,20,6,10,18,0,62,76,22,22,132,0,246,32,6,3,35,4,76,23,0,3,4,0,29,131,10,9,8,0,157,89,65,53,594,0,795,106,31,10,104,0,250,30,5,7,0,0,35,13,0,0,8,0,25,5,0,0,4,0,15,8,7,3,5,0,21,16,0,0,0,0,16,14,0,7,4,0,22,50,8,10,13,0,82,16,7,0,8,0,24,4,0,0,0,0,3,99,67,47,391,0,603,19,9,0,5,0,35,10,3,4,4,0,20,20,9,3,0,0,32,15,0,3,9,0,27,33,0,4,0,0,40,13,11,5,24,0,53,586,71,88,106,0,851,15,5,0,6,179,203,1751,508,400,2470,201,5328
801061066,0,0,0,0,0,0,0,0,0,0,0,0,0,0,0,0,0,0,0,0,0,0,0,0,0,0,0,0,0,0,0,0,0,0,0,0,0,0,0,0,0,0,0,0,0,0,0,0,0,0,0,0,0,0,0,0,0,0,0,0,0,0,0,0,0,0,0,0,0,0,0,0,0,0,0,0,0,0,0,0,0,0,0,0,0,0,0,0,0,0,0,0,0,0,0,0,0,0,0,0,0,0,0,0,0,0,0,0,0,0,0,0,0,0,0,0,0,0,0,0,0,0,0,0,0,0,0,0,0,0,0,0,0,0,0,0,0,0,0,0,0,0,0,0,0,0,0,0,0,0,0,0,0,0,0,0,0,0,0,0,0,0,0,0,0,0,0,0,0,0,0,0,0,0,0,0,0,0,0,0,0,0,0,0,0,0,0,0,0,0,0,0,0,0
801061067,10,1949,0,10,7,114,3,138,200,16,17,17,0,258,52,3,4,18,0,78,35,26,10,40,0,104,362,246,179,1243,8,2033,76,3,11,6,0,95,45,11,12,16,0,91,73,27,30,168,0,298,53,13,7,35,0,102,13,0,3,14,0,34,194,0,5,8,0,210,100,59,48,613,0,823,112,27,14,126,0,280,33,0,8,0,0,35,18,0,5,7,0,34,8,0,5,4,0,15,11,5,0,7,0,28,15,6,3,5,0,25,25,9,7,3,0,42,49,19,9,16,0,96,28,3,9,13,0,51,15,0,0,0,0,15,102,63,49,450,0,673,30,4,0,0,0,36,18,0,0,3,0,24,38,4,8,0,0,48,26,0,6,0,0,33,51,0,4,3,0,57,15,4,4,21,0,46,742,104,97,86,0,1028,36,3,9,17,418,472,2201,539,476,2804,435,6455
801061068,0,0,0,0,0,0,0,0,0,0,0,0,0,0,0,0,0,0,0,0,0,0,0,0,0,0,0,0,0,0,0,0,0,0,0,0,0,0,0,0,0,0,0,0,0,0,0,0,0,0,0,0,0,0,0,0,0,0,0,0,0,0,0,0,0,0,0,0,0,0,0,0,0,0,0,0,0,0,0,0,0,0,0,0,0,0,0,0,0,0,0,0,0,0,0,0,0,0,0,0,0,0,0,0,0,0,0,0,0,0,0,0,0,0,0,0,0,0,0,0,0,0,0,0,0,0,0,0,0,0,0,0,0,0,0,0,0,0,0,0,0,0,0,0,0,0,0,0,0,0,0,0,0,0,0,0,0,0,0,0,0,0,0,0,0,0,0,0,0,0,0,0,0,0,0,0,0,0,0,0,0,0,0,0,0,0,3,3,0,0,0,0,3,3
801061069,3,906,0,0,0,22,0,21,163,7,11,11,0,195,22,9,0,21,0,48,20,4,3,12,0,44,187,115,97,650,5,1058,17,0,5,4,0,28,23,7,4,5,0,41,51,20,6,66,0,147,54,13,10,30,0,109,4,4,0,7,0,9,110,0,5,0,0,119,34,31,17,293,0,380,71,12,11,65,0,158,15,0,0,0,0,19,0,0,0,0,0,6,14,0,5,4,0,28,9,4,0,9,0,16,0,0,0,0,0,0,12,9,6,0,0,20,18,5,6,3,0,30,5,0,0,0,0,9,0,0,0,0,0,0,65,34,24,228,0,354,12,0,5,4,0,23,7,4,0,0,0,19,13,3,0,0,0,14,22,0,3,0,0,27,26,0,0,0,0,26,9,4,0,8,0,26,329,39,47,74,3,502,15,0,0,5,97,116,1151,246,220,1419,106,3146
801061070,8,911,0,0,0,23,0,31,99,5,10,16,0,134,26,4,4,11,0,48,29,15,7,17,0,64,271,107,98,654,4,1139,23,0,0,0,0,26,19,0,0,8,0,24,49,6,8,64,0,133,26,12,0,14,0,48,8,3,0,3,0,13,127,7,4,0,0,135,78,24,17,394,5,510,67,24,5,42,0,137,11,0,5,0,0,13,4,4,0,0,0,9,7,4,0,0,0,12,3,6,0,3,0,12,3,0,0,0,0,3,13,6,0,0,0,18,22,7,5,5,0,41,13,0,0,7,0,21,0,0,0,0,0,0,77,28,23,267,0,397,5,0,0,0,0,9,25,6,3,3,0,36,18,0,0,0,0,15,12,4,0,0,0,14,24,0,0,0,0,26,18,4,3,13,0,39,271,42,37,49,3,398,13,0,0,3,106,122,1129,242,199,1434,125,3120
801061129,3,473,0,0,0,12,0,17,80,4,0,4,0,96,14,0,0,0,0,19,17,0,3,4,0,28,136,69,59,411,0,679,14,0,3,0,0,14,14,0,3,9,0,29,29,9,5,67,0,104,14,7,5,16,0,39,3,0,0,3,0,7,41,0,5,7,0,49,44,18,22,216,0,304,13,11,5,36,0,68,7,0,3,0,0,15,0,0,0,4,0,3,0,0,0,3,0,4,6,0,0,3,0,11,7,0,0,0,0,6,12,0,3,0,0,12,15,0,0,5,0,24,3,0,0,3,0,13,0,0,0,0,0,0,36,25,17,162,0,240,17,0,0,0,0,21,10,5,0,0,0,15,4,4,0,0,0,6,10,0,0,0,0,9,9,0,3,0,0,12,8,6,0,14,0,32,177,25,30,29,0,256,0,0,0,4,222,227,591,142,151,833,232,1946
801061130,0,12,0,0,0,4,0,4,3,0,0,0,0,3,0,0,0,0,0,0,0,0,0,0,0,0,4,0,0,17,0,18,0,0,0,0,0,0,0,0,0,0,0,0,0,0,0,0,0,0,0,0,0,0,0,0,0,0,0,0,0,0,0,0,0,0,0,0,0,0,0,6,0,6,0,0,0,0,0,0,0,0,0,0,0,0,0,0,0,0,0,0,0,0,0,0,0,0,0,0,0,0,0,0,0,0,0,0,0,0,0,0,0,0,0,0,0,0,0,0,0,0,0,0,0,0,0,0,0,0,0,0,0,0,4,0,0,5,0,8,0,0,0,0,0,0,0,0,0,0,0,0,0,0,0,0,0,0,0,0,0,0,0,0,0,0,0,0,0,0,0,0,0,0,0,0,3,0,0,0,0,4,0,0,0,0,6,6,14,0,5,30,6,52
801061131,9,1800,0,5,7,84,0,101,275,14,22,20,0,323,26,9,0,19,0,57,46,24,16,46,0,127,465,264,205,1385,12,2335,62,9,7,0,0,80,55,14,13,30,0,105,74,28,25,162,3,290,29,7,5,44,0,86,16,7,0,5,0,36,129,5,5,0,0,139,141,78,70,692,3,997,87,39,21,104,0,241,47,0,5,5,0,50,18,12,8,10,0,38,22,0,4,12,0,38,5,0,0,8,0,23,7,4,0,0,0,14,22,11,9,8,0,51,34,9,7,25,0,70,32,3,9,10,0,52,6,0,0,0,0,12,149,83,66,531,3,835,17,0,0,5,0,23,18,3,3,0,0,33,31,0,4,6,0,47,29,0,3,0,0,30,29,0,0,0,0,34,16,10,0,37,0,71,615,73,90,114,7,896,26,0,4,21,604,658,2028,539,444,2929,639,6579
801071071,10,2010,0,10,8,114,0,133,86,6,3,16,0,113,37,14,4,30,0,81,30,10,7,40,0,87,275,203,153,1234,0,1873,84,0,16,3,0,99,8,0,0,9,0,13,55,19,18,126,0,225,7,7,3,3,0,20,10,5,0,15,0,26,109,5,0,0,0,115,51,33,28,435,3,547,47,15,10,92,0,159,3,0,0,0,0,3,3,0,3,3,0,17,5,0,0,5,0,15,9,3,8,14,0,32,11,0,0,0,0,13,12,19,5,8,0,42,34,7,9,29,0,78,7,3,4,13,0,23,7,4,0,0,0,11,72,55,40,372,6,547,14,7,3,0,0,26,11,8,0,0,0,22,51,12,5,10,0,79,12,0,0,0,0,18,29,0,3,0,0,28,9,5,4,17,0,30,469,63,48,96,0,688,22,0,9,34,125,192,1349,423,326,2858,145,5100
801071072,6,1350,3,0,0,86,3,96,106,0,16,8,0,128,27,5,5,8,0,44,36,14,10,26,0,80,210,126,92,809,3,1242,76,0,12,4,0,91,17,0,6,14,0,32,22,20,7,96,0,146,17,5,0,9,0,36,3,0,0,0,0,3,153,4,6,4,0,164,49,30,26,335,0,434,41,9,4,43,0,96,4,0,0,0,0,10,17,0,3,7,0,33,6,0,0,7,0,12,3,5,0,13,0,25,0,3,3,0,0,14,19,12,6,5,0,40,31,4,6,12,0,59,5,0,0,7,0,13,18,6,0,0,0,16,57,27,23,296,7,408,11,5,0,4,0,24,18,5,0,4,0,27,22,5,3,4,0,24,3,4,0,0,0,10,72,0,3,6,0,80,19,3,3,6,0,32,387,57,43,66,4,555,19,6,4,6,111,143,1272,284,242,1914,132,3839
801071073,7,2227,0,3,5,144,0,152,81,0,6,13,0,101,27,11,0,16,0,54,52,16,19,45,0,127,312,216,157,1423,5,2113,69,0,11,5,0,78,3,3,0,11,0,22,51,18,22,147,0,236,21,5,3,18,0,48,15,5,4,5,0,28,124,4,6,0,0,136,56,49,37,523,0,675,53,13,10,80,0,153,3,0,3,0,0,8,33,10,0,9,0,52,3,3,0,0,0,9,19,7,4,13,0,44,11,4,0,3,0,21,15,7,3,6,0,28,31,4,3,23,0,71,20,0,0,4,0,28,7,0,0,0,0,10,83,58,56,410,4,614,16,3,3,9,0,40,12,0,0,0,0,12,50,5,4,23,0,88,3,5,6,0,0,14,44,4,0,0,0,49,16,7,0,29,0,46,487,55,62,111,0,713,24,4,0,27,167,221,1482,430,337,3294,190,5730
801071074,5,2041,0,3,9,160,0,173,67,4,4,7,0,84,24,10,0,27,0,62,30,17,9,37,3,100,279,178,137,1359,13,1962,71,3,9,3,0,88,11,0,7,8,0,25,77,23,16,139,5,264,17,6,5,11,0,38,11,0,4,11,0,26,124,0,0,0,0,123,52,42,34,473,8,607,54,23,11,99,0,186,0,0,0,3,0,3,35,11,0,0,0,46,18,5,0,7,0,27,14,9,4,15,0,45,9,5,5,4,0,23,11,9,6,3,0,32,34,6,5,17,0,60,15,0,0,7,0,23,10,8,3,3,0,25,72,33,39,447,0,587,23,10,0,4,0,39,6,3,0,4,0,12,22,0,0,4,0,34,4,0,0,0,0,4,38,0,0,0,0,37,9,3,0,20,0,33,403,69,46,86,0,607,15,4,4,31,150,204,1356,405,302,3033,176,5268
801071075,5,2013,0,13,8,130,7,153,86,4,4,7,0,104,39,3,0,21,0,67,38,27,9,38,0,106,349,226,166,1201,4,1944,87,4,7,3,0,104,9,0,3,17,0,34,48,22,7,141,0,223,24,12,3,27,0,60,9,0,6,11,0,20,117,4,0,0,0,126,70,40,34,412,3,560,39,20,0,82,0,149,3,0,0,0,0,3,12,4,0,0,0,19,13,4,0,5,0,17,13,9,0,16,0,39,17,5,4,0,0,23,17,17,16,6,0,51,56,10,5,24,0,92,11,0,7,7,0,26,18,3,0,0,0,25,78,38,24,350,0,490,12,9,9,11,0,32,8,0,3,0,0,12,17,4,5,5,0,33,8,0,0,0,0,16,53,0,7,3,0,65,9,0,7,16,0,38,417,81,57,67,0,635,16,0,4,6,121,150,1431,456,331,2758,136,5108
801071076,0,1032,0,0,0,22,0,27,89,3,10,10,0,117,33,4,3,10,0,49,22,8,4,27,0,61,218,133,102,684,0,1136,6,0,4,0,0,7,12,0,3,3,0,24,46,16,9,57,0,128,27,5,7,20,0,59,9,6,0,3,0,19,67,0,0,0,0,69,50,41,32,281,4,404,38,19,8,45,0,104,13,0,3,0,0,12,42,3,0,0,0,53,7,0,0,0,0,8,9,0,0,6,0,18,0,0,0,5,0,5,14,0,3,5,0,22,10,4,4,15,0,36,10,0,7,5,0,15,9,3,0,0,0,14,54,16,27,264,0,369,15,5,12,4,0,32,20,5,0,3,0,26,11,4,0,4,0,17,9,4,4,0,0,18,22,0,3,0,0,18,14,0,0,19,0,36,213,51,41,69,0,371,10,4,0,19,40,77,940,271,221,1533,49,3006
801071077,0,1056,0,5,4,67,0,81,43,0,7,15,0,64,9,4,0,3,0,16,18,6,11,25,4,64,163,79,57,667,0,959,44,10,4,6,0,58,3,5,0,4,0,5,20,3,7,81,0,114,11,0,0,21,0,34,3,0,3,0,0,10,54,0,4,0,0,60,36,23,12,285,0,349,31,11,6,54,0,96,3,0,0,0,0,3,21,8,0,0,0,32,7,3,0,0,0,8,8,0,0,9,0,17,7,0,8,3,0,12,9,3,0,0,0,11,21,3,0,3,0,23,3,0,0,0,0,3,11,4,4,0,0,19,37,33,25,182,0,276,22,0,3,0,0,30,3,0,0,0,0,6,16,3,0,6,0,25,7,4,0,0,0,7,24,0,0,0,0,24,4,0,3,9,0,14,195,33,28,36,0,296,3,0,0,6,63,75,711,207,146,1576,71,2706
801071078,20,3034,4,13,6,216,0,244,130,6,11,19,0,170,53,10,7,31,0,106,63,15,6,58,0,139,454,286,223,1811,18,2787,134,3,11,3,0,154,15,9,6,11,0,39,85,18,32,190,0,326,36,15,5,25,0,83,13,0,0,4,0,18,244,3,7,7,0,257,85,70,54,710,6,924,88,39,18,155,3,296,10,0,8,0,0,19,18,9,7,9,0,42,24,8,0,6,0,37,20,4,10,23,0,60,21,5,5,7,0,36,17,24,19,9,6,73,45,15,7,26,0,90,17,0,0,0,0,22,3,0,0,0,0,5,134,56,47,469,8,716,25,5,0,8,0,44,31,0,7,5,0,40,41,9,0,8,3,59,34,6,3,5,0,49,79,0,11,0,0,95,13,5,3,31,0,60,725,84,101,109,0,1021,27,6,3,31,216,273,2282,601,474,4276,257,7892
801071079,3,1214,0,6,0,61,0,62,45,6,7,6,0,61,26,0,0,14,0,41,24,8,10,23,0,65,195,127,100,779,0,1196,43,0,7,0,0,51,11,0,0,3,0,20,31,7,8,87,0,140,10,6,0,7,0,22,8,0,0,0,0,9,70,0,0,0,0,74,52,23,25,311,3,416,42,13,0,63,0,125,0,0,0,0,0,8,25,4,0,7,0,34,0,0,0,0,0,0,4,7,0,8,0,21,0,8,0,0,0,9,8,7,0,4,0,21,23,8,8,4,0,33,19,5,4,0,0,28,0,0,0,0,0,0,66,31,27,226,0,349,7,0,0,4,0,13,5,0,4,0,0,12,12,4,0,16,0,35,19,0,0,0,0,19,24,0,4,0,0,23,10,0,0,6,0,16,238,47,46,46,0,370,15,0,0,17,77,104,848,259,202,1749,83,3140
801071080,4,1115,4,11,0,72,7,92,129,3,13,4,0,154,39,4,0,13,0,58,37,20,8,20,0,82,267,139,104,850,6,1370,72,0,11,0,0,90,13,0,3,11,0,26,47,18,10,124,0,199,20,3,0,13,0,41,11,6,0,3,0,22,275,3,3,0,0,288,59,37,14,351,4,465,38,12,9,53,0,110,35,0,0,0,0,38,10,0,0,0,0,11,8,3,0,8,0,21,0,3,0,6,0,14,5,4,0,0,0,12,7,6,0,3,0,17,26,3,3,12,0,45,7,3,3,8,0,24,4,0,0,0,0,11,60,47,27,299,0,438,8,3,0,0,0,15,5,0,0,0,0,3,25,0,0,3,0,27,16,3,3,0,0,19,21,0,0,0,0,20,4,5,0,11,0,30,574,48,31,76,3,739,23,4,0,11,170,210,1610,315,206,1805,195,4129
801071081,9,1568,5,9,6,142,0,162,74,0,12,25,0,109,24,3,0,9,0,42,34,11,7,24,0,77,244,162,111,1019,6,1540,89,0,0,0,0,96,9,3,0,6,0,27,42,18,14,108,0,182,15,4,3,12,0,27,6,3,3,3,0,16,191,0,0,0,0,201,34,21,19,339,5,416,32,18,5,62,0,118,13,0,0,0,0,18,14,9,0,5,0,25,13,5,9,9,0,31,16,3,9,10,0,41,12,0,6,0,0,11,3,15,0,3,0,28,13,4,0,16,0,34,4,0,0,0,0,7,21,0,4,0,0,25,59,44,23,285,0,415,23,9,7,4,0,41,6,0,0,0,0,14,30,7,4,14,0,52,9,0,0,0,0,10,66,3,9,0,0,78,14,6,4,15,0,36,394,55,40,74,3,569,18,6,0,21,95,137,1350,330,245,2279,122,4329
801071082,25,5675,12,42,13,396,0,459,223,9,22,37,0,298,99,26,6,34,5,164,123,37,36,120,0,311,1043,626,467,3757,18,5913,146,0,26,0,0,178,41,10,14,29,0,93,216,80,58,495,4,846,56,19,22,57,0,156,36,8,4,30,0,79,363,6,4,8,0,384,236,144,115,1746,7,2253,156,73,30,236,7,499,31,0,14,3,0,53,27,6,7,11,0,47,21,7,0,0,0,28,20,5,4,40,0,82,15,8,6,6,0,40,49,25,22,20,0,111,87,19,20,42,0,168,46,3,7,5,0,65,38,10,4,0,0,55,282,179,125,1325,5,1910,60,8,0,16,0,88,56,6,9,4,0,72,92,8,5,22,0,129,29,0,5,4,0,40,62,0,3,0,0,69,58,20,13,65,0,149,1254,210,181,282,3,1929,62,3,8,44,526,643,4177,1293,1000,8620,587,15670
801071083,0,563,0,0,0,20,0,25,11,3,0,11,0,19,9,0,0,17,0,23,16,11,0,18,0,40,88,60,40,365,4,556,10,0,5,0,0,19,4,0,3,3,0,9,12,6,4,50,0,72,13,5,0,12,0,27,0,0,0,4,0,5,20,3,0,0,0,19,31,18,12,174,0,234,12,6,4,20,0,43,0,0,0,0,0,0,6,0,0,0,0,4,4,0,0,0,0,5,4,0,0,7,0,15,0,0,0,0,0,0,8,0,3,3,0,11,17,0,0,4,0,20,6,0,0,0,0,6,0,0,0,0,0,0,20,17,15,152,0,201,3,0,0,0,0,5,9,3,0,0,0,14,3,0,0,6,0,9,8,4,0,0,0,11,9,0,0,0,0,8,6,0,0,0,0,11,74,10,17,23,0,125,0,0,0,5,7,19,309,131,96,857,12,1405
801071084,21,2031,7,15,4,155,0,172,127,8,9,19,0,165,50,5,0,15,0,71,51,19,8,39,0,119,344,181,124,1315,19,1982,54,3,10,0,0,74,21,4,0,17,0,41,90,23,15,146,0,272,21,4,5,12,0,36,18,4,8,5,0,29,179,4,9,4,0,191,98,42,26,473,3,640,57,20,7,81,4,176,4,0,0,0,0,4,24,5,6,4,0,40,21,4,0,3,0,29,16,4,6,5,0,32,10,12,0,8,0,27,14,9,6,3,0,38,37,5,5,13,0,59,4,0,0,8,0,14,7,0,0,0,0,8,123,30,36,373,5,564,40,6,3,4,0,44,27,0,0,4,0,29,48,4,8,0,4,64,29,0,0,0,0,28,83,0,3,0,0,85,27,7,3,9,0,51,567,40,70,76,4,757,23,3,0,18,127,172,1879,367,315,2915,172,5644
801071085,0,0,0,0,0,0,0,0,0,0,0,0,0,0,0,0,0,0,0,0,0,0,0,0,0,0,0,0,0,0,0,0,0,0,0,0,0,0,0,0,0,0,0,0,0,0,0,0,0,0,0,0,0,0,0,0,0,0,0,0,0,0,0,0,0,0,0,0,0,0,0,0,0,0,0,0,0,0,0,0,0,0,0,0,0,0,0,0,0,0,0,0,0,0,0,0,0,0,0,0,0,0,0,0,0,0,0,0,0,0,0,0,0,0,0,0,0,0,0,0,0,0,0,0,0,0,0,0,0,0,0,0,0,0,0,0,0,0,0,0,0,0,0,0,0,0,0,0,0,0,0,0,0,0,0,0,0,0,0,0,0,0,0,0,0,0,0,0,0,0,0,0,0,0,0,0,0,0,0,0,0,0,0,0,0,0,0,0,0,0,0,0,0,0
801071086,3,665,0,0,3,51,0,57,43,4,9,0,0,50,10,4,0,4,0,18,16,4,5,8,0,32,99,65,52,402,0,620,26,0,4,0,0,34,4,0,0,8,0,16,14,11,0,50,0,80,5,0,0,7,0,12,0,4,0,5,0,7,15,0,0,0,0,20,25,15,11,171,0,223,24,9,4,28,0,64,0,0,0,0,0,0,6,0,6,0,0,8,0,0,0,5,0,5,0,4,4,5,0,15,0,0,0,0,0,3,5,5,0,8,0,19,5,6,4,0,0,12,0,0,0,5,0,3,0,0,0,0,0,0,20,15,8,128,0,179,0,0,0,5,0,8,0,5,3,0,0,0,8,0,0,5,0,12,9,0,0,0,0,11,15,0,0,0,0,15,3,0,0,13,0,16,136,19,23,39,0,214,6,0,0,7,58,74,437,138,111,952,62,1703
801071087,10,1175,0,6,0,126,0,139,64,7,12,17,0,95,18,8,0,9,0,40,22,9,7,15,0,55,181,105,87,665,5,1050,42,0,3,0,0,51,3,0,0,3,0,11,54,14,12,79,0,160,9,5,5,5,0,16,10,5,5,11,0,24,61,0,0,0,0,60,42,20,25,245,0,331,24,9,3,40,0,87,0,0,0,0,0,3,8,6,0,0,0,14,7,0,0,0,0,9,15,3,0,4,0,18,9,11,6,5,0,20,10,9,8,0,0,26,15,4,0,11,0,33,0,0,0,0,0,8,16,0,0,3,0,23,32,30,27,211,7,307,17,3,3,3,0,24,8,0,0,0,0,9,24,0,0,4,0,35,0,0,0,0,0,4,27,0,0,0,0,24,4,0,0,6,0,12,289,39,20,37,5,391,8,0,0,13,100,128,894,242,171,1624,125,3058
801071088,5,1538,3,7,3,124,0,139,36,0,0,7,0,50,25,9,3,20,0,52,39,17,11,46,0,106,226,170,116,918,8,1442,43,0,7,4,0,52,13,4,0,9,0,21,46,12,9,115,0,180,12,4,0,20,0,37,8,0,3,5,0,22,98,3,4,0,0,108,33,38,24,367,0,468,31,17,7,52,3,104,0,0,0,0,0,0,0,7,0,0,0,7,8,3,0,3,0,7,7,7,0,15,0,27,16,3,4,6,0,29,10,9,0,0,0,28,25,6,3,11,0,44,0,6,0,3,0,8,22,0,3,0,0,25,70,35,27,273,0,405,9,5,0,0,0,22,12,3,5,0,0,16,15,0,0,3,0,26,18,3,0,0,0,25,44,0,6,0,0,47,8,4,0,9,0,22,238,57,41,59,0,396,20,0,6,9,75,112,958,354,247,2147,94,3798
801071089,0,12,0,0,0,0,0,0,0,0,0,0,0,0,0,0,0,0,0,0,0,0,0,3,0,0,3,0,0,11,0,17,0,0,0,0,0,0,0,0,0,0,0,0,0,0,0,0,0,4,0,0,0,0,0,5,0,0,0,0,0,0,0,0,0,0,0,0,0,0,0,0,0,4,0,0,0,0,0,0,0,0,0,0,0,0,0,0,0,0,0,0,0,0,0,0,0,0,0,0,0,0,0,0,0,0,0,0,0,0,0,0,0,0,0,0,0,0,0,0,0,0,0,0,0,0,0,0,0,0,0,0,0,0,0,0,0,12,0,9,0,0,0,0,0,0,0,0,0,0,0,0,0,0,0,0,0,0,0,0,0,0,0,0,0,0,0,0,0,0,0,0,0,0,0,0,0,0,0,0,0,0,0,0,0,0,5,5,7,6,0,20,3,43
801071090,10,2874,3,19,12,246,0,279,152,13,23,15,0,202,34,10,3,18,0,64,65,19,12,60,0,157,465,294,206,1769,18,2760,53,3,9,3,0,74,21,7,3,14,0,49,66,20,27,181,0,298,44,11,9,28,0,91,24,0,3,16,0,49,266,3,4,9,4,284,121,75,51,796,10,1056,111,34,17,104,0,270,33,3,7,8,0,46,6,0,0,3,0,11,15,0,0,9,0,21,12,9,0,16,0,33,10,9,9,8,0,33,38,15,9,13,0,71,48,9,3,19,0,82,28,3,3,9,0,44,19,3,0,0,0,24,152,106,86,572,8,914,28,0,0,8,0,41,15,8,5,6,0,35,54,8,9,10,0,80,23,6,6,0,0,30,29,4,4,5,0,44,26,9,4,34,0,64,753,85,95,127,7,1074,43,7,0,22,215,281,2341,634,496,4161,261,7885
801071132,0,6,0,0,0,0,0,0,0,0,0,0,0,0,0,0,0,0,0,0,0,0,0,0,0,0,3,0,0,0,0,5,0,0,0,0,0,0,0,0,0,0,0,0,0,0,0,0,0,0,0,0,0,0,0,0,0,0,0,0,0,0,0,0,0,0,0,0,0,0,0,0,0,0,0,0,0,0,0,0,0,0,0,0,0,0,0,0,0,0,0,0,0,0,0,0,0,0,0,0,0,0,0,0,0,0,0,0,0,0,0,0,0,0,0,0,0,0,0,0,0,0,0,0,0,0,0,0,0,0,0,0,0,0,0,0,0,0,0,0,0,0,0,0,0,0,0,0,0,0,0,0,0,0,0,0,0,0,0,0,0,0,0,0,0,0,0,0,0,0,0,0,0,0,0,0,0,0,0,0,0,0,0,0,0,0,0,0,3,0,0,8,0,13
801081091,4,1065,0,0,5,20,0,20,66,4,10,15,0,97,22,0,3,0,0,26,19,5,4,12,0,47,227,103,104,686,0,1125,17,0,0,0,0,17,18,0,4,10,0,27,46,19,7,96,0,164,31,0,0,17,0,50,14,5,0,11,0,31,38,3,9,6,0,52,61,18,22,303,0,407,62,15,15,52,0,144,5,0,0,0,0,5,10,0,0,4,0,15,0,0,0,0,0,0,7,6,0,7,0,11,0,0,0,0,0,0,10,0,7,0,0,18,15,3,0,6,0,24,0,0,0,3,0,6,0,0,0,0,0,4,63,35,32,244,0,373,0,0,0,3,0,3,9,4,5,3,0,19,11,0,3,4,0,26,10,0,0,0,0,11,19,0,0,0,0,21,12,9,0,22,0,46,203,34,39,58,0,330,10,0,0,10,56,78,792,218,211,1582,61,2867
801081092,9,1316,0,0,3,64,0,68,54,8,7,8,0,74,38,4,0,21,0,60,20,9,11,30,0,67,217,149,110,821,8,1297,19,0,9,0,0,25,12,0,3,10,0,22,59,13,6,97,0,182,7,7,0,7,0,13,13,3,0,18,0,37,63,0,3,0,0,64,49,43,24,334,0,459,25,11,12,54,0,109,8,0,0,0,0,8,0,0,0,0,0,0,4,3,0,0,0,6,0,0,4,3,0,14,3,3,0,0,0,10,11,10,6,4,0,27,35,17,8,15,0,73,12,4,0,6,0,22,14,0,0,0,0,13,68,51,25,268,0,416,16,4,3,9,0,30,8,0,6,0,0,14,13,0,4,5,0,26,0,0,3,3,0,12,9,0,3,0,0,12,20,11,4,17,0,45,253,34,45,67,3,400,11,0,0,4,89,103,870,300,265,1853,107,3395
801081093,4,1141,0,0,5,43,0,54,83,6,12,12,0,110,31,11,0,10,0,47,25,11,7,11,0,51,214,109,77,775,8,1183,24,0,0,0,0,32,23,0,0,10,0,35,46,24,5,86,0,157,23,0,4,6,0,46,16,5,0,8,0,23,103,3,0,0,0,102,45,26,15,351,0,446,37,13,7,61,0,111,5,0,0,0,0,5,0,0,0,4,0,5,5,0,0,0,0,6,3,3,0,3,0,6,14,5,6,0,0,20,12,9,5,15,0,37,12,3,0,10,0,21,6,3,0,3,0,11,0,0,0,0,0,0,50,36,37,272,0,389,7,0,0,0,0,16,3,3,0,0,0,5,19,0,0,7,0,29,4,0,0,4,0,5,10,0,0,0,0,17,5,4,0,9,0,23,298,42,37,56,9,441,12,0,0,11,115,133,925,262,195,1702,136,3219
801081094,0,921,0,0,5,48,0,52,76,6,9,9,0,101,17,0,0,15,0,31,30,4,3,26,0,64,204,136,65,638,0,1043,26,0,3,0,0,30,6,6,3,10,0,29,28,15,6,80,0,133,13,0,0,11,0,19,12,0,0,3,0,18,67,0,0,0,0,67,44,34,15,345,7,444,31,22,9,32,0,86,10,4,3,0,0,15,3,0,0,3,0,5,7,0,5,0,0,14,15,4,0,7,0,30,0,0,0,0,0,6,12,0,0,0,0,13,20,11,4,12,0,44,8,0,0,8,0,10,0,0,0,0,0,0,64,36,26,232,0,362,11,4,0,7,0,22,18,0,0,0,0,13,11,5,0,0,0,16,7,0,0,3,0,16,16,0,0,0,0,18,8,0,0,13,0,29,262,37,24,68,0,384,0,5,0,11,94,111,856,258,154,1444,106,2816
801081095,10,1268,0,4,0,68,0,73,67,10,7,15,0,98,22,4,0,15,0,44,30,12,17,20,0,86,217,138,105,745,4,1208,44,0,4,0,0,52,21,3,4,11,0,41,50,17,10,82,0,153,12,0,0,17,0,31,5,0,0,11,0,15,72,0,5,3,0,76,57,44,23,356,0,482,29,19,9,57,0,107,8,3,3,0,0,18,9,6,0,3,0,14,12,0,0,0,0,11,3,6,4,7,0,14,0,6,0,0,0,4,7,6,3,5,0,18,11,3,4,12,0,31,6,0,0,9,0,9,0,0,0,0,0,3,61,39,24,306,0,435,11,0,0,5,0,11,10,4,8,0,0,25,7,4,0,4,0,22,7,4,0,0,0,14,7,0,0,0,0,10,7,7,0,21,0,40,249,35,44,49,0,374,22,0,0,9,133,170,887,300,231,1782,146,3354
801081096,7,758,0,3,0,33,0,36,65,4,6,8,0,86,28,0,0,8,0,41,8,6,0,14,0,28,137,101,63,528,3,822,11,0,0,0,0,17,12,0,9,3,0,27,30,9,10,63,0,113,9,3,0,16,0,18,13,0,0,0,0,22,63,0,3,0,0,67,31,21,12,219,0,274,44,14,8,21,0,88,4,0,0,0,0,4,0,0,0,0,0,3,3,0,0,0,0,3,3,4,0,3,0,8,0,0,0,0,0,0,7,0,0,0,0,10,14,8,0,14,0,36,4,0,0,0,0,11,26,0,0,0,0,26,61,25,15,135,6,237,7,0,0,0,0,3,6,0,4,0,0,7,14,5,0,0,0,17,4,0,0,0,0,9,15,0,0,0,0,15,12,0,5,18,0,24,179,31,19,31,0,260,9,0,0,9,62,80,676,178,134,1121,76,2191
801081097,0,1009,0,7,4,46,0,53,38,8,6,9,0,64,17,0,3,7,0,27,23,4,5,12,0,42,179,98,81,650,0,1018,29,0,4,0,0,37,13,4,3,4,0,21,36,12,15,57,0,122,14,0,3,6,0,27,10,3,0,10,0,22,58,3,3,4,0,75,39,32,28,309,0,414,40,7,9,57,0,119,0,0,0,0,0,5,5,5,0,0,0,3,0,3,0,0,0,3,0,6,0,0,0,4,11,5,0,3,0,16,9,0,0,4,0,16,14,0,4,6,0,24,9,0,0,0,0,8,4,0,0,0,0,4,48,43,23,270,5,385,9,0,0,7,0,16,6,3,7,3,0,21,5,0,0,0,0,7,5,0,0,3,0,11,0,0,5,0,0,3,3,6,0,11,0,21,244,47,32,46,0,374,15,4,0,12,110,137,755,234,184,1487,119,2785
801081098,12,1337,0,0,0,37,0,40,109,4,15,11,0,139,22,0,0,8,0,38,31,9,7,25,0,72,232,148,94,884,27,1388,40,3,8,3,0,55,25,7,5,13,0,46,69,14,15,111,8,206,20,3,0,7,0,36,14,5,0,8,0,28,95,13,4,6,0,125,53,45,25,402,0,524,46,20,9,67,0,139,3,0,0,0,0,4,13,0,0,0,0,12,4,0,0,6,0,8,4,3,0,3,0,12,6,3,0,4,0,11,9,3,6,0,0,26,27,4,9,16,0,46,14,0,6,0,0,28,0,0,0,0,0,0,84,53,46,309,5,496,9,4,0,0,0,11,13,4,0,0,0,11,15,3,0,9,0,29,18,0,0,3,0,19,29,0,6,0,0,30,9,0,3,15,0,22,463,44,53,59,5,615,9,0,0,22,160,187,1252,309,247,1991,204,4000
801081133,0,0,0,0,0,0,0,0,0,0,0,0,0,0,0,0,0,0,0,0,0,0,0,0,0,0,0,0,0,0,0,0,0,0,0,0,0,0,0,0,0,0,0,0,0,0,0,0,0,0,0,0,0,0,0,0,0,0,0,0,0,0,0,0,0,0,0,0,0,0,0,0,0,0,0,0,0,0,0,0,0,0,0,0,0,0,0,0,0,0,0,0,0,0,0,0,0,0,0,0,0,0,0,0,0,0,0,0,0,0,0,0,0,0,0,0,0,0,0,0,0,0,0,0,0,0,0,0,0,0,0,0,0,0,0,0,0,0,0,0,0,0,0,0,0,0,0,0,0,0,0,0,0,0,0,0,0,0,0,0,0,0,0,0,0,0,0,0,0,0,0,0,0,0,0,0,0,0,0,0,0,0,0,0,0,0,0,0,0,0,0,0,0,0
801091099,0,777,0,3,0,37,4,45,88,7,8,3,0,105,18,0,0,11,0,33,16,6,7,12,0,46,154,82,63,577,3,884,44,5,0,0,0,50,12,0,0,6,0,20,32,16,10,77,0,136,27,5,7,18,0,60,3,0,0,0,0,3,82,0,3,0,0,91,33,22,20,298,4,368,28,9,3,35,5,82,7,0,3,0,0,10,3,4,0,3,0,9,4,0,4,0,0,15,3,0,0,6,0,13,6,0,0,0,0,6,4,3,0,3,0,5,19,3,9,6,0,28,6,0,0,5,0,6,3,0,0,0,0,3,34,24,22,184,0,266,16,0,4,4,0,26,3,8,0,0,0,9,14,0,4,9,0,29,8,0,0,0,0,10,28,0,9,0,0,40,12,3,0,15,0,28,440,29,34,36,0,535,15,0,0,0,68,85,1005,187,162,1240,82,2680
801091100,17,2032,0,0,6,45,0,51,136,11,23,18,0,187,28,4,5,20,0,60,40,21,12,50,0,127,393,208,186,1180,3,1972,46,0,5,0,0,57,24,12,5,33,0,68,72,33,27,147,0,273,43,8,10,46,0,113,7,5,3,4,0,19,124,8,7,0,0,137,103,83,48,627,9,866,101,37,9,95,0,238,15,0,3,0,0,21,8,6,3,22,0,47,12,0,0,3,0,15,6,7,0,3,0,9,0,0,0,0,0,4,15,8,4,3,0,34,31,7,10,3,0,58,6,0,6,0,0,16,0,0,0,0,0,5,108,57,62,486,6,722,11,0,0,4,0,18,19,4,3,3,0,27,17,0,0,12,0,30,22,0,3,0,0,25,26,5,7,0,0,34,14,3,4,20,0,41,501,95,90,89,0,772,13,3,0,11,125,157,1628,477,452,2862,152,5569
801091101,0,1221,0,4,0,28,5,38,114,0,6,13,0,137,21,4,0,19,0,43,29,14,9,23,0,80,287,144,114,822,3,1378,23,0,4,3,0,30,15,7,5,11,0,31,51,16,14,95,4,183,36,0,5,26,0,66,12,0,5,4,0,22,123,3,6,0,0,130,72,47,29,354,0,499,51,14,8,62,0,143,18,0,0,0,0,20,18,0,3,0,0,25,5,0,0,5,0,9,5,3,0,6,0,16,15,0,0,0,0,17,8,7,3,0,0,23,25,0,3,8,0,45,15,0,0,4,0,22,0,0,0,0,0,0,82,38,47,304,0,471,18,5,0,0,0,17,7,0,3,0,0,11,15,3,0,0,0,24,14,5,3,7,0,18,10,0,3,0,0,15,11,3,4,12,0,26,365,33,39,50,0,494,7,0,5,3,151,164,1229,321,271,1807,162,3787
801091102,4,1020,0,0,8,41,0,44,167,3,18,5,0,197,16,10,0,3,0,31,23,6,6,17,0,50,221,114,91,657,11,1090,63,0,4,0,0,64,17,5,10,0,0,29,51,18,16,83,0,166,35,7,0,24,0,73,5,5,0,6,0,15,326,8,7,0,0,345,58,21,32,336,7,454,32,13,8,41,0,92,17,0,0,0,0,17,0,0,0,0,0,5,6,4,0,4,0,14,7,0,3,4,0,12,0,0,0,0,0,0,22,7,8,3,0,36,27,0,7,5,0,47,21,0,0,0,0,23,8,0,0,0,0,7,61,29,36,237,0,369,9,0,0,0,0,18,6,4,3,0,0,11,6,0,0,3,0,9,16,0,4,0,0,20,32,0,3,0,0,34,7,0,3,3,0,22,511,45,38,49,4,640,23,0,0,6,148,180,1579,233,241,1480,171,3706
801091103,13,1169,0,0,0,36,0,32,75,4,10,13,0,100,16,0,0,3,0,27,19,16,5,12,0,55,211,137,104,678,14,1148,28,0,8,0,0,37,11,3,0,11,0,26,33,11,3,79,0,123,10,0,0,11,0,21,7,6,0,6,0,23,70,6,0,4,0,82,52,40,28,369,0,489,40,7,12,58,0,120,17,3,6,0,0,27,0,0,5,14,0,18,3,3,0,0,0,3,8,0,0,10,0,13,4,0,0,0,0,7,16,5,12,0,0,31,21,0,3,8,0,44,4,3,0,6,0,12,5,3,0,0,0,10,71,41,39,248,0,396,12,0,4,0,0,18,8,0,4,0,0,18,6,0,0,4,0,9,10,0,0,0,0,8,17,0,0,0,0,21,18,8,6,25,0,61,290,50,43,50,6,434,5,0,0,8,107,121,909,292,249,1620,134,3210
801091104,0,574,0,0,3,33,0,37,196,7,25,6,0,232,25,8,0,13,0,43,20,3,3,6,0,32,128,81,48,451,4,696,24,0,0,0,0,24,5,0,3,0,0,9,35,12,3,53,4,109,38,3,0,19,0,57,10,4,0,5,0,18,152,0,5,0,0,155,35,16,9,173,0,243,42,6,8,44,0,98,7,0,0,0,0,7,3,0,0,0,0,4,8,0,0,0,0,9,14,0,0,0,0,14,3,0,5,0,0,6,6,0,5,0,0,18,26,5,4,12,0,52,10,6,0,6,0,22,0,0,0,0,0,3,22,14,8,136,0,185,6,0,0,0,0,10,3,0,6,3,0,11,10,0,0,3,0,21,19,0,0,0,0,23,25,0,0,0,0,25,7,0,0,6,0,17,347,36,28,24,0,430,4,0,0,3,65,70,1115,164,134,898,73,2379
801091105,8,923,0,3,0,43,0,50,100,3,3,3,0,107,14,0,0,7,0,25,17,10,7,15,0,50,204,111,88,615,5,1022,48,0,5,4,0,61,17,5,0,11,0,36,44,23,14,90,0,174,23,10,8,8,0,37,3,5,0,0,0,11,108,0,4,0,0,111,30,29,17,257,3,352,37,7,0,49,0,97,12,0,0,0,0,8,0,0,0,0,0,3,3,0,0,0,0,3,3,0,0,3,0,8,3,9,0,0,0,9,4,0,5,0,0,13,18,3,6,14,4,45,0,0,0,0,0,4,4,3,0,0,0,6,75,34,19,209,0,338,12,0,4,0,0,11,13,0,0,0,0,17,15,3,0,10,0,31,24,0,0,3,0,29,22,6,0,0,0,26,8,3,0,16,0,28,660,28,26,52,0,763,14,0,0,6,125,153,1366,231,180,1353,139,3271
801091106,3,905,0,0,3,46,0,53,129,13,21,9,0,170,20,4,0,11,0,36,16,15,0,12,0,43,167,122,66,606,8,967,84,0,7,0,0,93,18,4,4,7,0,34,40,13,11,81,0,142,12,3,6,14,0,33,12,5,4,6,0,22,179,8,0,0,0,189,31,31,23,349,3,440,47,20,11,56,0,130,18,0,5,0,0,23,0,7,0,0,0,8,4,0,0,0,0,3,10,0,0,3,0,8,3,0,0,3,0,8,4,6,0,0,0,12,26,7,0,6,0,36,17,4,0,0,0,23,4,0,0,0,0,4,49,35,23,237,3,345,15,4,0,0,0,19,4,0,0,0,0,3,15,0,0,0,0,19,11,0,0,0,0,11,11,0,0,5,0,14,12,8,0,20,0,42,675,43,33,58,3,811,18,6,4,11,127,165,1416,264,192,1419,148,3440
801091107,3,152,0,0,0,0,0,0,94,3,4,0,0,105,20,0,0,10,3,33,3,4,0,4,0,14,37,14,15,125,5,193,11,0,4,4,0,12,0,0,0,0,0,0,9,0,0,8,0,20,37,4,0,20,0,65,0,0,0,0,0,0,60,5,0,0,0,62,13,0,4,60,0,81,40,4,0,16,0,63,4,0,0,0,0,7,4,0,0,0,0,4,12,0,0,3,0,17,5,0,0,0,0,6,0,0,0,0,0,0,0,0,0,0,0,0,12,0,0,0,0,12,3,0,0,0,0,12,0,0,0,0,0,0,9,3,0,51,4,71,10,0,0,0,0,13,0,0,0,0,0,0,16,0,0,7,0,23,3,0,0,0,0,3,19,0,0,0,0,17,0,0,0,0,0,9,165,5,4,19,0,190,8,0,0,0,30,35,537,46,30,282,37,928
801091108,0,871,0,0,0,33,0,38,56,6,4,11,0,75,21,0,0,11,0,43,24,9,0,13,0,49,169,84,64,619,6,946,27,0,4,5,0,29,4,0,0,7,0,18,32,15,16,57,0,112,31,4,7,23,0,74,6,4,0,11,0,22,95,3,0,0,0,103,54,25,35,330,0,445,65,12,4,59,0,145,6,0,0,0,0,10,10,4,0,3,0,11,16,3,0,3,0,18,4,3,0,8,0,12,13,4,0,0,0,17,3,4,0,0,0,8,13,0,0,0,0,18,10,0,0,0,0,9,3,0,0,0,0,3,49,43,22,208,0,314,3,0,0,0,0,8,7,0,0,0,0,6,19,3,7,3,0,31,12,5,0,0,0,16,13,0,3,5,0,18,4,5,0,18,0,26,256,37,32,43,6,370,11,0,0,5,73,89,849,202,161,1389,87,2687
801091109,5,1077,0,10,3,72,0,87,334,6,12,15,4,368,25,4,3,18,0,47,31,10,5,24,0,64,276,147,131,753,11,1308,301,0,18,0,0,323,15,3,3,10,0,30,39,15,9,89,0,151,21,9,6,25,0,56,10,3,7,3,0,24,410,3,0,3,0,420,58,47,31,371,4,503,47,18,16,69,0,146,79,0,6,0,0,87,12,0,0,0,0,15,8,4,0,0,0,13,3,4,3,9,0,22,12,0,4,4,0,15,17,3,5,4,0,25,18,3,4,15,0,38,11,0,0,0,0,17,6,0,0,0,0,7,82,37,43,276,0,443,35,0,3,3,0,36,9,6,0,0,0,17,42,6,3,3,0,58,32,0,0,0,0,36,29,0,3,0,0,35,9,5,4,17,0,41,1108,48,50,58,8,1277,39,7,5,6,200,246,2745,325,273,1618,224,5197
801091110,0,817,0,5,0,35,0,44,74,0,8,8,0,99,17,6,5,11,0,33,15,7,3,15,0,41,146,85,72,529,0,829,36,0,0,3,0,41,11,7,0,10,0,27,24,13,4,58,0,100,20,14,0,13,0,50,0,6,0,4,0,13,104,0,5,6,0,110,29,24,9,251,3,317,53,5,12,55,0,129,10,0,0,0,0,11,0,0,0,3,0,6,13,0,3,4,0,24,4,3,0,6,0,15,5,4,0,0,0,10,7,6,3,0,0,14,13,0,3,17,0,38,8,0,0,0,0,9,3,0,0,0,0,0,41,25,22,180,0,265,12,6,0,0,0,15,8,0,0,0,0,8,7,0,0,3,0,17,17,0,3,0,0,20,3,0,0,0,0,3,5,4,0,9,0,10,221,24,27,51,0,327,16,0,3,10,78,104,766,190,175,1210,89,2424
801101134,0,5,0,0,0,0,0,0,0,0,0,0,0,0,0,0,0,0,0,0,0,0,0,0,0,0,0,0,0,0,0,3,0,0,0,0,0,0,0,0,0,0,0,0,0,0,0,0,0,0,0,0,0,0,0,0,0,0,0,0,0,0,0,0,0,0,0,0,0,0,0,0,0,0,0,0,0,0,0,0,0,0,0,0,0,0,0,0,0,0,0,0,0,0,0,0,0,0,0,0,0,0,0,0,0,0,0,0,0,0,0,0,0,0,0,0,0,0,0,0,0,0,0,0,0,0,0,0,0,0,0,0,0,0,0,0,0,0,0,0,0,0,0,0,0,0,4,0,0,0,0,4,0,0,0,0,0,0,0,0,0,0,0,0,0,0,0,0,0,0,0,0,0,0,0,0,0,0,0,0,0,0,0,0,0,0,5,5,5,0,0,6,5,13
801101135,0,1047,0,0,0,74,0,76,342,0,18,14,0,384,13,3,0,12,0,23,8,8,9,26,0,57,176,116,110,598,0,1005,173,0,13,3,0,193,14,5,4,10,4,32,29,13,4,106,0,160,17,0,4,19,0,37,8,0,0,3,0,15,496,8,0,3,0,509,30,26,23,250,6,332,42,19,11,56,0,124,78,0,7,0,0,85,9,0,0,3,0,18,7,0,0,6,0,18,3,3,4,9,0,16,0,0,0,0,0,4,8,3,4,4,0,19,25,7,0,13,0,37,16,0,6,0,0,28,5,0,4,0,0,14,31,33,33,196,3,296,29,0,6,3,5,37,10,3,0,0,0,13,15,0,0,9,0,30,23,0,0,0,0,23,53,4,0,0,0,64,19,9,5,17,0,47,1298,40,54,66,3,1456,39,5,0,15,136,202,2762,260,250,1418,155,4851
801101136,0,599,0,0,0,23,0,23,312,12,10,5,0,348,17,7,0,28,0,53,7,10,7,19,0,32,104,55,63,350,3,567,82,0,0,0,0,86,5,4,0,9,0,18,7,3,7,51,0,75,0,5,0,18,0,24,3,0,0,5,0,6,391,5,3,8,0,403,17,16,9,137,0,180,12,14,5,35,0,67,44,0,0,0,0,44,7,9,0,5,0,20,18,0,0,4,0,22,0,0,6,4,0,8,0,4,0,0,0,4,0,0,4,4,0,8,19,0,0,5,0,27,5,0,0,0,0,12,0,0,0,0,0,0,22,20,27,110,0,169,6,0,3,0,0,12,5,0,0,0,0,10,12,4,0,5,0,16,60,0,0,0,0,63,31,0,0,0,0,37,8,0,0,14,0,20,509,31,19,33,0,597,21,0,0,4,72,92,1570,172,132,817,72,2759
801101137,0,0,0,0,0,0,0,0,0,0,0,0,0,0,0,0,0,0,0,0,0,0,0,0,0,0,0,0,0,0,0,0,0,0,0,0,0,0,0,0,0,0,0,0,0,0,0,0,0,0,0,0,0,0,0,0,0,0,0,0,0,0,0,0,0,0,0,0,0,0,0,0,0,0,0,0,0,0,0,0,0,0,0,0,0,0,0,0,0,0,0,0,0,0,0,0,0,0,0,0,0,0,0,0,0,0,0,0,0,0,0,0,0,0,0,0,0,0,0,0,0,0,0,0,0,0,0,0,0,0,0,0,0,0,0,0,0,0,0,0,0,0,0,0,0,0,0,0,0,0,0,0,0,0,0,0,0,0,0,0,0,0,0,0,0,0,0,0,0,0,0,0,0,0,0,0,0,0,0,0,0,0,0,0,0,0,0,0,0,0,0,0,0,0
801101139,5,1043,6,0,0,31,0,33,245,3,11,9,0,267,16,7,0,15,0,33,14,4,10,21,0,55,167,101,87,538,5,892,83,4,4,0,0,97,15,0,0,0,0,19,30,9,3,74,0,119,13,13,4,18,0,41,11,6,0,14,0,23,421,6,0,0,0,427,38,20,17,225,0,299,25,15,12,52,0,95,28,0,5,0,0,31,15,9,0,0,0,34,10,4,0,0,0,16,0,0,0,10,0,10,3,7,0,0,0,9,10,8,0,0,0,25,13,6,3,14,0,41,16,0,0,0,0,25,4,0,0,0,0,4,42,31,26,198,0,298,9,7,4,5,0,27,11,0,5,0,0,13,28,5,0,4,0,30,36,0,3,0,0,39,33,3,0,5,0,45,3,4,0,8,0,19,777,49,56,47,3,933,18,0,0,12,122,156,1892,260,203,1318,141,3808
801101145,0,0,0,0,0,0,0,0,0,0,0,0,0,0,0,0,0,0,0,0,0,0,0,0,0,0,0,0,0,0,0,0,0,0,0,0,0,0,0,0,0,0,0,0,0,0,0,0,0,0,0,0,0,0,0,0,0,0,0,0,0,0,0,0,0,0,0,0,0,0,0,0,0,0,0,0,0,0,0,0,0,0,0,0,0,0,0,0,0,0,0,0,0,0,0,0,0,0,0,0,0,0,0,0,0,0,0,0,0,0,0,0,0,0,0,0,0,0,0,0,0,0,0,0,0,0,0,0,0,0,0,0,0,0,0,0,0,0,0,0,0,0,0,0,0,0,0,0,0,0,0,0,0,0,0,0,0,0,0,0,0,0,0,0,0,0,0,0,0,0,0,0,0,0,0,0,0,0,0,0,0,0,0,0,0,0,4,4,0,0,0,0,4,4
801101146,0,0,0,0,0,0,0,0,0,0,0,0,0,0,0,0,0,0,0,0,0,0,0,0,0,0,0,0,0,0,0,0,0,0,0,0,0,0,0,0,0,0,0,0,0,0,0,0,0,0,0,0,0,0,0,0,0,0,0,0,0,0,0,0,0,0,0,0,0,0,0,0,0,0,0,0,0,0,0,0,0,0,0,0,0,0,0,0,0,0,0,0,0,0,0,0,0,0,0,0,0,0,0,0,0,0,0,0,0,0,0,0,0,0,0,0,0,0,0,0,0,0,0,0,0,0,0,0,0,0,0,0,0,0,0,0,0,0,0,0,0,0,0,0,0,0,0,0,0,0,0,0,0,0,0,0,0,0,0,0,0,0,0,0,0,0,0,0,0,0,0,0,0,0,0,0,7,0,0,0,0,7,0,0,0,0,0,0,7,0,0,0,0,7
801111140,0,267,0,0,0,12,0,12,0,0,3,3,0,8,0,0,0,0,0,3,3,0,0,6,0,14,27,12,25,155,0,223,0,0,0,0,0,0,4,0,0,0,0,0,3,0,3,22,0,26,0,0,0,0,0,0,0,0,0,4,0,6,3,0,0,0,0,3,4,7,6,65,0,81,0,0,0,7,0,5,0,0,0,0,0,0,0,0,0,0,0,0,0,0,0,0,0,0,0,0,0,0,0,0,0,0,0,0,0,0,0,0,0,0,0,3,0,0,0,0,0,0,0,0,0,0,0,0,0,0,0,0,0,0,10,0,9,61,0,80,0,0,0,4,0,4,0,0,0,0,0,0,0,0,0,0,0,3,0,0,0,0,0,0,0,0,0,0,0,0,0,0,0,0,0,3,23,0,3,10,6,40,0,0,0,0,28,30,75,25,44,385,34,556
801111141,0,25,0,0,0,3,0,3,0,0,0,0,0,0,0,0,0,0,0,0,0,0,0,3,0,3,0,6,0,14,0,22,0,0,0,0,0,0,0,0,0,0,0,0,0,0,0,0,0,0,0,0,0,0,0,0,0,0,0,0,0,0,0,0,0,0,0,0,0,0,0,3,0,5,0,0,0,0,0,0,0,0,0,0,0,0,0,0,0,0,0,0,0,0,0,0,0,0,0,0,0,0,0,0,0,0,0,0,0,0,0,0,0,0,0,0,0,0,0,0,0,0,0,0,0,0,0,0,0,0,0,0,0,0,0,3,0,4,0,12,0,0,0,0,0,0,0,0,0,0,0,0,0,0,0,0,0,0,0,0,0,0,0,0,0,0,0,0,0,0,0,0,0,0,0,0,0,0,0,0,0,0,0,0,0,3,16,22,0,4,0,40,15,63
897979799,0,0,0,0,0,0,0,0,0,0,0,0,0,0,0,0,0,0,0,0,0,0,0,0,0,0,0,0,0,0,0,0,0,0,0,0,0,0,0,0,0,0,0,0,0,0,0,0,0,0,0,0,0,0,0,0,0,0,0,0,0,0,0,0,0,0,0,0,0,0,0,0,0,0,0,0,0,0,0,0,0,0,0,0,0,0,0,0,0,0,0,0,0,0,0,0,0,0,0,0,0,0,0,0,0,0,0,0,0,0,0,0,0,0,0,0,0,0,0,0,0,0,0,0,0,0,0,0,0,0,0,0,0,0,0,0,0,0,0,0,0,0,0,0,0,0,0,0,0,0,0,0,0,0,0,0,0,0,0,0,0,0,0,0,0,0,0,0,0,0,0,0,0,0,0,0,0,0,0,0,0,0,0,0,0,0,0,0,0,0,0,0,0,0
899999499,0,181,0,0,0,28,0,35,12,3,4,0,0,18,0,0,0,0,0,4,4,0,0,3,0,11,34,13,13,87,0,153,3,4,0,0,0,10,5,0,0,0,0,5,4,4,0,25,0,32,0,0,0,0,0,0,3,0,0,0,0,4,17,0,0,0,0,19,15,0,4,35,0,51,3,0,0,9,0,11,0,0,0,0,0,0,0,0,0,0,0,0,0,0,0,0,0,0,0,0,0,0,0,0,0,0,0,0,0,5,0,0,0,0,0,0,0,0,0,0,0,0,0,0,0,0,0,0,0,0,0,0,0,0,10,5,0,32,0,48,0,0,0,0,0,0,0,0,0,0,0,0,3,0,0,0,0,6,0,0,0,0,0,0,0,0,0,0,0,0,0,0,0,0,0,3,56,10,5,12,4,79,5,0,0,4,132,141,143,42,27,262,137,605
