SA2_CODE_2021,C16_Rel_NS_0_14,C16_Rel_NS_15_24,C16_Rel_NS_25_34,C16_Rel_NS_35_44,C16_Rel_NS_45_54,C16_Rel_NS_55_64,C16_Rel_NS_65_74,C16_Rel_NS_75_84,C16_Rel_NS_85ov,C16_Rel_NS_Tot,C16_Tot_0_14,C16_Tot_15_24,C16_Tot_25_34,C16_Tot_35_44,C16_Tot_45_54,C16_Tot_55_64,C16_Tot_65_74,C16_Tot_75_84,C16_Tot_85ov,C16_Tot_Tot,C21_Buddhism_0_14,C21_Buddhism_15_24,C21_Buddhism_25_34,C21_Buddhism_35_44,C21_Buddhism_45_54,C21_Buddhism_55_64,C21_Buddhism_65_74,C21_Buddhism_75_84,C21_Buddhism_85ov,C21_Buddhism_Tot,C21_Christ_Angli_0_14,C21_Christ_Angl_15_24,C21_Christ_Angl_25_34,C21_Christ_Angl_35_44,C21_Christ_Angl_45_54,C21_Christ_Angl_55_64,C21_Christ_Angl_65_74,C21_Christ_Angl_75_84,C21_Christ_Anglic_85ov,C21_Christ_Anglic_Tot,C21_Chr_Ass_Apo_0_14,C21_Chr_Ass_Apo_15_24,C21_Chr_Ass_Apo_25_34,C21_Chr_Ass_Apo_35_44,C21_Chr_Ass_Apo_45_54,C21_Chr_Ass_Apo_55_64,C21_Chr_Ass_Apo_65_74,C21_Chr_Ass_Apo_75_84,C21_Chr_Ass_Apo_85ov,C21_Chr_Ass_Apo_Tot,C21_Chr_Bapt_0_14,C21_Chr_Bapt_15_24,C21_Chr_Bapt_25_34,C21_Chr_Bapt_35_44,C21_Chr_Bapt_45_54,C21_Chr_Bapt_55_64,C21_Chr_Bapt_65_74,C21_Chr_Bapt_75_84,C21_Chr_Bapt_85ov,C21_Chr_Bapt_Tot,C21_Chr_Breth_0_14,C21_Chr_Bret_15_24,C21_Chr_Bret_25_34,C21_Chr_Bret_35_44,C21_Chr_Bret_45_54,C21_Chr_Bret_55_64,C21_Chr_Bret_65_74,C21_Chr_Bret_75_84,C21_Chr_Breth_85ov,C21_Chr_Bret_Tot,C21_Chr_Cath_0_14,C21_Chr_Cath_15_24,C21_Chr_Cath_25_34,C21_Chr_Cath_35_44,C21_Chr_Cath_45_54,C21_Chr_Cath_55_64,C21_Chr_Cath_65_74,C21_Chr_Cath_75_84,C21_Chr_Catho_85ov,C21_Chr_Catho_Tot,C21_C_Chur_Christ_0_14,C21_C_Chur_Christ_15_24,C21_C_Chur_Christ_25_34,C21_C_Chur_Christ_35_44,C21_C_Chur_Christ_45_54,C21_C_Chur_Christ_55_64,C21_C_Chur_Christ_65_74,C21_C_Chur_Christ_75_84,C21_C_Chur_Christ_85ov,C21_C_Chur_Christ_Tot,C21_C_East_Ortho_0_14,C21_C_East_Ortho_15_24,C21_C_East_Ortho_25_34,C21_C_East_Ortho_35_44,C21_C_East_Ortho_45_54,C21_C_East_Ortho_55_64,C21_C_East_Ortho_65_74,C21_C_East_Ortho_75_84,C21_C_East_Ortho_85ov,C21_C_East_Ortho_Tot,C21_C_Jeh_Wit_0_14,C21_C_Jeh_Wit_15_24,C21_C_Jeh_Wit_25_34,C21_C_Jeh_Wit_35_44,C21_C_Jeh_Wit_45_54,C21_C_Jeh_Wit_55_64,C21_C_Jeh_Wit_65_74,C21_C_Jeh_Wit_75_84,C21_C_Jeh_Wit_85ov,C21_C_Jeh_Wit_Tot,C21_C_La_Da_Sai_0_14,C21_C_La_Da_Sa_15_24,C21_C_La_Da_Sa_25_34,C21_C_La_Da_Sa_35_44,C21_C_La_Da_Sa_45_54,C21_C_La_Da_Sa_55_64,C21_C_La_Da_Sa_65_74,C21_C_La_Da_Sa_75_84,C21_C_Lat_Da_Sa_85ov,C21_C_Lat_Da_Sa_Tot,C21_C_Luthe_0_14,C21_C_Luthe_15_24,C21_C_Luthe_25_34,C21_C_Luthe_35_44,C21_C_Luthe_45_54,C21_C_Luthe_55_64,C21_C_Luthe_65_74,C21_C_Luthe_75_84,C21_C_Luthe_85ov,C21_C_Luthe_Tot,C21_C_Ori_Orth_0_14,C21_C_Ori_Orth_15_24,C21_C_Ori_Orth_25_34,C21_C_Ori_Orth_35_44,C21_C_Ori_Orth_45_54,C21_C_Ori_Orth_55_64,C21_C_Ori_Orth_65_74,C21_C_Ori_Orth_75_84,C21_C_Ori_Orth_85ov,C21_C_Ori_Ort_Tot,C21_C_Oth_Pro_0_14,C21_C_Oth_Pro_15_24,C21_C_Oth_Pro_25_34,C21_C_Oth_Pro_35_44,C21_C_Oth_Pro_45_54,C21_C_Oth_Pro_55_64,C21_C_Oth_Pro_65_74,C21_C_Oth_Pro_75_84,C21_C_Oth_Pro_85ov,C21_C_Oth_Pro_Tot,C21_C_Pent_0_14,C21_C_Pent_15_24,C21_C_Pent_25_34,C21_C_Pent_35_44,C21_C_Pent_45_54,C21_C_Pent_55_64,C21_C_Pent_65_74,C21_C_Pent_75_84,C21_C_Pent_85ov,C21_C_Pent_Tot,C21_C_Pres_Ref_0_14,C21_C_Pres_Ref_15_24,C21_C_Pres_Ref_25_34,C21_C_Pres_Ref_35_44,C21_C_Pres_Ref_45_54,C21_C_Pres_Ref_55_64,C21_C_Pres_Ref_65_74,C21_C_Pres_Ref_75_84,C21_C_Pres_Ref_85ov,C21_C_Pres_Ref_Tot,C21_C_Sal_Army_0_14,C21_C_Sal_Army_15_24,C21_C_Sal_Army_25_34,C21_C_Sal_Army_35_44,C21_C_Sal_Army_45_54,C21_C_Sal_Army_55_64,C21_C_Sal_Army_65_74,C21_C_Sal_Army_75_84,C21_C_Sal_Army_85ov,C21_C_Sal_Army_Tot,C21_C_Sev_day_Adv_0_14,C21_C_Sev_day_Adv_15_24,C21_C_Sev_day_Adv_25_34,C21_C_Sev_day_Adv_35_44,C21_C_Sev_day_Adv_45_54,C21_C_Sev_day_Adv_55_64,C21_C_Sev_day_Adv_65_74,C21_C_Sev_day_Adv_75_84,C21_C_Sev_day_Adv_85ov,C21_C_Sev_day_Adv_Tot,C21_Chr_Unit_Ch_0_14,C21_Chr_Unit_Ch_15_24,C21_Chr_Unit_Ch_25_34,C21_Chr_Unit_Ch_35_44,C21_Chr_Unit_Ch_45_54,C21_Chr_Unit_Ch_55_64,C21_Chr_Unit_Ch_65_74,C21_Chr_Unit_Ch_75_84,C21_Chr_Unit_Ch_85ov,C21_Chr_Unit_Ch_Tot
801011001,37,22,8,22,39,18,28,8,3,185,486,287,208,321,352,286,266,137,45,2397,12,9,17,19,5,8,0,0,0,78,17,15,8,14,42,51,40,37,15,227,0,0,0,0,0,0,0,0,0,0,3,0,3,0,0,5,0,3,0,12,0,0,0,0,0,0,0,0,0,0,50,42,18,39,56,42,33,43,20,351,0,0,0,0,0,0,0,0,0,0,3,0,4,5,3,0,0,0,0,16,0,0,0,0,0,0,0,0,0,0,0,0,0,0,0,0,0,0,0,0,0,0,0,0,3,0,5,0,0,7,0,0,0,0,0,0,0,0,0,0,8,0,4,5,0,3,0,0,0,24,0,0,0,0,0,0,0,0,0,4,0,0,0,0,3,4,9,0,6,35,0,0,0,0,0,0,0,0,0,0,0,0,0,0,0,0,0,0,0,0,3,5,5,6,4,9,4,15,3,50
801011002,65,157,244,116,71,51,34,33,59,838,562,1523,2226,908,470,351,262,197,147,6651,23,65,124,48,38,20,7,8,6,332,18,31,59,57,34,31,43,42,53,367,0,0,0,0,0,0,0,0,0,0,8,10,27,17,4,7,5,0,0,80,0,0,0,0,0,0,0,0,0,0,74,139,280,153,96,71,74,78,47,1013,0,0,0,0,0,0,0,4,0,4,5,12,16,18,8,6,6,0,0,64,0,0,4,0,7,0,0,0,0,14,6,3,8,4,6,3,0,0,0,26,0,3,3,9,0,0,0,4,3,28,5,0,3,0,0,0,0,0,0,10,3,18,28,13,6,5,0,0,3,77,15,15,23,9,10,4,0,0,0,74,6,10,21,13,10,10,13,19,7,107,0,0,4,0,0,0,0,0,0,5,0,3,5,0,0,0,0,0,0,8,11,20,23,18,17,14,10,14,17,143
801011003,50,277,176,77,43,46,27,26,23,733,649,2144,1829,800,449,494,320,181,132,6996,23,68,100,55,29,33,17,10,3,326,58,108,51,49,50,52,72,60,32,526,0,0,0,0,0,0,0,0,0,0,9,20,16,11,5,3,5,0,0,70,0,0,0,0,0,0,0,0,0,0,125,279,191,140,100,102,83,79,48,1153,0,0,0,0,0,0,0,0,0,0,21,12,9,17,7,12,5,6,6,90,0,0,0,0,0,0,0,0,0,6,0,4,0,0,0,0,0,0,0,7,0,4,0,4,5,4,7,0,0,26,4,0,7,0,0,0,0,0,0,14,6,16,13,9,10,9,0,4,0,65,11,20,32,8,4,5,0,0,0,73,4,18,11,10,11,9,17,5,3,91,0,0,0,0,0,0,0,0,0,5,8,4,0,6,0,0,0,0,0,11,6,23,12,9,12,6,19,15,12,117
801011004,54,33,47,25,20,30,21,15,0,242,638,367,512,474,328,319,221,103,24,2979,5,3,7,9,4,12,8,0,0,51,39,27,40,44,50,29,41,25,0,307,0,0,0,0,0,0,0,0,0,0,6,3,9,5,7,3,4,0,0,45,0,0,0,0,0,0,0,0,0,0,109,62,61,96,77,87,55,33,4,590,0,0,0,0,0,5,0,0,0,5,3,0,0,0,3,6,5,3,3,22,0,0,0,0,3,0,0,0,0,6,0,0,0,0,0,0,0,0,0,0,0,0,0,0,0,0,3,0,0,16,0,0,0,0,0,0,0,0,0,0,5,3,3,0,0,0,0,0,0,18,25,5,5,16,7,0,3,0,0,60,9,7,0,6,6,8,7,3,0,48,0,0,0,0,0,0,0,0,0,7,0,0,0,0,0,0,0,0,0,5,14,4,0,7,12,3,13,4,0,49
801011005,44,18,23,42,31,31,27,18,0,227,509,264,325,451,403,319,292,198,45,2804,8,0,17,21,8,8,5,5,0,67,14,19,7,14,40,45,43,40,22,239,0,0,0,0,0,0,0,0,0,0,0,3,4,0,0,7,0,0,0,14,0,0,0,0,0,0,0,0,0,0,59,37,37,64,49,50,52,45,14,411,0,0,0,0,0,0,0,0,0,0,6,3,4,4,3,12,3,10,3,43,0,0,0,0,0,0,0,0,0,3,0,0,0,0,0,0,0,0,0,0,0,0,0,0,6,0,0,3,5,14,0,0,0,0,0,0,0,0,0,4,0,0,3,0,5,0,0,0,0,8,3,0,0,0,4,0,3,0,0,6,0,0,0,0,5,0,6,13,5,33,0,0,0,0,0,7,0,0,0,3,0,3,0,0,3,0,0,0,0,4,5,0,0,4,4,8,14,8,4,51
801011006,120,78,63,87,73,42,26,6,5,496,1843,890,1007,1314,1001,613,346,142,36,7199,31,17,17,31,31,29,6,5,0,165,99,73,50,91,126,133,76,30,9,690,0,0,0,0,0,0,0,0,0,0,9,6,11,8,12,12,6,8,0,66,0,0,0,0,0,0,0,0,0,0,429,196,163,279,285,172,122,63,9,1713,7,0,0,0,0,0,0,3,0,17,27,5,11,18,22,12,3,5,0,105,0,0,0,0,5,0,0,0,0,12,3,8,4,3,0,3,0,0,0,20,7,0,0,4,5,4,5,3,0,28,0,0,0,0,4,0,0,0,0,11,4,7,8,0,13,7,5,0,0,47,43,33,19,21,30,13,13,4,0,176,7,11,3,17,18,26,19,4,0,106,0,0,0,0,0,0,0,0,0,7,9,3,0,4,3,4,0,0,0,20,12,6,7,19,13,38,20,10,3,136
801011007,88,75,63,84,69,67,53,9,3,511,1084,685,688,843,682,671,514,123,39,5329,9,8,17,12,14,9,15,0,0,95,45,25,32,61,101,65,102,32,8,469,0,0,0,0,0,0,0,0,0,0,7,12,0,5,7,11,8,3,0,56,0,0,0,0,0,0,0,0,0,0,220,158,123,140,178,162,179,62,13,1239,0,0,0,0,0,0,0,0,0,4,6,6,6,9,7,4,10,5,6,60,0,0,0,0,4,0,4,0,0,5,0,3,0,0,3,0,0,0,0,9,3,0,4,3,0,5,3,0,0,19,0,0,0,0,0,0,0,0,0,0,14,5,11,6,4,0,3,0,0,36,4,8,3,3,4,6,9,3,0,42,6,0,9,11,9,13,15,12,0,78,0,0,0,0,0,0,3,0,0,6,5,0,5,5,5,0,0,0,0,14,18,10,7,21,19,21,20,3,0,116
801011008,66,51,81,37,48,47,29,14,3,371,848,671,661,636,633,701,401,161,53,4769,28,24,35,33,32,44,31,13,0,238,37,35,29,24,51,80,90,34,14,396,0,0,0,0,0,0,0,0,0,0,9,5,13,13,7,11,6,6,0,73,0,0,0,4,0,0,0,0,0,3,167,110,89,123,139,189,139,84,23,1057,0,0,0,0,0,0,5,0,0,5,8,6,9,0,10,15,10,9,8,70,6,0,0,0,0,0,5,0,0,15,7,4,0,3,0,0,0,0,0,14,6,0,0,4,4,0,3,3,0,18,5,0,0,0,0,6,0,0,0,7,6,4,0,0,5,4,8,0,0,28,12,12,12,12,3,8,4,0,0,61,8,3,5,5,8,21,16,7,4,76,0,0,0,0,0,0,0,0,0,3,0,0,0,0,3,0,0,0,0,3,3,8,0,9,11,13,23,3,6,81
801011009,53,24,28,38,37,40,29,12,4,258,703,389,411,518,437,388,379,120,26,3355,7,4,7,11,7,3,0,0,0,38,36,27,22,44,53,55,62,32,8,344,0,0,0,0,0,0,0,0,0,0,3,0,4,3,4,4,0,4,0,23,0,0,0,0,0,0,0,0,0,0,186,104,80,105,112,98,77,50,4,816,0,0,0,0,0,0,0,0,0,0,14,4,3,8,0,10,11,4,0,45,4,0,0,0,0,0,3,0,0,8,5,6,0,3,0,0,0,0,0,9,3,0,4,3,0,0,8,3,0,20,0,0,0,0,0,0,0,0,0,3,3,0,0,0,3,4,0,0,0,11,8,3,5,9,4,3,4,0,0,35,7,3,4,7,7,7,19,9,0,54,0,0,0,0,4,4,0,0,0,6,3,0,5,3,0,0,0,0,0,9,6,8,4,13,18,20,18,6,0,94
801011010,28,17,20,25,20,30,26,7,0,177,414,220,203,298,274,290,245,68,14,2027,4,4,6,10,4,0,7,0,0,37,23,20,8,24,39,23,60,23,0,227,0,0,0,0,0,0,0,0,0,0,0,9,0,0,3,4,0,4,0,15,0,0,0,0,0,0,0,0,0,0,80,46,30,47,58,41,78,25,4,409,0,0,0,0,0,0,0,0,0,0,6,0,0,9,4,0,0,0,0,16,0,0,0,0,0,0,0,0,0,6,4,0,0,0,0,3,5,0,0,14,0,0,4,0,6,0,3,0,0,16,0,0,0,0,0,0,0,0,0,0,4,0,0,3,0,0,3,0,0,10,15,4,8,7,8,5,3,0,0,49,10,0,0,8,5,7,3,6,0,36,0,4,0,0,3,0,0,0,0,7,0,0,0,0,0,0,0,0,0,3,9,5,8,7,0,12,15,0,3,54
801011011,56,34,43,50,36,37,24,0,6,283,697,366,462,520,383,433,334,92,25,3312,12,6,9,15,14,13,9,0,0,74,36,18,20,26,42,44,70,25,6,288,0,0,0,0,0,0,0,0,0,0,9,0,4,6,4,6,3,3,0,40,0,0,0,0,0,0,0,0,0,0,126,39,82,104,69,67,104,33,10,644,0,0,0,0,0,0,0,0,0,0,12,7,8,13,8,16,10,13,4,76,3,0,0,0,0,0,0,0,0,8,0,0,0,0,0,0,0,0,0,4,0,0,0,0,0,5,0,0,0,13,0,0,0,0,0,0,0,0,0,0,14,0,5,9,3,3,0,0,0,39,15,11,14,4,9,4,13,0,0,64,0,0,0,6,4,6,13,5,0,44,0,0,0,0,0,0,4,0,0,4,0,0,0,0,0,0,0,3,0,3,0,4,8,6,8,11,18,5,0,66
801011012,0,0,0,0,0,0,0,0,0,0,0,0,0,0,3,0,0,0,0,10,0,0,0,0,0,0,0,0,0,0,0,0,0,0,0,0,0,0,0,0,0,0,0,0,0,0,0,0,0,0,0,0,0,0,0,0,0,0,0,0,0,0,0,0,0,0,0,0,0,0,0,0,0,0,0,0,0,0,0,0,0,0,0,0,0,0,0,0,0,0,0,0,0,0,0,0,0,0,0,0,0,0,0,0,0,0,0,0,0,0,0,0,0,0,0,0,0,0,0,0,0,0,0,0,0,0,0,0,0,0,0,0,0,0,0,0,0,0,0,0,0,0,0,0,0,0,0,0,0,0,0,0,0,0,0,0,0,0,0,0,0,0,0,0,0,0,0,0,0,0,0,0,0,0,0,0,0,0,0,0,0,0,0,0,0,0,0,0,0,0,0,0,0,0,0,0,0,0,0,0
801011013,36,29,39,21,27,19,28,16,5,224,550,365,358,380,377,322,377,182,46,2956,21,5,14,16,6,12,10,0,0,81,25,17,8,21,50,39,54,56,14,280,0,0,0,0,0,0,0,0,0,0,0,3,0,0,4,0,4,5,0,16,0,0,0,0,0,0,0,0,0,0,74,61,36,45,78,64,58,48,13,483,0,0,0,0,0,0,0,0,0,0,4,8,5,3,15,11,9,12,6,64,3,0,0,0,0,0,0,0,0,3,0,0,0,0,0,0,0,0,0,0,0,3,0,0,3,0,4,3,0,22,0,0,0,0,0,0,0,0,0,0,0,0,0,3,0,0,0,0,0,8,0,6,0,0,0,0,0,0,0,14,6,0,0,3,4,7,15,12,5,44,0,0,0,0,0,0,0,0,0,5,0,0,0,0,0,0,0,0,0,3,7,8,3,0,12,11,19,19,10,97
801011014,41,37,41,36,32,30,43,13,0,276,623,371,451,457,389,288,342,139,23,3069,8,3,10,6,12,9,7,5,3,66,34,22,13,42,42,42,53,45,5,296,0,0,0,0,0,0,0,0,0,0,8,3,5,8,0,9,6,9,0,50,0,0,0,0,0,0,0,0,0,0,124,78,72,75,92,78,65,70,12,659,0,0,0,0,0,0,0,0,0,0,13,3,9,10,15,8,6,13,0,72,0,0,0,0,0,0,0,0,0,3,8,3,0,0,0,3,0,0,0,25,0,0,3,0,0,6,4,7,5,27,0,0,0,0,0,0,0,0,0,0,9,0,0,4,0,5,3,0,0,27,11,3,9,5,6,6,3,0,5,39,4,0,0,3,7,0,9,11,0,41,0,0,0,0,0,0,0,0,0,5,3,3,0,5,0,0,0,0,0,13,13,13,0,15,6,6,24,14,3,91
801011015,71,52,56,67,44,42,57,21,30,436,866,469,694,696,536,453,548,225,130,4623,14,9,19,20,11,9,6,7,0,98,70,28,46,59,84,61,85,69,25,535,0,0,0,0,0,0,0,0,0,0,5,8,11,10,10,10,9,14,5,81,0,0,0,0,0,0,0,0,0,0,184,118,143,159,141,107,131,86,46,1120,0,0,0,0,0,0,0,0,0,0,3,9,6,6,5,4,3,7,4,42,0,0,9,4,0,0,3,0,0,11,5,0,0,4,0,0,4,0,0,17,0,0,0,5,6,8,7,6,0,37,5,0,0,4,0,0,0,0,0,0,8,0,0,7,3,4,0,0,0,28,13,6,10,13,7,3,8,6,0,63,6,3,5,8,6,16,14,6,3,70,0,0,0,0,0,0,5,0,0,4,7,0,3,4,5,3,6,0,0,20,9,5,14,11,16,18,26,11,7,118
801011016,82,82,75,75,77,97,60,24,9,588,1296,976,963,982,933,1031,743,282,70,7270,23,20,60,41,30,28,34,15,3,258,69,35,29,76,63,113,130,70,23,610,0,0,0,0,0,0,0,0,0,0,10,3,6,10,10,20,7,10,0,76,0,3,0,0,0,0,0,0,0,0,236,180,131,190,192,216,276,134,52,1606,0,3,0,0,0,6,0,0,0,7,27,25,12,19,32,30,35,23,13,219,0,4,0,0,4,0,0,0,0,12,9,0,7,3,7,0,0,0,0,26,0,4,0,6,0,4,12,6,0,38,0,0,0,0,0,0,3,0,0,3,23,3,12,12,8,6,8,5,0,64,8,8,10,8,0,12,7,0,0,50,6,3,11,8,11,23,36,18,4,118,0,0,0,0,0,0,5,0,0,4,6,0,0,3,3,4,0,0,0,23,11,14,6,10,20,22,30,26,0,142
801011017,69,36,47,50,31,49,30,8,3,324,779,394,535,590,433,412,360,111,28,3637,11,5,10,17,9,15,12,0,0,68,54,26,28,37,58,52,88,31,10,383,0,0,0,0,0,0,0,0,0,0,6,0,7,4,7,6,3,0,0,36,0,0,0,0,0,0,0,0,0,0,161,96,78,116,125,92,92,54,10,823,4,0,0,0,0,0,0,0,0,6,9,0,4,0,6,3,5,3,0,37,4,0,0,0,3,0,0,0,0,14,0,0,0,0,0,0,0,0,0,0,5,0,0,5,7,8,9,0,0,26,0,0,0,0,0,0,0,0,0,0,3,0,6,0,0,5,0,0,0,13,5,6,5,0,9,6,7,0,0,46,0,3,0,6,9,5,12,7,0,53,0,0,0,0,0,0,0,0,0,0,0,0,0,0,0,0,0,0,0,0,10,3,8,7,11,16,20,11,0,79
801011018,4,10,0,0,0,0,0,0,0,12,44,27,26,25,20,6,4,4,0,142,15,24,57,31,13,0,8,0,0,145,9,16,14,5,8,3,3,0,0,59,0,0,0,0,0,0,0,0,0,0,0,0,3,3,0,4,3,0,0,18,0,0,0,0,0,0,0,0,0,0,44,83,99,58,24,15,0,4,0,340,0,0,0,0,0,0,0,0,0,0,4,3,3,8,0,0,0,0,0,13,3,0,0,3,0,0,0,0,0,7,0,0,0,0,0,0,0,0,0,0,0,0,0,0,0,5,0,0,0,0,0,0,5,0,0,0,0,0,0,7,0,4,4,5,3,0,0,0,0,18,3,3,4,12,0,0,0,0,0,28,8,8,9,3,0,0,0,0,0,29,0,0,0,0,0,0,0,0,0,0,0,0,0,0,0,0,0,0,0,3,7,0,7,10,5,0,3,0,0,34
801011019,125,41,118,80,36,52,39,4,0,495,1660,743,1456,1189,644,542,422,113,31,6794,44,16,23,63,30,11,9,0,0,200,74,41,46,92,73,66,81,55,8,530,0,0,0,0,0,0,0,0,0,0,10,9,9,12,4,4,3,3,0,55,0,0,0,0,0,0,0,0,0,0,376,141,180,265,179,136,142,41,14,1456,0,0,0,0,0,0,0,0,0,0,19,6,8,11,15,14,13,13,0,95,8,0,0,6,3,0,0,0,0,25,4,5,0,3,3,3,3,0,0,19,0,0,6,3,4,5,3,3,0,30,3,0,0,5,0,0,0,0,0,13,14,0,15,6,7,3,3,0,0,41,23,4,3,18,13,10,8,0,0,78,9,6,12,10,15,16,20,9,3,90,0,0,0,0,0,0,4,0,0,7,6,3,11,3,3,0,0,0,0,27,19,6,12,17,10,18,14,13,0,115
801011020,58,33,45,39,21,22,31,17,3,253,510,341,443,397,320,254,241,147,49,2703,11,7,19,29,15,5,10,0,0,102,31,21,20,33,35,32,48,49,10,284,0,0,0,0,0,0,0,0,0,0,3,0,12,3,0,7,3,0,0,25,0,0,0,0,0,0,0,0,0,0,67,51,59,70,56,73,50,55,22,502,0,0,0,0,0,0,0,0,0,0,4,0,4,6,6,4,5,4,0,36,0,0,0,0,0,0,0,0,0,0,0,0,0,0,0,0,0,0,0,0,0,0,0,0,0,0,3,5,0,11,0,0,0,0,0,0,0,0,0,0,0,3,0,0,0,0,7,0,0,19,3,0,7,4,0,0,7,5,0,23,3,0,3,9,5,5,8,12,0,45,0,0,0,0,0,0,0,0,0,3,0,0,0,0,0,0,0,0,0,0,0,0,0,7,3,4,5,10,3,37
801011021,38,33,24,33,25,53,22,11,0,243,478,387,281,361,398,442,271,111,21,2749,6,15,20,10,16,17,10,0,0,93,17,18,14,17,26,40,44,20,12,206,0,0,0,0,0,0,0,0,0,0,0,0,9,3,3,10,3,5,0,33,0,0,0,0,0,0,0,0,0,0,128,75,67,75,92,110,104,40,14,704,0,0,0,0,0,0,0,0,0,7,15,10,10,3,9,16,20,12,4,88,0,0,0,0,0,0,3,0,0,4,0,0,0,0,0,0,5,0,0,8,4,0,0,0,0,3,0,0,0,11,0,0,0,0,0,0,0,0,0,0,3,6,3,4,0,9,3,0,0,26,0,9,4,4,5,7,0,0,0,34,0,0,0,4,5,9,15,5,0,44,0,0,0,0,0,0,0,0,0,0,0,0,0,0,0,0,0,0,0,0,0,0,0,0,9,18,16,7,0,61
801011022,40,35,26,39,37,32,23,19,5,251,655,336,386,451,378,380,354,156,44,3148,8,9,12,13,6,4,7,0,0,60,40,15,12,34,48,44,63,52,8,321,0,0,0,0,0,0,0,0,0,0,19,4,0,12,6,5,14,4,0,62,0,0,0,0,0,0,0,0,0,0,139,89,60,74,111,84,72,51,8,695,0,0,0,0,0,0,0,0,0,3,15,11,4,0,19,5,10,9,0,75,4,0,0,4,0,0,0,0,0,6,3,0,3,0,0,0,0,3,0,12,0,6,0,7,4,6,5,0,0,28,0,0,0,0,0,0,0,0,0,3,0,0,0,0,0,0,0,0,0,4,6,0,0,3,0,3,0,0,0,23,7,3,4,4,5,4,8,3,0,40,0,0,0,0,3,0,0,0,0,6,0,0,0,0,0,0,0,0,0,5,6,3,5,12,12,15,12,22,3,90
801011023,40,39,41,32,18,14,30,34,24,277,485,330,480,407,283,238,259,286,263,3023,12,11,42,22,11,6,4,0,5,114,15,13,17,18,25,17,38,54,47,249,0,0,0,0,0,0,0,0,0,0,10,0,6,3,7,6,8,4,3,57,0,0,0,0,0,0,0,0,0,0,82,46,54,53,64,52,56,91,60,554,0,0,0,0,0,0,0,0,0,0,0,0,0,0,12,7,0,9,6,41,0,4,0,0,0,0,0,0,0,9,0,0,4,0,0,0,0,0,0,6,0,0,0,0,0,0,5,3,0,5,3,0,0,0,3,0,0,0,0,6,8,3,4,5,0,0,0,0,0,23,9,4,3,3,0,5,0,3,0,31,0,0,0,3,5,3,8,13,6,41,0,0,0,0,3,0,0,0,0,4,0,0,0,0,0,0,0,0,0,5,8,3,5,7,10,4,13,24,24,93
801011024,56,39,46,34,47,20,19,17,4,278,600,371,498,431,382,243,258,121,31,2931,17,0,14,30,13,9,10,0,0,98,21,14,16,17,32,30,25,22,6,185,0,0,0,0,0,0,0,0,0,0,11,0,5,3,6,0,4,8,0,44,0,0,0,0,0,0,0,0,0,0,88,52,62,65,64,47,64,39,11,485,0,0,0,0,0,0,5,0,0,6,4,0,0,4,4,0,9,4,0,33,0,0,0,4,0,0,5,0,0,11,4,0,0,0,3,3,0,0,0,15,5,0,7,5,0,4,3,0,0,24,0,0,3,0,0,0,0,0,0,8,10,4,3,5,4,5,3,0,0,27,7,3,4,12,5,4,0,0,0,42,0,6,0,0,5,9,9,9,0,35,3,3,0,0,4,0,0,0,0,12,0,0,0,0,0,0,0,0,0,3,12,6,4,7,5,5,12,10,0,59
801011025,39,26,31,23,24,34,17,8,0,199,546,310,351,380,296,319,266,107,12,2584,4,0,8,8,10,3,3,0,0,36,21,16,12,35,38,46,56,27,10,250,0,0,0,0,0,0,0,0,0,0,4,10,0,6,6,3,5,0,0,38,0,0,0,0,0,0,0,0,0,0,120,55,48,93,82,44,73,36,6,555,0,0,0,0,0,0,0,0,0,0,7,3,5,10,10,4,4,8,4,50,0,0,4,0,0,0,0,4,0,10,0,0,0,0,0,0,0,0,0,3,4,0,0,3,3,3,7,0,0,22,0,0,0,0,0,0,0,0,0,0,4,5,0,0,7,0,0,0,0,22,18,6,0,8,5,3,0,0,0,50,0,3,0,3,6,6,8,3,4,37,0,0,0,0,0,0,0,0,0,0,0,0,0,0,0,0,0,0,0,4,9,4,0,9,4,16,10,9,0,61
801011026,30,24,10,15,29,18,19,14,0,165,511,317,195,337,385,301,305,163,59,2575,5,5,9,15,8,4,6,0,0,52,40,32,12,33,37,36,34,52,28,308,0,0,0,0,0,0,0,0,0,0,0,6,0,4,7,10,0,3,0,19,0,0,0,0,0,0,0,0,0,0,85,68,33,59,79,59,55,49,19,515,0,0,0,0,0,0,0,0,0,3,10,3,3,11,4,11,8,7,5,55,0,0,0,0,0,0,0,0,0,8,0,0,0,0,0,0,0,0,0,0,3,0,0,0,3,4,0,0,3,16,0,0,0,0,0,0,0,0,0,0,0,0,0,0,3,0,0,0,0,11,0,0,3,0,3,0,0,0,0,14,3,0,0,0,9,11,3,5,5,39,0,0,0,0,0,0,0,0,0,0,0,0,0,0,0,0,0,0,0,0,8,5,4,3,9,11,15,15,0,71
801011111,0,0,0,0,0,0,0,0,0,4,0,0,0,0,3,5,0,0,0,14,0,0,0,0,0,0,0,0,0,0,0,0,0,0,0,0,0,0,0,0,0,0,0,0,0,0,0,0,0,0,0,0,0,0,0,0,0,0,0,0,0,0,0,0,0,0,0,0,0,0,0,0,0,0,0,0,0,0,0,4,0,0,0,0,0,0,0,0,0,0,0,0,0,0,0,0,0,0,0,0,0,0,0,0,0,0,0,0,0,0,0,0,0,0,0,0,0,0,0,0,0,0,0,0,0,0,0,0,0,0,0,0,0,0,0,0,0,0,0,0,0,0,0,0,0,0,0,0,0,0,0,0,0,0,0,0,0,0,0,0,0,0,0,0,0,0,0,0,0,0,0,0,0,0,0,0,0,0,0,0,0,0,0,0,0,0,0,0,0,0,0,0,0,0,0,0,0,0,0,0
801011142,0,0,0,0,0,0,0,0,0,0,0,0,0,0,0,0,0,0,0,0,0,0,0,0,0,0,0,0,0,0,0,0,0,0,0,0,0,0,0,0,0,0,0,0,0,0,0,0,0,0,0,0,0,0,0,0,0,0,0,0,0,0,0,0,0,0,0,0,0,0,0,0,0,0,0,0,0,0,0,0,0,0,0,0,0,0,0,0,0,0,0,0,0,0,0,0,0,0,0,0,0,0,0,0,0,0,0,0,0,0,0,0,0,0,0,0,0,0,0,0,0,0,0,0,0,0,0,0,0,0,0,0,0,0,0,0,0,0,0,0,0,0,0,0,0,0,0,0,0,0,0,0,0,0,0,0,0,0,0,0,0,0,0,0,0,0,0,0,0,0,0,0,0,0,0,0,0,0,0,0,0,0,0,0,0,0,0,0,0,0,0,0,0,0,0,0,0,0,0,0
801011143,0,0,0,0,0,3,0,0,0,3,3,3,0,4,5,8,0,0,0,16,17,9,5,20,8,3,3,0,0,66,9,0,5,5,3,3,0,0,0,35,0,0,0,0,0,0,0,0,0,0,0,0,0,4,0,0,0,0,0,5,0,0,0,0,0,0,0,0,0,0,30,21,45,30,11,6,3,0,0,141,0,0,0,0,0,0,0,0,0,0,0,0,3,0,0,0,0,0,0,9,0,0,0,0,0,0,0,0,0,0,0,0,0,0,0,0,0,0,0,0,0,0,0,0,0,0,0,0,0,0,0,0,0,0,0,0,0,0,0,0,0,0,0,0,0,0,0,0,0,0,3,0,0,4,0,0,0,0,0,9,6,0,0,3,0,0,0,0,0,13,0,0,0,0,0,0,0,0,0,0,0,0,0,0,0,0,0,0,0,0,0,0,0,0,0,0,0,0,0,5
801011144,0,0,0,0,0,0,0,0,0,0,0,0,0,0,0,0,0,0,0,0,0,0,0,0,0,0,0,0,0,0,0,0,0,0,0,0,0,0,0,0,0,0,0,0,0,0,0,0,0,0,0,0,0,0,0,0,0,0,0,0,0,0,0,0,0,0,0,0,0,0,0,0,0,0,0,0,0,0,0,0,0,0,0,0,0,0,0,0,0,0,0,0,0,0,0,0,0,0,0,0,0,0,0,0,0,0,0,0,0,0,0,0,0,0,0,0,0,0,0,0,0,0,0,0,0,0,0,0,0,0,0,0,0,0,0,0,0,0,0,0,0,0,0,0,0,0,0,0,0,0,0,0,0,0,0,0,0,0,0,0,0,0,0,0,0,0,0,0,0,0,0,0,0,0,0,0,0,0,0,0,0,0,0,0,0,0,0,0,0,0,0,0,0,0,0,0,0,0,0,3
801031031,0,74,157,111,48,19,8,0,0,420,0,74,158,110,53,24,8,0,0,424,0,0,0,0,0,0,0,0,0,0,0,0,0,0,0,0,0,0,0,0,0,0,0,0,0,0,0,0,0,0,0,0,0,0,0,0,0,0,0,0,0,0,0,0,0,0,0,0,0,0,0,0,0,0,0,0,0,0,0,4,0,0,0,0,0,0,0,0,0,0,0,0,0,0,0,0,0,0,0,0,0,0,0,0,0,0,0,0,0,0,0,0,0,0,0,0,0,0,0,0,0,0,0,0,0,0,0,0,0,0,0,0,0,0,0,0,0,0,0,0,0,0,0,0,0,0,0,0,0,0,0,0,0,0,0,0,0,0,0,0,0,0,0,0,0,0,0,0,0,0,0,0,0,0,0,0,0,0,0,0,0,0,0,0,0,0,0,0,0,0,0,0,0,0,0,0,0,6,0,6
801031032,3,0,3,0,0,0,0,0,0,7,16,5,11,4,6,0,0,0,0,39,0,0,0,0,0,0,0,0,0,0,0,0,0,0,6,0,0,0,0,4,0,0,0,0,0,0,0,0,0,0,0,0,0,0,0,0,0,0,0,0,0,0,0,0,0,0,0,0,0,0,0,0,5,0,0,4,0,0,0,12,0,0,0,0,0,0,0,0,0,0,0,0,0,0,0,0,0,0,0,0,0,0,0,0,0,0,0,0,0,0,0,0,0,0,0,0,0,0,0,0,0,0,0,0,0,0,0,0,0,0,0,0,0,0,0,0,0,0,0,0,0,0,0,0,0,0,0,0,0,0,0,0,0,0,0,0,0,0,0,0,0,0,0,0,0,0,0,0,0,0,0,0,0,0,0,0,0,0,0,0,0,0,0,0,0,0,0,0,0,0,0,0,0,0,0,0,0,0,0,0
801031113,8,19,28,24,35,37,19,6,5,184,62,81,100,97,158,172,120,39,13,837,0,0,6,0,0,5,0,0,0,15,0,4,7,4,18,22,29,4,0,91,0,0,0,0,0,0,0,0,0,0,3,0,0,0,0,0,0,0,0,8,0,0,0,0,0,0,0,0,0,0,13,9,16,18,21,23,29,13,0,141,0,0,0,0,0,0,0,0,0,0,0,0,0,0,0,0,0,0,0,6,0,0,0,5,0,7,0,0,0,7,0,0,0,0,0,0,0,0,0,0,0,0,0,0,0,4,0,0,0,3,0,0,0,0,0,0,0,0,0,0,0,0,0,0,0,0,4,0,0,5,0,4,0,0,0,0,0,0,0,5,0,0,0,0,3,7,0,4,4,13,0,0,0,0,0,0,0,0,0,0,0,0,0,0,0,4,0,0,0,3,0,0,0,4,3,5,5,5,0,27
801031114,0,4,0,6,5,0,0,0,0,15,22,10,20,18,18,3,5,0,0,100,0,5,0,4,0,0,0,0,0,13,0,0,0,0,0,0,0,0,0,0,0,0,0,0,0,0,0,0,0,0,0,0,0,0,0,0,0,0,0,0,0,0,0,0,0,0,0,0,0,0,7,0,0,8,3,0,0,0,0,16,0,0,0,0,0,0,0,0,0,0,0,0,0,0,0,0,0,0,0,0,0,0,0,0,0,0,0,0,0,0,0,0,0,0,0,0,0,0,0,0,0,0,0,0,0,0,0,0,0,0,0,0,0,0,0,0,0,0,0,0,0,0,0,0,0,0,0,0,0,0,0,0,0,0,0,3,0,0,0,0,0,0,0,0,0,0,0,0,0,4,0,0,0,0,0,0,0,0,0,0,0,0,0,0,0,0,0,0,0,0,0,0,0,0,0,0,0,0,0,0
801031115,6,3,5,0,9,7,6,0,0,24,24,24,21,15,34,22,18,7,5,175,0,0,0,0,0,0,0,0,0,4,0,0,3,0,4,3,0,4,0,22,0,0,0,0,0,0,0,0,0,0,0,0,0,0,0,0,0,0,0,3,0,0,0,0,0,0,0,0,0,0,3,11,14,5,12,8,0,0,3,58,0,0,0,0,0,0,0,0,0,0,0,0,0,0,0,0,0,0,0,5,0,0,0,0,0,0,0,0,0,0,0,0,0,0,0,0,0,0,0,0,0,0,0,0,4,0,0,0,0,4,0,0,0,0,0,0,0,0,0,0,0,0,0,0,0,0,0,0,0,0,0,4,0,0,0,0,0,0,0,10,0,0,0,0,0,0,0,0,0,0,0,0,0,0,0,0,0,0,0,0,0,0,0,0,0,0,0,0,0,0,0,0,0,0,0,4,0,0,0,4
801041034,80,42,43,53,57,33,15,6,3,334,1509,741,655,1094,886,457,232,126,16,5708,17,14,15,33,26,20,9,4,0,127,108,70,35,89,140,77,64,24,10,627,0,0,0,0,0,0,0,0,0,0,14,11,8,6,14,9,5,0,0,70,0,0,0,0,0,0,0,0,0,0,342,232,109,191,273,148,87,53,8,1427,0,0,0,0,0,0,0,0,0,0,15,22,10,3,21,14,9,4,0,84,9,0,0,5,0,0,0,0,0,17,0,0,0,6,0,0,0,0,0,13,0,0,0,0,0,8,0,5,0,20,4,9,0,5,4,0,0,0,0,27,3,0,10,3,8,3,0,0,0,27,15,12,7,9,5,4,0,0,0,59,17,4,3,9,22,10,6,4,4,86,0,0,0,0,0,0,0,0,0,4,0,3,0,0,5,0,0,0,0,9,22,8,9,11,35,17,9,0,0,115
801041035,181,64,97,123,50,18,13,0,0,539,2152,693,1381,1488,602,264,117,22,5,6730,39,26,32,43,43,29,19,12,0,249,110,51,36,101,71,29,28,14,0,448,0,0,0,0,0,0,0,0,0,0,5,5,8,7,8,9,0,0,0,42,0,0,0,0,0,0,0,0,0,0,349,155,150,230,177,82,46,23,3,1221,0,0,0,0,0,0,0,0,0,0,34,9,8,17,12,0,5,4,0,92,5,3,4,5,0,7,3,0,0,30,0,4,0,4,0,0,0,0,0,12,0,0,0,6,4,0,0,0,0,20,21,4,0,8,4,4,4,0,0,47,11,3,4,5,15,6,0,0,0,40,59,36,11,43,31,9,4,0,0,189,26,7,8,20,11,3,3,0,0,84,6,0,0,3,0,0,6,0,0,12,7,0,3,0,0,0,0,0,0,17,7,12,5,22,13,3,6,5,0,74
801041036,100,49,135,67,51,34,11,9,0,452,1466,590,1594,1131,500,309,122,33,8,5759,26,18,37,53,20,11,13,0,0,175,90,60,62,107,82,42,39,8,0,497,0,0,0,0,0,0,0,0,0,0,12,5,11,7,10,9,3,0,0,54,0,0,0,0,0,0,0,0,0,0,390,160,193,312,165,102,40,27,0,1394,0,0,0,0,0,0,0,0,0,0,8,20,14,22,20,18,10,6,0,108,0,0,0,0,0,3,0,0,0,6,0,5,0,0,0,4,0,0,0,9,13,4,11,7,4,0,0,0,0,30,6,0,3,9,0,0,0,0,0,21,7,13,3,10,6,4,4,0,0,53,36,11,18,17,17,0,0,0,0,107,4,4,8,12,6,11,4,0,4,50,0,0,0,0,0,0,0,0,0,3,4,0,4,7,0,0,0,0,0,12,18,5,6,23,13,12,7,0,0,91
801041037,81,29,92,57,27,20,10,3,0,310,1084,493,1203,866,388,236,119,53,8,4456,19,15,20,41,31,10,4,3,0,145,49,17,42,54,50,31,28,37,4,306,0,0,0,0,0,0,0,0,0,0,9,6,5,0,8,3,6,0,0,34,0,0,0,0,0,0,0,0,0,0,252,105,136,210,121,72,47,39,16,994,0,0,0,0,0,0,0,0,0,0,31,7,13,18,12,6,0,4,0,91,4,0,0,0,0,0,0,0,0,11,0,0,0,0,0,0,0,0,0,6,3,0,0,5,4,0,0,0,0,17,4,0,8,3,0,0,0,0,0,18,0,0,5,0,5,0,0,0,0,16,12,8,4,11,5,0,0,0,0,45,4,0,3,14,13,0,4,7,4,48,0,0,0,0,0,0,0,0,0,0,3,0,0,5,5,6,0,0,0,25,19,5,4,19,12,8,6,3,0,66
801041038,87,27,33,68,45,18,7,3,0,284,1283,429,601,1009,565,257,120,30,11,4307,22,12,7,33,34,5,0,0,0,111,113,51,23,81,111,36,22,18,0,461,0,0,0,0,0,0,0,0,0,0,0,4,4,0,15,10,6,0,0,37,0,0,0,0,0,0,0,0,0,6,296,131,89,186,189,88,37,16,5,1041,0,0,0,0,0,0,0,0,0,0,21,3,9,11,12,5,0,4,0,68,0,0,0,6,3,3,0,0,0,15,0,0,0,0,0,0,0,0,0,4,6,3,0,8,8,0,0,0,0,31,15,8,5,9,3,4,0,0,0,44,6,12,4,3,7,0,0,0,0,34,19,11,3,12,12,6,0,0,0,57,8,3,0,14,9,6,4,3,0,56,3,0,0,0,0,0,0,0,0,4,0,0,0,0,3,0,0,0,0,9,21,12,0,14,9,13,8,0,0,72
801041039,112,81,146,124,35,24,6,5,0,535,1401,931,1783,1279,563,299,126,33,4,6420,45,49,89,98,73,48,27,5,0,442,44,41,41,50,49,29,12,0,0,268,0,0,0,0,0,0,0,0,0,0,16,3,10,21,10,0,0,3,0,65,0,0,0,0,0,0,0,0,0,0,238,101,156,215,142,81,44,14,0,995,0,0,0,0,0,0,0,0,0,0,19,6,4,19,14,9,9,0,0,72,0,0,0,3,4,0,0,0,0,15,3,3,8,4,0,0,0,0,0,15,8,0,0,3,0,0,0,0,0,22,12,0,4,5,0,0,0,0,0,18,7,9,3,3,0,9,0,0,0,30,22,19,12,17,13,5,3,0,0,89,14,16,16,11,10,10,4,0,0,81,0,0,0,0,0,0,0,0,0,0,0,6,0,0,5,4,3,0,0,17,11,4,14,19,7,16,0,3,0,78
801041040,85,104,136,95,53,47,16,3,0,538,1210,1056,1334,1075,719,449,203,72,19,6131,35,45,125,67,60,45,24,9,0,404,63,37,48,68,83,56,44,26,8,433,0,0,0,0,0,0,0,0,0,0,9,9,30,15,12,10,9,0,3,97,0,0,0,0,0,0,0,0,0,0,203,178,205,195,217,138,73,25,10,1240,0,0,0,4,0,0,0,0,0,3,14,14,17,9,18,11,6,4,0,104,0,3,4,0,3,0,0,3,0,16,0,6,4,0,0,0,0,0,0,8,0,0,0,0,0,5,0,0,0,11,3,3,0,6,5,0,0,0,0,24,14,5,0,14,4,6,5,0,0,47,24,12,18,18,9,5,0,0,0,101,17,9,13,23,19,17,3,4,3,108,0,0,0,0,0,0,0,0,0,5,0,0,0,5,0,0,0,0,0,6,35,17,22,27,28,10,10,4,6,150
801041043,0,0,0,0,0,0,0,5,0,13,54,31,12,37,47,39,35,22,3,276,0,0,0,0,0,0,0,0,0,0,0,5,0,0,7,11,3,9,0,29,0,0,0,0,0,0,0,0,0,0,0,0,0,0,0,0,0,0,0,0,0,0,0,0,0,0,0,0,0,0,30,12,0,11,18,9,14,8,0,96,0,0,0,0,0,0,0,0,0,0,4,0,0,0,3,0,0,0,0,3,0,0,0,0,0,0,0,0,0,0,0,0,0,0,0,0,0,0,0,0,0,0,0,0,0,0,0,0,0,3,0,0,0,0,0,0,0,0,0,0,0,0,0,0,0,0,0,0,0,3,0,0,0,0,0,0,0,0,0,0,0,0,0,0,0,0,0,0,0,4,0,0,0,0,0,0,0,0,0,0,0,0,0,0,0,0,0,0,0,0,0,0,0,0,0,0,0,6,0,8
801041044,137,80,130,108,50,27,11,5,0,550,1979,1070,1737,1546,794,354,141,54,7,7691,49,26,84,94,55,43,22,5,3,375,94,60,35,82,119,40,11,18,4,464,0,0,0,0,0,0,0,0,0,0,13,4,13,7,6,11,5,0,0,65,0,0,0,0,0,0,0,0,0,0,408,157,159,257,198,79,50,27,3,1334,0,0,0,0,0,0,0,0,0,6,30,10,18,17,11,11,10,8,0,116,0,0,3,0,0,5,0,0,0,10,0,0,0,0,0,0,0,0,0,5,4,4,4,10,6,0,0,5,0,34,9,4,3,4,8,0,0,0,0,27,9,13,7,6,0,0,0,0,0,42,21,11,5,23,8,6,0,0,0,77,14,7,12,10,19,6,8,0,0,78,6,0,0,5,0,0,0,0,0,16,4,7,4,0,0,3,0,0,0,16,33,12,13,31,34,9,9,0,0,145
801041045,0,0,0,0,0,0,0,0,0,0,0,0,0,0,0,0,0,0,0,3,0,0,0,0,0,0,0,0,0,0,0,0,0,0,0,0,0,0,0,0,0,0,0,0,0,0,0,0,0,0,0,0,0,0,0,0,0,0,0,0,0,0,0,0,0,0,0,0,0,0,0,0,0,0,0,0,0,0,0,0,0,0,0,0,0,0,0,0,0,0,0,0,0,0,0,0,0,0,0,0,0,0,0,0,0,0,0,0,0,0,0,0,0,0,0,0,0,0,0,0,0,0,0,0,0,0,0,0,0,0,0,0,0,0,0,0,0,0,0,0,0,0,0,0,0,0,0,0,0,0,0,0,0,0,0,0,0,0,0,0,0,0,0,0,0,0,0,0,0,0,0,0,0,0,0,0,0,0,0,0,0,0,0,0,0,0,0,0,0,0,0,0,0,0,0,0,0,0,0,0
801041046,226,118,190,144,125,90,31,23,0,953,2405,1362,2151,1690,1325,785,503,225,39,10486,57,26,48,78,58,38,27,8,6,352,141,63,88,104,160,122,99,90,21,892,0,0,0,0,0,0,0,0,0,0,22,11,15,20,13,14,10,0,0,105,0,0,0,0,0,0,0,0,0,0,431,240,254,346,263,204,173,104,26,2047,0,5,0,0,0,4,4,0,0,14,34,15,23,20,36,10,14,6,3,170,3,4,0,5,0,3,3,3,0,26,5,0,0,9,3,0,0,0,0,11,11,3,6,3,5,10,11,7,3,52,5,3,3,8,0,0,4,0,0,26,12,13,11,9,12,0,3,0,0,63,27,14,24,27,12,16,5,6,0,133,45,15,20,23,25,22,27,17,5,199,0,0,0,0,0,0,4,0,0,10,5,4,5,0,6,0,0,0,0,20,37,10,16,44,25,30,26,25,3,212
801041047,114,89,64,75,110,74,44,25,4,593,1309,1078,554,845,1321,918,558,243,40,6862,15,19,21,16,35,54,41,5,4,206,104,68,31,66,157,133,109,63,15,750,0,0,0,0,0,0,0,0,0,0,10,10,0,4,17,9,15,12,0,85,0,0,0,0,0,0,0,0,0,0,272,264,132,142,329,242,179,91,12,1655,0,0,0,0,0,0,0,3,0,0,34,34,17,13,42,25,12,10,0,189,0,0,0,0,0,0,5,0,0,0,4,0,6,0,5,6,0,0,0,15,3,0,0,0,5,4,6,0,0,31,5,4,0,3,0,5,0,0,0,28,10,8,5,9,11,8,0,5,0,52,19,11,9,12,12,19,13,0,0,96,6,13,4,4,21,33,29,10,4,125,0,0,0,0,0,4,0,0,0,9,0,0,0,0,0,0,0,0,0,0,14,16,10,12,29,28,29,19,3,156
801041048,85,62,78,71,64,44,18,11,9,442,1073,783,879,813,839,612,365,131,41,5529,25,22,19,53,34,44,44,3,7,255,81,37,43,56,86,90,48,35,11,491,0,0,0,0,0,0,0,0,0,0,9,3,8,14,15,0,7,4,0,61,0,0,0,0,0,0,0,0,0,0,181,99,114,122,173,149,110,54,11,1012,0,0,0,0,0,0,0,0,0,0,14,28,14,11,20,26,11,3,0,133,0,0,0,7,0,0,0,0,0,6,3,0,5,5,0,0,5,0,0,13,0,3,0,5,4,5,8,3,0,34,12,0,4,4,0,3,0,0,0,22,23,0,3,9,5,4,0,0,0,59,12,4,15,7,3,8,3,0,0,52,15,7,12,4,7,19,17,4,0,87,0,0,4,0,0,0,0,7,0,9,0,0,0,0,0,0,5,0,0,11,7,14,7,16,8,24,6,11,6,95
801041116,0,0,0,0,0,0,0,0,0,0,0,0,0,0,0,0,0,0,0,0,0,0,0,0,0,0,0,0,0,0,0,0,0,0,0,0,0,0,0,0,0,0,0,0,0,0,0,0,0,0,0,0,0,0,0,0,0,0,0,0,0,0,0,0,0,0,0,0,0,0,0,0,0,0,0,0,0,0,0,0,0,0,0,0,0,0,0,0,0,0,0,0,0,0,0,0,0,0,0,0,0,0,0,0,0,0,0,0,0,0,0,0,0,0,0,0,0,0,0,0,0,0,0,0,0,0,0,0,0,0,0,0,0,0,0,0,0,0,0,0,0,0,0,0,0,0,0,0,0,0,0,0,0,0,0,0,0,0,0,0,0,0,0,0,0,0,0,0,0,0,0,0,0,0,0,0,0,0,0,0,0,0,0,0,0,0,0,0,0,0,0,0,0,0,0,0,0,0,0,0
801041117,0,0,0,0,0,0,0,0,0,0,0,0,0,0,0,0,0,0,0,0,0,0,0,0,0,0,0,0,0,0,0,0,0,0,0,0,0,0,0,0,0,0,0,0,0,0,0,0,0,0,0,0,0,0,0,0,0,0,0,0,0,0,0,0,0,0,0,0,0,0,0,0,0,0,0,0,0,0,0,0,0,0,0,0,0,0,0,0,0,0,0,0,0,0,0,0,0,0,0,0,0,0,0,0,0,0,0,0,0,0,0,0,0,0,0,0,0,0,0,0,0,0,0,0,0,0,0,0,0,0,0,0,0,0,0,0,0,0,0,0,0,0,0,0,0,0,0,0,0,0,0,0,0,0,0,0,0,0,0,0,0,0,0,0,0,0,0,0,0,0,0,0,0,0,0,0,0,0,0,0,0,0,0,0,0,0,0,0,0,0,0,0,0,0,0,0,0,0,0,0
801041118,13,0,5,4,4,0,0,0,0,24,203,73,196,128,37,20,13,0,0,666,3,4,7,7,6,0,5,0,0,32,7,0,11,6,5,0,0,0,0,32,0,0,0,0,0,0,0,0,0,0,0,4,0,3,5,0,0,0,0,8,0,0,3,0,0,0,0,0,0,3,37,13,21,15,16,3,7,0,0,112,0,0,0,0,0,0,0,0,0,0,3,0,0,0,0,0,0,0,0,5,5,0,0,0,0,0,0,0,0,4,0,0,0,0,0,0,0,0,0,3,0,0,0,0,0,0,0,0,0,0,0,0,0,0,0,0,0,0,0,0,0,0,0,0,0,0,0,0,0,0,0,0,0,0,0,0,0,0,0,0,0,4,0,0,5,0,0,0,0,13,0,0,0,0,0,0,0,0,0,0,0,0,0,4,0,0,0,0,0,4,5,5,0,0,4,0,0,0,0,14
801041119,0,0,0,0,0,0,0,0,0,0,0,0,3,4,0,0,0,0,0,10,0,0,0,0,0,0,0,0,0,0,0,0,0,0,0,0,0,0,0,0,0,0,0,0,0,0,0,0,0,0,0,0,0,0,0,0,0,0,0,0,0,0,0,0,0,0,0,0,0,0,0,0,0,0,0,0,0,0,0,0,0,0,0,0,0,0,0,0,0,0,0,0,0,0,0,0,0,0,0,0,0,0,0,0,0,0,0,0,0,0,0,0,0,0,0,0,0,0,0,0,0,0,0,0,0,0,0,0,0,0,0,0,0,0,0,0,0,0,0,0,0,0,0,0,0,0,0,0,0,0,0,0,0,0,0,0,0,0,0,0,0,0,0,0,0,0,0,0,0,0,0,0,0,0,0,0,0,0,0,0,0,0,0,0,0,0,0,0,0,0,0,0,0,0,0,0,0,0,0,0
801041120,3,0,4,0,0,0,0,0,0,11,31,6,36,14,7,0,4,0,0,101,21,18,40,22,22,16,4,0,0,139,63,26,45,43,33,14,12,5,0,242,0,0,0,0,0,0,0,0,0,0,12,0,7,9,3,0,0,0,0,37,0,0,0,0,0,0,0,0,0,0,273,85,137,192,88,33,10,8,0,829,0,0,0,0,0,0,0,0,0,0,18,9,13,10,10,3,7,0,0,64,4,0,0,3,0,0,0,0,0,8,0,0,0,0,0,0,0,0,0,0,0,0,0,3,0,0,0,0,0,3,20,3,0,15,0,0,0,0,0,43,7,0,4,0,0,8,0,0,0,21,33,10,6,19,10,0,0,0,0,83,14,13,9,14,23,5,3,0,0,83,4,0,0,4,0,0,0,0,0,9,0,3,0,8,3,0,6,0,0,20,15,3,11,16,12,3,0,4,0,55
801041121,0,0,0,0,0,0,0,0,0,0,0,0,0,0,0,0,0,0,0,0,12,10,18,15,15,3,0,0,0,77,23,12,8,19,8,6,9,5,0,82,0,0,0,0,0,0,0,0,0,0,9,3,4,5,0,0,0,0,0,13,0,0,0,0,0,0,0,0,0,0,87,35,46,61,27,21,14,3,0,297,0,0,0,0,0,0,0,0,0,0,0,0,0,5,0,0,0,0,0,9,0,0,3,0,0,0,0,0,0,3,0,0,0,0,0,0,0,0,0,3,0,0,0,0,0,4,0,0,0,0,0,0,0,3,0,0,0,0,0,4,0,0,5,0,4,0,0,0,0,9,21,0,12,11,4,0,0,0,0,51,5,0,6,4,5,0,0,0,0,22,0,0,0,0,0,0,0,0,0,0,0,0,0,0,0,0,0,0,0,0,0,0,5,5,0,0,4,0,0,15
801041122,0,0,0,0,0,0,0,0,0,0,0,0,0,0,0,0,0,0,0,0,32,6,30,38,13,4,9,0,0,132,18,4,10,20,11,9,3,3,0,86,0,0,0,0,0,0,0,0,0,0,3,4,5,3,0,0,0,0,0,14,0,0,0,0,0,0,0,0,0,0,92,33,41,83,41,11,6,9,0,315,0,0,0,0,0,0,0,0,0,0,14,8,5,0,10,3,0,5,0,36,0,0,0,0,0,0,0,0,0,0,0,0,3,0,0,0,0,0,0,5,0,0,0,3,0,0,0,0,0,4,7,0,7,4,0,0,0,0,0,15,3,0,3,8,0,0,0,0,0,19,7,0,0,11,4,0,0,0,0,25,8,4,9,6,7,0,0,0,0,32,0,0,0,0,0,0,0,0,0,0,8,0,0,0,0,0,0,0,0,13,3,3,3,3,8,0,0,0,0,21
801051049,4,159,39,16,3,0,0,0,0,221,13,1563,399,76,21,8,7,0,4,2086,0,24,19,9,0,0,0,0,0,52,0,127,4,0,0,0,0,0,0,128,0,0,0,0,0,0,0,0,0,0,0,12,0,0,0,0,0,0,0,9,0,0,0,0,0,0,0,0,0,0,0,245,14,5,0,0,0,0,0,265,0,0,0,0,0,0,0,0,0,0,0,10,0,0,0,0,0,0,0,10,0,0,0,0,0,0,0,0,0,0,0,0,0,0,0,0,0,0,0,0,0,0,0,0,0,0,0,0,0,0,0,0,0,0,0,0,0,0,0,0,0,5,0,0,0,0,0,0,0,11,0,6,0,0,0,0,0,0,0,5,0,18,3,0,0,0,0,0,0,20,0,0,0,0,0,0,0,0,0,0,0,0,0,0,0,0,0,0,0,4,0,13,0,0,0,0,0,0,0,16
801051050,91,65,42,68,92,65,35,29,38,515,905,650,603,683,770,633,384,312,245,5183,11,14,27,20,18,26,16,4,5,142,31,32,10,34,65,57,55,54,60,388,0,0,0,0,0,0,0,0,0,0,8,0,4,6,3,0,4,7,0,28,0,0,0,0,0,0,0,0,0,0,138,90,67,94,124,133,91,70,58,865,0,0,0,0,0,0,0,0,0,5,8,10,7,12,11,17,0,7,7,74,4,0,0,0,4,4,3,0,0,15,0,0,0,0,0,0,0,0,0,0,0,0,0,4,3,3,0,3,5,17,0,0,0,0,0,0,0,0,0,0,4,10,6,3,8,9,6,0,0,43,5,3,0,3,0,3,0,0,0,24,0,0,3,5,6,4,13,3,7,45,3,0,0,0,0,0,0,0,0,4,0,0,0,0,0,0,0,0,4,4,5,4,6,9,14,13,5,15,7,86
801051051,30,179,309,102,69,37,28,24,3,775,272,1324,2147,669,451,305,195,104,42,5500,5,20,60,29,13,10,9,4,0,165,8,46,60,46,33,28,32,19,10,274,0,0,0,0,0,0,0,0,0,0,3,5,18,11,8,0,4,0,4,38,0,0,0,0,0,0,0,0,0,0,58,113,260,139,84,76,58,34,14,841,0,0,0,0,0,0,0,0,0,4,0,7,20,10,6,0,0,4,0,59,0,0,0,0,0,0,0,0,0,3,0,0,0,4,0,0,0,0,0,4,3,0,3,0,5,0,0,4,0,14,0,0,3,3,0,0,0,0,0,6,0,12,19,6,0,0,0,0,0,33,0,3,13,3,0,6,0,0,0,18,3,7,14,11,3,16,0,0,0,55,0,0,0,0,0,0,0,0,0,0,0,0,7,0,0,0,0,0,0,3,0,0,19,15,4,10,0,7,0,61
801051053,13,197,199,59,55,37,26,9,5,608,105,2037,1159,342,256,221,112,27,27,4275,13,51,61,23,18,13,3,0,0,176,8,47,37,22,23,32,16,9,0,189,0,0,0,0,0,0,0,0,0,0,0,10,5,0,0,0,0,0,0,30,0,0,0,0,0,0,0,0,0,0,8,112,113,75,64,42,37,18,6,469,0,0,0,0,0,0,0,0,0,3,4,3,10,4,3,0,3,3,0,36,0,0,0,0,0,0,0,0,0,0,0,0,0,0,0,0,0,0,0,3,0,0,3,3,3,0,0,3,0,18,0,0,5,0,0,0,3,0,0,9,0,10,5,4,0,0,0,0,0,29,0,6,4,5,0,0,0,0,0,11,0,11,12,3,6,6,3,0,0,52,0,0,0,0,3,0,0,0,0,3,0,0,0,0,0,0,0,0,0,4,0,5,10,7,10,4,4,6,0,44
801051054,26,31,52,22,26,12,21,17,4,213,294,392,535,306,229,149,110,89,49,2148,11,17,38,41,15,9,8,4,0,150,11,24,15,10,17,12,15,11,10,125,0,0,0,0,0,0,0,0,0,0,8,3,0,0,0,0,0,0,0,16,0,0,0,0,0,0,0,0,0,0,51,63,77,55,57,51,15,25,17,412,0,0,0,0,0,0,0,0,0,0,0,3,8,6,4,3,6,6,0,31,0,0,0,0,0,0,0,0,0,0,0,0,0,0,0,0,0,0,0,0,0,0,0,0,0,0,0,0,0,9,0,0,0,0,0,0,0,0,0,0,0,4,0,4,0,0,0,4,0,19,4,5,10,0,0,0,0,0,0,29,6,6,5,9,6,0,0,0,0,29,0,0,0,0,0,0,3,0,0,3,0,0,0,0,0,0,0,0,0,0,10,4,3,8,11,14,0,3,0,53
801051055,54,58,51,52,35,50,18,13,9,340,617,536,646,573,475,322,229,182,79,3660,32,27,61,78,34,17,10,3,4,263,31,12,12,22,33,32,29,36,16,216,0,0,0,0,0,0,0,0,0,0,4,5,3,10,4,5,3,0,3,37,0,0,0,0,0,0,0,0,0,0,123,55,69,92,76,70,56,49,24,603,0,0,0,0,0,0,0,0,0,4,9,5,8,8,5,16,9,9,3,79,4,0,0,4,0,0,0,0,0,12,0,0,0,0,0,0,3,0,0,3,0,7,0,3,0,0,4,5,3,21,0,0,0,0,0,0,0,0,0,0,3,0,0,0,0,0,0,0,0,18,3,10,6,0,5,0,0,0,0,24,0,4,3,3,0,6,3,9,0,34,0,0,0,0,0,0,0,0,0,4,0,0,0,0,0,0,3,0,0,7,3,3,0,6,8,9,9,4,5,45
801051056,41,21,22,36,34,25,25,18,8,229,634,302,339,461,478,295,219,191,79,2996,6,4,12,12,5,7,0,3,0,51,21,16,15,9,41,35,30,21,12,204,0,0,0,0,0,0,0,0,0,0,16,0,0,3,0,3,0,3,0,30,0,0,0,0,0,0,0,0,0,0,95,48,22,50,77,65,45,45,21,478,0,0,0,3,0,0,0,0,0,7,4,8,4,5,11,0,6,8,7,58,0,0,0,0,0,3,0,0,0,7,0,0,0,0,0,0,0,0,0,0,3,0,0,0,3,0,0,0,0,11,0,0,0,0,0,0,0,0,0,0,0,0,0,0,0,5,0,0,0,5,0,0,0,0,3,0,0,0,0,9,3,3,0,5,3,0,6,5,0,27,0,0,0,0,0,0,0,0,0,3,0,0,0,0,0,0,0,0,0,0,0,6,3,5,5,15,0,10,3,55
801051057,75,70,145,98,49,73,51,27,29,623,633,711,1190,717,558,529,374,240,174,5114,29,15,75,63,30,26,16,7,0,265,31,13,32,31,47,47,51,48,35,336,0,0,0,0,0,0,0,0,0,0,0,0,7,0,0,8,5,3,0,26,0,0,0,0,0,0,0,0,0,0,49,70,112,75,74,95,108,69,53,710,0,0,0,0,0,0,0,0,0,0,19,6,11,9,22,12,11,17,3,111,0,0,0,0,3,4,4,0,0,15,0,0,0,0,4,0,0,0,0,4,0,5,3,0,4,3,4,3,0,16,0,0,0,0,0,0,0,0,0,0,16,8,8,11,7,4,4,4,6,56,0,0,7,0,6,0,4,0,0,20,8,11,7,5,11,12,8,8,12,81,0,0,0,0,0,0,0,0,0,0,0,0,0,0,0,0,0,0,0,0,0,7,4,8,7,12,17,9,14,79
801051058,83,76,77,64,65,57,33,13,15,480,910,926,904,722,755,605,362,177,109,5477,13,12,35,24,20,27,12,7,0,146,55,49,34,40,77,45,51,38,12,406,0,0,0,0,0,0,0,0,0,0,0,3,0,8,3,0,6,0,5,20,0,0,0,0,0,0,0,0,0,0,178,136,65,109,147,95,69,42,32,866,0,0,0,0,0,0,0,0,0,0,22,18,4,12,27,6,7,0,0,90,0,0,0,3,0,0,0,0,0,5,0,0,0,0,0,0,0,0,0,0,3,3,0,0,6,10,6,0,8,29,7,0,0,0,0,0,0,0,0,3,0,8,5,0,4,4,0,0,0,30,0,6,0,3,4,0,0,0,0,17,4,12,3,3,0,8,0,10,9,45,0,0,0,0,0,0,0,0,0,5,0,0,3,0,0,3,0,0,0,5,5,13,7,13,15,14,17,6,4,95
801051060,43,127,194,89,62,49,33,15,9,610,313,766,1343,539,364,331,230,108,47,4049,11,11,48,29,7,14,5,4,0,125,4,29,48,18,26,34,28,14,8,206,0,0,0,0,0,0,0,0,0,0,6,4,8,4,3,7,0,7,0,34,0,0,0,0,0,0,0,0,0,0,44,77,123,97,76,56,45,25,12,552,0,0,0,0,0,0,0,0,0,0,8,3,12,10,11,3,0,8,0,44,0,0,0,0,0,0,0,0,0,5,0,0,0,0,0,0,0,0,0,0,0,8,0,0,5,3,5,0,0,14,0,4,0,0,0,0,0,0,0,4,0,7,8,3,0,0,0,0,0,23,3,0,9,0,0,4,0,0,0,19,3,11,10,10,9,0,6,0,0,38,0,0,0,0,0,0,0,0,0,3,0,0,0,0,0,0,0,0,0,9,3,12,6,0,10,5,12,8,3,61
801051061,97,59,131,94,61,46,26,23,6,553,1110,712,1163,1033,755,504,280,223,72,5865,30,16,113,70,24,16,15,0,0,285,66,31,41,64,73,52,28,44,8,400,0,0,0,0,0,0,0,0,0,0,0,10,9,3,7,6,5,0,0,50,0,0,0,0,0,0,0,0,0,0,185,114,112,144,141,119,60,59,34,981,0,0,0,0,0,0,0,0,0,4,4,9,8,7,18,11,10,10,4,75,0,0,5,0,5,0,0,0,0,5,0,0,4,0,0,0,0,0,0,10,0,0,0,0,0,3,3,0,0,9,0,0,0,0,0,0,0,0,0,0,3,4,9,4,6,4,5,0,0,35,17,16,3,9,9,12,0,0,0,70,8,4,0,5,12,3,3,3,4,51,0,0,0,3,0,0,0,0,0,3,0,0,4,0,0,0,0,0,0,4,12,3,10,7,21,17,17,10,3,95
801051123,0,0,0,0,0,0,0,0,0,0,0,0,0,0,0,0,0,0,0,0,0,0,0,0,0,0,0,0,0,0,0,0,0,0,0,0,0,0,0,0,0,0,0,0,0,0,0,0,0,0,0,0,0,0,0,0,0,0,0,0,0,0,0,0,0,0,0,0,0,0,0,0,0,0,0,0,0,0,0,0,0,0,0,0,0,0,0,0,0,0,0,0,0,0,0,0,0,0,0,0,0,0,0,0,0,0,0,0,0,0,0,0,0,0,0,0,0,0,0,0,0,0,0,0,0,0,0,0,0,0,0,0,0,0,0,0,0,0,0,0,0,0,0,0,0,0,0,0,0,0,0,0,0,0,0,0,0,0,0,0,0,0,0,0,0,0,0,0,0,0,0,0,0,0,0,0,0,0,0,0,0,0,0,0,0,0,0,0,0,0,0,0,0,0,0,0,0,0,0,0
801051124,41,32,39,42,54,45,31,19,14,316,497,396,435,409,493,414,289,173,114,3220,3,3,19,11,11,3,14,0,0,69,37,55,26,40,55,75,60,40,20,409,0,0,0,0,0,0,0,0,0,0,3,3,3,4,4,7,0,0,0,30,0,0,0,0,0,0,0,0,0,0,124,126,102,92,135,125,85,56,24,870,0,0,0,0,0,0,0,0,0,0,12,9,11,10,10,12,6,5,7,79,0,0,0,0,0,0,0,0,0,0,3,3,0,0,6,0,0,0,0,9,4,0,4,0,0,5,5,4,0,19,0,3,0,0,0,0,0,0,0,3,5,0,5,3,0,0,0,0,0,17,0,4,0,0,0,0,0,0,0,8,0,5,9,0,24,9,11,10,5,73,0,0,0,0,0,0,0,0,0,0,3,0,0,0,4,0,0,0,0,3,14,3,5,10,17,12,9,15,6,106
801051125,11,97,37,10,9,3,0,0,0,172,141,1182,291,107,49,8,0,0,0,1774,0,14,3,0,0,0,0,0,0,19,9,83,14,16,10,0,0,0,0,135,0,0,0,0,0,0,0,0,0,0,0,19,0,0,0,0,0,0,0,23,0,0,0,0,0,0,0,0,0,0,22,215,34,24,4,0,0,0,0,301,0,0,0,0,0,0,0,0,0,3,0,9,0,0,0,0,0,0,0,11,0,0,0,0,0,0,0,0,0,0,0,0,0,0,0,0,0,0,0,0,0,10,0,0,0,0,0,0,0,16,0,0,0,0,0,0,0,0,0,0,0,10,0,0,0,0,0,0,0,11,0,11,0,0,0,0,0,0,0,19,0,17,3,0,0,0,0,0,0,19,0,0,0,0,0,0,0,0,0,0,0,0,0,0,0,0,0,0,0,3,0,13,4,0,0,3,0,0,0,23
801051126,0,0,0,0,0,0,0,0,0,0,0,0,0,0,0,0,0,0,0,0,0,0,0,0,0,0,0,0,0,0,0,0,0,0,0,0,0,0,0,0,0,0,0,0,0,0,0,0,0,0,0,0,0,0,0,0,0,0,0,0,0,0,0,0,0,0,0,0,0,0,0,0,0,0,0,0,0,0,0,0,0,0,0,0,0,0,0,0,0,0,0,0,0,0,0,0,0,0,0,0,0,0,0,0,0,0,0,0,0,0,0,0,0,0,0,0,0,0,0,0,0,0,0,0,0,0,0,0,0,0,0,0,0,0,0,0,0,0,0,0,0,0,0,0,0,0,0,0,0,0,0,0,0,0,0,0,0,0,0,0,0,0,0,0,0,0,0,0,0,0,0,0,0,0,0,0,0,0,0,0,0,0,0,0,0,0,0,0,0,0,0,0,0,0,0,0,0,0,0,0
801051127,14,18,45,29,34,31,36,13,4,232,161,240,321,187,251,214,182,58,19,1640,0,0,8,3,9,5,0,4,0,24,14,7,14,11,14,34,22,24,3,149,0,0,0,0,0,0,0,0,0,0,0,5,0,4,0,4,0,0,0,18,0,0,0,0,0,0,0,0,0,0,22,26,30,17,40,48,27,8,4,214,0,0,0,0,0,0,0,0,0,0,0,0,0,0,7,10,0,0,0,28,0,0,0,0,0,0,0,0,0,0,0,0,0,0,0,0,0,0,0,0,0,0,0,0,0,0,0,0,0,10,0,0,0,0,0,4,0,0,0,5,0,0,5,0,6,4,0,0,0,14,0,0,0,0,0,0,0,0,0,6,3,3,9,3,0,0,4,5,0,23,0,0,0,0,0,0,0,0,0,0,0,0,0,0,0,0,0,0,0,3,0,0,0,0,3,4,4,3,5,20
801051128,0,0,0,0,0,0,0,0,0,0,0,0,0,0,0,0,0,0,0,0,0,0,0,0,0,0,0,0,0,0,0,0,0,0,0,0,0,0,0,0,0,0,0,0,0,0,0,0,0,0,0,0,0,0,0,0,0,0,0,0,0,0,0,0,0,0,0,0,0,0,0,0,0,0,0,0,0,0,0,0,0,0,0,0,0,0,0,0,0,0,0,0,0,0,0,0,0,0,0,0,0,0,0,0,0,0,0,0,0,0,0,0,0,0,0,0,0,0,0,0,0,0,0,0,0,0,0,0,0,0,0,0,0,0,0,0,0,0,0,0,0,0,0,0,0,0,0,0,0,0,0,0,0,0,0,0,0,0,0,0,0,0,0,0,0,0,0,0,0,0,0,0,0,0,0,0,0,0,0,0,0,0,0,0,0,0,0,0,0,0,0,0,0,0,0,0,0,0,0,0
801061062,38,23,6,18,34,22,26,17,10,208,536,326,220,355,434,362,317,203,133,2874,5,8,6,4,15,6,0,0,0,45,33,30,12,31,47,53,80,71,47,418,0,0,0,0,0,0,0,0,0,0,3,4,0,4,0,7,3,0,0,17,0,0,0,0,0,0,0,0,0,0,132,61,38,77,90,87,57,48,25,623,0,0,0,0,0,0,0,0,0,0,12,11,11,3,14,15,4,12,4,84,0,0,0,0,0,0,0,0,0,0,0,0,0,0,0,0,0,0,0,0,4,0,0,0,0,3,0,3,0,11,0,0,0,0,0,0,0,0,0,8,4,11,0,0,10,0,0,0,0,20,0,3,0,0,4,0,0,0,0,13,3,3,0,0,5,6,12,13,10,49,0,0,0,0,0,0,0,0,0,0,0,0,0,0,0,0,0,0,0,0,10,4,0,12,11,9,21,14,14,90
801061063,17,19,51,14,26,32,15,10,8,190,215,175,249,175,256,224,192,80,36,1609,5,8,0,4,7,0,0,0,0,29,20,16,14,10,43,37,40,32,10,225,0,0,0,0,0,0,0,0,0,0,0,0,8,0,0,0,0,0,0,14,0,0,0,0,0,0,0,0,0,0,44,40,53,27,56,79,64,34,13,405,0,0,0,0,0,0,0,0,0,0,14,10,9,3,17,10,6,5,7,75,0,0,0,3,0,0,0,0,0,4,0,0,0,0,0,0,0,0,0,0,0,0,0,0,0,0,0,0,0,3,0,0,0,0,0,0,0,0,0,0,0,0,0,0,0,4,0,0,0,6,3,0,3,0,0,0,0,0,0,8,0,5,0,5,7,4,12,11,0,36,0,0,0,0,0,0,0,0,0,0,0,0,0,0,0,0,0,0,0,3,0,0,3,0,8,12,7,3,3,46
801061064,58,48,112,65,66,61,54,29,50,530,649,462,846,608,699,560,389,201,165,4576,7,8,23,25,22,7,5,5,0,102,49,34,46,44,69,96,90,48,49,534,0,0,0,0,0,0,0,0,0,0,6,4,7,8,9,3,10,0,5,43,0,0,0,0,0,0,0,0,0,0,112,106,136,128,152,135,85,64,42,950,0,0,0,0,0,0,0,0,0,0,17,4,9,12,17,6,11,3,0,82,0,0,0,0,0,0,0,0,0,0,0,0,0,0,0,0,0,0,0,3,0,0,4,0,5,4,4,6,3,27,0,0,0,0,0,0,0,0,0,0,0,4,16,0,7,0,0,0,0,29,6,3,3,3,5,3,0,4,0,21,0,4,3,9,15,11,13,12,8,71,0,0,0,0,0,0,0,0,0,0,0,0,0,0,0,0,0,0,0,0,5,3,11,16,11,28,21,8,8,106
801061066,0,0,0,0,0,0,0,0,0,0,0,0,0,0,0,0,0,0,0,0,0,0,0,0,0,0,0,0,0,0,0,0,0,0,0,0,0,0,0,0,0,0,0,0,0,0,0,0,0,0,0,0,0,0,0,0,0,0,0,0,0,0,0,0,0,0,0,0,0,0,0,0,0,0,0,0,0,0,0,0,0,0,0,0,0,0,0,0,0,0,0,0,0,0,0,0,0,0,0,0,0,0,0,0,0,0,0,0,0,0,0,0,0,0,0,0,0,0,0,0,0,0,0,0,0,0,0,0,0,0,0,0,0,0,0,0,0,0,0,0,0,0,0,0,0,0,0,0,0,0,0,0,0,0,0,0,0,0,0,0,0,0,0,0,0,0,0,0,0,0,0,0,0,0,0,0,0,0,0,0,0,0,0,0,0,0,0,0,0,0,0,0,0,0,0,0,0,0,0,0
801061067,110,62,93,81,112,87,57,71,93,757,1051,639,776,864,919,758,396,295,250,5956,12,14,22,26,25,27,8,8,0,144,75,29,22,58,88,83,82,64,49,550,0,0,0,0,0,0,0,0,0,0,10,4,0,5,6,10,4,7,0,48,0,0,0,0,0,0,0,0,0,7,192,112,97,152,156,184,146,88,71,1202,0,0,0,0,0,0,0,0,0,0,22,16,10,9,25,20,13,10,3,124,0,0,0,0,0,0,0,0,0,0,0,0,0,0,0,0,0,0,0,4,0,0,6,0,4,4,5,7,3,27,0,0,0,0,0,0,0,0,0,7,0,6,6,0,0,0,10,4,0,22,3,0,5,0,3,3,0,0,0,23,0,3,3,5,10,24,12,18,13,101,3,6,0,0,3,0,0,7,0,21,0,0,0,0,0,0,0,0,0,5,5,7,8,20,24,9,23,22,7,138
801061068,0,0,0,0,3,0,0,0,0,5,0,0,0,0,0,0,0,0,0,4,0,0,0,0,0,0,0,0,0,0,0,0,0,0,0,0,0,0,0,0,0,0,0,0,0,0,0,0,0,0,0,0,0,0,0,0,0,0,0,0,0,0,0,0,0,0,0,0,0,0,0,0,0,0,0,0,0,0,0,0,0,0,0,0,0,0,0,0,0,0,0,0,0,0,0,0,0,0,0,0,0,0,0,0,0,0,0,0,0,0,0,0,0,0,0,0,0,0,0,0,0,0,0,0,0,0,0,0,0,0,0,0,0,0,0,0,0,0,0,0,0,0,0,0,0,0,0,0,0,0,0,0,0,0,0,0,0,0,0,0,0,0,0,0,0,0,0,0,0,4,0,0,0,0,0,0,0,0,0,0,0,0,0,0,0,0,0,0,0,0,0,0,0,0,0,0,0,0,0,0
801061069,59,44,38,37,44,53,30,13,12,335,619,460,271,366,517,424,267,123,117,3169,11,8,14,16,8,13,17,0,0,80,50,56,12,31,54,71,53,44,37,403,0,0,0,0,0,0,0,0,0,0,0,0,0,3,6,5,0,3,0,16,4,0,0,0,0,4,0,0,0,4,107,109,33,73,109,98,84,38,37,678,0,0,0,0,0,0,0,0,0,0,25,19,9,15,20,25,3,7,4,131,0,0,0,0,0,0,0,0,0,0,0,0,5,0,0,0,0,0,0,4,4,0,0,0,5,5,3,0,8,25,0,0,0,0,0,0,0,0,0,0,0,0,3,0,0,3,0,0,6,10,0,0,0,0,0,3,0,0,0,10,0,0,0,0,5,5,10,3,8,34,0,0,0,0,0,0,0,0,0,0,0,0,0,0,0,0,0,0,0,4,0,12,0,7,5,13,7,3,0,50
801061070,39,18,26,33,43,45,55,14,11,290,413,290,222,309,443,440,477,181,101,2888,0,4,4,12,9,10,5,4,0,51,40,21,13,32,42,65,84,57,19,373,0,0,0,0,0,0,0,0,0,0,0,4,0,6,3,0,0,0,0,17,0,0,0,0,0,0,0,0,0,0,87,84,32,61,107,123,111,58,25,689,0,0,0,0,0,0,0,0,0,0,8,16,3,11,10,9,6,3,0,59,0,0,0,0,0,0,0,0,0,0,0,0,0,0,0,0,0,0,0,0,7,0,0,4,6,0,6,0,0,23,4,0,0,0,0,0,0,0,0,3,0,0,8,4,6,0,0,0,0,17,0,0,0,0,0,3,0,0,0,5,3,0,0,4,3,8,20,13,3,66,0,0,0,0,0,0,0,0,0,0,4,0,0,4,0,0,0,0,0,7,4,3,4,8,7,11,24,13,0,77
801061129,3,7,47,35,24,17,6,3,5,146,105,106,409,245,188,184,155,29,16,1436,10,0,4,9,8,8,0,0,0,34,5,17,22,17,30,26,34,15,4,171,0,0,0,0,0,0,0,0,0,0,0,0,3,0,0,3,3,0,0,16,0,0,0,0,0,0,0,0,0,0,9,15,66,24,44,46,38,18,3,258,0,0,0,0,0,0,0,0,0,0,5,3,7,9,12,3,3,0,0,43,0,0,0,0,0,0,0,0,0,0,0,0,0,0,0,0,0,0,0,0,0,0,0,0,0,0,0,0,0,9,0,0,0,0,0,0,0,0,0,0,4,0,4,4,3,5,3,0,0,18,0,3,3,0,0,3,0,0,0,10,0,0,3,6,7,5,6,5,0,33,0,0,0,0,0,0,0,0,0,0,0,0,0,0,0,0,0,0,0,0,4,0,3,3,0,5,7,5,0,33
801061130,0,0,0,4,4,0,0,0,0,7,5,9,4,12,9,6,7,0,0,54,0,0,0,0,0,0,0,0,0,0,0,0,0,7,3,0,0,0,0,5,0,0,0,0,0,0,0,0,0,0,0,0,0,0,0,0,0,0,0,0,0,0,0,0,0,0,0,0,0,0,0,0,0,4,0,0,0,0,0,13,0,0,0,0,0,0,0,0,0,0,0,0,0,0,0,0,0,0,0,0,0,0,0,0,0,0,0,0,0,0,0,0,0,0,0,0,0,0,0,0,0,0,0,0,0,0,0,0,0,0,0,0,0,0,0,0,0,0,0,0,0,0,0,0,0,0,0,0,0,0,0,0,0,0,0,0,0,0,0,0,0,0,0,0,0,0,0,0,0,0,0,0,0,0,0,0,0,0,0,0,0,0,0,0,0,0,0,0,0,0,0,0,0,0,0,0,0,0,0,0
801061131,42,55,200,83,65,57,23,17,3,537,334,415,1623,665,492,450,268,129,59,4425,11,5,32,32,17,13,6,0,0,110,30,33,83,68,73,84,76,43,16,505,0,0,0,0,0,0,0,0,0,0,0,9,15,10,11,5,0,0,0,57,0,0,0,0,0,0,0,0,0,0,80,86,233,159,121,124,106,44,7,962,0,0,0,0,0,0,0,0,0,4,8,9,20,5,14,12,0,0,0,79,0,0,0,0,0,0,0,0,0,4,3,0,0,0,0,0,0,0,0,6,0,0,4,0,0,4,0,5,0,16,0,0,5,3,0,0,0,0,0,10,0,0,9,0,0,0,0,0,0,11,0,0,6,8,6,0,0,5,0,28,5,4,14,10,12,6,15,7,4,68,3,0,3,0,0,0,0,0,0,9,0,0,0,0,0,0,0,0,0,0,4,4,14,15,13,21,25,16,0,105
801071071,70,49,65,52,52,34,14,3,0,346,1141,721,770,794,749,459,214,92,28,4967,14,12,18,11,17,32,19,7,3,127,74,65,58,76,131,95,42,43,8,593,0,0,0,0,0,0,0,0,0,0,4,4,3,8,8,8,6,4,0,43,0,0,0,0,0,0,0,0,0,0,256,154,111,166,187,156,85,36,8,1166,0,0,0,0,0,0,0,0,0,6,6,4,5,8,9,0,5,0,0,33,7,0,0,0,0,0,0,0,0,4,3,8,0,0,8,5,0,0,0,20,0,0,5,0,4,0,4,0,0,8,0,4,0,0,6,0,0,0,0,6,0,0,0,3,4,0,3,0,0,10,19,14,4,14,17,9,4,0,0,79,4,4,4,0,12,16,9,0,0,55,0,3,3,0,0,3,4,0,0,9,6,3,0,5,7,5,0,0,0,20,7,3,5,16,5,17,9,4,0,69
801071072,27,38,36,21,30,30,7,9,3,209,692,536,551,526,615,480,252,104,26,3783,11,10,3,12,20,20,8,12,3,96,35,31,27,31,64,60,60,34,7,349,0,0,0,0,0,0,0,0,0,0,4,6,3,3,3,10,9,4,0,47,0,0,0,0,0,0,0,0,0,0,160,113,90,130,131,126,74,58,7,890,0,0,0,3,0,0,0,0,0,8,11,12,5,9,14,4,8,8,0,67,0,0,0,0,0,0,3,0,0,6,0,3,3,0,0,3,0,0,0,11,0,0,5,0,0,0,4,0,0,7,0,0,0,0,0,0,0,0,0,0,4,0,4,0,0,3,0,0,0,13,15,4,4,9,11,4,0,0,0,38,0,4,0,0,11,12,16,5,3,46,7,0,0,5,4,0,0,0,0,14,8,0,4,4,0,0,0,0,0,24,11,9,4,10,8,20,13,9,0,82
801071073,78,72,60,55,68,69,34,19,16,471,1131,875,782,737,905,776,314,153,85,5761,16,4,12,19,7,15,17,6,0,96,68,51,37,54,118,112,88,28,18,584,0,0,0,0,0,0,0,0,0,0,8,4,7,0,0,12,3,4,0,41,0,0,0,0,0,0,0,0,0,3,316,184,166,159,201,236,110,61,22,1445,0,0,0,0,0,0,0,0,0,3,9,10,6,14,11,10,7,3,0,80,0,0,0,0,0,4,5,0,0,12,8,0,6,3,0,4,3,0,0,26,0,4,0,0,3,7,5,0,0,32,0,0,0,0,0,0,0,0,0,4,8,0,5,3,5,10,4,0,0,32,4,3,10,0,8,8,3,0,0,31,8,5,13,11,20,19,15,5,4,99,0,3,0,0,8,4,0,0,0,20,0,3,0,0,0,4,0,0,0,10,11,0,9,13,9,21,11,3,0,79
801071074,77,67,63,57,58,74,16,10,5,425,1005,734,750,652,732,791,316,106,37,5118,19,8,11,13,17,19,14,5,0,114,77,52,53,59,72,138,115,29,4,591,0,0,0,0,0,0,0,0,0,0,9,4,5,3,4,5,7,4,0,46,0,0,0,0,0,0,0,0,0,0,274,158,155,166,169,204,132,45,5,1315,0,0,0,0,0,0,0,0,0,0,6,16,3,16,10,20,4,4,0,74,0,0,0,0,0,6,0,0,0,10,6,3,0,5,6,0,0,0,0,24,5,3,0,6,0,9,3,0,0,28,3,0,0,0,0,0,0,0,0,9,9,6,4,7,0,0,4,4,0,25,13,7,4,3,7,13,12,0,0,54,14,7,4,12,13,31,18,7,5,99,0,0,5,0,0,10,0,0,0,9,0,0,0,0,0,0,0,0,0,5,5,3,6,6,15,25,25,3,0,77
801071075,94,70,56,51,76,39,20,11,4,413,1025,835,611,647,976,551,248,129,41,5059,8,6,7,21,30,19,17,3,0,102,46,49,42,53,126,130,66,31,17,549,0,0,0,0,0,0,0,0,0,0,13,8,3,9,8,6,0,0,0,42,0,0,0,0,0,0,0,0,0,0,251,186,131,153,218,169,92,42,11,1252,0,0,0,0,0,0,0,0,0,4,20,4,3,4,9,7,5,5,0,65,0,0,0,0,0,0,0,0,0,4,0,4,0,0,0,0,0,0,0,4,0,0,0,0,4,3,6,5,0,21,0,0,4,0,0,0,0,0,0,0,4,0,4,3,9,3,0,0,0,22,18,10,11,9,7,8,5,0,0,65,3,5,5,0,17,15,10,3,7,74,0,0,0,5,0,0,6,0,0,8,0,0,0,0,3,0,0,0,0,5,7,8,4,7,15,22,10,0,0,84
801071076,33,31,11,29,32,34,32,6,0,207,524,374,218,379,455,571,325,84,13,2953,0,6,0,4,8,8,8,0,0,38,34,29,19,24,61,70,80,33,7,355,0,0,0,0,0,0,0,0,0,0,4,0,0,5,0,3,0,0,0,26,0,0,0,0,0,0,0,0,0,0,174,83,62,79,104,128,105,29,12,775,0,0,0,0,0,0,0,0,0,0,10,10,3,8,16,10,12,3,4,81,0,0,0,0,0,0,0,0,0,0,0,0,0,0,0,0,0,0,0,0,0,0,0,0,3,8,0,9,0,20,0,0,0,0,0,0,0,0,0,0,0,6,0,4,0,3,0,0,0,17,6,0,0,8,3,3,4,0,0,31,6,5,3,9,3,14,8,0,0,56,0,0,0,5,0,0,4,0,0,10,0,0,0,0,0,0,0,0,0,9,9,0,0,6,12,11,19,3,0,64
801071077,28,25,43,25,44,28,13,5,4,219,573,358,415,377,387,383,177,58,22,2751,0,0,9,4,12,9,14,4,0,54,35,33,17,36,48,71,33,16,6,297,0,0,0,0,0,0,0,0,0,0,0,4,3,3,0,9,11,0,0,24,0,0,0,0,0,0,0,0,0,0,151,75,86,94,86,104,68,9,10,691,0,0,0,0,0,0,0,0,0,0,5,10,3,6,4,5,6,0,0,39,0,0,0,0,0,0,0,0,0,0,0,0,0,0,0,0,0,0,0,0,0,0,0,3,3,0,6,4,0,21,0,0,0,0,0,0,0,0,0,4,3,0,0,3,0,0,6,0,0,11,3,0,4,0,0,0,7,0,0,27,0,0,0,3,6,19,10,3,0,38,0,0,0,0,0,0,0,0,0,0,0,0,3,5,0,0,0,0,0,13,0,0,6,0,6,11,13,3,0,35
801071078,112,97,72,85,101,73,34,20,6,596,1464,1210,987,982,1319,856,481,253,67,7610,20,14,21,23,48,32,16,3,0,180,92,73,77,94,154,192,101,83,19,889,0,0,0,0,0,0,0,0,0,0,10,4,4,7,9,15,11,3,4,73,4,0,0,0,0,0,0,0,0,4,388,250,244,230,281,310,149,83,24,1958,0,0,0,0,0,0,3,0,0,4,10,8,11,6,20,14,8,4,4,89,7,0,3,3,0,6,0,0,0,20,0,0,0,0,4,3,5,0,0,11,0,0,0,3,4,12,3,6,3,38,15,4,4,11,0,0,3,0,0,36,0,0,0,0,0,5,5,5,0,7,22,21,5,12,14,12,12,0,0,100,7,7,3,5,17,31,31,16,9,122,3,0,0,0,0,5,7,9,0,27,6,0,4,3,0,3,0,0,0,23,8,5,4,15,16,35,22,12,11,126
801071079,30,25,21,19,22,30,24,11,0,190,609,374,396,363,419,489,295,96,21,3055,6,8,8,4,11,9,9,4,0,50,25,29,14,34,55,58,74,25,4,325,0,0,0,0,0,0,0,0,0,0,0,0,0,4,0,4,8,0,0,21,0,0,0,0,0,0,0,0,0,0,212,84,102,127,99,125,106,53,7,913,0,0,0,0,0,0,0,4,0,3,4,0,0,0,4,9,5,6,0,34,3,0,3,0,0,3,0,0,0,10,0,0,0,0,0,0,0,0,0,0,5,0,0,4,3,4,0,6,0,21,0,0,0,0,0,0,0,0,0,0,0,0,0,0,0,0,6,0,0,17,3,4,3,3,6,7,3,0,0,23,4,0,3,0,4,7,12,5,0,46,0,0,0,0,0,0,0,0,0,0,0,0,0,0,0,0,0,0,0,0,3,3,6,0,0,15,18,6,0,55
801071080,10,14,45,26,12,27,20,7,0,165,214,200,464,267,208,223,192,87,24,1892,10,12,31,18,13,16,9,5,0,114,12,16,28,28,43,57,71,58,22,336,0,0,0,0,0,0,0,0,0,0,0,3,4,12,0,6,0,0,0,30,0,0,0,0,0,0,0,0,0,0,77,69,131,106,81,88,93,60,25,741,0,0,0,0,0,0,0,0,0,0,7,0,13,9,8,10,0,0,0,45,4,0,8,0,6,3,0,0,0,24,0,0,0,0,0,0,0,0,0,0,4,0,3,6,3,4,3,0,6,21,0,0,0,0,0,0,0,0,0,0,0,0,0,11,0,0,0,0,3,20,0,4,11,4,7,3,0,5,0,29,6,7,5,8,11,8,11,6,0,59,0,0,0,0,0,7,0,0,0,16,0,0,0,0,0,0,0,0,0,0,3,0,5,5,9,19,12,15,9,74
801071081,84,43,70,53,49,25,33,29,8,389,945,558,696,597,593,499,304,177,43,4403,5,12,17,11,17,25,29,4,0,117,54,28,47,48,51,80,51,45,21,427,0,0,0,0,0,0,0,0,0,0,6,0,0,0,3,3,7,6,0,25,0,0,0,0,0,0,0,0,0,0,220,107,131,116,128,162,82,51,20,1025,0,0,0,4,0,0,3,0,0,11,7,5,5,9,11,11,3,3,6,60,0,0,0,0,0,0,0,0,0,6,4,0,4,0,0,0,0,0,0,8,4,0,4,0,3,0,3,5,0,22,0,0,0,0,3,0,0,0,0,13,9,0,4,6,4,12,6,0,0,29,11,8,6,9,11,6,12,0,0,58,17,6,7,13,13,13,9,8,4,87,0,4,0,0,0,3,0,3,5,13,5,4,0,4,0,0,0,0,0,15,12,0,5,3,4,23,15,14,9,89
801071082,276,149,169,181,165,174,148,56,14,1328,2969,1721,1698,2093,2003,2037,1718,552,118,14900,17,23,26,47,49,39,28,12,0,235,158,90,84,135,210,267,346,166,40,1498,0,0,0,0,0,0,0,0,0,0,14,19,10,14,12,19,21,8,5,125,0,0,0,0,0,0,0,0,0,0,681,404,284,469,503,420,528,271,50,3605,4,3,3,0,0,0,0,0,0,15,31,17,20,20,25,18,27,12,4,181,5,0,0,0,8,4,10,0,0,37,0,0,0,5,0,6,4,0,0,13,8,8,0,10,9,9,20,19,3,85,13,0,0,6,6,0,0,0,0,30,20,5,4,13,5,11,17,5,0,80,23,18,19,15,25,26,17,7,0,149,23,13,10,31,28,44,61,28,6,245,0,0,4,3,6,0,4,0,0,11,8,0,0,7,3,3,3,0,0,23,42,20,15,26,54,46,60,46,3,314
801071083,18,20,14,14,17,13,9,0,3,111,264,191,166,175,233,249,109,21,9,1426,0,3,0,0,0,3,0,0,0,7,26,11,12,22,26,32,35,8,0,174,0,0,0,0,0,0,0,0,0,0,0,5,0,3,6,5,0,0,0,23,0,0,0,0,0,0,0,0,0,0,85,54,40,54,47,50,52,8,3,389,0,0,0,0,0,0,0,0,0,0,5,7,4,5,5,4,6,0,0,37,0,0,0,0,0,0,0,0,0,4,0,0,0,0,0,0,0,0,0,0,6,0,0,0,3,3,0,0,0,11,0,0,0,0,0,0,0,0,0,0,3,4,0,0,3,4,0,0,0,8,5,0,0,0,3,0,4,0,0,13,0,0,0,0,0,3,9,0,0,15,0,0,0,0,0,0,0,0,0,0,0,0,0,0,0,0,0,0,0,0,3,5,0,3,5,15,3,0,0,36
801071084,60,49,43,53,50,49,41,80,131,544,890,652,630,636,700,819,468,352,278,5428,14,12,6,15,17,25,17,5,5,123,49,41,35,49,69,121,139,103,70,680,0,0,0,0,0,0,0,0,0,0,0,0,5,5,0,10,8,0,0,44,0,0,0,0,0,0,0,0,0,0,257,128,109,154,152,201,174,106,65,1340,0,0,0,0,0,0,0,0,0,4,3,3,6,5,11,11,15,6,7,71,3,0,3,0,5,7,0,5,0,19,0,0,0,0,0,0,0,0,0,0,3,0,0,0,6,8,6,4,4,27,3,4,0,5,0,3,0,0,0,12,0,0,3,0,0,6,4,0,6,25,3,8,9,0,9,11,9,0,0,50,3,3,4,5,12,13,23,18,20,112,0,0,0,0,0,4,3,3,3,14,5,4,3,0,6,4,0,0,0,23,18,4,3,14,5,21,24,24,21,139
801071085,0,0,0,0,0,0,0,0,0,0,0,0,0,0,0,0,0,0,0,0,0,0,0,0,0,0,0,0,0,0,0,0,0,0,0,0,0,0,0,0,0,0,0,0,0,0,0,0,0,0,0,0,0,0,0,0,0,0,0,0,0,0,0,0,0,0,0,0,0,0,0,0,0,0,0,0,0,0,0,0,0,0,0,0,0,0,0,0,0,0,0,0,0,0,0,0,0,0,0,0,0,0,0,0,0,0,0,0,0,0,0,0,0,0,0,0,0,0,0,0,0,0,0,0,0,0,0,0,0,0,0,0,0,0,0,0,0,0,0,0,0,0,0,0,0,0,0,0,0,0,0,0,0,0,0,0,0,0,0,0,0,0,0,0,0,0,0,0,0,0,0,0,0,0,0,0,0,0,0,0,0,0,0,0,0,0,0,0,0,0,0,0,0,0,0,0,0,0,0,0
801071086,26,13,10,16,27,23,13,7,0,131,326,237,194,202,263,277,132,55,8,1697,0,4,3,8,9,9,8,3,0,42,17,17,13,9,29,43,39,10,4,183,0,0,0,0,0,0,0,0,0,0,3,0,0,5,0,3,5,0,0,25,0,0,0,0,0,0,0,0,0,0,78,28,44,51,51,71,58,12,7,400,0,0,0,0,0,0,0,0,0,0,0,3,0,0,0,0,0,0,0,10,0,0,0,5,0,0,0,0,0,5,0,0,0,0,0,0,0,0,0,5,0,4,0,0,0,6,0,0,0,10,0,0,0,0,0,0,0,0,0,0,0,0,0,0,0,0,0,0,0,3,0,0,0,0,0,0,0,0,0,5,0,0,0,0,5,14,5,0,0,25,0,0,0,0,0,0,0,0,0,5,0,0,0,0,0,0,0,0,0,0,0,0,0,0,0,9,3,0,0,22
801071087,43,34,25,26,28,39,16,11,0,221,628,391,475,416,382,414,197,81,17,3008,3,10,14,9,3,5,4,0,0,47,38,26,23,44,44,78,50,20,6,328,0,0,0,0,0,0,0,0,0,0,0,0,3,0,0,6,0,0,0,19,0,0,0,0,0,0,0,0,0,0,129,85,97,76,92,112,79,35,7,708,0,0,0,0,0,0,0,0,0,0,8,3,4,7,7,0,0,0,0,35,0,0,0,0,0,0,0,0,0,5,0,0,0,0,0,0,0,0,0,3,0,0,0,0,3,8,0,0,0,21,0,0,0,0,0,0,0,0,0,3,7,7,0,4,5,4,0,0,0,25,0,11,5,0,6,7,0,0,0,37,3,5,6,8,10,10,11,4,0,57,0,0,0,0,0,0,0,5,0,6,0,0,0,0,0,0,0,0,0,3,0,4,4,10,9,3,10,0,0,39
801071088,64,45,51,35,49,29,9,7,0,291,812,588,582,495,618,471,165,65,13,3799,10,7,11,12,14,14,15,0,0,76,56,32,42,43,69,98,41,17,3,401,0,0,0,0,0,0,0,0,0,0,9,0,0,0,4,11,0,0,0,30,0,0,0,0,0,0,0,0,0,0,148,113,115,99,129,136,78,16,5,844,0,0,0,0,0,0,0,0,0,0,10,8,0,3,7,3,0,0,0,35,0,0,0,0,0,4,3,0,0,5,3,4,0,0,0,0,0,0,0,18,4,0,3,0,4,7,4,0,0,27,3,0,0,3,0,0,0,0,0,12,3,0,0,3,0,0,3,0,0,13,9,4,3,8,0,8,4,4,0,35,7,9,8,4,14,16,16,7,0,73,0,4,4,0,0,0,0,6,0,7,0,0,0,0,0,0,0,0,0,0,3,5,4,3,11,9,8,0,0,44
801071089,0,3,0,0,3,0,0,0,0,3,0,6,0,0,11,3,4,0,0,22,0,0,0,0,0,0,0,0,0,0,0,0,0,0,3,0,0,0,0,5,0,0,0,0,0,0,0,0,0,0,0,0,0,0,0,0,0,0,0,0,0,0,0,0,0,0,0,0,0,0,0,0,0,0,0,3,0,0,0,4,0,0,0,0,0,0,0,0,0,0,0,0,0,0,0,0,0,0,0,0,0,0,0,0,0,0,0,0,0,0,0,0,0,0,0,0,0,0,0,0,0,0,0,0,0,0,0,0,0,0,0,0,0,0,0,0,0,0,0,0,0,0,0,0,0,0,0,0,0,0,0,0,0,0,0,0,0,0,0,0,0,0,0,0,0,0,0,0,0,0,0,0,0,0,0,0,0,0,0,0,0,0,0,0,0,0,0,0,0,0,0,0,0,0,0,0,0,0,0,0
801071090,133,69,66,78,94,113,49,19,7,622,1471,855,892,1067,983,1134,796,241,77,7511,22,9,22,25,38,29,14,11,0,162,80,60,39,78,109,131,186,65,18,767,0,0,0,0,0,0,0,0,0,0,9,3,6,13,13,13,14,0,4,73,0,0,0,0,0,0,0,0,0,0,354,172,184,230,233,205,265,92,31,1764,6,0,0,0,0,0,0,0,0,11,16,8,6,17,19,9,12,15,0,110,8,4,4,0,0,0,3,0,0,12,4,0,0,0,0,5,3,0,0,11,0,3,6,5,7,0,12,10,0,35,7,4,3,4,4,0,0,0,0,20,11,6,0,11,4,10,4,0,0,45,22,7,11,13,12,8,4,0,0,81,28,13,6,27,14,25,20,13,0,153,0,8,0,3,0,0,3,3,0,16,0,0,4,0,6,3,3,0,0,15,10,5,16,11,12,36,45,21,8,158
801071132,0,0,0,0,0,0,0,0,0,0,4,5,0,0,0,0,0,0,0,12,0,0,0,0,0,0,0,0,0,0,0,0,0,0,0,0,0,0,0,0,0,0,0,0,0,0,0,0,0,0,0,0,0,0,0,0,0,0,0,0,0,0,0,0,0,0,0,0,0,0,0,0,0,0,0,0,0,0,0,0,0,0,0,0,0,0,0,0,0,0,0,0,0,0,0,0,0,0,0,0,0,0,0,0,0,0,0,0,0,0,0,0,0,0,0,0,0,0,0,0,0,0,0,0,0,0,0,0,0,0,0,0,0,0,0,0,0,0,0,0,0,0,0,0,0,0,0,0,0,0,0,0,0,0,0,0,0,0,0,0,0,0,0,0,0,0,0,0,0,0,0,0,0,0,0,0,0,0,0,0,0,0,0,0,0,0,0,0,0,0,0,0,0,0,0,0,0,0,0,0
801081091,27,25,7,19,24,33,32,9,4,181,503,321,157,324,403,354,403,163,54,2687,7,0,0,5,3,0,6,10,0,35,41,22,7,27,47,53,70,70,17,354,0,0,0,0,0,0,0,0,0,0,6,0,0,5,0,7,3,5,0,21,0,0,0,0,0,0,0,0,0,0,133,84,28,69,117,91,75,76,19,697,0,0,0,0,0,0,0,0,0,0,9,3,0,11,11,8,10,7,0,62,0,0,0,0,0,0,0,0,0,6,0,0,0,0,0,0,0,0,0,0,0,0,0,0,0,0,6,0,3,14,0,0,0,0,0,0,0,0,0,4,0,0,0,0,4,4,3,0,0,14,3,0,0,0,0,3,0,0,0,14,0,0,0,0,0,9,15,10,3,45,0,0,0,0,0,0,0,0,0,5,0,0,0,0,0,0,0,0,0,0,0,0,4,3,4,23,28,16,3,90
801081092,51,30,25,44,49,32,30,12,3,274,698,340,313,455,488,344,325,141,44,3162,7,5,0,7,13,4,0,0,0,37,47,29,19,30,58,44,44,36,15,319,0,0,0,0,0,0,0,0,0,0,0,10,0,0,5,6,0,0,0,18,0,0,0,0,0,0,0,0,0,0,152,104,58,87,113,78,69,44,11,720,0,0,0,0,0,0,0,0,0,0,7,5,0,7,8,0,3,0,0,30,0,0,0,0,0,0,0,0,0,0,0,0,4,0,0,0,0,0,0,8,0,0,0,3,3,0,4,5,0,13,3,0,0,4,0,0,0,0,0,4,5,5,5,0,6,3,0,0,0,34,6,0,3,9,0,0,0,0,0,16,10,4,6,4,12,10,8,12,10,63,0,0,0,0,0,0,0,0,0,0,0,0,0,0,0,0,0,0,0,5,12,0,0,11,11,21,11,10,4,75
801081093,62,17,46,43,42,26,27,15,11,288,633,263,386,465,399,288,305,186,85,3000,7,0,4,8,8,5,5,5,0,40,36,21,15,27,56,40,46,37,23,307,0,0,0,0,0,0,0,0,0,0,6,0,0,0,8,4,5,3,5,26,0,0,0,0,0,0,0,0,0,0,157,71,46,89,123,53,72,48,17,679,0,0,0,4,0,0,0,0,0,3,6,7,9,3,5,3,3,12,4,47,0,0,0,0,0,0,0,0,0,0,5,0,3,0,0,4,0,0,0,11,5,0,0,6,0,0,0,3,0,21,0,0,0,5,0,0,0,0,0,6,0,3,0,8,0,0,4,3,0,20,5,0,0,8,3,0,4,0,0,19,5,6,0,7,5,4,13,6,6,52,0,0,0,0,0,0,0,0,0,3,0,0,0,0,0,0,0,3,0,3,11,4,6,6,17,9,12,20,8,90
801081094,39,18,21,36,29,10,30,23,3,215,522,228,290,414,351,269,315,168,44,2604,0,4,15,15,3,8,0,0,0,46,21,11,17,23,54,30,52,51,12,270,0,0,0,0,0,0,0,0,0,0,3,0,0,4,3,5,0,3,0,19,0,0,0,0,0,0,0,0,0,0,122,70,60,84,85,72,63,61,19,633,0,0,0,0,0,0,0,0,0,0,10,11,4,6,9,3,0,4,0,49,0,0,0,0,0,0,0,0,0,0,0,0,0,0,0,0,0,0,0,7,5,0,0,0,0,0,0,3,0,10,0,0,0,0,0,0,0,0,0,4,4,0,0,4,11,3,0,0,0,19,8,0,6,3,0,0,0,5,0,30,9,4,4,6,10,3,6,15,3,58,0,0,0,0,0,0,4,0,0,6,0,0,0,6,0,0,0,0,0,7,4,0,4,6,8,8,12,3,7,51
801081095,46,25,46,41,51,48,32,15,4,298,678,281,427,489,392,339,395,162,36,3190,8,0,4,22,9,12,6,0,0,57,18,11,18,24,36,47,64,41,18,278,0,0,0,0,0,0,0,0,0,0,0,0,0,0,5,5,5,0,0,17,0,0,0,0,0,0,0,0,0,0,157,87,62,95,92,70,79,72,15,727,0,0,0,0,0,0,4,0,0,4,4,0,3,3,0,9,0,4,4,20,0,0,0,0,0,0,0,0,0,0,0,0,0,0,0,0,0,0,0,6,3,0,5,5,0,5,4,4,0,23,0,0,0,0,0,0,0,0,0,0,3,0,0,0,5,4,0,0,0,22,3,7,5,0,7,0,4,0,0,29,3,3,3,4,0,10,10,8,4,43,0,0,0,0,0,0,0,0,0,4,0,0,0,0,0,0,0,0,0,6,5,0,6,6,10,4,15,6,5,54
801081096,30,24,24,25,17,32,29,36,29,238,385,210,174,281,250,263,276,180,117,2134,0,0,7,8,4,13,5,0,0,27,21,16,14,18,31,39,50,35,15,241,0,0,0,0,0,0,0,0,0,0,0,0,0,0,6,4,0,6,5,18,0,0,0,0,0,0,0,0,0,0,73,42,24,42,78,62,96,65,46,526,0,0,0,0,0,0,0,0,0,0,3,0,0,3,0,0,3,3,3,20,0,0,0,0,0,0,0,0,0,0,0,0,0,0,0,0,0,0,0,0,0,0,0,0,0,0,5,0,4,14,0,0,0,0,0,0,0,0,0,0,0,3,3,0,0,0,0,3,0,12,9,3,4,0,3,5,0,0,0,24,3,0,0,0,3,4,10,5,3,35,5,0,0,0,3,0,0,0,0,8,0,0,0,0,0,0,0,0,0,0,8,7,3,3,13,4,21,16,10,83
801081097,52,22,26,52,31,31,21,11,13,259,535,222,347,388,360,288,283,159,47,2627,0,4,8,14,5,0,9,0,0,40,21,17,15,21,44,29,28,39,10,214,0,0,0,0,0,0,0,0,0,0,4,0,4,4,3,0,0,0,0,12,0,0,0,0,0,0,0,0,0,0,127,54,56,75,84,48,74,69,18,603,0,0,0,0,0,0,0,4,0,3,6,0,0,6,5,3,3,3,0,30,0,0,0,0,0,0,0,0,0,0,0,0,0,0,0,0,0,0,0,0,0,3,0,3,0,0,0,4,0,20,0,0,0,0,0,0,0,0,0,0,8,0,3,8,0,0,0,0,0,14,7,3,3,4,0,0,3,0,0,29,0,0,5,4,5,5,8,4,0,34,0,0,0,0,0,0,3,0,0,6,0,0,0,3,0,0,0,4,0,9,4,0,0,4,4,11,12,6,0,51
801081098,39,11,37,42,34,27,51,58,60,353,677,304,349,535,470,367,418,299,159,3580,15,14,6,19,14,8,7,0,0,81,45,23,11,31,60,27,49,68,39,359,0,0,0,0,0,0,0,0,0,0,9,0,0,3,11,3,7,9,0,35,0,0,0,0,0,0,0,0,0,0,153,91,60,89,112,66,92,93,46,800,0,0,0,0,0,0,0,0,0,0,8,0,0,3,5,5,5,9,3,41,4,0,0,0,0,0,0,0,0,4,0,0,0,5,0,0,0,0,0,8,4,0,0,4,4,0,0,6,3,23,4,4,0,0,3,0,0,0,0,9,6,11,0,9,4,4,4,6,0,40,7,0,10,0,3,0,3,3,0,45,4,4,0,4,12,14,20,10,7,68,0,0,0,0,0,0,0,0,0,4,5,0,0,0,0,0,0,0,0,11,6,4,7,9,7,11,17,20,8,90
801081133,0,0,0,0,0,0,0,0,0,0,0,0,0,0,0,0,0,0,0,4,0,0,0,0,0,0,0,0,0,0,0,0,0,0,0,0,0,0,0,0,0,0,0,0,0,0,0,0,0,0,0,0,0,0,0,0,0,0,0,0,0,0,0,0,0,0,0,0,0,0,0,0,0,0,0,0,0,0,0,0,0,0,0,0,0,0,0,0,0,0,0,0,0,0,0,0,0,0,0,0,0,0,0,0,0,0,0,0,0,0,0,0,0,0,0,0,0,0,0,0,0,0,0,0,0,0,0,0,0,0,0,0,0,0,0,0,0,0,0,0,0,0,0,0,0,0,0,0,0,0,0,0,0,0,0,0,0,0,0,0,0,0,0,0,0,0,0,0,0,0,0,0,0,0,0,0,0,0,0,0,0,0,0,0,0,0,0,0,0,0,0,0,0,0,0,0,0,0,0,0
801091099,45,26,44,29,21,16,14,16,4,218,425,249,439,355,324,237,204,140,37,2407,12,4,44,26,7,6,9,0,0,103,12,8,12,18,29,41,33,31,14,195,0,0,0,0,0,0,0,0,0,0,0,0,0,4,0,0,0,3,0,17,0,0,0,0,0,0,0,0,0,0,78,66,64,68,78,62,50,59,18,538,0,0,0,0,0,0,0,0,0,0,17,3,10,12,14,6,3,0,0,65,0,0,0,0,0,0,0,0,0,0,0,0,0,0,0,0,0,0,0,7,0,0,0,5,9,0,5,7,0,22,0,0,0,0,0,0,0,0,0,0,0,0,8,0,0,0,0,0,0,6,3,0,5,3,0,0,3,0,0,22,0,0,0,0,8,9,8,8,4,31,0,0,0,0,0,0,0,0,0,0,0,0,0,0,0,0,0,0,0,0,0,0,3,3,4,9,9,8,3,43
801091100,76,40,42,60,73,69,41,28,12,446,1023,577,524,699,812,616,436,375,167,5234,11,12,36,35,10,10,3,4,0,138,77,27,16,69,86,75,68,70,39,546,0,0,0,0,0,0,0,0,0,0,12,4,0,8,5,7,0,5,0,34,0,0,0,0,0,0,0,0,0,0,253,136,79,169,177,153,99,85,50,1196,0,0,0,0,0,0,5,0,0,0,21,7,0,15,16,7,8,13,7,94,0,0,0,4,0,0,5,3,0,10,0,0,0,5,0,0,0,0,0,3,0,0,0,3,3,8,7,11,0,34,3,0,0,0,3,0,0,0,0,6,3,0,3,0,3,0,4,0,0,18,0,0,0,0,0,0,0,0,0,3,8,4,8,4,8,19,10,9,14,83,0,0,0,0,0,0,0,0,0,0,0,0,0,0,0,0,0,0,0,6,3,5,3,13,17,21,20,18,10,116
801091101,42,34,23,21,40,19,21,18,17,237,595,414,285,390,494,375,335,216,125,3224,7,8,21,18,5,11,4,0,4,70,53,20,14,30,52,61,58,89,42,420,0,0,0,0,0,0,0,0,0,0,0,0,3,6,0,0,7,15,5,29,0,0,0,3,0,0,0,0,0,0,165,114,48,87,122,111,75,76,41,842,0,0,0,0,0,0,0,0,0,0,4,14,4,3,13,16,9,9,5,78,4,0,0,3,0,0,0,0,0,0,5,0,0,0,0,0,0,0,0,14,0,0,0,0,0,0,7,0,6,18,0,0,0,0,0,0,0,0,0,3,3,0,0,4,0,7,0,0,0,14,7,4,6,0,4,4,0,0,4,24,7,0,3,5,9,8,12,15,11,69,0,0,0,0,0,0,0,0,0,0,5,3,0,4,0,0,0,0,0,18,5,4,3,3,12,8,7,32,11,77
801091102,43,26,48,54,55,43,42,43,30,391,705,301,350,511,483,379,348,271,153,3499,17,0,17,18,10,9,9,6,6,80,36,7,20,23,41,60,65,53,33,345,0,0,0,0,0,0,0,0,0,0,3,0,0,5,0,0,0,11,4,29,0,0,0,0,0,0,0,0,0,0,127,99,57,91,98,90,85,97,54,796,0,0,0,0,0,0,0,0,0,0,11,12,0,11,17,14,6,12,9,80,0,0,0,0,0,0,0,0,0,0,0,0,0,0,0,0,0,0,0,0,5,0,0,3,3,5,4,3,4,17,3,0,0,0,0,0,0,0,0,8,10,0,0,0,6,5,0,0,0,26,0,0,0,5,0,0,0,0,0,9,0,3,0,6,3,16,7,7,4,47,0,0,0,0,0,0,4,6,0,7,0,0,4,0,0,0,0,0,0,5,8,0,4,4,11,16,10,10,3,55
801091103,50,26,25,40,47,46,30,20,33,316,577,308,275,356,455,349,247,214,208,2993,10,9,24,19,17,6,4,0,0,95,48,17,22,35,36,49,41,52,45,350,0,0,0,0,0,0,0,0,0,0,7,5,6,11,4,10,7,3,3,51,0,0,0,0,0,0,0,0,0,0,135,77,36,88,80,75,40,45,43,614,0,0,0,0,0,0,0,0,0,0,0,3,6,4,7,9,0,7,0,34,0,3,0,0,0,3,0,0,0,10,0,0,0,0,0,0,0,0,0,0,0,0,0,0,0,7,0,0,0,9,4,0,0,0,0,0,0,0,0,8,0,3,0,3,0,0,0,0,0,14,0,9,0,0,0,4,3,0,0,24,0,0,0,0,3,3,8,14,22,57,0,0,0,0,0,0,0,0,0,0,0,0,0,0,0,0,0,0,0,0,3,4,4,5,11,9,11,10,7,64
801091104,21,11,10,18,15,22,28,16,9,148,346,281,182,246,328,332,383,166,73,2345,5,5,6,9,8,14,12,3,0,66,19,6,10,13,31,64,47,44,15,241,0,0,0,0,0,0,0,0,0,0,0,0,0,0,0,0,0,0,4,7,0,0,0,0,0,0,0,0,0,0,75,40,32,58,64,80,77,76,16,528,0,0,0,0,0,0,0,0,0,0,0,13,0,9,13,6,10,11,0,63,3,0,0,0,0,0,4,0,0,14,0,0,4,0,0,3,0,0,0,5,3,0,3,0,3,6,4,10,3,29,0,0,0,4,0,0,0,0,0,3,0,0,0,0,0,0,0,0,0,12,18,0,0,9,0,0,0,0,0,30,8,5,0,3,5,10,16,4,3,44,0,0,0,0,0,0,0,0,0,7,3,0,0,0,0,0,0,0,0,4,16,3,0,4,3,13,8,11,7,70
801091105,62,42,89,54,45,34,30,24,0,387,479,381,569,427,383,273,252,248,78,3089,25,14,72,60,15,13,11,0,0,204,23,24,15,15,34,23,26,48,19,228,0,0,0,0,0,0,0,0,0,0,9,0,4,0,0,0,0,10,3,26,0,0,0,0,0,0,0,0,0,0,96,49,66,63,81,64,42,61,34,554,0,0,0,0,0,0,0,0,0,4,10,7,9,7,7,3,5,8,0,51,0,0,0,0,0,0,0,0,0,7,0,0,0,0,0,0,0,0,0,4,0,0,0,4,0,0,0,4,4,19,0,0,0,0,0,0,0,0,0,0,0,0,3,3,3,0,0,0,0,13,0,0,0,0,0,0,0,0,0,3,7,0,9,3,7,3,9,10,5,54,0,0,0,0,0,0,0,0,0,0,0,0,0,0,0,0,0,0,0,0,8,5,4,4,12,7,8,4,3,55
801091106,45,29,48,31,20,38,20,25,3,258,552,392,491,471,391,395,290,206,75,3254,25,13,33,62,11,7,3,3,0,155,25,19,21,29,37,50,42,42,18,290,0,0,0,0,0,0,0,0,0,0,8,0,4,0,0,3,0,4,0,31,0,0,0,0,0,0,0,0,0,0,106,78,73,81,99,99,68,72,21,702,0,0,0,0,0,0,0,0,0,3,9,3,3,7,4,8,6,3,0,45,0,0,0,0,0,0,0,4,0,5,5,0,0,5,0,0,0,0,0,5,0,0,0,0,0,0,3,4,0,17,0,0,0,0,0,0,0,0,0,0,0,0,0,4,0,0,0,0,0,10,11,7,4,3,0,3,0,0,0,32,8,0,0,3,6,10,10,3,7,46,0,0,3,0,0,0,0,3,0,7,0,0,0,0,0,0,0,0,0,5,3,0,6,0,11,8,15,18,7,63
801091107,24,14,10,11,16,18,5,6,0,105,170,148,56,91,165,148,139,58,21,990,0,5,0,0,7,3,0,4,0,14,0,3,0,4,8,21,15,12,6,72,0,0,0,0,0,0,0,0,0,0,0,5,0,7,4,0,0,0,0,9,0,0,0,0,0,0,0,0,0,0,34,25,12,14,43,30,42,35,3,230,0,0,0,0,0,0,0,0,0,0,17,19,3,3,16,11,12,13,0,96,0,0,0,0,0,0,0,0,0,0,0,0,0,0,0,0,0,0,0,0,0,0,0,0,0,0,0,0,0,0,0,4,0,0,0,0,0,0,0,9,0,0,0,0,0,0,0,0,0,5,0,0,0,0,0,0,0,0,0,0,0,4,0,0,0,8,5,0,0,18,0,0,0,0,0,0,0,0,0,0,0,0,0,3,0,3,0,0,0,4,0,0,0,0,0,4,0,5,3,15
801091108,32,31,31,35,36,24,33,15,0,243,467,323,266,319,381,292,284,195,52,2582,3,3,4,7,6,0,0,0,0,29,26,12,8,25,33,49,41,39,9,237,0,0,0,0,0,0,0,0,0,0,3,3,0,0,6,5,0,0,0,26,0,0,0,0,0,0,0,0,0,0,173,116,43,85,116,105,57,68,27,790,0,0,0,0,0,0,0,0,0,0,5,10,3,4,13,4,10,10,6,77,3,0,0,0,0,0,0,0,0,10,5,3,0,3,4,0,0,0,0,17,0,4,0,0,5,7,3,6,0,16,5,0,0,0,0,0,0,0,0,7,0,0,0,0,0,0,0,0,0,10,3,0,0,0,0,0,0,0,0,6,4,0,4,6,8,4,8,14,0,45,0,4,0,0,0,0,0,0,0,4,0,0,0,0,0,0,0,0,0,0,6,4,9,5,12,7,8,13,6,65
801091109,45,33,115,58,42,36,22,7,0,370,381,264,1013,529,282,219,145,67,38,2935,31,20,81,54,28,10,8,5,0,224,13,15,49,25,40,31,33,20,4,225,0,0,0,0,0,0,0,0,0,0,3,3,16,6,0,0,4,0,0,46,0,0,0,0,0,0,0,0,0,0,141,85,293,180,116,89,43,16,15,972,0,0,4,0,0,0,0,0,0,3,10,11,20,11,4,7,0,3,5,77,0,0,0,5,0,0,0,0,0,5,5,0,0,0,7,0,0,0,0,16,0,0,4,0,0,0,0,0,5,14,9,0,18,3,6,0,0,0,0,38,6,4,5,9,3,7,0,0,0,34,20,4,11,18,3,0,0,0,0,61,0,4,15,9,3,6,7,0,0,48,0,0,0,0,0,0,3,0,0,3,0,0,0,0,5,0,0,0,0,8,7,3,7,11,5,0,8,6,0,58
801091110,17,12,14,10,16,17,24,10,8,135,434,285,202,316,353,233,208,123,40,2206,9,0,5,7,8,3,3,0,0,39,9,16,11,14,32,28,18,33,10,167,0,0,0,0,0,0,0,0,0,0,4,0,0,3,0,4,0,0,0,20,0,0,0,0,0,0,0,0,0,0,131,84,59,67,101,63,58,35,13,620,0,0,0,0,0,0,0,0,0,0,12,8,3,0,13,4,0,8,5,53,0,0,0,7,0,3,0,0,0,3,0,0,0,0,4,0,0,0,0,0,0,0,0,0,3,0,6,3,0,17,0,0,0,4,0,0,0,0,0,3,4,8,3,3,4,6,0,0,0,26,5,3,0,0,0,0,0,0,0,25,0,4,0,0,4,3,0,3,0,28,0,0,0,0,0,0,0,0,0,0,0,0,0,0,0,0,0,0,0,0,5,0,0,0,6,4,5,7,4,33
801101134,0,3,0,0,0,0,0,0,0,6,0,3,0,0,0,0,3,0,0,10,0,0,0,0,0,0,0,0,0,0,0,0,0,0,0,0,5,0,0,3,0,0,0,0,0,0,0,0,0,0,0,0,0,0,0,0,0,0,0,0,0,0,0,0,0,0,0,0,0,0,0,0,0,0,0,0,0,0,0,0,0,0,0,0,0,0,0,0,0,0,0,0,0,0,0,0,0,0,0,0,0,0,0,0,0,0,0,0,0,0,0,0,0,0,0,0,0,0,0,0,0,0,0,0,0,0,0,0,0,0,0,0,0,0,0,0,0,0,0,0,0,0,0,0,0,0,0,0,0,0,0,0,0,0,0,0,0,0,0,0,0,0,0,0,0,0,0,0,0,0,0,0,0,0,0,0,0,0,0,0,0,0,0,0,0,0,0,0,0,0,0,0,0,0,0,0,0,0,0,0
801101135,33,18,46,45,17,10,5,0,0,171,469,189,440,391,161,78,55,17,0,1810,32,23,59,52,31,11,7,0,0,200,36,22,19,25,33,13,9,3,4,167,0,0,0,0,0,0,0,0,0,0,9,8,10,7,7,3,7,3,0,57,0,0,0,0,0,0,0,0,0,0,213,95,165,180,94,48,29,10,3,841,0,0,0,0,0,0,0,0,0,4,10,4,11,12,10,3,0,0,0,55,0,0,0,4,0,0,0,0,0,9,0,0,0,0,0,0,0,0,0,4,3,0,0,4,0,0,6,0,0,14,14,0,3,13,7,0,0,0,0,37,10,3,15,12,4,3,0,0,0,48,15,10,16,4,3,4,3,0,0,67,4,9,11,13,7,4,3,0,0,43,0,0,0,0,0,0,0,0,0,3,6,0,8,0,0,0,0,0,0,16,5,4,8,8,7,3,5,0,0,38
801101136,0,0,0,0,0,0,0,0,0,0,0,0,0,0,0,0,0,0,0,0,31,15,28,49,18,8,8,0,0,152,34,11,20,25,22,12,4,3,0,136,0,0,0,0,0,0,0,0,0,0,0,0,3,3,4,0,0,0,0,15,0,0,0,0,0,0,0,0,0,0,119,46,98,90,47,24,10,5,0,433,0,0,0,0,0,0,0,0,0,0,3,5,15,6,0,4,0,0,0,32,4,0,0,0,0,0,0,0,0,0,0,0,0,0,0,0,0,0,0,0,0,0,3,0,0,3,0,0,0,3,5,0,0,4,4,0,0,0,0,6,4,0,8,4,0,0,0,0,0,12,11,0,8,11,6,0,0,0,0,26,3,3,0,3,3,0,0,0,0,18,0,0,0,0,0,0,0,0,0,0,0,0,0,0,0,0,0,0,0,0,3,0,7,10,11,3,0,0,0,27
801101137,0,0,0,0,0,0,0,0,0,0,0,0,0,0,0,0,0,0,0,0,0,0,0,0,0,0,0,0,0,0,0,0,0,0,0,0,0,0,0,0,0,0,0,0,0,0,0,0,0,0,0,0,0,0,0,0,0,0,0,0,0,0,0,0,0,0,0,0,0,0,0,0,0,0,0,0,0,0,0,0,0,0,0,0,0,0,0,0,0,0,0,0,0,0,0,0,0,0,0,0,0,0,0,0,0,0,0,0,0,0,0,0,0,0,0,0,0,0,0,0,0,0,0,0,0,0,0,0,0,0,0,0,0,0,0,0,0,0,0,0,0,0,0,0,0,0,0,0,0,0,0,0,0,0,0,0,0,0,0,0,0,0,0,0,0,0,0,0,0,0,0,0,0,0,0,0,0,0,0,0,0,0,0,0,0,0,0,0,0,0,0,0,0,0,0,0,0,0,0,0
801101139,37,31,115,46,22,15,5,3,0,276,507,330,916,510,250,156,67,21,0,2755,20,11,39,28,17,18,5,0,0,128,18,13,42,33,28,30,17,0,0,178,0,0,0,0,0,3,0,0,0,3,16,0,6,8,7,5,0,0,0,45,0,0,0,0,0,0,0,0,0,0,158,65,125,139,85,43,30,7,0,642,0,0,0,0,0,0,0,0,0,3,9,0,13,7,5,4,0,0,0,40,0,0,0,0,0,0,0,0,0,4,4,3,0,4,0,0,0,0,0,18,0,0,0,0,6,0,0,0,0,7,8,6,6,8,0,0,0,0,0,26,7,0,7,8,6,0,0,0,0,26,3,7,7,9,0,4,0,0,0,24,9,0,5,3,3,3,7,0,0,30,0,0,0,0,0,0,0,0,0,0,0,4,3,3,0,5,0,0,0,15,7,7,8,14,5,8,5,0,0,52
801101145,0,0,0,0,0,0,0,0,0,0,0,0,0,0,0,0,0,0,0,0,0,0,0,0,0,0,0,0,0,0,0,0,0,0,0,0,0,0,0,0,0,0,0,0,0,0,0,0,0,0,0,0,0,0,0,0,0,0,0,0,0,0,0,0,0,0,0,0,0,0,0,0,0,0,0,0,0,0,0,0,0,0,0,0,0,0,0,0,0,0,0,0,0,0,0,0,0,0,0,0,0,0,0,0,0,0,0,0,0,0,0,0,0,0,0,0,0,0,0,0,0,0,0,0,0,0,0,0,0,0,0,0,0,0,0,0,0,0,0,0,0,0,0,0,0,0,0,0,0,0,0,0,0,0,0,0,0,0,0,0,0,0,0,0,0,0,0,0,0,0,0,0,0,0,0,0,0,0,0,0,0,0,0,0,0,0,0,0,0,0,0,0,0,0,0,0,0,0,0,0
801101146,0,4,0,0,3,0,0,0,0,4,0,5,0,0,3,0,0,0,0,5,0,0,0,0,0,0,0,0,0,0,0,0,0,0,0,0,0,0,0,0,0,0,0,0,0,0,0,0,0,0,0,0,0,0,0,0,0,0,0,0,0,0,0,0,0,0,0,0,0,0,0,0,0,0,0,0,0,0,0,0,0,0,0,0,0,0,0,0,0,0,0,0,0,0,0,0,0,0,0,0,0,0,0,0,0,0,0,0,0,0,0,0,0,0,0,0,0,0,0,0,0,0,0,0,0,0,0,0,0,0,0,0,0,0,0,0,0,0,0,0,0,0,0,0,0,0,0,0,0,0,0,0,0,0,0,0,0,0,0,0,0,0,0,0,0,0,0,0,0,0,0,0,0,0,0,0,0,0,0,0,0,0,0,0,0,0,0,0,0,0,0,0,0,0,0,0,0,0,0,0
801111140,15,11,17,10,11,4,0,0,0,67,126,72,84,114,78,64,22,4,5,561,0,0,0,0,0,0,0,0,0,3,16,8,3,6,11,16,3,3,3,66,0,0,0,0,0,0,0,0,0,0,0,0,5,0,0,0,0,0,0,3,0,0,0,0,0,0,0,0,0,0,20,13,17,10,15,17,6,5,0,103,0,0,0,0,0,0,0,0,0,0,0,0,0,0,0,0,0,0,0,0,0,0,0,0,0,0,0,0,0,3,0,0,0,0,0,0,0,0,0,0,0,0,0,0,0,0,0,0,0,0,0,0,0,0,0,0,0,0,0,0,4,6,0,3,0,0,0,0,0,14,0,0,0,0,0,0,0,0,0,0,4,0,0,0,0,0,5,0,0,14,0,0,0,0,0,0,0,0,0,0,0,0,0,0,0,0,0,0,0,0,0,0,0,0,0,0,0,0,0,3
801111141,0,0,0,3,0,0,0,0,0,5,7,0,9,4,0,4,3,0,0,41,0,0,0,0,0,0,0,0,0,0,0,0,0,0,0,7,0,0,0,11,0,0,0,0,0,0,0,0,0,0,0,0,0,0,0,0,0,0,0,0,0,0,0,0,0,0,0,0,0,0,4,0,3,0,0,5,0,0,0,19,0,0,0,0,0,0,0,0,0,0,0,0,0,0,0,0,0,0,0,0,0,0,0,0,0,0,0,0,0,0,0,0,0,0,0,0,0,0,0,0,0,0,0,0,0,0,0,0,0,0,0,0,0,0,0,0,0,0,0,0,0,0,0,0,0,0,0,0,0,0,0,0,0,0,0,0,0,0,0,0,0,0,0,0,0,0,0,0,0,0,0,0,0,0,0,0,0,0,0,0,0,0,0,0,0,0,0,0,0,0,0,0,0,0,0,0,0,0,0,0
897979799,0,0,0,0,0,0,0,0,0,0,0,0,0,0,0,0,0,0,0,0,0,0,0,0,0,0,0,0,0,0,0,0,0,0,0,0,0,0,0,0,0,0,0,0,0,0,0,0,0,0,0,0,0,0,0,0,0,0,0,0,0,0,0,0,0,0,0,0,0,0,0,0,0,0,0,0,0,0,0,0,0,0,0,0,0,0,0,0,0,0,0,0,0,0,0,0,0,0,0,0,0,0,0,0,0,0,0,0,0,0,0,0,0,0,0,0,0,0,0,0,0,0,0,0,0,0,0,0,0,0,0,0,0,0,0,0,0,0,0,0,0,0,0,0,0,0,0,0,0,0,0,0,0,0,0,0,0,0,0,0,0,0,0,0,0,0,0,0,0,0,0,0,0,0,0,0,0,0,0,0,0,0,0,0,0,0,0,0,0,0,0,0,0,0,0,0,0,0,0,0
899999499,9,27,14,35,25,24,5,0,0,126,37,113,105,109,71,77,29,5,6,541,5,0,0,0,0,3,0,0,0,8,4,4,0,3,3,5,4,4,4,35,0,0,0,0,0,0,0,0,0,0,0,3,0,0,0,0,0,0,0,3,0,0,0,0,0,0,0,0,0,0,7,17,6,15,13,4,5,0,0,66,0,0,0,0,0,0,0,0,0,0,0,0,0,0,0,0,0,0,0,6,0,0,0,0,0,0,0,0,0,0,0,0,0,0,0,0,0,0,0,0,0,0,0,0,0,0,0,0,0,6,0,0,0,0,0,0,0,0,0,0,0,0,0,0,0,0,0,0,0,6,0,0,0,0,0,0,0,0,0,7,0,0,0,0,0,3,0,0,0,7,0,0,0,0,0,0,0,0,0,6,0,0,0,0,0,0,0,0,0,0,0,0,0,0,3,0,0,0,0,7
