SA2_CODE_2021,C11_Aus_BP_B_OS,C11_Aus_Fa_O_B_OS,C11_Aus_Mo_O_B_OS,C11_Aus_BP_B_Aus,C11_Aus_Bplace_NS,C11_Aus_Tot_resp,C11_Aus_Ab_BP_B_OS,C11_Aus_Ab_Fa_O_B_OS,C11_Aus_Ab_Mo_O_B_OS,C11_Aus_Ab_BP_B_Aus,C11_Aus_Abor_Bplace_NS,C11_Aus_Abor_Tot_respons,C11_Chi_BP_B_OS,C11_Chi_Fa_O_B_OS,C11_Chi_Mo_O_B_OS,C11_Chi_BP_B_Aus,C11_Chi_Bplace_NS,C11_Chi_Tot_resp,C11_Cro_BP_B_OS,C11_Cro_Fa_O_B_OS,C11_Cro_Mo_O_B_OS,C11_Cro_BP_B_Aus,C11_Cro_Bplace_NS,C11_Cro_Tot_resp,C11_Dut_BP_B_OS,C11_Dut_Fa_O_B_OS,C11_Dut_Mo_O_B_OS,C11_Dut_BP_B_Aus,C11_Dut_Bplace_NS,C11_Dut_Tot_resp,C11_Eng_BP_B_OS,C11_Eng_Fa_O_B_OS,C11_Eng_Mo_O_B_OS,C11_Eng_BP_B_Aus,C11_Eng_Bplace_NS,C11_Eng_Tot_resp,C11_Fil_BP_B_OS,C11_Fil_Fa_O_B_OS,C11_Fil_Mo_O_B_OS,C11_Fil_BP_B_Aus,C11_Fil_Bplace_NS,C11_Fil_Tot_resp,C11_Fre_BP_B_OS,C11_Fre_Fa_O_B_OS,C11_Fre_Mo_O_B_OS,C11_Fre_BP_B_Aus,C11_Fre_Bplace_NS,C11_Fre_Tot_resp,C11_Ger_BP_B_OS,C11_Ger_Fa_O_B_OS,C11_Ger_Mo_O_B_OS,C11_Ger_BP_B_Aus,C11_Ger_Bplace_NS,C11_Ger_Tot_resp,C11_Gre_BP_B_OS,C11_Gre_Fa_O_B_OS,C11_Gre_Mo_O_B_OS,C11_Gre_BP_B_Aus,C11_Gre_Bplace_NS,C11_Gre_Tot_resp,C11_Hun_BP_B_OS,C11_Hun_Fa_O_B_OS,C11_Hun_Mo_O_B_OS,C11_Hun_BP_B_Aus,C11_Hun_Bplace_NS,C11_Hun_Tot_resp,C11_Ind_BP_B_OS,C11_Ind_Fa_O_B_OS,C11_Ind_Mo_O_B_OS,C11_Ind_BP_B_Aus,C11_Ind_Bplace_NS,C11_Ind_Tot_resp,C11_Iri_BP_B_OS,C11_Iri_Fa_O_B_OS,C11_Iri_Mo_O_B_OS,C11_Iri_BP_B_Aus,C11_Iri_Bplace_NS,C11_Iri_Tot_resp,C11_Ita_BP_B_OS,C11_Ita_Fa_O_B_OS,C11_Ita_Mo_O_B_OS,C11_Ita_BP_B_Aus,C11_Ita_Bplace_NS,C11_Ita_Tot_resp,C11_Kor_BP_B_OS,C11_Kor_Fa_O_B_OS,C11_Kor_Mo_O_B_OS,C11_Kor_BP_B_Aus,C11_Kor_Bplace_NS,C11_Kor_Tot_resp,C11_Leb_BP_B_OS,C11_Leb_Fa_O_B_OS,C11_Leb_Mo_O_B_OS,C11_Leb_BP_B_Aus,C11_Leb_Bplace_NS,C11_Leb_Tot_resp,C11_Mac_BP_B_OS,C11_Mac_Fa_O_B_OS,C11_Mac_Mo_O_B_OS,C11_Mac_BP_B_Aus,C11_Mac_Bplace_NS,C11_Mac_Tot_resp,C11_Mal_BP_B_OS,C11_Mal_Fa_O_B_OS,C11_Mal_Mo_O_B_OS,C11_Mal_BP_B_Aus,C11_Mal_Bplace_NS,C11_Mal_Tot_resp,C11_Mao_BP_B_OS,C11_Mao_Fa_O_B_OS,C11_Mao_Mo_O_B_OS,C11_Mao_BP_B_Aus,C11_Mao_Bplace_NS,C11_Mao_Tot_resp,C11_NZ_BP_B_OS,C11_NZ_Fa_O_B_OS,C11_NZ_Mo_O_B_OS,C11_NZ_BP_B_Aus,C11_NZ_Bplace_NS,C11_NZ_Tot_resp,C11_Pol_BP_B_OS,C11_Pol_Fa_O_B_OS,C11_Pol_Mo_O_B_OS,C11_Pol_BP_B_Aus,C11_Pol_Bplace_NS,C11_Pol_Tot_resp,C11_Rus_BP_B_OS,C11_Rus_Fa_O_B_OS,C11_Rus_Mo_O_B_OS,C11_Rus_BP_B_Aus,C11_Rus_Birthplac_ns,C11_Rus_Tot_resp,C11_Sam_BP_B_OS,C11_Sam_Fa_O_B_OS,C11_Sam_Mo_O_B_OS,C11_Sam_BP_B_Aus,C11_Sam_Birthplac_ns,C11_Sam_Tot_resp,C11_Sco_BP_B_OS,C11_Sco_Fa_O_B_OS,C11_Sco_Mo_O_B_OS,C11_Sco_BP_B_Aus,C11_Sco_Birthplac_ns,C11_Sco_Tot_resp,C11_Ser_BP_B_OS,C11_Ser_Fa_O_B_OS,C11_Ser_Mo_O_B_OS,C11_Ser_BP_B_Aus,C11_Ser_Bplace_NS,C11_Ser_Tot_resp,C11_SAf_BP_B_OS,C11_SAf_Fa_O_B_OS,C11_SAf_Mo_O_B_OS,C11_SAf_BP_B_Aus,C11_SAf_Bplace_NS,C11_SAf_Tot_resp,C11_Span_BP_B_OS,C11_Span_Fa_O_B_OS,C11_Span_Mo_O_B_OS,C11_Span_BP_B_Aus,C11_Span_Bplace_NS,C11_Span_Tot_resp,C11_SriL_BP_B_OS,C11_SriL_Fa_O_B_OS,C11_SriL_Mo_O_B_OS,C11_SriL_BP_B_Aus,C11_SriL_Bplace_NS,C11_SriL_Tot_resp,C11_Viet_BP_B_OS,C11_Viet_Fa_O_B_OS,C11_Viet_Mo_O_B_OS,C11_Viet_BP_B_Aus,C11_Viet_Bplace_NS,C11_Viet_Tot_resp,C11_Wel_BP_B_OS,C11_Wel_Fa_O_B_OS,C11_Wel_Mo_O_B_OS,C11_Wel_BP_B_Aus,C11_Wel_Bplace_NS,C11_Wel_Tot_resp,C11_Oth_BP_B_OS,C11_Oth_Fa_O_B_OS,C11_Oth_Mo_O_B_OS,C11_Oth_BP_B_Aus,C11_Oth_Bplace_NS,C11_Oth_Tot_resp,C11_Anc_ns_BP_B_OS,C11_Anc_ns_Fa_O_B_OS,C11_Anc_ns_Mo_O_B_OS,C11_Anc_ns_BP_B_Aus,C11_Anc_ns_Bplace_NS,C11_Anc_NS_Tot_resp,C11_Tot_P_BP_B_OS,C11_Tot_P_Fa_O_B_OS,C11_Tot_P_Mo_O_B_OS,C11_Tot_P_BP_B_Aus,C11_Tot_P_Bplace_NS,C11_Tot_P_Tot_resp,C16_Aus_BP_B_OS,C16_Aus_Fa_O_B_OS
801011001,16,121,102,678,28,951,0,0,0,8,0,8,76,3,6,0,0,89,11,3,3,0,6,26,18,5,8,6,0,46,214,100,93,467,15,886,7,0,0,0,0,14,11,4,0,12,0,22,39,3,10,43,4,93,10,0,0,8,0,17,17,0,0,0,0,15,33,0,0,0,0,34,42,32,25,221,4,320,36,21,5,15,0,76,8,0,0,0,0,8,0,0,0,5,0,5,0,0,0,0,0,0,3,0,0,0,0,0,4,0,0,0,0,4,15,5,7,0,0,21,24,0,6,8,0,39,11,0,0,3,0,10,0,0,0,0,0,0,54,28,28,147,3,263,5,0,0,0,0,5,3,0,0,0,0,3,3,0,0,0,0,6,12,0,0,0,0,12,3,0,0,0,0,6,5,0,3,3,0,12,138,25,21,22,10,214,8,4,7,20,171,210,669,210,189,1185,225,2479,11,97
801011002,31,123,98,809,27,1085,0,0,0,5,0,5,397,4,3,3,3,417,14,5,0,0,0,19,34,13,11,19,0,68,241,91,96,649,27,1102,79,0,11,0,0,88,11,3,0,8,0,26,40,16,8,88,0,160,11,3,0,9,0,26,5,0,0,7,0,12,183,0,0,0,3,193,59,16,28,307,7,429,36,9,7,28,0,82,51,0,0,0,0,52,5,0,0,0,0,10,5,0,0,4,0,15,7,7,0,3,0,9,0,0,0,0,0,5,16,4,0,3,0,17,32,10,0,9,0,60,15,3,4,0,0,24,11,0,0,0,0,11,63,21,25,220,5,335,15,0,0,0,0,20,9,0,4,0,0,12,29,0,0,6,0,38,28,0,0,0,0,33,83,0,5,0,3,92,6,4,5,9,0,18,548,39,26,33,11,651,12,0,4,15,558,588,1862,220,192,1542,621,4436,34,166
801011003,32,195,163,1281,12,1686,0,0,0,8,0,3,760,14,9,11,4,793,51,9,3,11,0,69,31,13,14,34,0,86,244,177,124,944,21,1511,43,5,10,0,0,58,11,0,3,8,0,32,48,19,9,108,3,193,29,11,0,18,0,62,5,0,4,3,0,10,232,5,0,0,0,243,63,32,31,437,4,560,67,36,12,78,3,194,98,0,0,0,3,96,7,5,0,3,0,17,12,0,0,4,0,14,5,3,3,3,0,12,15,0,0,0,0,17,21,7,5,0,0,31,31,8,7,13,0,57,12,0,0,3,0,20,4,0,0,0,0,9,65,43,31,352,0,490,16,5,0,3,0,28,17,4,0,0,0,20,13,0,0,7,0,20,46,0,0,0,0,50,108,0,3,0,0,113,11,8,0,16,0,33,584,40,33,39,8,713,25,0,3,26,896,947,2424,370,264,2377,948,6390,47,182
801011004,16,146,82,914,33,1194,0,0,0,4,0,9,46,0,0,3,3,61,20,5,0,0,0,25,28,12,12,6,0,53,180,110,75,688,20,1073,66,0,8,4,0,79,10,5,0,9,0,20,33,13,6,69,0,124,14,9,0,9,0,24,9,0,0,0,0,12,20,3,0,0,0,24,26,22,23,284,8,362,39,8,4,24,5,85,5,0,0,0,0,3,14,0,0,0,0,18,0,0,0,0,0,0,3,0,0,0,0,11,0,0,0,0,0,3,5,10,4,4,0,23,15,0,0,4,0,21,8,8,0,0,0,12,0,3,0,0,0,6,44,34,13,207,0,295,14,0,0,0,0,13,7,0,0,0,0,7,14,0,0,0,0,19,11,3,4,0,0,16,14,0,0,0,8,20,7,10,0,7,0,20,194,30,23,52,5,299,20,8,3,39,168,234,757,261,147,1665,236,3066,21,129
801011005,15,144,113,733,13,1017,0,0,0,6,0,8,93,4,3,4,3,114,12,0,0,3,0,18,24,9,3,9,0,53,225,114,82,612,17,1048,8,0,7,0,0,15,14,0,4,8,0,28,51,18,9,59,0,131,23,5,5,17,0,40,10,5,0,0,0,24,49,0,0,0,0,54,53,26,23,317,0,424,38,9,0,33,0,76,3,0,0,6,0,9,3,4,0,3,0,12,0,0,0,0,0,0,0,0,0,3,0,3,8,4,0,0,0,10,9,8,0,3,0,23,26,3,9,4,0,42,23,0,0,0,0,32,0,0,0,0,0,0,53,19,23,237,3,344,8,0,0,5,0,9,6,0,3,0,0,13,14,0,0,0,0,14,22,0,0,0,0,25,11,0,0,0,0,13,12,3,0,10,0,33,214,31,34,30,9,317,14,7,0,20,87,122,889,251,188,1446,127,2901,15,132
801011006,62,277,253,2239,37,2861,0,0,0,13,0,13,150,7,9,13,10,191,37,4,8,19,0,68,46,21,4,53,0,131,411,226,169,1512,35,2361,81,6,6,0,0,95,9,0,4,12,0,20,76,32,28,183,5,319,32,15,0,26,7,75,19,5,3,3,0,27,138,10,3,0,0,149,61,51,33,524,15,682,83,31,10,101,0,226,5,0,0,0,0,11,14,4,0,4,0,21,16,0,0,7,0,15,10,4,5,16,7,38,5,10,8,7,0,27,25,9,8,6,3,56,40,8,7,22,3,78,19,3,4,9,0,31,13,0,0,0,0,11,100,68,56,415,9,641,16,0,0,4,0,22,20,3,0,5,0,24,26,9,0,7,0,43,25,0,0,0,0,25,108,0,0,0,5,116,20,4,0,14,0,45,604,62,56,70,22,809,56,6,0,67,142,277,2007,515,410,3906,264,7108,62,277
801011007,33,226,168,1684,28,2142,0,0,0,6,0,6,145,7,15,17,0,178,71,5,0,6,0,85,34,21,8,28,0,100,279,161,146,1217,31,1829,29,0,7,0,0,33,11,3,3,17,0,26,76,17,30,138,0,255,52,4,0,24,0,87,21,8,4,4,0,36,58,3,0,4,4,70,50,41,38,615,14,748,93,29,13,72,5,210,23,0,0,0,0,24,9,3,0,8,0,16,5,0,0,0,0,10,6,0,0,4,0,19,4,0,6,0,0,17,15,10,0,7,0,29,39,5,3,13,0,58,10,0,0,3,3,17,11,0,4,0,0,9,81,57,35,335,6,503,13,0,0,0,0,20,5,0,0,0,0,12,31,0,0,6,0,43,20,7,0,0,0,24,45,0,4,0,0,56,17,4,3,21,0,44,350,49,43,59,5,517,26,10,3,65,87,192,1406,412,312,3120,168,5417,33,225
801011008,28,172,149,1338,36,1714,0,0,0,3,0,3,307,4,8,5,12,335,60,8,0,13,7,82,33,9,20,31,0,99,262,135,131,873,32,1430,76,0,12,7,0,93,8,0,0,3,0,17,46,26,11,85,4,175,19,11,0,11,3,45,25,5,3,0,0,35,124,0,3,0,0,139,50,50,19,430,9,555,78,17,4,53,5,157,12,0,0,7,0,13,9,0,0,0,4,10,17,4,0,0,0,19,4,0,0,0,0,6,5,0,0,0,0,9,13,4,0,6,0,21,36,5,3,6,0,49,23,0,0,0,0,19,9,0,0,0,0,11,57,40,26,243,6,372,22,0,0,5,0,30,15,7,0,0,0,16,18,3,0,3,0,25,30,0,0,0,0,30,182,0,0,4,18,203,8,4,0,12,0,27,439,39,32,55,13,582,52,0,3,40,164,260,1866,321,264,2308,279,5039,43,178
801011009,18,147,96,1113,8,1374,0,0,0,7,0,7,54,4,0,0,0,57,32,0,0,6,0,39,31,11,4,25,0,74,188,131,97,785,11,1208,16,0,4,0,0,19,7,0,0,15,0,19,44,22,11,72,0,148,30,6,0,14,0,46,15,3,0,3,0,19,26,0,0,0,0,27,48,37,21,377,6,490,52,12,4,19,0,93,3,0,0,0,0,3,0,0,0,0,0,0,13,0,0,0,0,15,11,0,0,0,0,8,5,4,0,0,0,8,13,4,0,0,0,19,23,8,3,3,0,43,13,0,0,3,0,12,6,0,0,0,0,6,45,32,23,232,3,339,8,0,0,0,0,11,15,0,0,0,0,15,13,0,3,0,0,20,5,0,0,0,0,9,15,0,6,0,0,19,15,4,4,13,0,38,212,37,29,28,0,312,5,4,0,36,262,309,806,275,194,1998,283,3554,18,167
801011010,16,91,95,772,13,979,0,0,0,0,0,0,22,0,3,4,0,33,7,0,0,0,0,16,19,5,0,13,0,44,162,83,54,570,5,879,0,0,0,6,0,12,0,3,0,5,0,6,36,3,10,49,0,105,0,3,3,3,0,8,0,0,0,0,0,4,6,0,0,0,0,6,27,26,10,265,6,333,10,4,0,17,0,33,5,0,0,0,0,3,0,0,0,0,0,0,0,0,0,0,0,0,0,0,0,0,0,3,0,0,0,0,0,0,7,3,0,4,0,15,9,3,0,5,0,12,4,0,0,0,0,4,8,7,0,0,0,17,35,18,24,165,5,238,0,0,0,0,0,0,0,0,0,0,0,3,0,0,0,0,0,0,0,0,0,0,0,0,4,0,0,4,0,11,0,0,0,7,0,16,96,18,16,26,0,158,0,0,5,22,26,58,410,174,128,1362,52,2124,13,104
801011011,18,151,125,937,25,1252,0,0,0,5,0,10,134,0,0,13,3,153,34,0,3,0,0,45,28,6,6,16,0,52,195,116,94,623,23,1052,18,0,0,3,0,24,14,0,3,8,0,21,46,14,12,78,0,145,49,5,7,19,0,81,11,4,0,0,0,16,48,0,0,0,0,50,23,29,21,306,6,390,84,16,11,50,0,160,19,0,0,0,4,20,10,0,0,3,0,13,7,0,0,4,0,15,5,3,0,11,0,15,0,3,0,0,0,3,21,7,3,3,0,32,24,4,3,7,0,44,5,4,0,0,0,5,3,0,0,0,0,6,44,41,27,229,0,337,3,0,0,0,0,7,5,3,0,3,0,14,3,0,3,4,0,8,5,0,3,0,0,4,31,3,3,0,0,40,10,4,0,10,0,25,188,45,41,39,5,315,5,0,0,24,106,138,961,276,214,1695,156,3301,17,131
801011012,0,0,0,0,0,0,0,0,0,0,0,0,0,0,0,0,0,0,0,0,0,0,0,0,0,0,0,0,0,0,0,0,0,0,0,0,0,0,0,0,0,0,0,0,0,0,0,0,0,0,0,0,0,0,0,0,0,0,0,0,0,0,0,0,0,0,0,0,0,0,0,0,0,0,0,0,0,0,0,0,0,0,0,0,0,0,0,0,0,0,0,0,0,0,0,0,0,0,0,0,0,0,0,0,0,0,0,0,0,0,0,0,0,0,0,0,0,0,0,0,0,0,0,0,0,0,0,0,0,0,0,0,0,0,0,0,0,0,0,0,0,0,0,0,0,0,0,0,0,0,0,0,0,0,0,0,0,0,0,0,0,0,0,0,0,0,0,0,0,0,0,0,0,0,0,0,0,0,0,0,0,0,0,0,0,0,0,0,0,0,4,4,0,0,0,0,4,4,0,0
801011013,28,122,92,808,26,1071,0,0,0,0,0,0,100,8,6,4,0,118,20,7,0,0,0,25,12,8,0,5,0,31,190,85,81,596,14,960,7,0,0,0,0,11,10,0,0,3,0,15,37,16,8,83,9,146,36,5,3,15,5,65,6,0,0,0,0,13,78,0,0,6,0,78,35,18,23,278,7,356,37,9,4,44,0,97,11,0,0,0,0,12,3,0,0,0,0,8,0,0,0,0,0,0,6,0,3,4,0,9,0,3,0,0,0,3,14,0,9,0,0,20,12,0,0,9,0,16,3,0,0,3,0,7,0,0,0,0,0,0,75,38,31,175,6,324,3,0,0,0,0,5,11,0,0,0,0,17,12,0,0,0,0,16,28,0,0,0,0,28,32,0,0,0,0,35,12,3,0,9,0,27,253,25,20,22,5,328,5,0,5,14,104,127,903,201,162,1455,153,2877,45,109
801011014,26,151,83,895,24,1183,0,0,0,0,0,0,74,5,0,7,0,84,24,0,0,9,0,30,29,11,6,16,0,58,190,125,83,641,24,1063,26,0,10,5,0,41,5,3,3,4,0,21,45,7,14,76,0,142,36,6,0,4,0,46,5,0,0,0,0,8,45,0,0,6,0,49,34,27,23,319,8,411,38,10,0,21,3,67,11,0,0,0,0,8,3,3,0,0,0,10,0,0,0,0,0,0,5,0,0,0,0,9,10,0,0,0,4,11,4,7,0,0,0,15,33,5,0,12,0,47,8,0,0,0,0,11,4,6,3,0,0,12,45,25,23,208,7,298,12,3,0,0,0,17,0,0,0,0,0,4,16,0,6,8,0,29,4,0,0,0,0,6,45,0,7,0,0,50,7,0,0,15,0,18,243,33,22,33,4,342,14,6,5,23,61,109,897,259,179,1635,127,3089,27,167
801011015,43,198,155,1406,40,1842,0,0,0,0,0,0,77,5,11,4,0,94,26,0,4,0,0,32,35,13,6,13,0,73,299,176,129,1114,31,1749,54,0,7,0,4,66,10,4,0,15,0,34,68,25,9,140,4,253,16,3,5,3,3,35,6,0,0,5,6,19,67,4,3,0,0,71,67,43,33,513,8,661,30,17,0,45,0,101,0,0,0,0,0,0,6,0,0,0,0,8,6,0,0,0,0,4,8,8,0,11,0,23,3,0,0,0,0,8,22,12,3,0,0,45,23,0,9,9,0,47,14,0,0,5,3,19,5,0,0,0,0,6,88,45,33,335,15,508,3,3,0,0,0,14,14,0,0,0,4,20,21,3,3,5,0,29,18,0,0,0,0,19,22,3,0,0,0,23,10,8,7,15,0,39,332,36,32,68,10,474,24,4,3,56,171,256,1236,363,268,2685,261,4816,25,192
801011016,56,293,228,1872,38,2489,0,0,0,3,0,3,375,9,13,15,13,425,115,11,5,19,0,152,57,16,15,41,0,135,392,226,168,1408,37,2224,48,0,6,3,0,57,16,0,0,17,0,32,81,34,25,143,0,282,103,23,16,40,0,178,22,6,4,10,0,38,118,0,0,0,10,125,65,56,57,709,11,894,182,34,25,97,0,344,28,0,0,0,5,39,20,0,0,0,0,26,34,5,0,0,0,40,18,10,3,0,0,36,10,0,4,0,0,17,31,11,6,4,0,47,55,3,10,12,0,86,22,3,0,0,0,33,11,0,0,0,0,15,98,70,52,427,7,655,34,3,3,0,4,49,9,5,0,0,0,21,33,0,0,10,0,41,24,0,3,0,0,29,141,3,6,0,6,153,13,9,8,29,0,58,510,79,64,64,13,728,47,3,3,58,133,246,2472,557,433,3599,254,7316,44,276
801011017,28,167,113,1168,15,1496,0,0,0,6,0,6,70,3,0,9,0,81,21,6,0,3,0,29,45,20,10,27,0,99,208,103,92,820,9,1222,20,0,8,0,0,30,11,6,4,5,0,18,35,15,11,81,0,133,29,7,0,8,6,47,16,0,3,8,0,21,26,3,0,0,0,33,62,22,14,356,6,461,63,9,0,46,0,126,10,0,0,0,0,13,8,6,0,6,0,6,0,0,0,0,0,0,6,0,0,5,0,11,4,3,4,0,0,17,22,8,5,0,0,39,29,3,3,19,0,56,6,3,0,3,0,16,3,0,0,0,0,3,58,28,32,255,0,382,4,0,0,0,0,4,8,6,0,0,0,8,9,3,0,3,0,19,4,0,0,0,0,4,32,0,0,0,0,33,8,3,0,10,0,21,226,14,20,47,9,321,15,0,3,39,109,166,887,261,196,2111,152,3599,29,143
801011018,0,0,0,0,0,0,0,0,0,0,0,0,0,0,0,0,0,0,0,0,0,0,0,0,0,0,0,0,0,0,0,0,0,0,0,0,0,0,0,0,0,0,0,0,0,0,0,0,0,0,0,0,0,0,0,0,0,0,0,0,0,0,0,0,0,0,0,0,0,0,0,0,0,0,0,0,0,0,0,0,0,0,0,0,0,0,0,0,0,0,0,0,0,0,0,0,0,0,0,0,0,0,0,0,0,0,0,0,0,0,0,0,0,0,0,0,0,0,0,0,0,0,0,0,0,0,0,0,0,0,0,0,0,0,0,0,0,0,0,0,0,0,0,0,0,0,0,0,0,0,0,0,0,0,0,0,0,0,0,0,0,0,0,0,0,0,0,0,0,0,0,0,0,0,0,0,0,0,0,0,0,0,0,0,0,0,0,0,0,0,0,0,0,0,0,0,0,0,4,3
801011019,39,244,177,1574,37,2063,0,0,0,9,0,11,154,3,3,11,0,180,24,0,0,3,0,27,38,20,13,21,0,84,339,199,158,1163,32,1897,68,4,17,0,8,93,19,7,4,0,0,29,77,27,16,169,3,291,35,3,0,10,4,54,13,8,5,10,0,31,143,0,4,0,4,152,74,54,30,495,14,662,35,11,5,69,3,129,0,0,0,0,0,4,16,3,4,5,0,25,0,0,0,0,0,3,5,4,0,7,0,15,5,0,3,0,0,14,24,7,6,0,0,35,34,7,4,4,0,49,18,3,6,5,0,35,13,0,0,0,0,17,84,30,37,319,0,478,12,0,0,0,0,18,22,0,0,0,0,26,11,6,0,0,0,25,28,5,0,0,3,31,32,0,0,0,0,33,14,3,3,17,0,35,509,47,54,59,14,686,29,6,5,78,147,255,1651,421,331,2859,236,5508,62,284
801011020,21,105,91,606,14,829,0,0,0,7,0,7,143,9,3,5,0,154,19,0,3,5,0,28,18,4,6,10,0,37,150,89,73,536,11,859,12,0,3,0,0,19,10,0,4,8,0,20,29,10,13,57,0,106,15,0,5,5,0,29,10,3,0,4,0,13,38,6,0,0,0,46,26,20,22,268,3,347,36,7,4,26,0,77,14,0,0,0,0,16,3,0,0,11,0,13,7,0,0,0,0,5,4,0,0,0,0,7,3,0,0,0,0,3,7,5,4,0,0,10,15,0,0,13,0,31,12,0,0,0,0,14,6,0,0,0,0,6,34,19,21,175,4,263,6,0,0,0,0,11,4,0,0,0,0,9,10,0,0,0,0,16,15,0,0,0,0,15,59,0,0,0,0,59,0,0,0,5,0,11,217,16,21,25,10,287,14,3,4,24,90,135,838,184,166,1244,123,2552,31,117
801011021,25,91,79,670,18,880,0,0,0,0,0,0,124,8,13,0,8,157,78,4,0,3,6,95,12,5,0,16,4,39,134,67,54,472,9,730,23,0,3,0,3,28,3,3,0,5,0,14,27,4,10,55,5,98,34,9,0,3,0,53,11,3,0,6,0,18,54,0,0,0,0,54,31,20,20,232,11,305,87,19,0,47,8,154,11,0,0,0,0,12,14,0,0,0,0,19,8,0,0,0,0,10,8,0,0,0,0,10,7,0,0,0,0,7,14,4,8,0,0,27,20,5,0,3,0,36,9,0,0,0,0,18,9,0,0,0,0,9,35,22,17,165,3,241,19,0,0,0,0,22,9,3,0,0,0,8,17,0,0,0,0,15,24,0,0,0,0,24,50,0,0,0,0,50,3,3,0,10,0,18,264,24,24,28,7,340,28,0,0,34,68,137,1065,189,146,1275,127,2798,26,102
801011022,20,153,93,957,13,1240,0,0,0,7,0,7,95,3,3,3,0,99,31,8,0,3,0,38,25,14,4,31,5,78,188,103,72,749,12,1130,18,0,0,0,0,19,0,0,0,13,0,14,39,15,16,85,0,155,42,7,0,15,0,61,11,3,7,0,0,17,27,0,0,5,0,35,41,32,19,354,8,447,42,19,4,38,0,105,0,0,0,0,0,7,3,0,0,5,0,3,5,0,0,0,0,5,5,3,3,6,0,17,0,0,5,0,0,5,17,5,3,0,0,26,25,0,3,6,3,43,7,0,0,0,3,11,10,0,0,0,0,10,45,36,13,214,0,315,18,0,0,0,0,21,13,5,5,0,0,20,19,0,0,3,0,27,0,0,0,0,0,0,19,0,0,0,0,18,9,5,0,7,0,23,163,22,17,38,0,247,20,0,4,26,98,149,820,256,159,1828,137,3200,14,152
801011023,11,124,99,753,17,1000,0,0,0,5,0,5,87,0,3,4,0,103,9,4,0,0,0,12,14,11,3,6,0,34,153,109,71,593,29,958,14,6,0,3,0,21,5,0,7,9,0,16,41,11,8,71,6,142,16,3,0,7,0,22,5,0,4,0,0,8,70,3,0,6,0,79,39,17,11,287,0,360,39,13,3,27,0,88,5,0,0,0,0,5,0,0,0,0,0,0,10,0,0,0,0,10,4,0,0,0,0,12,4,4,0,0,0,7,17,7,3,0,0,28,12,5,0,4,0,27,4,0,0,3,0,6,0,0,0,0,0,0,43,19,25,193,7,285,9,0,0,0,0,9,4,0,0,0,0,4,3,0,0,4,0,12,14,0,0,0,0,14,31,0,0,0,0,32,8,8,5,10,0,20,254,19,29,43,4,350,12,3,4,32,156,216,847,210,168,1445,223,2879,17,107
801011024,16,118,82,810,15,1044,0,0,0,0,0,4,86,6,14,8,0,110,5,0,0,0,0,7,24,15,5,20,0,67,136,92,64,591,22,906,14,0,4,0,0,19,12,0,0,4,0,19,28,23,7,59,0,121,17,7,0,4,0,28,7,0,0,3,0,18,65,3,5,0,0,71,38,29,17,277,6,359,24,17,3,17,4,61,7,0,0,0,0,7,0,0,0,4,0,5,6,0,0,0,0,6,3,3,0,3,0,7,0,0,0,0,0,3,5,3,5,3,0,15,19,0,5,11,0,39,0,0,0,0,0,6,0,0,0,0,0,0,48,36,14,211,5,313,8,0,0,0,0,8,0,0,0,0,0,0,16,0,0,0,0,12,3,0,0,0,0,3,19,0,4,0,0,23,9,6,4,7,0,27,272,25,22,32,3,352,15,4,3,18,110,153,811,230,147,1478,149,2812,14,139
801011025,9,122,75,904,19,1131,0,0,0,0,0,0,34,5,0,6,0,46,13,0,0,6,0,18,18,10,0,14,0,42,166,103,57,617,24,977,9,0,0,0,0,10,4,0,0,4,0,13,29,8,10,61,0,108,25,6,0,15,6,52,3,5,5,0,0,9,7,0,0,0,0,13,36,33,17,283,3,370,21,9,0,19,0,59,0,0,0,0,0,0,0,0,0,0,0,0,0,0,0,0,0,0,3,0,0,10,0,15,3,4,0,0,0,7,0,3,5,6,0,15,17,0,0,13,0,29,11,0,0,6,0,19,6,0,0,0,0,5,33,17,25,181,0,260,10,0,0,0,0,7,5,0,0,0,0,5,11,4,0,0,0,15,4,0,0,0,0,8,18,0,0,0,0,18,6,0,3,10,3,28,128,24,23,30,10,217,9,3,0,15,79,108,540,205,138,1535,138,2558,20,112
801011026,22,88,90,762,6,968,0,0,0,0,0,0,76,0,0,3,0,77,18,4,0,0,0,21,17,8,3,9,0,35,206,85,98,573,3,970,3,0,0,0,0,6,4,0,4,6,0,15,32,9,13,48,0,97,55,15,4,13,3,88,6,0,0,0,0,6,35,0,0,0,0,35,40,19,25,291,4,370,71,9,4,41,4,128,8,0,0,0,0,8,0,0,0,0,0,0,0,0,0,0,0,0,0,0,0,5,0,8,4,0,0,0,0,4,17,3,4,6,0,30,12,0,0,7,0,17,11,0,0,4,0,17,5,0,0,0,0,5,48,23,27,193,3,293,0,0,0,0,0,0,0,0,0,0,0,0,5,0,0,0,0,10,7,0,0,0,0,9,14,0,3,0,0,16,8,3,0,6,0,22,164,26,23,39,6,255,5,0,0,24,47,85,765,171,182,1414,77,2608,17,86
801011111,0,0,0,6,0,7,0,0,0,0,0,0,0,0,0,0,0,0,0,0,0,0,0,0,0,0,0,0,0,0,0,0,0,0,0,6,0,0,0,0,0,0,0,0,0,0,0,0,0,0,0,0,0,0,0,0,0,0,0,0,0,0,0,0,0,0,0,0,0,0,0,0,0,0,0,0,0,0,0,0,0,0,0,0,0,0,0,0,0,0,0,0,0,0,0,0,0,0,0,0,0,0,0,0,0,0,0,0,0,0,0,0,0,0,0,0,0,0,0,0,0,0,0,0,0,0,0,0,0,0,0,0,0,0,0,0,0,0,0,0,0,4,0,4,0,0,0,0,0,0,0,0,0,0,0,0,0,0,0,0,0,0,0,0,0,0,0,0,0,0,0,0,0,0,0,0,0,0,0,0,0,0,0,0,0,0,0,0,0,0,0,0,0,0,0,11,0,10,0,0
801011142,0,0,0,0,0,0,0,0,0,0,0,0,0,0,0,0,0,0,0,0,0,0,0,0,0,0,0,0,0,0,0,0,0,0,0,0,0,0,0,0,0,0,0,0,0,0,0,0,0,0,0,0,0,0,0,0,0,0,0,0,0,0,0,0,0,0,0,0,0,0,0,0,0,0,0,0,0,0,0,0,0,0,0,0,0,0,0,0,0,0,0,0,0,0,0,0,0,0,0,0,0,0,0,0,0,0,0,0,0,0,0,0,0,0,0,0,0,0,0,0,0,0,0,0,0,0,0,0,0,0,0,0,0,0,0,0,0,0,0,0,0,0,0,0,0,0,0,0,0,0,0,0,0,0,0,0,0,0,0,0,0,0,0,0,0,0,0,0,0,0,0,0,0,0,0,0,0,0,0,0,0,0,0,0,0,0,0,0,0,0,0,0,0,0,0,0,0,0,0,0
801011143,0,0,0,0,0,0,0,0,0,0,0,0,0,0,0,0,0,0,0,0,0,0,0,0,0,0,0,0,0,0,3,0,0,0,0,5,8,0,0,0,0,8,0,0,0,0,0,0,0,0,0,0,0,5,0,0,0,0,0,0,0,0,0,0,0,0,0,0,0,0,0,0,0,0,0,0,0,0,0,0,0,0,0,0,0,0,0,0,0,0,0,0,0,0,0,0,0,0,0,0,0,0,0,0,0,0,0,0,0,0,0,0,0,0,0,0,0,0,0,0,0,0,0,0,0,0,0,0,0,0,0,0,0,0,0,0,0,0,0,0,0,0,0,0,0,0,0,0,0,0,0,0,0,0,0,0,0,0,0,0,0,0,0,0,0,0,0,0,0,0,0,0,0,0,0,0,0,0,0,0,0,0,0,0,0,0,0,0,0,0,0,0,15,0,0,4,0,18,0,0
801011144,0,0,0,0,0,0,0,0,0,0,0,0,0,0,0,0,0,0,0,0,0,0,0,0,0,0,0,0,0,0,0,0,0,0,0,0,0,0,0,0,0,0,0,0,0,0,0,0,0,0,0,0,0,0,0,0,0,0,0,0,0,0,0,0,0,0,0,0,0,0,0,0,0,0,0,0,0,0,0,0,0,0,0,0,0,0,0,0,0,0,0,0,0,0,0,0,0,0,0,0,0,0,0,0,0,0,0,0,0,0,0,0,0,0,0,0,0,0,0,0,0,0,0,0,0,0,0,0,0,0,0,0,0,0,0,0,0,0,0,0,0,0,0,0,0,0,0,0,0,0,0,0,0,0,0,0,0,0,0,0,0,0,0,0,0,0,0,0,0,0,0,0,0,0,0,0,0,0,0,0,0,0,0,0,0,0,0,0,0,0,0,0,0,0,0,0,0,0,0,0
801031031,0,0,0,0,0,0,0,0,0,0,0,0,0,0,0,0,0,0,0,0,0,0,0,0,0,0,0,0,0,0,0,0,0,0,0,0,0,0,0,0,0,0,0,0,0,0,0,0,0,0,0,0,0,0,0,0,0,0,0,0,0,0,0,0,0,0,0,0,0,0,0,0,0,0,0,4,0,4,0,0,0,0,0,0,0,0,0,0,0,0,0,0,0,0,0,0,0,0,0,0,0,0,0,0,0,0,0,0,0,0,0,0,0,0,0,0,0,0,0,0,0,0,0,0,0,0,0,0,0,0,0,0,0,0,0,0,0,0,0,0,0,0,0,0,0,0,0,0,0,0,0,0,0,0,0,0,0,0,0,0,0,0,0,0,0,0,0,0,0,0,0,0,0,0,0,0,0,0,0,0,0,0,0,0,0,0,0,0,0,0,303,303,0,0,0,4,303,308,0,0
801031032,0,0,0,25,0,25,0,0,0,0,0,0,0,0,0,0,0,0,0,0,0,0,0,0,0,0,0,8,0,3,0,0,0,5,0,8,0,0,0,0,0,0,0,0,0,0,0,0,3,0,0,0,0,3,0,0,0,0,0,0,0,0,0,0,0,0,0,0,0,0,0,0,0,0,0,0,0,0,3,0,0,0,0,3,0,0,0,0,0,0,0,0,0,0,0,0,0,0,0,0,0,0,0,0,0,0,0,0,0,0,0,0,0,0,0,0,0,0,0,0,0,0,0,0,0,0,0,0,0,0,0,0,0,0,0,0,0,0,0,0,0,0,0,0,0,0,0,0,0,0,0,0,0,0,0,0,0,0,0,0,0,0,0,0,0,0,0,0,0,0,0,0,0,0,0,0,0,0,0,0,0,0,0,0,0,0,0,0,0,0,0,0,4,0,0,26,0,34,0,0
801031113,3,32,31,195,7,265,0,0,0,0,0,0,3,0,0,0,0,5,7,0,0,0,0,0,13,0,0,4,0,17,61,21,31,221,3,344,4,0,0,0,9,11,0,0,0,8,0,7,7,0,0,22,0,35,7,0,0,0,0,9,4,0,0,0,0,5,3,0,0,0,0,3,4,0,0,99,6,119,8,12,0,16,0,26,0,0,0,0,0,0,0,0,0,3,0,3,0,0,0,0,0,0,4,0,0,0,0,5,3,0,5,0,0,4,10,0,0,0,0,10,4,4,0,6,0,22,0,0,0,0,0,0,0,0,0,0,0,0,19,3,8,63,5,88,0,0,0,0,0,0,0,3,0,0,0,3,0,0,0,0,0,3,0,0,0,0,0,0,0,0,0,0,0,0,0,0,0,0,0,0,35,0,5,8,0,51,0,0,0,16,89,105,176,49,50,480,118,871,5,17
801031114,3,0,3,21,0,29,0,0,0,0,0,0,0,0,0,0,0,0,0,0,0,0,0,0,0,0,0,0,0,0,3,5,5,18,0,33,5,0,0,0,0,6,0,0,0,0,0,0,0,0,0,0,0,0,0,0,0,0,0,0,0,0,0,0,0,0,0,0,0,0,0,0,0,0,0,7,0,6,0,0,0,0,0,5,0,0,0,0,0,0,0,0,0,0,0,0,0,0,0,0,0,0,0,0,0,0,0,0,0,0,0,0,0,0,0,0,0,0,0,0,0,0,0,0,0,0,0,0,0,0,0,0,0,0,0,0,0,0,0,0,0,3,0,7,0,0,0,0,0,0,0,0,0,0,0,0,0,0,0,0,0,0,0,0,0,0,0,0,0,0,0,0,0,0,0,0,0,0,0,0,5,0,0,5,0,7,0,0,0,0,0,0,15,7,3,43,6,75,0,3
801031115,0,8,3,61,0,74,0,0,0,0,0,0,0,0,0,0,0,0,0,0,0,0,0,0,0,0,0,0,0,0,11,4,4,44,4,74,0,0,0,0,0,0,0,0,0,0,0,0,5,0,0,3,0,12,0,0,0,0,0,0,0,0,0,0,0,0,0,0,0,0,0,0,6,4,0,25,0,36,0,0,0,0,0,0,0,0,0,0,0,0,0,0,0,0,0,0,0,0,0,0,0,0,0,0,0,0,0,0,0,0,0,0,0,0,0,0,0,0,0,0,0,0,0,0,0,0,0,0,0,0,0,0,0,0,0,0,0,0,3,3,0,12,0,20,0,0,0,0,0,0,5,0,0,0,0,5,0,0,0,0,0,0,0,0,0,0,0,0,0,0,0,0,0,0,0,0,0,3,0,3,3,0,0,5,0,8,0,0,0,4,3,13,24,15,7,121,12,176,0,4
801041034,31,274,219,1803,15,2330,0,0,0,6,0,6,188,0,13,12,4,217,108,21,7,26,4,163,33,13,9,16,0,77,301,201,142,1075,19,1741,64,0,7,3,0,73,9,4,3,12,0,21,45,33,21,105,0,210,25,9,4,30,0,61,4,0,0,4,0,15,131,0,3,0,3,135,61,41,35,399,3,534,70,43,22,71,7,214,22,0,3,0,0,23,6,3,0,0,0,11,26,5,0,3,0,33,10,3,3,3,0,21,8,4,7,3,0,21,20,12,9,4,0,49,40,3,8,5,0,53,10,0,0,0,0,12,6,0,0,0,0,13,79,47,34,300,3,469,15,0,0,0,0,19,32,0,0,0,0,32,36,9,0,12,0,54,33,0,3,0,0,40,60,0,11,0,0,74,11,4,0,16,0,37,346,48,48,47,17,516,22,4,0,64,72,169,1635,468,368,2948,147,5572,36,234
801041035,20,45,54,336,8,464,0,0,0,0,0,0,66,4,0,0,0,65,32,0,0,10,0,51,12,8,8,11,0,31,52,40,30,196,6,320,34,3,4,0,0,40,7,0,0,0,0,6,11,9,10,36,0,64,6,0,0,7,0,7,0,0,0,0,0,0,121,3,0,0,0,127,11,5,10,88,0,117,6,4,0,17,0,32,7,0,0,0,0,7,0,0,0,0,0,0,0,3,0,7,0,12,6,0,0,0,0,4,0,0,0,0,0,7,10,6,0,4,0,17,13,0,0,3,0,14,5,0,0,0,0,5,4,0,0,0,0,4,13,14,3,44,0,75,3,0,0,0,0,3,23,0,0,0,0,26,12,0,0,0,0,10,27,0,0,0,0,28,21,0,0,0,0,22,0,0,0,4,0,4,219,10,20,13,3,262,13,0,0,5,30,51,693,99,84,575,50,1497,109,180
801041036,8,48,35,388,4,484,0,0,0,5,0,5,52,0,3,5,0,68,26,9,11,12,5,60,5,0,3,6,0,14,78,37,35,257,0,414,6,0,0,0,0,3,0,0,0,4,0,5,9,9,9,27,0,54,10,0,3,4,0,28,4,3,0,3,0,7,56,0,8,0,0,58,15,3,16,115,3,150,22,15,13,37,0,86,9,0,0,0,0,11,3,0,0,0,0,5,8,0,0,0,0,8,3,4,0,5,0,8,0,0,0,0,0,0,0,0,0,0,0,3,4,0,3,6,0,9,0,0,0,7,0,8,13,0,0,0,0,13,19,9,9,64,0,101,7,0,0,0,0,7,17,0,0,0,0,17,5,0,0,0,0,8,17,0,0,0,0,20,12,0,3,0,0,21,6,0,0,4,0,10,157,11,8,21,3,205,4,0,0,8,56,71,525,96,97,703,78,1490,45,241
801041037,15,31,19,104,0,162,0,0,0,0,0,0,56,0,3,0,0,57,3,0,0,6,0,8,4,0,0,3,0,5,29,22,13,96,0,165,12,0,0,4,0,20,0,0,0,0,0,0,5,0,0,16,0,28,0,0,0,0,0,0,3,0,0,0,0,3,40,0,0,0,0,40,5,6,6,58,0,74,6,3,3,3,0,16,0,0,0,0,0,0,0,0,0,0,0,0,0,0,0,0,0,4,0,0,0,0,0,0,0,0,0,0,0,0,3,0,4,0,0,4,4,0,0,6,0,8,0,0,0,0,0,0,0,0,0,0,0,0,6,3,5,23,0,48,0,0,0,0,0,3,0,0,0,0,0,0,5,0,0,0,0,0,4,0,0,0,0,4,9,0,0,0,0,15,0,0,0,0,0,0,71,3,3,9,4,89,5,0,0,0,8,21,242,45,40,231,12,566,44,141
801041038,20,77,62,656,11,824,0,0,0,8,0,8,134,0,4,3,4,155,91,20,0,26,4,143,16,5,4,9,6,40,118,65,41,340,0,567,19,0,4,4,4,37,6,0,0,3,0,6,21,9,3,45,0,79,12,3,0,18,0,27,0,0,0,0,0,8,159,0,0,0,0,159,12,6,13,140,0,175,25,17,6,23,0,75,10,0,0,0,0,11,3,0,3,0,0,6,13,0,4,3,0,21,6,0,0,4,0,9,0,0,0,0,0,0,9,0,4,5,0,11,9,0,3,0,0,17,4,0,0,0,0,10,3,4,0,0,0,4,40,18,11,100,0,160,10,0,0,0,0,13,17,0,0,0,0,17,7,0,0,0,0,9,26,0,0,0,0,26,21,0,0,0,0,21,8,0,0,0,0,14,168,8,22,23,0,222,26,9,0,21,48,104,904,161,116,1064,77,2318,41,137
801041039,40,84,79,645,13,853,0,0,0,0,0,3,462,3,3,0,9,482,82,8,0,10,0,105,12,0,6,15,0,31,145,75,59,463,6,740,60,4,6,0,0,70,4,0,0,3,0,12,33,5,7,73,0,124,13,3,6,11,0,31,5,4,0,0,0,10,334,4,4,0,4,348,40,13,12,199,0,272,43,15,11,49,0,128,65,0,0,0,0,65,12,0,0,3,0,18,8,0,0,0,0,7,0,3,0,7,0,9,4,0,0,0,0,11,16,11,0,0,0,24,5,4,0,0,0,14,7,0,0,0,0,7,0,0,0,0,0,0,29,11,17,98,0,158,15,0,0,0,0,21,29,0,0,0,0,31,17,0,0,3,0,17,69,0,7,0,0,76,127,0,5,0,0,134,3,0,0,9,0,21,589,36,16,30,14,686,24,7,0,15,125,173,2111,191,143,1187,173,3805,78,156
801041040,51,146,156,1146,20,1514,0,3,0,14,0,21,571,6,8,8,9,606,84,10,11,19,4,126,30,19,6,25,0,85,262,147,121,812,32,1372,93,0,5,3,0,104,4,0,0,5,0,9,35,15,11,109,0,170,17,6,6,15,0,38,5,5,3,3,0,15,252,0,3,4,3,265,63,25,32,337,13,473,65,27,8,86,7,185,155,0,0,0,0,159,4,3,0,8,0,18,13,5,0,7,0,24,13,3,4,6,0,22,15,4,3,0,0,25,25,10,12,3,0,52,22,6,3,9,0,40,12,0,0,5,0,10,3,0,0,0,0,3,70,42,30,243,3,382,19,5,0,4,0,27,18,0,0,0,0,19,25,0,0,5,0,38,38,0,0,0,4,41,184,3,0,4,0,192,13,5,0,12,0,27,564,46,49,42,13,708,36,4,0,30,272,343,2505,326,287,2139,361,5618,51,165
801041043,0,16,8,117,0,144,0,0,0,0,0,0,0,0,0,0,0,0,0,0,0,0,0,0,0,0,4,0,0,8,17,12,13,106,0,146,0,0,0,0,0,0,0,0,0,0,0,0,3,4,0,8,0,16,3,0,0,7,0,6,0,0,0,0,0,0,0,0,0,0,0,0,3,0,3,37,0,49,0,4,0,0,0,7,0,0,0,0,0,0,0,0,0,0,0,0,0,0,0,0,0,0,0,0,0,0,0,3,0,0,0,0,0,0,0,0,0,0,0,0,0,0,0,0,0,0,0,0,0,0,0,0,0,0,0,0,0,0,3,3,3,31,0,40,0,0,0,0,0,0,0,0,0,0,0,0,0,0,0,0,0,0,0,0,0,0,0,0,0,0,0,0,0,0,0,0,0,0,0,3,7,0,0,5,0,18,0,0,0,9,7,17,46,28,18,233,11,331,0,8
801041044,45,169,145,1078,26,1454,0,0,0,8,0,8,291,3,17,5,11,333,67,8,5,31,3,109,25,14,7,9,0,57,228,117,88,712,23,1163,40,0,4,3,0,48,10,0,6,8,0,25,32,16,6,103,0,155,46,3,0,25,3,72,0,0,0,0,0,3,234,7,0,4,9,254,57,19,17,263,6,359,40,20,10,64,6,140,65,0,3,0,0,68,5,0,3,3,0,6,10,0,0,0,0,15,3,4,0,3,0,12,10,0,0,0,0,10,32,6,9,3,0,54,19,8,5,22,0,54,12,0,0,3,0,15,15,0,0,0,0,16,46,19,25,164,12,266,20,0,0,3,0,25,24,4,7,0,0,30,20,4,0,6,0,35,32,3,0,0,0,33,70,0,0,0,0,73,12,0,0,11,0,25,433,46,29,34,11,554,15,4,0,31,164,219,1754,306,233,1903,247,4441,100,218
801041045,0,0,0,4,0,4,0,0,0,0,0,0,0,0,0,0,0,0,0,0,0,0,0,0,0,0,0,0,0,0,0,0,0,3,0,3,0,0,0,0,0,0,0,0,0,0,0,0,0,0,0,0,0,0,0,0,0,0,0,0,0,0,0,0,0,0,0,0,0,0,0,0,0,0,0,3,0,3,0,0,0,0,0,0,0,0,0,0,0,0,0,0,0,0,0,0,0,0,0,0,0,0,0,0,0,0,0,0,0,0,0,0,0,0,0,0,0,0,0,0,0,0,0,0,0,0,0,0,0,0,0,0,0,0,0,0,0,0,0,0,0,0,0,0,0,0,0,0,0,0,0,0,0,0,0,0,0,0,0,0,0,0,0,0,0,0,0,0,0,0,0,0,0,0,0,0,0,0,0,0,0,0,0,0,0,0,0,0,0,0,0,0,0,0,0,6,0,6,0,0
801041046,73,388,300,2578,31,3363,0,3,0,23,0,27,329,10,13,23,7,381,99,10,10,16,4,145,70,39,29,41,0,175,429,326,251,1721,58,2785,92,0,16,3,4,120,15,4,6,22,0,48,68,34,32,234,5,381,34,11,8,24,5,82,22,9,0,0,0,33,277,0,5,0,0,290,76,66,43,696,16,905,110,40,20,122,0,290,52,0,6,0,0,55,14,8,0,7,0,26,23,4,3,7,0,33,3,7,3,24,5,39,23,3,3,11,5,42,32,11,12,0,0,54,45,5,6,14,0,75,6,4,6,6,0,20,7,0,0,0,0,7,131,77,63,511,17,794,46,4,0,12,0,57,44,4,4,0,0,41,43,3,3,10,3,66,77,0,3,0,0,87,129,4,0,0,0,137,25,6,5,26,0,65,818,87,82,74,22,1082,52,9,8,85,208,362,2876,703,543,4517,341,8983,109,426
801041047,49,262,207,1836,23,2378,0,0,0,4,0,4,355,0,8,9,0,373,122,29,11,30,0,185,57,26,10,41,0,129,445,200,163,1192,14,2014,44,0,0,0,0,51,11,0,5,14,0,27,81,29,6,155,0,275,73,9,13,50,0,153,27,0,0,15,0,38,199,6,4,4,0,202,97,46,33,561,4,745,160,54,24,123,4,356,31,0,0,0,0,35,3,0,0,9,0,9,31,8,0,9,0,46,16,4,0,3,0,26,7,0,0,0,0,7,19,6,4,3,0,33,62,4,13,17,6,93,0,0,0,8,0,12,0,0,0,0,0,4,122,49,28,361,8,567,39,6,3,6,0,54,18,0,0,0,0,27,33,3,7,9,5,60,52,3,3,0,0,58,127,0,5,0,0,132,20,3,0,22,0,47,554,46,66,53,8,730,52,9,6,64,175,298,2558,485,360,3309,242,6950,58,252
801041048,56,170,182,1341,25,1775,0,0,0,7,0,7,411,7,14,6,9,450,72,18,8,18,0,108,35,11,4,20,0,67,258,155,110,1012,29,1568,104,0,10,0,4,115,11,4,5,9,0,26,52,8,15,125,0,202,36,25,0,20,0,76,10,0,0,8,0,18,184,3,0,0,0,196,45,28,41,429,14,549,92,15,10,64,0,186,53,0,6,0,0,61,5,3,0,7,3,15,35,0,0,0,0,41,0,3,4,10,0,19,6,0,4,3,0,10,7,12,3,5,0,28,35,5,6,18,0,59,15,0,4,6,0,16,5,0,0,0,0,5,75,32,35,278,0,417,29,6,0,4,0,34,10,6,0,0,0,23,20,0,0,4,0,24,48,0,0,0,0,48,173,0,0,0,0,178,11,0,3,25,0,44,589,37,51,54,8,739,63,4,7,45,111,234,2298,337,309,2543,189,5680,43,198
801041116,0,0,0,20,0,23,0,0,0,0,0,0,0,0,0,0,0,0,0,0,0,0,0,0,0,0,0,0,0,0,0,0,0,8,0,8,0,0,0,0,0,0,0,0,0,0,0,0,0,0,0,0,0,0,0,0,0,0,0,0,0,0,0,0,0,0,0,0,0,0,0,0,0,0,0,0,0,0,0,0,0,0,0,0,0,0,0,0,0,0,0,0,0,0,0,0,0,0,0,0,0,0,0,0,0,0,0,0,0,0,0,0,0,0,0,0,0,0,0,0,0,0,0,0,0,0,0,0,0,0,0,0,0,0,0,0,0,0,0,0,0,0,0,5,0,0,0,0,0,0,0,0,0,0,0,0,0,0,0,0,0,0,0,0,0,0,0,0,0,0,0,0,0,0,0,0,0,0,0,0,0,0,0,0,0,0,0,0,0,0,0,0,0,0,0,24,0,27,0,0
801041117,0,0,0,4,0,4,0,0,0,0,0,0,0,0,0,0,0,0,0,0,0,0,0,0,0,0,0,0,0,0,0,0,0,0,0,0,0,0,0,0,0,0,0,0,0,0,0,0,0,0,0,0,0,0,0,0,0,0,0,0,0,0,0,0,0,0,0,0,0,0,0,0,0,0,0,0,0,0,0,0,0,0,0,0,0,0,0,0,0,0,0,0,0,0,0,0,0,0,0,0,0,0,0,0,0,0,0,0,0,0,0,0,0,0,0,0,0,0,0,0,0,0,0,0,0,0,0,0,0,0,0,0,0,0,0,0,0,0,0,0,0,0,0,0,0,0,0,0,0,0,0,0,0,0,0,0,0,0,0,0,0,0,0,0,0,0,0,0,0,0,0,0,0,0,0,0,0,0,0,0,0,0,0,0,0,0,0,0,0,0,0,0,0,0,0,6,0,6,0,0
801041118,0,0,0,0,0,0,0,0,0,0,0,0,0,0,0,0,0,0,0,0,0,0,0,0,0,0,0,0,0,0,0,0,0,0,0,0,0,0,0,0,0,0,0,0,0,0,0,0,0,0,0,0,0,0,0,0,0,0,0,0,0,0,0,0,0,0,0,0,0,0,0,0,0,0,0,0,0,0,0,0,0,0,0,0,0,0,0,0,0,0,0,0,0,0,0,0,0,0,0,0,0,0,0,0,0,0,0,0,0,0,0,0,0,0,0,0,0,0,0,0,0,0,0,0,0,0,0,0,0,0,0,0,0,0,0,0,0,0,0,0,0,0,0,0,0,0,0,0,0,0,0,0,0,0,0,0,0,0,0,0,0,0,0,0,0,0,0,0,0,0,0,0,0,0,0,0,0,0,0,0,0,0,0,0,0,0,0,0,0,0,0,0,0,0,0,0,0,0,7,13
801041119,0,0,0,0,0,5,0,0,0,0,0,0,0,0,0,0,0,0,0,0,0,0,0,0,0,0,0,0,0,0,0,0,0,0,0,0,0,0,0,0,0,0,0,0,0,0,0,0,0,0,0,0,0,0,0,0,0,0,0,0,0,0,0,0,0,0,0,0,0,0,0,0,0,0,0,0,0,0,0,0,0,0,0,0,0,0,0,0,0,0,0,0,0,0,0,0,0,0,0,0,0,0,0,0,0,0,0,0,0,0,0,0,0,0,0,0,0,0,0,0,0,0,0,0,0,0,0,0,0,0,0,0,0,0,0,0,0,0,0,0,0,0,0,0,0,0,0,0,0,0,0,0,0,0,0,0,0,0,0,0,0,0,0,0,0,0,0,0,0,0,0,0,0,0,0,0,0,0,0,0,0,0,0,0,0,0,0,0,0,0,8,8,0,0,0,0,8,9,0,0
801041120,0,0,0,0,0,0,0,0,0,0,0,0,0,0,0,0,0,0,0,0,0,0,0,0,0,0,0,0,0,0,0,0,0,0,0,0,0,0,0,0,0,0,0,0,0,0,0,0,0,0,0,0,0,0,0,0,0,0,0,0,0,0,0,0,0,0,0,0,0,0,0,0,0,0,0,0,0,0,0,0,0,0,0,0,0,0,0,0,0,0,0,0,0,0,0,0,0,0,0,0,0,0,0,0,0,0,0,0,0,0,0,0,0,0,0,0,0,0,0,0,0,0,0,0,0,0,0,0,0,0,0,0,0,0,0,0,0,0,0,0,0,0,0,0,0,0,0,0,0,0,0,0,0,0,0,0,0,0,0,0,0,0,0,0,0,0,0,0,0,0,0,0,0,0,0,0,0,0,0,0,0,0,0,0,0,0,0,0,0,0,0,0,0,0,0,0,0,0,4,3
801041121,0,0,0,0,0,0,0,0,0,0,0,0,0,0,0,0,0,0,0,0,0,0,0,0,0,0,0,0,0,0,0,0,0,0,0,0,0,0,0,0,0,0,0,0,0,0,0,0,0,0,0,0,0,0,0,0,0,0,0,0,0,0,0,0,0,0,0,0,0,0,0,0,0,0,0,0,0,0,0,0,0,0,0,0,0,0,0,0,0,0,0,0,0,0,0,0,0,0,0,0,0,0,0,0,0,0,0,0,0,0,0,0,0,0,0,0,0,0,0,0,0,0,0,0,0,0,0,0,0,0,0,0,0,0,0,0,0,0,0,0,0,0,0,0,0,0,0,0,0,0,0,0,0,0,0,0,0,0,0,0,0,0,0,0,0,0,0,0,0,0,0,0,0,0,0,0,0,0,0,0,0,0,0,0,0,0,0,0,0,0,0,0,0,0,0,0,0,0,0,0
801041122,0,0,0,0,0,0,0,0,0,0,0,0,0,0,0,0,0,0,0,0,0,0,0,0,0,0,0,0,0,0,0,0,0,0,0,0,0,0,0,0,0,0,0,0,0,0,0,0,0,0,0,0,0,0,0,0,0,0,0,0,0,0,0,0,0,0,0,0,0,0,0,0,0,0,0,0,0,0,0,0,0,0,0,0,0,0,0,0,0,0,0,0,0,0,0,0,0,0,0,0,0,0,0,0,0,0,0,0,0,0,0,0,0,0,0,0,0,0,0,0,0,0,0,0,0,0,0,0,0,0,0,0,0,0,0,0,0,0,0,0,0,0,0,0,0,0,0,0,0,0,0,0,0,0,0,0,0,0,0,0,0,0,0,0,0,0,0,0,0,0,0,0,0,0,0,0,0,0,0,0,0,0,0,0,0,0,0,0,0,0,0,0,0,0,0,0,0,0,0,0
801051049,5,56,61,271,0,404,0,0,0,0,0,0,506,3,4,4,0,518,0,0,0,0,0,3,4,0,0,16,0,25,78,56,56,230,0,419,17,0,0,0,0,22,5,0,0,4,0,11,30,3,5,30,0,72,0,0,0,6,0,7,0,0,0,5,0,3,77,0,0,0,0,81,21,9,12,136,0,180,8,7,4,28,0,50,41,0,0,0,0,43,5,0,0,0,0,4,0,0,0,0,0,0,0,0,0,5,0,6,0,0,0,0,0,4,13,3,5,0,0,24,4,0,0,6,0,15,8,0,0,0,0,8,0,0,0,0,0,0,27,11,11,103,0,152,0,0,0,0,0,0,6,0,0,0,0,3,10,0,0,0,0,5,22,0,0,0,0,22,25,0,0,0,0,25,5,0,0,6,0,3,306,7,15,8,8,347,0,0,0,0,141,142,1097,91,106,518,154,1965,16,79
801051050,37,243,185,1227,25,1715,0,0,0,7,0,12,103,3,9,9,7,117,18,5,0,10,5,35,73,16,10,23,0,120,396,213,193,1060,33,1895,13,0,3,0,0,18,27,5,0,16,0,52,100,24,21,136,0,283,35,8,3,20,0,73,17,8,0,0,0,26,49,3,3,0,0,56,98,69,46,585,12,808,78,28,12,75,4,196,9,0,0,0,0,9,4,3,0,0,0,6,13,0,6,0,3,19,9,4,8,0,0,16,7,0,0,0,0,7,39,4,13,10,5,70,31,7,6,12,0,62,21,0,3,0,0,26,0,0,0,0,0,0,111,63,41,418,7,647,12,0,0,0,0,11,13,4,3,0,0,16,17,0,3,0,0,17,5,5,0,0,0,8,78,5,4,0,0,84,10,5,0,17,0,29,339,54,57,69,8,524,21,4,4,33,253,311,1422,455,369,2521,329,5103,32,225
801051051,35,150,128,799,7,1116,0,0,0,11,0,7,404,5,3,3,3,420,24,5,3,6,0,37,25,12,13,24,0,71,241,146,121,700,19,1232,30,0,6,0,0,33,13,0,6,7,0,30,52,19,25,96,3,194,32,10,4,13,0,55,16,0,3,6,0,23,126,3,0,0,0,129,72,47,42,379,6,551,28,17,9,35,0,93,46,0,4,3,0,56,8,0,0,0,0,9,0,0,0,0,0,8,6,3,0,7,0,15,11,0,0,0,0,9,19,8,5,0,0,28,28,8,3,11,4,56,23,0,8,4,0,38,0,0,0,0,0,4,66,38,36,245,0,386,6,0,0,0,0,14,6,0,0,0,0,5,21,0,0,0,0,24,27,4,5,3,0,29,149,0,5,0,3,156,13,6,3,9,0,35,521,42,35,46,6,655,29,0,3,12,494,536,1816,312,267,1622,541,4557,39,198
801051053,15,60,45,344,0,466,0,0,0,0,0,0,767,5,3,0,11,787,10,7,0,0,0,15,14,7,5,11,0,31,143,48,33,332,8,569,15,0,0,0,0,15,7,0,0,4,0,21,21,8,7,45,0,76,11,3,0,9,0,24,6,3,0,0,0,9,108,0,0,0,0,108,37,21,8,160,0,228,18,3,0,14,0,47,87,0,0,4,0,97,0,0,0,0,0,3,7,0,0,0,0,3,5,4,4,6,0,10,7,0,0,0,0,7,13,0,0,0,0,16,15,4,3,5,0,29,10,0,0,5,0,17,0,0,0,0,0,0,35,11,13,120,0,187,5,0,0,0,0,8,9,0,0,0,0,9,3,0,0,4,0,4,14,0,0,6,0,17,12,0,0,0,0,12,6,3,4,0,0,15,318,20,29,17,7,385,13,0,0,9,301,326,1561,129,90,720,325,2823,19,100
801051054,23,80,70,516,13,705,0,0,0,4,5,11,122,0,5,10,7,143,17,4,0,3,0,28,22,3,7,8,0,42,129,62,52,392,11,636,16,0,0,0,0,15,3,0,0,5,0,11,30,8,3,55,0,104,21,7,0,10,0,32,10,0,3,0,0,17,21,0,0,4,0,26,42,19,25,260,4,343,35,9,3,35,0,86,9,0,0,0,4,16,7,0,0,0,0,7,3,0,0,0,0,3,0,0,0,4,0,12,0,0,0,0,0,0,4,0,0,0,0,7,21,3,0,4,0,27,6,0,0,4,0,11,0,0,4,0,0,4,39,23,19,146,5,229,11,0,0,0,0,12,4,0,5,0,0,12,10,0,0,0,0,9,10,0,0,0,0,15,14,0,0,0,4,17,3,5,3,5,0,18,167,17,22,21,3,236,19,11,3,19,87,132,706,146,133,1019,132,2143,7,85
801051055,23,166,123,904,18,1245,0,0,4,18,0,21,147,4,10,4,0,162,17,0,4,0,0,24,27,11,16,8,4,64,234,125,108,628,22,1117,15,0,0,0,0,20,21,0,0,7,0,28,59,21,3,76,0,166,62,7,0,13,3,84,17,4,3,6,0,27,28,0,0,4,0,34,47,35,29,356,3,468,71,8,3,30,0,113,17,0,0,0,0,21,0,0,0,0,0,0,0,0,0,0,0,0,4,0,0,3,0,6,4,0,0,0,0,8,12,3,5,0,0,22,12,8,4,10,0,28,7,0,0,4,0,13,4,0,0,0,0,4,71,34,23,246,10,395,7,0,0,3,0,14,4,3,0,0,0,13,11,0,0,5,0,23,11,0,4,0,0,12,42,6,0,0,0,45,12,0,4,16,0,37,296,48,31,41,9,425,16,0,0,26,160,212,1140,282,219,1683,228,3553,41,133
801051056,14,152,122,861,33,1182,0,0,0,19,0,17,34,4,3,13,0,59,9,4,0,5,0,21,24,7,5,13,0,40,193,95,87,662,20,1049,0,0,0,0,0,0,12,0,3,3,0,21,55,7,5,70,3,141,46,0,0,11,3,64,5,0,0,4,0,11,19,0,4,0,0,28,50,37,34,390,6,521,36,12,4,40,4,98,9,0,3,3,0,19,0,0,0,7,5,20,5,0,0,0,0,5,3,0,3,0,0,5,0,0,0,0,0,0,7,4,4,0,0,18,16,3,4,0,0,33,10,0,0,0,0,9,0,0,0,0,0,0,47,26,18,225,11,323,0,0,0,0,0,3,4,3,0,0,0,8,8,0,0,5,0,19,4,3,0,0,0,8,10,0,0,0,0,12,9,0,0,10,0,22,216,41,37,22,6,325,8,0,4,31,48,91,728,243,203,1629,107,2911,27,128
801051057,27,194,161,989,27,1388,0,0,0,5,0,5,162,9,13,6,8,201,58,0,0,14,0,68,35,16,7,21,4,90,289,159,132,775,23,1384,20,0,0,0,0,22,8,0,0,10,0,17,64,17,13,94,0,192,39,0,4,4,0,50,13,3,0,0,0,25,115,0,5,0,0,123,62,48,34,417,11,570,64,21,3,57,0,146,27,0,0,0,4,33,0,0,0,6,0,11,5,0,0,0,0,3,9,10,0,0,0,16,0,0,0,0,0,3,21,3,6,0,0,30,37,0,0,8,0,45,15,3,0,5,0,28,0,0,0,0,0,3,83,53,42,299,3,476,35,3,3,5,6,48,9,5,3,0,0,15,9,0,6,5,0,17,23,0,0,0,0,25,69,0,5,0,3,77,21,3,3,14,0,47,338,53,43,45,14,489,26,5,0,36,392,456,1418,352,282,1951,478,4489,25,207
801051058,47,258,188,1379,18,1889,0,0,0,11,0,11,136,6,12,21,3,176,29,11,0,16,0,57,47,20,14,22,0,114,369,213,160,993,27,1758,11,0,0,0,0,17,24,11,3,12,0,40,112,26,21,121,3,289,30,8,11,24,4,79,25,3,5,10,0,40,59,5,3,0,0,66,78,84,42,548,13,762,57,18,13,54,0,145,21,0,0,0,0,21,0,0,3,3,0,3,10,0,0,3,0,17,8,0,0,15,0,28,0,0,3,0,0,7,31,7,12,4,0,55,57,7,12,18,3,95,16,8,6,4,0,30,8,0,11,0,0,10,99,58,48,410,9,626,14,3,0,0,0,18,13,0,5,0,0,23,10,0,3,5,0,16,16,0,0,0,0,17,45,0,0,0,0,51,21,4,0,19,0,40,476,63,64,57,10,673,18,0,0,26,185,232,1538,479,365,2616,265,5254,51,262
801051060,23,137,142,738,15,1054,0,0,0,4,0,3,212,7,11,11,0,241,27,5,4,9,0,42,20,12,3,15,0,50,196,129,119,617,15,1072,29,0,5,0,0,39,19,0,0,6,0,31,55,17,11,73,3,163,18,5,0,8,0,33,8,0,4,0,0,16,72,0,0,0,3,82,58,32,38,333,0,466,54,14,10,32,0,106,41,0,0,5,0,45,0,0,0,6,0,7,7,0,0,0,0,7,5,4,0,0,0,16,5,0,0,0,0,10,23,6,6,0,0,33,32,3,8,10,3,56,29,0,0,0,0,32,3,0,0,0,0,0,49,32,27,251,0,359,8,0,0,0,0,8,12,0,0,0,0,12,12,0,0,0,0,14,3,0,0,0,0,8,52,0,3,0,0,56,5,5,0,9,0,27,352,41,45,37,3,477,17,0,0,6,295,325,1258,270,247,1486,335,3600,22,121
801051061,21,264,214,1280,26,1809,0,0,0,12,0,12,167,7,13,10,5,197,18,0,3,7,3,34,45,24,11,35,0,114,318,190,157,986,37,1691,41,0,4,0,5,45,18,0,0,8,0,23,84,33,21,131,3,274,35,9,4,15,0,67,13,5,4,8,0,31,145,0,6,0,0,147,81,44,61,511,13,716,74,21,15,61,3,176,64,0,0,0,0,67,4,0,0,3,0,8,3,0,0,0,0,3,9,4,0,0,0,21,10,0,3,0,0,18,25,15,3,0,0,47,33,3,16,4,0,64,9,0,0,0,0,10,4,5,0,0,0,7,94,52,62,331,14,546,16,5,0,0,0,15,10,5,0,0,0,20,25,6,3,4,0,35,4,0,0,0,0,9,48,0,0,0,0,50,13,4,3,20,0,41,392,73,53,60,11,585,26,8,4,36,180,252,1582,453,370,2440,283,5120,54,274
801051123,0,0,0,0,0,0,0,0,0,0,0,0,0,0,0,0,0,0,0,0,0,0,0,0,0,0,0,0,0,0,0,0,0,0,0,0,0,0,0,0,0,0,0,0,0,0,0,0,0,0,0,0,0,0,0,0,0,0,0,0,0,0,0,0,0,0,0,0,0,0,0,0,0,0,0,0,0,0,0,0,0,0,0,0,0,0,0,0,0,0,0,0,0,0,0,0,0,0,0,0,0,0,0,0,0,0,0,0,0,0,0,0,0,0,0,0,0,0,0,0,0,0,0,0,0,0,0,0,0,0,0,0,0,0,0,0,0,0,0,0,0,0,0,0,0,0,0,0,0,0,0,0,0,0,0,0,0,0,0,0,0,0,0,0,0,0,0,0,0,0,0,0,0,0,0,0,0,0,0,0,0,0,0,0,0,0,0,0,0,0,0,0,0,0,0,0,0,0,0,0
801051124,21,169,145,845,12,1187,0,0,0,6,0,6,80,4,4,4,0,96,16,0,0,6,4,20,27,4,7,14,0,53,237,143,120,693,10,1203,24,0,8,0,0,33,18,0,4,4,0,32,43,25,17,84,3,161,32,3,3,23,3,67,4,5,0,4,0,11,30,0,3,0,0,30,61,26,35,365,4,494,36,19,5,32,6,107,7,5,0,0,0,19,0,0,0,5,0,7,15,0,0,0,0,15,3,0,0,4,0,12,0,0,0,0,0,3,17,4,0,0,5,27,23,4,4,4,0,31,7,4,0,0,0,11,0,0,0,0,0,0,70,36,25,237,5,371,6,0,0,0,0,12,0,3,0,0,0,3,16,0,0,0,0,21,4,0,0,0,0,9,9,0,0,0,0,9,11,3,4,17,0,36,196,32,37,36,0,302,5,0,0,16,137,159,837,287,253,1665,177,3216,23,142
801051125,5,103,80,546,9,744,0,0,0,0,0,0,15,11,5,6,0,33,6,0,0,0,0,8,8,7,3,12,0,34,130,83,74,438,3,733,5,0,3,0,0,12,4,0,0,7,0,11,15,9,3,73,4,105,0,0,4,4,0,13,4,0,0,4,0,3,10,0,0,0,0,11,25,18,20,192,3,259,3,6,0,30,0,44,3,0,0,0,0,3,0,0,0,0,0,3,0,0,0,0,0,0,0,5,0,3,0,9,11,0,0,0,0,11,5,7,6,0,0,20,0,7,0,6,0,16,3,0,0,4,0,4,4,0,0,0,0,3,28,22,24,150,0,219,0,0,0,0,0,0,9,0,4,0,0,12,0,0,0,5,0,8,0,0,0,0,0,0,3,0,0,0,0,6,9,0,0,3,0,13,62,14,14,14,0,99,6,0,0,4,81,89,292,179,148,1011,90,1713,3,86
801051126,0,0,0,0,0,0,0,0,0,0,0,0,0,0,0,0,0,0,0,0,0,0,0,0,0,0,0,0,0,0,0,0,0,0,0,0,0,0,0,0,0,0,0,0,0,0,0,0,0,0,0,0,0,0,0,0,0,0,0,0,0,0,0,0,0,0,0,0,0,0,0,0,0,0,0,0,0,0,0,0,0,0,0,0,0,0,0,0,0,0,0,0,0,0,0,0,0,0,0,0,0,0,0,0,0,0,0,0,0,0,0,0,0,0,0,0,0,0,0,0,0,0,0,0,0,0,0,0,0,0,0,0,0,0,0,0,0,0,0,0,0,0,0,0,0,0,0,0,0,0,0,0,0,0,0,0,0,0,0,0,0,0,0,0,0,0,0,0,0,0,0,0,0,0,0,0,0,0,0,0,0,0,0,0,0,0,0,0,0,0,0,0,0,0,0,0,0,0,0,0
801051127,12,49,37,324,7,440,0,0,0,4,0,0,46,0,0,3,4,53,6,0,0,0,0,14,7,0,0,3,0,11,108,46,42,317,11,518,4,0,0,0,0,8,5,5,0,0,0,10,28,13,3,28,0,76,15,0,0,7,0,21,7,4,0,0,0,12,25,0,0,0,0,23,31,7,15,168,6,233,14,4,0,18,0,38,16,0,0,0,0,19,0,0,0,0,0,0,3,0,0,0,0,3,0,0,0,0,0,0,5,0,0,0,0,5,6,0,0,0,0,12,19,6,4,9,0,30,3,0,0,4,0,7,0,0,0,0,3,0,33,9,17,114,5,173,8,0,0,4,0,12,7,0,0,0,0,7,6,0,0,0,0,5,8,0,0,0,0,8,10,3,0,0,0,13,5,0,4,3,0,20,153,9,16,27,12,217,22,0,0,8,150,177,514,97,85,689,190,1581,25,52
801051128,0,0,0,0,0,0,0,0,0,0,0,0,0,0,0,0,0,0,0,0,0,0,0,0,0,0,0,0,0,0,0,0,0,0,0,0,0,0,0,0,0,0,0,0,0,0,0,0,0,0,0,0,0,0,0,0,0,0,0,0,0,0,0,0,0,0,0,0,0,0,0,0,0,0,0,0,0,0,0,0,0,0,0,0,0,0,0,0,0,0,0,0,0,0,0,0,0,0,0,0,0,0,0,0,0,0,0,0,0,0,0,0,0,0,0,0,0,0,0,0,0,0,0,0,0,0,0,0,0,0,0,0,0,0,0,0,0,0,0,0,0,0,0,0,0,0,0,0,0,0,0,0,0,0,0,0,0,0,0,0,0,0,0,0,0,0,0,0,0,0,0,0,0,0,0,0,0,0,0,0,0,0,0,0,0,0,0,0,0,0,0,0,0,0,0,0,0,0,0,0
801061062,13,110,127,761,8,1015,0,0,0,0,0,0,59,0,7,7,0,77,30,0,0,18,3,39,17,6,0,16,0,43,251,107,98,606,7,1070,9,0,0,0,0,8,12,0,4,3,0,26,41,13,5,54,0,117,29,7,3,21,0,57,3,0,0,0,0,9,34,0,0,0,0,35,41,30,15,280,8,367,49,10,0,53,0,120,12,0,0,0,0,15,0,0,0,0,0,3,0,0,0,0,0,0,4,0,0,3,0,5,3,0,4,0,0,11,16,0,5,3,0,21,21,7,0,11,0,41,10,0,0,3,0,10,0,0,0,0,0,0,55,34,24,210,6,331,4,0,0,0,0,9,0,5,0,0,0,12,8,4,0,0,0,14,16,0,3,0,0,16,17,0,0,0,0,10,11,0,0,11,0,19,152,20,31,32,6,237,4,0,0,15,95,114,780,213,201,1466,125,2780,18,120
801061063,9,58,46,362,0,474,0,0,0,0,0,0,42,0,0,3,0,47,15,9,0,11,0,24,10,6,3,3,3,21,98,44,39,314,8,493,6,0,0,0,0,6,4,0,0,5,0,7,10,3,0,33,0,53,32,9,0,15,0,56,0,0,0,0,0,0,38,6,5,0,0,41,25,13,17,157,3,212,40,10,6,27,0,74,14,0,0,0,0,14,0,0,0,0,0,0,0,0,0,0,0,3,3,0,3,0,0,4,0,0,0,0,0,0,11,0,0,0,0,17,11,0,0,0,0,9,4,0,0,0,0,6,4,0,0,0,0,4,24,8,18,109,0,164,3,0,0,0,0,5,3,0,0,0,0,6,5,0,0,0,0,5,10,0,0,0,0,6,21,0,0,0,0,25,4,0,0,4,0,6,101,11,13,11,5,144,4,7,0,6,82,98,440,110,97,723,100,1468,8,61
801061064,23,163,145,988,14,1338,0,0,0,8,0,4,103,3,6,11,6,133,20,3,0,5,0,31,29,12,11,19,0,68,271,136,130,793,16,1340,14,0,0,4,0,15,24,9,0,10,0,46,45,14,12,103,0,176,31,14,5,16,0,66,15,7,0,0,0,20,59,4,3,0,6,69,67,41,31,476,9,620,92,22,3,57,5,174,28,0,3,0,0,29,4,0,0,3,0,12,3,0,0,3,0,9,4,3,0,6,0,11,11,0,0,0,0,8,10,7,4,0,0,21,45,5,4,8,0,68,18,5,0,4,0,26,0,0,0,0,0,0,54,37,34,280,0,414,20,3,3,5,0,27,7,5,0,0,0,12,12,5,0,5,0,22,8,0,0,0,0,11,20,0,0,0,0,19,9,3,0,14,0,26,240,30,36,69,0,377,7,0,0,35,187,237,1085,317,266,1995,232,3899,35,185
801061066,0,0,0,0,0,0,0,0,0,0,0,0,0,0,0,0,0,0,0,0,0,0,0,0,0,0,0,0,0,0,0,0,0,0,0,0,0,0,0,0,0,0,0,0,0,0,0,0,0,0,0,0,0,0,0,0,0,0,0,0,0,0,0,0,0,0,0,0,0,0,0,0,0,0,0,0,0,0,0,0,0,0,0,0,0,0,0,0,0,0,0,0,0,0,0,0,0,0,0,0,0,0,0,0,0,0,0,0,0,0,0,0,0,0,0,0,0,0,0,0,0,0,0,0,0,0,0,0,0,0,0,0,0,0,0,0,0,0,0,0,0,0,0,0,0,0,0,0,0,0,0,0,0,0,0,0,0,0,0,0,0,0,0,0,0,0,0,0,0,0,0,0,0,0,0,0,0,0,0,0,0,0,0,0,0,0,0,0,0,0,0,0,0,0,0,0,0,0,0,0
801061067,40,256,194,1447,38,1980,0,0,0,20,0,19,123,5,4,16,7,159,52,4,0,18,4,76,47,22,8,13,0,91,344,210,139,1070,35,1800,21,0,3,0,0,30,48,15,5,18,0,80,85,24,12,123,4,245,42,12,3,28,0,81,22,11,3,6,0,34,73,0,0,0,0,80,95,52,31,627,9,810,113,14,3,79,4,215,29,4,0,0,6,34,0,3,0,0,0,10,15,0,0,0,0,17,19,0,4,3,0,25,19,4,4,0,0,27,25,3,15,3,7,47,51,8,12,5,0,77,17,3,3,13,0,42,11,0,0,0,0,10,84,59,32,332,3,509,38,0,0,5,0,43,19,0,4,0,0,25,24,0,3,3,0,36,40,0,0,0,0,44,33,3,6,0,4,43,11,8,3,15,0,35,401,62,75,69,15,626,33,0,0,53,314,409,1656,453,336,2805,420,5672,52,217
801061068,0,0,0,0,0,0,0,0,0,0,0,0,0,0,0,0,0,0,0,0,0,0,0,0,0,0,0,0,0,0,0,0,0,0,0,0,0,0,0,0,0,0,0,0,0,0,0,0,0,0,0,0,0,0,0,0,0,0,0,0,0,0,0,0,0,0,0,0,0,0,0,0,0,0,0,0,0,0,0,0,0,0,0,0,0,0,0,0,0,0,0,0,0,0,0,0,0,0,0,0,0,0,0,0,0,0,0,0,0,0,0,0,0,0,0,0,0,0,0,0,0,0,0,0,0,0,0,0,0,0,0,0,0,0,0,0,0,0,0,0,0,0,0,0,0,0,0,0,0,0,0,0,0,0,0,0,0,0,0,0,0,0,0,0,0,0,0,0,0,0,0,0,0,0,0,0,0,0,0,0,0,0,0,0,0,0,0,0,0,0,0,0,0,0,0,0,0,0,0,0
801061069,13,128,148,752,18,1058,0,0,0,0,0,0,111,7,17,7,3,144,16,4,0,12,0,29,14,4,5,12,0,32,241,98,90,643,10,1078,18,0,4,0,0,17,14,0,6,3,0,25,52,13,8,62,0,132,51,11,4,36,0,100,13,6,0,4,0,26,79,0,11,3,0,95,32,33,14,297,8,386,87,21,4,73,0,191,26,0,0,0,0,26,0,0,0,0,0,5,4,0,0,3,0,9,12,0,0,0,0,20,4,0,0,0,0,8,6,7,8,0,0,20,31,8,3,10,0,45,16,0,0,0,0,17,0,0,0,0,0,0,60,27,27,255,5,377,17,0,3,0,0,19,7,3,0,0,0,17,7,4,0,0,0,7,12,0,3,0,0,16,23,0,0,0,0,27,9,3,4,16,0,28,259,32,26,41,12,376,22,8,0,22,88,138,1090,253,213,1560,138,3251,19,121
801061070,14,145,95,707,21,979,0,0,0,0,0,0,48,0,6,9,0,70,19,0,6,14,0,35,35,9,4,6,0,58,271,104,81,630,18,1101,6,0,0,0,0,6,11,0,0,8,0,25,50,9,3,52,4,124,17,7,7,7,0,37,11,0,0,5,0,23,55,7,0,0,0,63,64,28,11,330,10,442,48,13,7,38,5,104,10,0,3,0,0,17,0,0,0,3,0,7,10,0,3,0,0,17,5,4,4,0,0,14,3,0,0,4,0,9,19,6,7,0,0,28,26,3,0,15,0,44,16,4,0,0,0,19,0,0,0,0,0,0,59,31,36,270,3,399,0,0,0,0,0,4,12,0,0,0,0,18,5,3,0,4,0,13,0,5,4,0,0,16,11,0,0,0,0,13,16,5,6,8,0,31,172,27,27,41,0,270,9,0,5,15,73,103,869,238,183,1509,114,2921,16,97
801061129,3,43,39,241,0,326,0,0,0,0,0,0,36,4,0,3,3,42,4,0,0,0,0,4,3,4,3,4,0,19,81,35,29,251,0,396,3,0,0,0,0,5,12,0,3,3,0,20,16,10,4,29,0,56,11,3,0,4,0,24,0,0,0,0,0,0,17,0,3,0,0,24,14,8,6,137,0,170,15,6,3,10,0,32,14,0,0,0,0,17,0,0,0,0,0,0,0,0,0,0,0,0,0,0,0,0,0,0,0,0,0,0,0,0,9,0,4,0,0,8,4,0,4,3,0,9,8,0,0,0,0,5,4,0,0,0,0,4,23,10,9,93,0,141,10,0,0,0,0,10,0,0,0,0,0,0,8,0,0,0,0,9,0,0,0,0,0,7,0,0,0,0,0,0,9,0,0,3,0,10,80,12,6,20,3,119,8,0,0,7,151,159,331,87,68,540,159,1181,8,40
801061130,0,0,0,19,0,21,0,0,0,0,0,0,0,0,0,0,0,0,0,0,0,0,0,0,0,0,0,0,0,0,0,0,0,13,0,15,0,0,0,0,0,0,0,0,0,0,0,0,0,0,0,0,0,5,0,0,0,0,0,0,0,0,0,0,0,0,0,0,0,0,0,0,0,0,0,3,0,3,0,0,0,0,0,3,0,0,0,0,0,0,0,0,0,0,0,0,0,0,0,0,0,0,0,0,0,0,0,0,0,0,0,0,0,0,0,0,0,0,0,0,0,0,0,0,0,0,0,0,0,0,0,0,0,0,0,0,0,0,0,3,0,9,0,11,0,0,0,0,0,0,0,0,0,0,0,0,0,0,0,0,0,0,0,0,0,0,0,0,0,0,0,0,0,0,0,0,0,0,0,0,0,0,0,0,0,0,0,0,0,0,0,0,0,6,0,32,0,41,0,0
801061131,7,126,102,658,16,914,0,0,0,0,0,0,72,3,15,9,0,99,10,4,0,0,0,16,23,16,4,19,0,60,243,122,85,605,15,1061,16,0,3,0,0,19,24,7,7,11,0,48,43,14,5,95,0,153,29,3,0,9,0,38,4,3,0,0,0,10,46,0,0,0,0,52,69,28,24,341,11,475,21,17,0,47,0,86,11,0,4,4,0,13,0,0,3,0,0,13,4,0,0,0,0,4,3,4,5,6,0,20,0,0,0,0,0,3,10,5,3,0,0,23,17,4,4,11,0,37,13,0,0,0,0,20,0,0,0,0,0,0,67,28,23,217,5,338,9,0,0,0,0,5,6,0,0,0,0,8,6,0,0,0,0,10,19,0,0,0,0,19,13,0,0,0,0,12,9,4,5,9,0,28,214,20,23,50,9,316,3,0,0,8,269,277,835,250,181,1408,314,2974,21,171
801071071,34,213,174,1647,29,2086,0,0,0,13,0,13,61,0,7,5,3,76,53,23,3,15,3,96,32,9,11,43,0,98,331,166,153,983,28,1657,67,0,3,0,0,75,3,0,3,7,0,16,52,22,18,143,5,240,4,0,0,5,0,12,14,7,0,5,0,29,54,0,0,3,0,57,41,38,26,416,10,528,37,10,9,83,3,144,0,0,0,0,0,0,0,3,0,0,3,12,9,3,0,6,0,14,5,6,0,5,0,20,16,9,0,4,4,30,14,12,4,4,0,31,27,10,4,24,0,66,10,0,0,0,0,17,0,5,0,0,0,5,69,40,36,318,8,470,20,3,0,0,0,19,17,0,3,0,0,19,46,10,0,7,0,66,21,0,0,0,0,24,40,0,5,0,3,43,10,4,5,17,0,28,301,54,40,50,4,454,33,7,8,41,259,342,1217,388,305,2818,335,5060,25,231
801071072,27,136,105,1047,19,1335,0,0,0,20,0,19,139,0,9,4,3,160,26,4,4,7,0,39,38,17,4,23,0,90,237,125,85,762,16,1222,38,0,4,0,0,40,4,0,0,5,0,11,32,13,9,108,0,168,19,8,5,21,0,42,8,0,0,0,0,12,97,7,0,0,0,100,51,29,10,336,3,433,51,11,7,43,0,109,6,0,0,0,0,6,25,0,3,3,0,35,8,0,0,0,0,4,0,4,0,5,0,15,3,5,0,4,0,10,8,4,0,0,0,18,41,0,8,16,0,65,35,0,0,0,0,33,0,0,0,0,3,4,51,30,21,215,5,323,31,5,0,4,0,38,14,9,5,0,0,23,22,7,0,3,0,31,29,0,0,0,0,29,92,0,0,0,0,90,14,3,9,9,0,34,306,32,30,37,9,411,19,8,0,35,94,159,1286,274,196,1939,142,3842,23,139
801071073,30,252,200,1944,20,2443,0,0,0,10,0,14,85,5,3,10,0,98,22,4,3,3,0,35,44,19,24,45,0,136,325,237,152,1243,22,1980,47,4,5,0,0,56,4,0,0,18,0,32,66,31,20,142,4,264,23,5,0,21,0,47,18,3,4,3,0,26,63,4,6,0,0,73,67,55,30,573,3,732,57,22,10,69,0,153,11,0,0,0,0,12,35,3,0,4,0,44,10,4,0,3,0,15,14,4,0,13,0,29,16,9,9,0,0,28,21,0,3,3,0,31,42,10,8,22,0,83,15,0,6,0,0,27,9,3,0,0,0,15,98,65,39,377,8,585,18,0,0,0,0,22,19,0,0,0,0,29,50,7,9,8,0,75,5,5,0,0,0,10,39,0,0,0,0,46,8,3,5,27,0,41,315,48,51,68,8,496,31,5,6,72,143,253,1384,474,341,3428,202,5837,40,223
801071074,15,244,156,1891,37,2342,0,0,0,16,0,16,46,5,4,12,4,68,37,5,4,15,0,68,31,14,15,31,5,87,313,189,142,1171,26,1841,42,0,10,0,0,58,9,5,0,10,0,19,59,18,18,115,3,218,15,12,3,15,0,47,5,3,0,0,0,10,26,0,0,0,0,31,51,27,34,520,13,649,62,16,11,71,0,154,0,0,0,0,0,0,23,0,0,7,0,29,14,3,0,0,0,21,13,10,5,14,0,44,18,9,5,6,0,34,21,13,14,3,0,50,33,9,4,11,0,54,4,0,0,0,0,8,14,0,8,0,0,26,89,49,35,327,9,507,17,4,0,0,0,25,15,0,0,8,0,25,20,3,0,7,0,28,6,4,0,0,0,12,35,0,0,0,0,37,12,6,5,16,0,30,259,66,40,61,10,437,24,5,0,68,93,187,1116,440,302,3191,187,5231,36,232
801071075,34,244,165,1768,25,2234,0,0,0,5,0,8,86,3,5,12,3,107,69,14,3,21,0,104,35,21,13,35,0,110,334,243,137,1114,36,1862,66,6,4,0,0,78,10,8,0,4,0,18,49,27,14,112,0,200,17,7,4,9,0,38,13,0,0,7,0,25,50,4,3,0,3,66,72,55,22,360,17,530,38,23,6,66,0,142,0,0,0,0,0,0,13,0,0,0,0,18,3,0,0,0,0,10,19,5,8,20,0,51,3,0,0,3,0,7,13,9,0,0,3,28,60,7,5,16,5,93,4,6,0,0,0,19,17,0,0,0,0,17,96,56,36,290,12,490,16,7,6,0,0,30,16,0,0,0,0,10,21,6,5,9,0,42,19,0,0,0,0,25,40,0,3,0,0,47,11,8,6,15,0,39,314,60,40,63,9,493,25,9,8,60,139,241,1349,503,312,2923,227,5311,35,255
801071076,18,142,137,894,19,1200,0,0,0,4,0,4,69,4,18,6,0,97,35,3,0,3,0,43,26,15,7,14,0,65,264,108,103,629,20,1125,17,7,9,0,0,23,0,3,0,5,0,9,38,14,9,78,0,136,36,0,3,18,0,59,13,6,0,0,0,20,35,3,10,0,0,43,53,31,23,274,0,381,47,18,3,32,0,94,7,0,0,0,0,9,37,5,0,0,0,38,4,0,0,0,0,4,9,5,0,0,0,18,0,0,0,0,0,0,7,3,3,0,0,20,18,4,0,4,0,29,16,0,0,6,0,31,0,0,0,0,0,0,63,31,25,227,7,347,7,0,0,0,0,18,16,0,3,0,0,17,15,4,0,0,0,21,8,0,0,0,0,8,11,0,3,0,0,12,11,0,7,8,0,27,133,37,20,32,7,224,18,3,0,32,47,103,878,270,226,1625,91,3080,16,132
801071077,18,123,104,972,25,1239,0,0,0,11,0,11,44,0,9,11,0,65,20,0,0,6,0,29,22,12,6,18,0,58,151,87,74,611,21,941,20,0,3,0,0,26,6,0,0,5,0,13,18,8,6,73,4,107,14,0,0,9,0,26,6,4,0,6,0,17,16,0,0,0,5,23,23,12,14,278,7,339,40,4,3,42,6,91,6,0,0,0,0,6,24,0,0,0,5,32,0,0,0,0,0,3,5,0,0,0,0,11,7,0,0,0,0,7,9,3,0,0,0,16,20,0,3,10,0,35,3,0,0,0,0,3,8,0,4,0,0,14,47,23,19,198,11,300,17,0,0,4,0,24,4,0,4,0,0,14,13,0,0,4,0,9,4,0,0,0,0,4,24,0,0,0,0,21,6,0,0,3,0,11,124,27,32,41,3,224,22,4,5,28,52,109,629,203,175,1712,119,2841,28,127
801071078,68,343,254,2337,47,3049,0,0,0,20,0,25,138,8,9,19,7,180,69,13,3,30,0,123,72,22,9,75,3,180,449,297,213,1588,50,2596,85,0,13,8,4,107,19,6,4,14,0,35,102,31,21,167,0,326,37,3,6,18,3,75,3,6,0,4,0,14,133,4,4,0,0,145,80,82,28,682,15,885,84,37,14,91,3,224,4,0,0,0,0,7,28,10,0,10,5,48,14,4,0,5,0,19,22,6,6,19,0,56,6,0,0,0,4,13,14,7,11,3,0,42,53,5,9,17,0,89,7,3,0,4,0,18,0,0,0,3,0,9,118,66,57,428,11,674,34,12,3,7,0,57,23,0,0,0,0,25,42,3,0,6,0,59,55,3,0,0,0,61,74,0,0,0,3,78,10,5,4,27,0,43,537,77,62,84,10,767,30,5,4,97,288,429,2073,655,441,4173,421,7770,58,328
801071079,23,121,108,956,29,1239,0,0,0,6,0,6,38,0,9,0,0,50,18,0,0,0,0,26,33,9,6,16,0,62,203,105,77,686,16,1088,24,0,0,0,0,24,3,0,0,8,0,14,39,15,4,63,5,122,12,0,0,5,0,20,11,0,0,0,0,13,28,0,0,3,0,33,36,19,26,304,4,392,60,21,6,57,3,135,7,0,0,0,0,7,24,0,0,3,0,28,0,0,0,0,0,0,3,0,0,6,0,10,6,3,0,5,0,7,4,8,0,0,0,15,24,5,0,5,0,31,14,0,4,7,0,20,0,0,0,0,0,0,65,34,27,214,5,346,4,0,0,0,0,6,4,3,0,0,0,11,9,3,0,7,0,22,6,0,0,0,0,12,21,0,0,0,0,20,5,0,0,6,0,11,154,25,21,31,4,232,16,4,8,50,105,174,767,222,167,1753,156,3067,30,111
801071080,10,54,28,349,10,451,0,0,0,5,0,5,74,0,0,0,0,75,13,0,0,0,0,13,10,8,0,9,0,26,99,49,44,306,7,504,9,0,4,0,0,16,3,0,0,0,0,7,16,5,7,38,4,72,4,0,0,3,0,9,5,0,0,0,0,11,77,0,0,0,0,81,16,10,14,136,8,188,13,14,0,19,0,48,10,0,0,0,0,10,3,0,0,0,0,5,0,0,0,0,0,3,5,0,0,0,0,3,5,0,0,0,0,7,15,0,0,0,0,18,13,0,0,0,0,22,3,0,0,0,0,5,0,0,0,0,0,0,25,11,10,97,4,144,5,0,0,0,0,3,0,0,0,0,0,5,3,0,0,0,0,5,3,0,0,0,0,7,4,0,0,0,0,6,6,0,0,7,0,10,116,7,9,11,0,153,8,0,0,13,22,47,510,103,76,711,50,1453,14,66
801071081,41,179,129,1311,33,1688,0,0,0,10,0,12,110,3,8,8,0,124,46,7,0,12,0,63,45,10,15,34,4,106,232,145,95,932,17,1422,65,0,3,0,0,70,4,7,0,7,0,17,36,19,11,117,0,182,10,5,0,7,0,23,10,3,0,0,0,12,85,0,0,0,0,87,31,27,20,349,0,425,52,23,7,62,0,145,5,0,0,0,0,6,24,6,0,5,0,34,19,0,0,3,0,28,14,5,5,12,0,42,9,3,3,3,0,18,16,9,6,0,0,35,14,7,0,7,0,36,9,0,0,0,0,16,19,5,0,0,0,22,54,41,27,234,3,354,24,6,0,4,0,30,3,0,0,0,0,5,17,0,6,9,0,37,32,0,0,4,0,34,83,0,6,0,0,85,11,3,4,9,0,28,273,32,14,54,14,386,15,5,3,60,105,189,1218,322,227,2382,167,4314,27,157
801071082,88,704,544,4744,93,6166,0,6,0,45,0,49,205,12,25,38,11,283,120,26,10,30,6,194,142,58,39,93,0,335,1068,559,455,3553,95,5735,101,9,10,6,9,130,38,11,0,28,8,84,237,80,50,409,15,797,81,24,14,44,6,162,46,10,0,16,0,77,177,14,5,6,0,196,216,141,100,1719,20,2204,181,76,22,143,7,424,9,0,5,0,3,17,16,10,7,6,0,38,13,4,0,0,0,14,28,7,8,24,0,62,25,6,6,4,3,46,47,43,17,12,5,123,115,21,12,31,3,183,30,10,4,8,0,47,15,8,3,0,6,33,253,159,123,1050,36,1614,70,4,4,8,0,88,39,9,8,3,0,64,87,15,10,14,3,131,32,0,0,3,0,35,52,0,5,0,3,61,48,15,7,55,0,128,790,130,142,203,26,1285,47,17,13,147,412,636,3652,1287,984,8844,678,15447,94,624
801071083,7,65,49,505,9,634,0,0,0,4,0,4,16,0,0,8,0,27,0,0,0,8,0,5,13,13,8,12,0,44,117,65,43,310,19,549,0,0,0,0,0,5,0,0,3,0,0,11,11,5,3,45,0,64,11,4,0,4,0,15,0,0,0,0,0,3,8,5,0,3,0,22,29,7,12,140,9,196,12,4,0,6,0,23,0,0,0,0,0,0,0,0,0,0,0,5,0,4,0,0,0,3,6,0,0,3,0,8,0,0,0,0,0,0,4,6,4,3,0,15,11,0,0,3,0,15,0,0,0,4,0,4,0,0,0,0,0,0,28,13,11,129,3,182,9,0,5,0,0,4,11,0,0,0,0,12,8,0,0,3,0,10,3,0,0,0,0,8,15,0,0,0,0,15,5,3,0,0,0,10,56,14,9,21,0,95,9,0,0,21,13,39,334,126,86,870,43,1460,16,72
801071084,45,200,159,1639,38,2094,0,0,0,10,5,16,94,0,9,13,6,118,51,4,0,14,0,69,48,24,15,27,0,106,327,186,120,1136,25,1797,31,0,9,0,0,42,14,4,0,8,0,27,81,23,6,147,0,263,18,0,0,17,0,41,16,0,0,4,0,23,137,0,5,3,0,152,70,33,32,451,6,588,78,26,9,53,5,168,5,0,0,0,0,7,39,10,6,0,0,59,13,0,0,0,0,16,26,7,0,14,0,49,0,0,0,0,0,4,15,11,7,3,0,42,41,12,0,7,0,56,12,0,0,0,0,13,3,0,0,0,0,0,115,46,26,357,12,555,40,5,0,3,3,48,18,0,0,0,0,20,34,4,6,0,0,40,43,0,0,0,0,37,113,0,3,0,0,121,12,0,0,14,0,30,365,38,38,47,14,505,29,4,7,38,89,169,1670,387,275,2886,188,5422,39,194
801071085,0,0,0,3,0,3,0,0,0,0,0,0,0,0,0,0,0,0,0,0,0,0,0,0,0,0,0,0,0,0,0,0,0,0,0,0,0,0,0,0,0,0,0,0,0,0,0,0,0,0,0,0,0,0,0,0,0,0,0,0,0,0,0,0,0,0,0,0,0,0,0,0,0,0,0,0,0,0,0,0,0,0,0,0,0,0,0,0,0,0,0,0,0,0,0,0,0,0,0,0,0,0,0,0,0,0,0,0,0,0,0,0,0,0,0,0,0,0,0,0,0,0,0,0,0,0,0,0,0,0,0,0,0,0,0,0,0,0,0,0,0,0,0,0,0,0,0,0,0,0,0,0,0,0,0,0,0,0,0,0,0,0,0,0,0,0,0,0,0,0,0,0,0,0,0,0,0,0,0,0,0,0,0,0,0,0,0,0,0,0,0,0,0,0,0,3,0,3,0,0
801071086,10,65,58,543,9,674,0,0,0,5,0,5,38,0,0,0,0,45,10,3,0,3,0,14,14,9,10,11,3,43,117,62,46,397,18,634,7,0,3,4,0,13,3,0,0,6,0,8,13,7,3,57,0,82,10,3,0,3,0,18,5,4,0,0,0,9,24,4,0,0,0,29,26,15,10,175,4,231,25,4,0,19,0,53,5,0,0,0,0,5,3,0,0,0,0,3,0,0,0,0,0,0,7,5,0,0,0,10,3,5,0,4,0,10,12,0,6,3,0,19,12,0,3,5,0,14,4,0,0,4,0,3,10,0,0,0,0,10,21,19,8,117,0,170,0,0,0,0,0,4,9,0,0,0,0,9,14,3,0,0,0,20,5,0,0,0,0,5,20,0,0,0,0,20,10,0,0,8,0,14,88,20,12,14,8,134,13,4,0,22,40,78,463,135,103,1014,77,1784,8,78
801071087,15,128,87,1098,29,1360,0,0,0,4,0,3,55,0,0,10,0,63,31,9,0,5,0,43,24,7,6,21,0,60,193,111,88,624,27,1042,26,0,0,0,0,19,0,0,4,4,0,4,47,17,4,86,5,155,16,3,4,10,0,29,13,0,0,3,0,20,21,0,0,0,0,26,38,14,17,207,3,279,29,3,13,18,0,71,0,0,0,0,0,0,11,0,0,0,0,12,0,0,0,0,0,9,9,4,5,11,0,29,13,3,0,0,0,19,14,0,0,0,0,19,15,0,4,9,0,32,3,0,0,0,0,9,18,0,0,0,0,18,43,28,21,159,0,241,20,3,0,4,0,28,8,0,0,0,0,7,23,3,0,8,0,34,6,0,0,0,0,6,32,0,4,0,0,34,7,4,0,15,0,26,146,29,18,35,6,236,19,8,3,59,122,198,763,235,176,1772,191,3136,19,118
801071088,33,211,138,1369,13,1767,0,0,0,0,0,0,32,8,3,6,0,50,28,0,0,12,0,46,38,15,4,24,0,82,242,167,104,883,24,1417,24,0,0,0,0,24,4,3,0,10,0,22,47,15,6,120,0,190,14,3,0,0,0,28,21,0,3,0,0,27,55,0,0,0,0,54,31,32,18,361,10,458,33,22,6,40,0,98,0,0,7,0,0,7,16,0,0,4,5,20,0,0,0,0,0,0,8,4,0,10,0,23,3,0,0,9,0,8,7,12,3,5,0,39,31,6,7,3,0,55,8,0,0,0,0,17,28,0,0,0,0,26,62,27,27,213,0,334,11,5,0,0,0,12,9,0,4,0,0,13,18,3,0,0,0,25,5,0,0,0,9,13,24,3,9,0,0,33,4,5,4,17,0,21,191,37,32,39,14,311,32,6,0,66,109,209,899,360,232,2361,170,4020,29,205
801071089,0,0,0,8,0,12,0,0,0,0,0,0,0,0,0,0,0,0,0,0,0,0,0,0,0,0,0,0,0,0,3,0,0,4,3,11,0,0,0,0,0,0,0,0,0,0,0,0,0,0,0,0,0,0,0,0,0,0,0,0,0,0,0,0,0,0,0,0,0,0,0,0,0,0,0,8,0,8,0,0,0,0,0,0,0,0,0,0,0,0,0,0,0,0,0,0,0,0,0,0,0,0,0,0,0,0,0,0,0,0,0,0,0,0,0,0,0,0,0,0,0,0,0,0,0,0,0,0,0,0,0,0,0,0,0,0,0,0,0,0,0,5,0,3,0,0,0,0,0,0,0,0,0,0,0,0,0,0,0,0,0,0,0,0,0,0,0,0,0,0,0,0,0,0,0,0,0,0,0,0,0,0,0,0,0,0,0,0,0,0,4,4,5,0,0,19,3,34,0,0
801071090,39,349,274,2297,58,3018,0,4,0,22,0,29,128,10,12,13,0,158,43,0,0,7,0,54,66,23,16,34,7,142,553,292,207,1756,42,2851,22,0,3,0,0,21,30,6,0,7,0,42,77,28,27,214,0,348,53,6,5,33,4,105,26,0,0,11,0,39,91,6,0,0,3,101,122,73,51,863,17,1129,123,29,16,86,5,264,21,0,6,5,0,28,23,5,0,0,0,32,14,0,4,0,0,23,11,7,6,5,0,26,21,7,4,5,0,36,40,15,18,5,0,74,46,11,0,19,0,80,23,6,0,8,0,33,7,0,0,0,0,7,151,91,82,529,14,854,20,6,0,4,0,28,3,6,0,0,0,15,49,3,3,15,0,76,19,0,4,0,0,25,24,0,0,0,5,27,7,5,9,32,3,53,465,84,81,59,16,707,29,4,11,63,189,293,1976,624,483,4383,319,7788,42,302
801071132,0,0,0,0,0,3,0,0,0,0,0,0,0,0,0,0,0,0,0,0,0,0,0,0,0,0,0,0,0,0,0,0,0,0,0,0,0,0,0,0,0,0,0,0,0,0,0,0,0,0,0,0,0,0,0,0,0,0,0,0,0,0,0,0,0,0,0,0,0,0,0,0,0,0,0,0,0,5,0,0,0,0,0,0,0,0,0,0,0,0,0,0,0,0,0,0,0,0,0,0,0,0,0,0,0,0,0,0,0,0,0,0,0,0,0,0,0,0,0,0,0,0,0,0,0,0,0,0,0,0,0,0,0,0,0,0,0,0,0,0,0,0,0,0,0,0,0,0,0,0,0,0,0,0,0,0,0,0,0,0,0,0,0,0,0,0,0,0,0,0,0,0,0,0,0,0,0,0,0,0,0,0,0,0,0,0,0,0,0,0,0,0,0,0,0,5,0,6,0,0
801081091,20,133,112,833,9,1103,0,0,0,9,0,3,52,0,3,6,0,69,23,0,3,3,0,31,21,9,0,12,0,43,220,89,70,623,24,1016,8,0,0,0,0,8,6,0,4,4,0,17,47,8,12,67,5,141,32,3,0,20,0,54,8,5,0,0,0,19,17,0,0,0,7,18,41,19,22,327,4,423,64,14,0,50,0,133,4,0,0,0,0,5,5,0,6,4,0,8,0,0,0,0,0,0,8,0,0,0,0,9,0,0,0,0,0,8,15,5,0,0,0,23,9,3,0,9,0,22,7,0,0,0,0,5,0,0,0,0,0,0,56,25,16,208,5,309,0,0,0,0,0,0,8,0,6,0,0,8,6,0,4,0,0,19,6,0,0,5,0,15,10,0,4,0,4,18,9,0,5,10,0,23,125,22,20,33,0,205,10,7,3,24,32,75,687,225,166,1575,69,2722,22,121
801081092,21,180,168,1093,12,1471,0,0,0,7,0,7,19,3,8,13,0,39,24,6,0,13,0,42,24,9,14,11,0,55,221,118,106,650,26,1121,10,0,6,0,0,22,4,0,7,12,0,22,55,13,15,80,0,168,14,0,3,5,0,18,15,3,0,0,0,15,34,0,6,0,0,36,47,30,21,362,9,475,50,11,10,40,0,109,3,0,0,0,0,3,0,0,0,3,0,7,0,4,0,3,0,8,4,0,0,0,0,14,4,8,0,0,0,19,14,15,5,0,0,29,27,3,0,7,0,47,9,3,0,0,0,19,0,0,0,0,0,0,70,39,26,205,5,344,14,4,0,0,0,19,8,0,0,0,0,8,15,4,0,3,5,27,3,3,5,0,0,8,0,0,0,0,0,0,7,3,0,14,0,25,149,23,32,44,3,251,17,0,4,27,82,133,735,286,245,1844,135,3242,19,149
801081093,11,124,110,867,13,1125,0,0,0,6,0,6,51,3,8,11,0,75,25,3,0,3,0,33,28,12,10,15,0,68,217,117,74,720,24,1156,0,0,0,0,0,3,6,4,0,8,0,17,54,11,8,78,0,149,27,3,9,6,4,43,14,5,0,0,0,13,36,0,0,0,0,38,45,31,26,366,9,472,40,15,4,20,4,85,3,0,0,0,0,3,0,0,0,0,0,0,3,0,0,0,0,3,0,0,5,5,0,10,3,5,0,0,0,13,9,9,10,0,0,22,17,3,0,3,0,30,4,0,0,4,0,6,0,3,0,0,0,5,57,38,21,220,8,347,5,0,0,3,0,8,12,0,0,0,5,10,11,0,0,4,0,14,3,0,0,0,0,3,9,0,0,0,0,9,9,0,0,9,0,17,195,30,28,33,11,293,20,0,0,26,46,95,808,237,183,1689,102,3015,28,119
801081094,13,125,104,804,11,1066,0,0,0,5,0,10,54,4,4,6,0,67,15,3,0,7,0,18,25,8,9,11,3,58,215,106,76,589,19,1010,8,0,5,0,0,15,12,0,5,19,0,38,24,10,4,65,0,102,4,0,0,0,0,4,17,3,0,0,0,21,28,0,3,0,0,37,49,32,16,340,4,434,41,16,4,10,0,71,3,0,0,0,0,10,0,0,0,5,0,9,5,0,0,4,0,9,19,9,3,3,0,37,0,0,0,0,0,0,17,6,3,0,0,26,17,3,0,6,0,35,9,0,0,0,0,13,0,0,0,0,0,0,60,24,17,200,6,312,8,0,0,0,0,6,5,0,0,0,0,7,12,0,0,3,0,17,11,0,0,0,0,12,8,0,0,0,0,8,5,0,0,6,0,12,175,32,17,33,4,257,5,3,3,14,53,75,724,235,168,1491,88,2711,24,117
801081095,16,116,111,923,15,1184,0,0,0,15,0,16,39,5,8,12,3,66,37,0,0,5,0,47,38,9,11,12,0,72,237,119,93,659,16,1124,21,0,8,0,0,31,17,0,0,6,0,33,55,20,3,80,0,166,20,0,0,7,3,34,0,0,0,0,0,7,14,0,0,0,0,12,56,43,22,337,0,460,36,12,5,24,0,79,0,0,0,0,0,0,0,0,0,0,0,0,12,0,0,0,0,12,3,4,0,5,0,11,3,3,0,0,0,6,21,0,0,0,4,36,19,5,0,9,0,29,4,0,0,9,0,13,0,0,0,0,0,0,55,40,32,235,5,361,15,0,0,5,0,21,15,5,0,0,0,16,10,0,0,0,0,11,18,0,0,0,4,18,7,0,0,0,0,7,8,6,3,14,0,28,176,24,25,19,6,253,14,0,0,39,108,161,811,247,196,1702,161,3116,9,170
801081096,13,93,82,646,10,837,0,0,0,0,0,0,70,4,0,3,0,79,27,0,3,0,0,35,10,3,0,5,0,23,134,77,56,366,4,633,6,0,0,0,0,6,6,4,4,3,0,19,18,8,8,37,0,76,9,3,0,6,0,17,12,0,0,0,0,12,33,6,0,0,0,35,36,18,10,176,0,239,54,8,10,10,0,88,7,0,0,0,0,7,0,0,0,0,0,3,7,0,0,0,0,7,4,0,0,6,0,7,5,0,0,0,0,5,6,0,0,0,0,7,21,0,4,4,0,29,6,0,0,0,0,9,0,0,0,0,0,0,41,21,15,126,0,203,0,3,0,0,0,3,0,0,0,0,0,0,12,4,0,3,0,17,12,0,0,0,0,14,7,0,0,6,0,15,6,7,0,11,0,22,187,17,10,18,0,236,12,6,6,28,29,76,699,167,128,1054,43,2085,15,83
801081097,16,138,83,733,16,982,0,0,0,8,0,8,37,0,4,12,0,54,23,0,3,4,0,30,27,10,4,16,5,60,180,95,61,579,14,936,11,0,4,0,0,16,0,6,0,3,0,15,35,13,8,64,0,113,16,0,3,4,0,24,4,6,0,3,0,10,30,3,0,0,0,35,33,23,18,286,9,367,38,9,4,40,6,88,9,0,0,0,0,9,5,0,0,0,0,9,7,0,0,0,0,3,0,6,0,3,0,12,7,0,0,0,0,9,11,6,5,0,0,18,18,0,0,0,0,23,3,0,0,0,0,3,0,0,0,0,0,0,43,30,30,186,0,280,7,0,0,0,0,7,7,3,0,0,0,10,5,4,0,3,0,16,9,0,0,0,0,9,9,5,0,0,0,10,5,4,3,13,0,28,188,46,23,24,0,281,20,0,0,42,103,160,675,223,145,1410,141,2596,21,126
801081098,23,152,122,959,13,1270,0,0,0,8,0,8,60,0,3,8,0,78,16,0,0,4,0,24,32,17,6,16,0,72,208,111,94,657,16,1078,11,0,5,0,0,16,14,3,3,5,0,30,60,16,13,79,0,167,20,3,0,6,0,25,10,4,4,3,0,16,28,0,4,0,0,35,37,39,18,358,4,459,50,16,6,50,0,112,0,0,0,0,0,0,0,0,0,9,0,12,3,0,0,0,0,6,0,3,0,0,0,10,10,0,0,0,0,10,18,5,4,0,0,22,26,9,0,5,0,43,4,4,0,0,0,6,0,0,0,0,0,0,73,44,33,234,3,386,10,4,0,0,0,14,13,0,0,0,0,12,14,0,0,3,0,19,6,0,0,0,0,7,13,0,0,0,0,14,12,3,0,26,0,44,183,32,19,37,0,275,14,3,3,29,208,255,824,261,200,1725,242,3254,17,148
801081133,0,0,0,0,0,0,0,0,0,0,0,0,0,0,0,0,0,0,0,0,0,0,0,0,0,0,0,0,0,0,0,0,0,10,0,12,0,0,0,0,0,0,0,0,0,0,0,0,0,0,0,0,0,0,0,0,0,0,0,0,0,0,0,0,0,0,0,0,0,0,0,0,0,0,0,0,0,0,0,0,0,0,0,0,0,0,0,0,0,0,0,0,0,0,0,0,0,0,0,0,0,0,0,0,0,0,0,0,0,0,0,0,0,0,0,0,0,0,0,0,0,0,0,0,0,0,0,0,0,0,0,0,0,0,0,0,0,0,0,0,0,3,0,4,0,0,0,0,0,0,0,0,0,0,0,0,0,0,0,0,0,0,0,0,0,0,0,0,0,0,0,0,0,0,0,0,0,0,0,0,0,0,0,0,0,0,0,0,0,0,0,0,0,0,0,9,0,12,0,0
801091099,14,118,66,630,7,834,0,0,0,8,0,8,76,6,6,8,0,94,15,0,0,5,0,22,17,0,0,13,0,34,145,99,68,474,15,804,27,0,4,0,0,21,8,0,0,12,0,25,33,13,8,53,0,102,20,0,3,8,0,37,7,0,0,4,0,18,122,0,0,0,0,123,27,19,20,251,4,319,33,14,0,32,4,82,16,0,0,0,0,16,3,0,0,0,0,3,0,0,0,0,0,0,0,0,0,0,0,3,0,0,0,0,0,0,4,3,3,8,0,16,26,0,0,0,0,26,7,0,0,0,0,11,0,0,0,0,0,8,43,33,19,125,5,217,12,0,0,0,0,15,0,0,0,0,0,4,8,0,0,0,0,12,17,0,0,0,0,22,23,0,0,0,0,23,8,5,0,13,0,23,241,29,26,23,5,320,19,0,5,16,64,101,865,206,139,1186,91,2490,26,90
801091100,45,218,200,1538,31,2027,0,0,0,6,0,5,64,8,10,13,0,91,36,0,0,15,0,57,38,14,12,24,0,92,400,185,147,1146,28,1901,12,0,0,0,0,12,25,4,0,20,0,53,83,22,10,118,0,242,35,5,0,28,0,76,18,0,3,4,0,23,76,3,10,0,0,88,99,62,35,619,4,814,75,20,10,67,0,172,12,0,5,0,0,16,5,5,0,7,0,10,14,0,0,0,0,14,5,0,0,0,0,5,0,0,4,0,0,8,22,13,11,0,0,52,25,3,9,6,0,45,12,3,4,5,0,19,7,0,0,3,0,9,125,62,35,414,11,650,9,0,0,0,0,11,3,3,6,0,0,9,14,7,0,7,0,24,25,0,0,0,0,28,14,0,8,0,0,19,18,9,0,14,0,43,300,46,49,49,15,457,24,4,0,34,124,185,1368,409,332,2877,195,5174,23,226
801091101,18,190,122,877,18,1227,0,0,0,8,0,3,92,5,10,3,0,115,11,0,3,0,0,16,23,15,0,27,0,67,264,158,94,674,28,1227,22,0,0,3,0,28,12,0,0,7,0,26,50,13,11,60,0,132,30,0,0,7,0,50,12,3,0,0,0,14,48,0,0,0,0,51,56,49,30,353,10,498,58,11,8,47,5,125,11,0,0,0,0,11,14,5,0,0,0,24,0,0,0,5,0,5,11,0,0,3,0,17,9,0,0,0,0,10,20,3,4,3,0,32,22,3,4,5,0,33,12,0,0,4,0,14,0,0,0,0,0,0,62,25,35,262,0,377,19,6,0,0,0,30,3,0,0,0,0,4,14,8,0,0,0,19,18,0,0,0,0,18,13,0,0,0,0,13,12,12,3,12,0,35,238,28,27,25,3,327,23,5,11,22,62,120,1017,319,215,1695,118,3362,25,159
801091102,16,127,120,758,13,1038,0,0,0,6,0,6,147,4,4,10,0,159,14,4,0,0,0,24,20,10,5,10,0,40,238,120,76,571,20,1025,45,0,0,0,0,50,6,3,0,6,0,17,45,9,12,77,0,144,34,9,0,19,0,65,9,0,0,4,0,14,100,0,0,0,0,107,54,36,22,302,9,426,38,15,9,35,0,97,17,0,0,0,0,19,0,0,0,0,0,5,7,0,0,7,0,13,6,0,0,4,0,10,3,0,0,0,0,5,34,6,10,5,0,47,26,0,0,3,0,33,18,0,4,0,0,28,3,0,0,0,0,3,65,29,23,162,3,276,20,0,0,3,0,25,15,0,0,0,0,16,8,0,0,0,0,13,26,0,0,0,0,25,15,0,0,0,0,14,9,0,4,13,0,24,347,37,14,33,7,438,22,0,3,29,61,122,1211,242,184,1454,108,3203,24,127
801091103,23,130,100,827,4,1092,0,0,0,0,0,0,43,0,6,7,4,57,17,0,0,0,0,18,19,7,5,14,0,48,241,110,88,563,15,1018,26,0,0,0,0,26,8,0,3,11,0,26,35,11,0,57,0,97,11,0,0,12,0,30,13,3,5,3,0,21,42,0,0,0,3,43,40,26,22,320,5,412,31,4,3,30,0,65,19,6,0,0,0,27,0,0,0,0,0,3,0,0,0,0,0,0,4,0,0,3,0,10,0,0,0,0,0,3,19,3,0,3,3,29,20,4,0,11,0,33,8,0,0,0,0,14,0,5,0,0,0,3,70,22,22,214,0,334,17,0,5,0,0,23,6,0,0,0,0,4,4,0,0,0,0,4,15,4,0,0,0,19,18,0,0,0,0,17,10,0,0,15,0,38,211,25,13,42,0,298,12,0,3,22,167,209,845,229,166,1505,206,2949,21,125
801091104,16,60,66,464,3,617,0,0,0,0,0,0,141,5,9,3,3,161,21,0,0,14,0,36,24,0,0,0,0,31,163,66,42,390,13,674,23,0,0,0,0,24,5,0,0,0,0,8,36,10,4,52,0,104,34,0,0,10,0,43,12,0,0,0,0,12,98,0,3,0,0,104,25,21,16,203,0,267,50,15,4,34,0,107,11,0,0,0,0,6,3,0,0,0,0,6,6,0,0,0,0,9,9,0,0,5,0,17,3,0,4,0,0,6,15,0,4,0,0,20,29,0,6,11,0,46,14,4,0,0,0,12,0,0,0,0,0,0,38,19,12,148,0,214,0,0,0,0,0,3,0,0,0,0,0,0,5,4,0,0,0,17,30,0,0,0,0,30,24,0,6,0,0,28,7,0,0,8,0,18,328,19,18,20,4,385,6,3,4,12,53,73,1056,146,117,956,72,2352,23,81
801091105,6,112,82,599,16,815,0,0,0,11,0,16,97,0,4,6,0,109,4,3,0,3,0,15,10,9,8,7,0,38,188,89,75,502,17,864,23,0,0,0,0,21,9,0,0,12,0,25,56,13,10,66,4,153,14,4,0,5,0,30,6,0,0,0,0,10,124,0,0,0,6,135,42,25,24,238,7,339,36,5,4,21,4,73,12,3,0,0,5,19,8,0,0,0,0,8,0,0,0,0,0,0,0,0,0,0,0,3,3,0,0,4,0,7,0,8,0,0,0,13,26,5,0,6,0,32,5,0,0,3,0,15,18,4,0,0,0,17,51,22,16,168,10,269,10,0,0,0,0,13,15,0,6,0,0,21,27,0,0,0,0,28,15,0,0,0,0,15,21,0,3,0,0,30,3,3,0,5,0,15,268,38,27,28,9,374,22,0,4,11,121,154,1001,210,149,1188,178,2732,18,99
801091106,14,123,89,659,12,898,0,0,0,4,0,4,87,6,8,3,7,104,23,0,0,3,0,33,24,5,0,10,0,49,204,97,84,569,11,958,42,0,3,0,0,46,11,0,0,7,0,19,41,9,3,79,0,137,18,4,0,14,0,41,5,0,0,0,0,14,109,5,0,0,3,115,42,27,12,275,0,365,37,31,3,33,0,103,12,0,0,0,0,12,3,3,6,0,0,11,8,0,0,0,0,8,6,0,0,3,0,9,3,0,0,0,0,6,3,6,9,0,0,20,16,0,0,6,0,26,16,3,0,3,0,17,0,0,0,0,0,0,71,24,21,177,3,295,21,5,0,0,0,27,11,0,0,0,0,8,17,0,0,3,0,21,7,0,0,0,0,7,10,0,0,0,0,10,12,0,3,12,0,27,334,30,20,17,11,416,23,0,0,19,97,137,1074,211,164,1331,141,2920,25,113
801091107,8,24,18,107,0,156,0,0,0,0,0,0,73,0,0,0,0,75,25,0,0,4,0,30,8,0,0,4,0,14,59,13,12,90,0,180,0,0,0,0,0,6,0,0,0,0,0,3,7,0,4,5,0,20,40,5,5,14,0,58,6,3,0,0,0,5,43,0,4,0,0,47,11,3,0,49,0,65,59,11,3,18,0,87,0,0,4,0,0,4,0,0,0,0,0,0,13,0,0,3,0,19,0,0,0,0,0,0,0,3,0,0,0,0,0,0,0,0,0,0,9,4,0,3,0,15,3,0,0,0,0,4,0,3,0,0,0,5,12,5,4,35,0,55,0,0,0,0,0,6,7,0,0,0,0,7,5,9,0,7,0,20,8,0,0,0,0,8,18,0,0,0,0,18,0,0,0,0,0,0,117,0,3,11,0,139,10,0,0,7,4,21,503,58,34,261,12,867,7,17
801091108,24,92,101,709,3,929,0,0,0,4,0,4,47,0,4,0,0,60,9,0,0,0,0,21,14,7,3,9,0,40,173,102,73,532,7,889,17,0,0,0,0,17,8,0,4,6,0,19,24,13,8,64,3,114,22,5,0,10,0,41,8,0,0,0,0,13,66,4,5,0,0,75,30,20,26,314,4,391,50,15,6,39,0,111,6,0,0,0,0,6,6,5,0,0,0,11,15,0,0,0,0,16,9,0,0,3,0,13,3,0,0,0,3,9,4,5,6,0,0,19,9,0,3,3,0,20,5,0,0,5,0,7,0,0,0,0,3,0,60,29,15,181,4,295,12,0,0,4,0,17,4,0,0,0,0,0,8,0,0,0,0,13,10,0,0,0,0,10,4,0,3,0,0,8,3,0,0,8,0,14,173,24,32,23,3,253,9,4,0,10,68,94,736,199,166,1347,102,2541,20,91
801091109,10,78,34,367,3,492,0,0,0,10,0,8,106,0,3,4,0,111,11,0,0,3,0,13,19,3,0,9,3,33,143,63,35,325,3,570,59,0,0,0,0,58,8,0,0,3,0,14,26,6,0,42,0,85,9,6,0,7,0,22,9,3,0,4,0,14,234,5,0,0,6,245,24,21,8,194,0,250,17,9,3,20,0,45,15,0,0,0,0,15,4,5,0,0,0,6,0,0,0,0,0,0,4,0,0,4,0,8,5,0,0,0,0,5,8,4,3,0,0,12,21,0,0,0,0,24,4,0,0,0,0,4,0,0,0,0,0,0,43,29,13,139,0,223,6,4,0,0,0,12,6,0,0,0,0,3,5,0,0,3,0,10,24,0,0,0,0,22,6,0,0,0,0,6,3,0,3,6,0,13,238,16,14,23,3,289,16,0,0,8,84,118,957,144,80,794,107,2078,24,78
801091110,15,116,79,655,28,895,0,4,0,0,0,6,73,6,10,0,0,85,14,0,0,8,0,15,14,11,0,16,0,34,132,72,61,419,22,703,19,0,3,0,0,23,4,0,0,3,0,8,27,14,3,53,3,92,35,10,0,0,0,54,0,0,0,0,0,6,32,0,0,3,0,32,34,28,17,241,11,330,60,11,7,35,0,112,11,0,0,0,0,15,4,0,0,4,0,7,4,0,0,0,0,5,9,0,0,9,0,13,5,0,0,0,0,5,6,8,0,0,0,11,15,0,4,7,0,28,15,0,0,0,0,18,0,0,0,0,0,0,42,14,8,136,0,207,11,0,0,6,0,10,3,4,0,0,0,6,15,3,0,8,0,28,15,0,3,0,0,17,10,0,0,0,0,10,8,0,0,5,0,14,145,14,23,36,3,224,11,4,3,15,57,85,659,189,139,1194,99,2283,25,86
801101134,0,0,0,0,0,0,0,0,0,0,0,0,0,0,0,0,0,0,0,0,0,0,0,0,0,0,0,0,0,0,0,0,0,0,0,0,0,0,0,0,0,0,0,0,0,0,0,0,0,0,0,0,0,0,0,0,0,0,0,0,0,0,0,0,0,0,0,0,0,0,0,0,0,0,0,0,0,0,0,0,0,0,0,0,0,0,0,0,0,0,0,0,0,0,0,0,0,0,0,0,0,0,0,0,0,0,0,0,0,0,0,0,0,0,0,0,0,0,0,0,0,0,0,0,0,0,0,0,0,0,0,0,0,0,0,0,0,0,0,0,0,0,0,0,0,0,0,0,0,0,0,0,0,0,0,0,0,0,0,0,0,0,0,0,0,0,0,0,0,0,0,0,0,0,0,0,0,0,0,0,0,0,0,0,0,0,0,0,0,0,0,0,0,0,0,0,0,0,0,0
801101135,0,0,0,0,0,0,0,0,0,0,0,0,0,0,0,0,0,0,0,0,0,0,0,0,0,0,0,0,0,0,0,0,0,0,0,0,0,0,0,0,0,0,0,0,0,0,0,0,0,0,0,0,0,0,0,0,0,0,0,0,0,0,0,0,0,0,0,0,0,0,0,0,0,0,0,0,0,0,0,0,0,0,0,0,0,0,0,0,0,0,0,0,0,0,0,0,0,0,0,0,0,0,0,0,0,0,0,0,0,0,0,0,0,0,0,0,0,0,0,0,0,0,0,0,0,0,0,0,0,0,0,0,0,0,0,0,0,0,0,0,0,0,0,0,0,0,0,0,0,0,0,0,0,0,0,0,0,0,0,0,0,0,0,0,0,0,0,0,0,0,0,0,0,0,0,0,0,0,0,0,0,0,0,0,0,0,0,0,0,0,0,0,0,0,0,0,0,0,27,59
801101136,0,0,0,0,0,0,0,0,0,0,0,0,0,0,0,0,0,0,0,0,0,0,0,0,0,0,0,0,0,0,0,0,0,0,0,0,0,0,0,0,0,0,0,0,0,0,0,0,0,0,0,0,0,0,0,0,0,0,0,0,0,0,0,0,0,0,0,0,0,0,0,0,0,0,0,0,0,0,0,0,0,0,0,0,0,0,0,0,0,0,0,0,0,0,0,0,0,0,0,0,0,0,0,0,0,0,0,0,0,0,0,0,0,0,0,0,0,0,0,0,0,0,0,0,0,0,0,0,0,0,0,0,0,0,0,0,0,0,0,0,0,0,0,0,0,0,0,0,0,0,0,0,0,0,0,0,0,0,0,0,0,0,0,0,0,0,0,0,0,0,0,0,0,0,0,0,0,0,0,0,0,0,0,0,0,0,0,0,0,0,0,0,0,0,0,0,0,0,0,0
801101137,0,0,0,0,0,0,0,0,0,0,0,0,0,0,0,0,0,0,0,0,0,0,0,0,0,0,0,0,0,0,0,0,0,0,0,0,0,0,0,0,0,0,0,0,0,0,0,0,0,0,0,0,0,0,0,0,0,0,0,0,0,0,0,0,0,0,0,0,0,0,0,0,0,0,0,0,0,0,0,0,0,0,0,0,0,0,0,0,0,0,0,0,0,0,0,0,0,0,0,0,0,0,0,0,0,0,0,0,0,0,0,0,0,0,0,0,0,0,0,0,0,0,0,0,0,0,0,0,0,0,0,0,0,0,0,0,0,0,0,0,0,0,0,0,0,0,0,0,0,0,0,0,0,0,0,0,0,0,0,0,0,0,0,0,0,0,0,0,0,0,0,0,0,0,0,0,0,0,0,0,0,0,0,0,0,0,0,0,0,0,0,0,0,0,0,0,0,0,0,0
801101139,0,0,0,4,0,4,0,0,0,0,0,0,0,0,0,0,0,0,0,0,0,0,0,0,0,0,0,0,0,0,0,0,0,3,0,3,0,0,0,0,0,0,0,0,0,0,0,0,0,0,0,0,0,0,0,0,0,0,0,0,0,0,0,0,0,0,0,0,0,0,0,0,0,0,0,0,0,0,0,0,0,0,0,0,0,0,0,0,0,0,0,0,0,0,0,0,0,0,0,0,0,0,0,0,0,0,0,0,0,0,0,0,0,0,0,0,0,0,0,0,0,0,0,0,0,0,0,0,0,0,0,0,0,0,0,0,0,0,0,0,0,0,0,0,0,0,0,0,0,0,0,0,0,0,0,0,0,0,0,0,0,0,0,0,0,0,0,0,0,0,0,0,0,0,0,0,0,0,0,0,0,0,0,0,0,0,0,0,0,0,0,0,0,0,0,6,0,3,19,121
801101145,0,0,0,0,0,0,0,0,0,0,0,0,0,0,0,0,0,0,0,0,0,0,0,0,0,0,0,0,0,0,0,0,0,0,0,0,0,0,0,0,0,0,0,0,0,0,0,0,0,0,0,0,0,0,0,0,0,0,0,0,0,0,0,0,0,0,0,0,0,0,0,0,0,0,0,0,0,0,0,0,0,0,0,0,0,0,0,0,0,0,0,0,0,0,0,0,0,0,0,0,0,0,0,0,0,0,0,0,0,0,0,0,0,0,0,0,0,0,0,0,0,0,0,0,0,0,0,0,0,0,0,0,0,0,0,0,0,0,0,0,0,0,0,0,0,0,0,0,0,0,0,0,0,0,0,0,0,0,0,0,0,0,0,0,0,0,0,0,0,0,0,0,0,0,0,0,0,0,0,0,0,0,0,0,0,0,0,0,0,0,0,0,0,0,0,0,0,0,0,0
801101146,0,0,0,0,0,0,0,0,0,0,0,0,0,0,0,0,0,0,0,0,0,0,0,0,0,0,0,0,0,0,0,0,0,0,0,0,0,0,0,0,0,0,0,0,0,0,0,0,0,0,0,0,0,0,0,0,0,0,0,0,0,0,0,0,0,0,0,0,0,0,0,0,0,0,0,0,0,0,0,0,0,0,0,0,0,0,0,0,0,0,0,0,0,0,0,0,0,0,0,0,0,0,0,0,0,0,0,0,0,0,0,0,0,0,0,0,0,0,0,0,0,0,0,0,0,0,0,0,0,0,0,0,0,0,0,0,0,0,0,0,0,0,0,0,0,0,0,0,0,0,0,0,0,0,0,0,0,0,0,0,0,0,0,0,0,0,0,0,0,0,0,0,0,0,0,0,0,0,0,0,0,0,0,0,0,0,0,0,0,0,0,0,0,0,0,0,0,0,0,0
801111140,3,26,14,137,0,188,0,0,0,0,0,0,6,0,0,0,0,8,4,0,0,0,0,3,6,6,9,6,0,22,33,22,17,104,6,183,0,0,0,0,0,0,3,0,0,0,0,4,7,5,0,10,0,27,0,0,0,0,0,0,0,0,0,0,0,0,3,0,0,0,0,3,8,3,3,49,0,69,0,0,0,0,0,0,0,0,0,5,0,5,0,0,0,4,0,3,0,0,0,0,0,0,0,0,0,0,0,0,0,0,0,0,0,0,6,0,0,3,0,5,0,0,0,0,0,0,0,0,0,0,0,0,0,0,0,0,0,0,11,5,5,26,0,55,0,0,0,0,0,4,0,0,0,0,0,0,0,0,0,0,0,0,0,0,0,0,0,0,0,0,0,0,0,0,0,0,0,4,0,4,19,4,0,7,0,37,0,0,3,3,15,19,89,44,39,271,19,460,5,19
801111141,0,3,0,8,5,19,0,0,0,0,0,0,0,0,0,0,0,0,0,0,0,0,0,0,0,0,0,0,0,0,0,0,0,4,0,10,0,0,0,0,0,0,0,0,0,0,0,5,0,0,0,0,0,0,0,0,0,0,0,0,0,0,0,0,0,0,0,0,0,0,0,0,0,0,0,4,0,4,0,0,0,0,0,0,0,0,0,0,0,0,0,0,0,0,0,0,0,0,0,0,0,0,0,0,0,0,0,0,0,0,0,0,0,0,0,0,0,0,0,0,0,0,0,0,0,0,0,0,0,0,0,0,0,0,0,0,0,0,0,0,0,6,0,6,0,0,0,0,0,0,0,0,0,0,0,0,0,0,0,0,0,0,0,0,0,0,0,0,0,0,0,0,0,0,0,0,0,0,0,0,0,0,0,0,0,0,0,0,0,0,0,0,0,3,0,20,7,36,0,0
897979799,0,0,0,0,0,0,0,0,0,0,0,0,0,0,0,0,0,0,0,0,0,0,0,0,0,0,0,0,0,0,0,0,0,0,0,0,0,0,0,0,0,0,0,0,0,0,0,0,0,0,0,0,0,0,0,0,0,0,0,0,0,0,0,0,0,0,0,0,0,0,0,0,0,0,0,0,0,0,0,0,0,0,0,0,0,0,0,0,0,0,0,0,0,0,0,0,0,0,0,0,0,0,0,0,0,0,0,0,0,0,0,0,0,0,0,0,0,0,0,0,0,0,0,0,0,0,0,0,0,0,0,0,0,0,0,0,0,0,0,0,0,0,0,0,0,0,0,0,0,0,0,0,0,0,0,0,0,0,0,0,0,0,0,0,0,0,0,0,0,0,0,0,0,0,0,0,0,0,0,0,0,0,0,0,0,0,0,0,0,0,0,0,0,0,0,0,0,0,0,0
899999499,9,27,17,156,6,213,0,0,0,11,0,11,34,0,0,0,0,39,4,0,3,0,0,6,3,3,0,7,0,9,42,22,17,115,5,197,0,0,0,0,0,3,0,0,0,0,0,0,12,0,7,13,0,26,4,0,0,7,0,8,0,0,0,0,0,6,3,0,0,0,0,4,15,6,3,39,0,65,3,4,0,13,0,22,4,0,0,0,0,4,0,0,0,0,0,3,0,0,0,0,0,0,0,4,0,0,0,4,0,0,4,0,0,5,3,0,0,0,0,9,3,0,0,0,0,3,6,0,0,0,0,6,0,0,0,0,0,0,10,9,6,29,0,51,7,0,0,0,0,9,0,0,0,0,0,0,6,0,0,0,0,11,0,0,0,0,0,0,0,0,0,0,0,0,0,4,0,5,0,10,59,5,6,10,4,80,0,0,0,0,57,64,184,48,36,286,73,631,10,25
