SA2_CODE_2021,C11_SH_FH_CF_no_ch,C11_SH_FH_CF_w_ch,C11_SH_FH_One_PFam,C11_SH_FH_oth_fa,C11_SH_FH_Tot,C11_SH_LP_H,C11_SH_GH,C11_SH_OH,C11_SH_Tot,C11_SDRTHT1S_FH_CF_no_ch,C11_SDRTHT1S_FH_CF_w_ch,C11_SDRTHT1S_FH_One_PFam,C11_SDRTHT1S_FH_oth_fa,C11_SDRTHT1S_FH_Tot,C11_SDRTHT1S_LP_H,C11_SDRTHT1S_GH,C11_SDRTHT1S_OH,C11_SDRTHT1S_Tot,C11_SDRTHT2S_FH_CF_no_ch,C11_SDRTHT2S_FH_CF_w_ch,C11_SDRTHT2S_FH_One_PFam,C11_SDRTHT2S_FH_oth_fa,C11_SDRTHT2S_FH_Tot,C11_SDRTHT2S_LP_H,C11_SDRTHT2S_GH,C11_SDRTHT2S_OH,C11_SDRTHT2S_Tot,C11_SDRTHT_FH_CF_no_ch,C11_SDRTHT_FH_CF_w_ch,C11_SDRTHT_FH_One_PFam,C11_SDRTHT_FH_oth_fa,C11_SDRTHT_FH_Tot,C11_SDRTHT_LP_H,C11_SDRTHT_GH,C11_SDRTHT_OH,C11_SDRTHT_Tot,C11_F_a_1_2_FH_CF_no_ch,C11_F_a_1_2_FH_CF_w_ch,C11_F_a_1_2_FH_One_PFam,C11_F_a_1_2_FH_oth_fa,C11_F_a_1_2_FH_Tot,C11_F_a_1_2_LP_H,C11_F_a_1_2_GH,C11_F_a_1_2_OH,C11_F_a_1_2_Tot,C11_F_a_3_FH_CF_no_ch,C11_F_a_3_FH_CF_w_ch,C11_F_a_3_FH_One_PFam,C11_F_a_3_FH_oth_fa,C11_F_a_3_FH_Tot,C11_F_a_3_LP_H,C11_F_a_3_GH,C11_F_a_3_OH,C11_F_a_3_Tot,C11_F_a_4_8_FH_CF_no_ch,C11_F_a_4_8_FH_CF_w_ch,C11_F_a_4_8_FH_One_PFam,C11_F_a_4_8_FH_oth_fa,C11_F_a_4_8_FH_Tot,C11_F_a_4_8_LP_H,C11_F_a_4_8_GH,C11_F_a_4_8_OH,C11_F_a_4_8_Tot,C11_F_a_9m_FH_CF_no_ch,C11_F_a_9m_FH_CF_w_ch,C11_F_a_9m_FH_One_PFam,C11_F_a_9m_FH_oth_fa,C11_F_a_9m_FH_Tot,C11_F_a_9m_LP_H,C11_F_a_9m_GH,C11_F_a_9m_OH,C11_F_a_9m_Tot,C11_F_a_a_h_FH_CF_no_ch,C11_F_a_a_h_FH_CF_w_ch,C11_F_a_a_h_FH_One_PFam,C11_F_a_a_h_FH_oth_fa,C11_F_a_a_h_FH_Tot,C11_F_a_a_h_LP_H,C11_F_a_a_h_GH,C11_F_a_a_h_OH,C11_F_a_a_h_Tot,C11_F_a_Tot_FH_CF_no_ch,C11_F_a_Tot_FH_CF_w_ch,C11_F_a_Tot_FH_One_PFam,C11_F_a_Tot_FH_oth_fa,C11_F_a_Tot_FH_Tot,C11_F_a_Tot_LP_H,C11_F_a_Tot_GH,C11_F_a_Tot_OH,C11_F_a_Tot_Tot,C11_OD_C_c_hb_FH_CF_no_ch,C11_OD_C_c_hb_FH_CF_w_ch,C11_OD_C_c_hb_FH_One_PFam,C11_OD_C_c_hb_FH_oth_fa,C11_OD_C_c_hb_FH_Tot,C11_OD_C_c_hb_LP_H,C11_OD_C_c_hb_GH,C11_OD_C_c_hb_OH,C11_OD_C_c_hb_Tot,C11_OD_Ih_t_s_FH_CF_no_ch,C11_OD_Ih_t_s_FH_CF_w_ch,C11_OD_Ih_t_s_FH_One_PFam,C11_OD_Ih_t_s_FH_oth_fa,C11_OD_Ih_t_s_FH_Tot,C11_OD_Ih_t_s_LP_H,C11_OD_Ih_t_s_GH,C11_OD_Ih_t_s_OH,C11_OD_Ih_t_s_Tot,C11_OD_H_f_so_FH_CF_no_ch,C11_OD_H_f_so_FH_CF_w_ch,C11_OD_H_f_so_FH_One_PFam,C11_OD_H_f_so_FH_oth_fa,C11_OD_H_f_so_FH_Tot,C11_OD_H_f_so_LP_H,C11_OD_H_f_so_GH,C11_OD_H_f_so_OH,C11_OD_H_f_so_Tot,C11_OD_Tot_FH_CF_no_ch,C11_OD_Tot_FH_CF_w_ch,C11_OD_Tot_FH_One_PFam,C11_OD_Tot_FH_oth_fa,C11_OD_Tot_FH_Tot,C11_OD_Tot_LP_H,C11_OD_Tot_GH,C11_OD_Tot_OH,C11_OD_Tot_Tot,C11_DS_ns_FH_CF_no_ch,C11_DS_ns_FH_CF_w_ch,C11_DS_ns_FH_One_PFam,C11_DS_ns_FH_oth_fa,C11_DS_ns_FH_Tot,C11_DS_ns_LP_H,C11_DS_ns_GH,C11_DS_ns_OH,C11_DS_NS_Tot,C11_Tot_FH_CF_no_ch,C11_Tot_FH_CF_w_ch,C11_Tot_FH_One_PFam,C11_Tot_FH_oth_fa,C11_Tot_FH_Tot,C11_Tot_LP_H,C11_Tot_GH,C11_Tot_OH,C11_Tot_Tot,C16_SH_FH_CF_no_ch,C16_SH_FH_CF_w_ch,C16_SH_FH_One_PFam,C16_SH_FH_oth_fa,C16_SH_FH_Tot,C16_SH_LP_H,C16_SH_GH,C16_SH_OH,C16_SH_Tot,C16_SDRTHT1S_FH_CF_no_ch,C16_SDRTHT1S_FH_CF_w_ch,C16_SDRTHT1S_FH_One_PFam,C16_SDRTHT1S_FH_oth_fa,C16_SDRTHT1S_FH_Tot,C16_SDRTHT1S_LP_H,C16_SDRTHT1S_GH,C16_SDRTHT1S_OH,C16_SDRTHT1S_Tot,C16_SDRTHT2S_FH_CF_no_ch,C16_SDRTHT2S_FH_CF_w_ch,C16_SDRTHT2S_FH_One_PFam,C16_SDRTHT2S_FH_oth_fa,C16_SDRTHT2S_FH_Tot,C16_SDRTHT2S_LP_H,C16_SDRTHT2S_GH,C16_SDRTHT2S_OH,C16_SDRTHT2S_Tot,C16_SDRTHT_Tot_FH_CF_no_ch,C16_SDRTHT_Tot_FH_CF_w_ch,C16_SDRTHT_Tot_FH_One_PFam,C16_SDRTHT_Tot_FH_oth_fa,C16_SDRTHT_Tot_FH_Tot,C16_SDRTHT_Tot_LP_H,C16_SDRTHT_Tot_GH,C16_SDRTHT_Tot_OH,C16_SDRTHT_Tot_Tot,C16_F_a_1_2_FH_CF_no_ch,C16_F_a_1_2_FH_CF_w_ch,C16_F_a_1_2_FH_One_PFam,C16_F_a_1_2_FH_oth_fa,C16_F_a_1_2_FH_Tot,C16_F_a_1_2_LP_H,C16_F_a_1_2_GH,C16_F_a_1_2_OH,C16_F_a_1_2_Tot,C16_F_a_3_FH_CF_no_ch,C16_F_a_3_FH_CF_w_ch,C16_F_a_3_FH_One_PFam,C16_F_a_3_FH_oth_fa,C16_F_a_3_FH_Tot,C16_F_a_3_LP_H,C16_F_a_3_GH,C16_F_a_3_OH,C16_F_a_3_Tot,C16_F_a_4_8_FH_CF_no_ch,C16_F_a_4_8_FH_CF_w_ch
801011001,236,291,57,6,589,139,29,51,808,0,0,0,0,5,10,0,3,19,21,8,4,0,25,21,6,5,59,20,8,0,0,31,34,6,6,75,3,3,0,0,7,0,0,0,12,0,0,0,0,0,0,0,0,0,0,0,0,0,0,0,0,0,0,..,..,..,..,..,..,..,..,..,0,0,0,0,3,3,0,0,9,3,3,0,0,9,6,0,0,21,0,0,0,0,0,0,0,0,0,0,0,0,0,0,0,0,0,0,0,0,0,0,0,0,0,0,0,0,0,0,0,0,0,0,0,0,0,0,0,0,0,0,0,0,0,261,299,61,6,629,173,35,62,907,229,296,58,7,584,132,30,25,774,3,3,0,0,6,11,0,0,20,18,14,9,0,39,16,6,3,67,25,15,9,0,43,31,6,3,82,6,0,0,0,7,4,0,0,15,0,0,0,0,0,0,0,0,0,0,0
801011002,17,11,14,6,54,31,12,0,96,112,42,25,9,188,161,37,30,424,113,64,64,7,251,117,59,51,481,222,108,92,18,441,280,100,79,899,48,21,14,5,97,122,30,35,283,94,22,6,7,132,119,39,30,317,169,29,7,0,209,202,54,77,547,..,..,..,..,..,..,..,..,..,0,0,0,0,0,0,0,0,0,316,68,31,16,435,447,124,143,1142,0,0,0,0,0,0,0,0,0,0,0,0,0,0,0,0,0,0,0,0,0,0,0,0,0,0,0,0,0,0,0,0,0,0,0,0,0,0,0,0,0,0,0,0,0,559,192,137,36,930,754,235,222,2142,0,0,4,0,8,14,3,0,30,87,56,31,7,178,155,32,26,393,107,100,56,14,280,139,57,37,511,196,157,86,18,454,287,90,67,905,29,24,12,8,77,64,17,17,168,114,38,14,14,183,166,77,47,472,432,126
801011003,256,284,31,13,589,117,72,39,819,24,23,0,8,53,20,17,6,97,97,84,19,11,211,61,104,20,400,122,107,20,11,264,84,117,27,495,0,0,0,0,0,0,0,0,0,104,18,6,7,134,124,55,41,356,113,22,8,9,149,121,55,37,375,..,..,..,..,..,..,..,..,..,0,0,0,0,0,0,0,0,0,221,41,13,8,289,243,109,83,726,0,0,0,0,0,0,0,0,0,0,0,0,0,0,0,0,0,0,0,0,0,0,0,0,0,0,0,0,0,0,0,0,0,0,0,0,5,0,0,0,0,0,0,0,3,604,433,63,34,1142,452,303,150,2046,154,215,23,3,400,32,28,22,475,95,60,22,6,182,96,35,5,319,228,138,41,10,419,146,184,29,770,323,198,61,16,596,242,219,33,1087,18,11,0,5,30,15,14,0,59,94,9,4,6,121,142,35,19,316,159,35
801011004,227,318,176,11,734,220,36,47,1037,21,20,34,0,70,59,9,12,158,0,0,0,0,0,0,0,0,0,21,20,34,0,70,59,9,12,158,0,0,0,0,0,7,0,0,7,0,0,0,0,0,0,0,0,0,0,0,0,0,0,0,0,0,0,..,..,..,..,..,..,..,..,..,0,0,0,0,0,0,0,0,0,0,0,0,0,0,7,0,0,7,0,0,0,0,0,0,0,0,0,0,0,0,0,0,0,0,0,0,0,0,0,0,0,0,0,0,0,0,0,0,0,0,0,0,0,0,0,0,0,0,0,0,0,0,0,251,340,205,13,808,287,45,62,1197,217,295,191,13,712,225,47,62,1043,16,24,21,0,53,67,5,7,134,0,0,0,0,0,0,0,0,0,16,24,21,0,53,67,5,7,134,0,0,0,0,0,5,0,0,3,0,0,0,0,0,0,0,0,0,0,0
801011005,183,235,80,6,505,121,23,12,659,114,62,31,3,206,192,26,8,431,21,12,5,0,35,32,3,7,74,133,72,36,0,242,220,24,12,505,9,3,6,3,24,26,13,0,59,0,0,0,0,0,0,0,0,0,0,0,0,0,0,0,0,0,0,..,..,..,..,..,..,..,..,..,0,0,0,0,4,5,0,0,11,15,8,4,3,25,30,17,7,72,0,0,0,0,0,0,0,0,0,0,0,0,0,0,0,0,0,0,0,0,0,0,0,0,0,0,0,0,0,0,0,0,0,0,0,0,0,0,0,0,0,0,0,0,0,327,314,120,8,773,371,64,28,1238,196,250,71,8,527,138,26,22,709,119,54,29,6,197,186,13,23,423,10,10,0,0,15,13,7,3,40,124,60,26,9,217,198,17,22,464,6,0,0,0,9,20,3,0,38,0,0,0,0,0,0,0,0,0,0,0
801011006,523,1021,256,19,1814,273,72,37,2185,51,35,21,0,107,53,4,9,168,5,17,3,0,30,9,0,4,43,55,57,23,0,133,63,11,9,215,0,3,0,0,5,3,0,0,9,0,0,0,0,0,0,0,0,0,0,0,0,0,0,0,0,0,0,..,..,..,..,..,..,..,..,..,0,0,0,0,0,0,0,0,0,0,3,0,0,5,3,0,0,9,0,0,0,0,0,0,0,0,0,0,0,0,0,0,0,0,0,0,0,0,0,0,0,0,0,0,0,0,0,0,0,0,0,0,0,0,0,0,0,0,0,0,0,0,0,580,1071,281,22,1953,335,81,43,2411,471,1034,247,18,1769,294,54,59,2172,49,38,24,5,106,64,5,7,190,7,15,0,0,25,0,0,3,28,51,50,28,5,132,65,14,10,219,7,0,3,0,13,11,0,0,22,0,0,0,0,0,0,0,0,0,0,0
801011007,496,729,208,25,1462,269,68,37,1835,3,4,0,0,15,18,3,0,36,5,6,8,5,25,10,7,0,37,11,13,6,5,35,33,14,0,79,9,5,0,3,11,8,0,5,26,0,0,0,0,0,0,0,0,0,0,0,0,0,0,0,0,0,0,..,..,..,..,..,..,..,..,..,0,0,0,0,4,0,0,0,10,7,5,0,3,15,10,0,4,34,0,0,0,0,0,0,0,0,0,0,0,0,0,0,0,0,0,0,0,0,0,0,0,0,0,0,0,0,0,0,0,0,0,0,0,0,0,0,0,0,0,0,0,0,0,518,746,218,27,1507,309,82,45,1949,520,663,199,16,1391,322,55,111,1880,4,4,0,0,4,0,0,0,6,3,8,7,0,14,9,5,6,45,10,8,7,0,25,10,5,11,53,9,0,0,0,11,3,0,4,23,0,0,0,0,0,0,0,0,0,0,0
801011008,358,586,204,14,1169,270,66,33,1540,49,24,16,5,91,76,12,9,185,0,0,0,0,0,0,0,0,0,49,24,16,5,91,76,12,9,185,48,15,14,8,82,34,15,27,158,0,0,0,0,0,0,0,0,0,0,0,0,0,0,0,0,0,0,..,..,..,..,..,..,..,..,..,0,0,0,0,0,0,0,0,0,49,15,14,8,88,35,15,27,160,0,0,0,0,0,0,0,0,0,0,0,0,0,0,0,0,0,0,0,0,0,0,0,0,0,0,0,0,0,0,0,0,0,0,0,0,0,0,0,0,0,0,0,0,0,451,630,237,31,1347,376,89,64,1884,362,497,182,21,1061,254,34,48,1402,92,75,45,8,222,164,22,20,434,0,0,0,0,0,0,0,0,3,89,75,45,8,224,164,28,20,433,0,0,0,0,3,4,0,0,14,0,0,0,0,0,0,0,0,0,0,0
801011009,334,473,96,10,906,168,39,86,1210,4,0,0,0,5,0,0,0,8,3,0,0,0,3,3,0,0,5,6,0,0,0,9,3,0,0,17,0,0,3,0,0,0,0,0,9,0,0,0,0,0,0,0,0,0,0,0,0,0,0,0,0,0,0,..,..,..,..,..,..,..,..,..,0,0,0,0,0,0,0,0,0,0,0,3,0,4,0,0,0,12,0,0,0,0,0,0,0,0,0,0,0,0,0,0,0,0,0,0,0,0,0,0,0,0,0,0,0,0,0,0,0,0,0,0,0,0,4,0,0,0,7,0,0,0,6,344,475,106,10,928,173,40,93,1237,314,470,114,11,907,171,28,32,1139,6,3,5,0,15,5,0,0,25,0,0,0,0,0,0,0,3,0,9,3,5,0,19,5,0,3,21,0,0,0,0,0,6,0,0,6,0,0,0,0,0,0,0,0,0,0,0
801011010,206,300,72,9,579,110,16,10,712,4,3,4,0,17,7,5,0,25,0,0,0,0,0,0,0,0,0,4,3,4,0,17,7,5,0,25,0,0,0,0,0,0,0,0,0,0,0,0,0,0,0,0,0,0,0,0,0,0,0,0,0,0,0,..,..,..,..,..,..,..,..,..,0,0,0,0,0,0,0,0,0,0,0,0,0,0,0,0,0,0,0,0,0,0,0,0,0,0,0,0,0,0,0,0,0,0,0,0,0,0,0,0,0,0,0,0,0,0,0,0,0,0,0,0,0,0,0,0,0,0,0,0,0,0,0,207,303,77,6,595,110,18,10,740,201,260,71,4,539,94,15,30,680,4,3,8,0,15,9,0,0,23,0,0,0,0,0,0,0,0,0,4,3,8,0,15,9,0,0,23,0,0,8,0,4,3,0,0,7,0,0,0,0,0,0,0,0,0,0,0
801011011,292,435,117,14,857,179,48,43,1122,16,12,5,5,32,32,9,0,70,0,0,0,0,0,0,0,0,0,16,12,5,5,32,32,9,0,70,0,0,0,0,0,0,0,0,0,0,0,0,0,0,0,0,0,0,0,0,0,0,0,0,0,0,0,..,..,..,..,..,..,..,..,..,4,3,0,0,3,3,0,0,11,4,3,0,0,3,3,0,0,11,0,0,0,0,0,0,0,0,0,0,0,0,0,0,0,0,0,0,0,0,0,0,0,0,0,0,0,0,0,0,0,0,0,0,0,0,0,0,0,0,0,0,0,0,0,312,447,118,13,890,217,51,45,1206,302,418,110,9,834,184,44,37,1101,13,4,7,0,31,30,9,9,72,0,0,0,0,0,0,0,0,0,13,4,7,0,31,30,9,9,72,3,3,0,0,6,0,0,0,6,0,0,0,0,0,0,0,0,0,0,0
801011012,0,0,0,0,0,0,0,0,0,0,0,0,0,0,0,0,0,0,0,0,0,0,0,0,0,0,0,0,0,0,0,0,0,0,0,0,0,0,0,0,0,0,0,0,0,0,0,0,0,0,0,0,0,0,0,0,0,0,0,0,0,0,0,..,..,..,..,..,..,..,..,..,0,0,0,0,0,0,0,0,0,0,0,0,0,0,0,0,0,0,0,0,0,0,0,0,0,0,0,0,0,0,0,0,0,0,0,0,0,0,0,0,0,0,0,0,0,0,0,0,0,0,0,0,0,0,0,0,0,0,0,0,0,0,0,0,0,0,0,0,0,0,0,0,0,0,0,0,0,0,0,0,0,0,0,0,0,0,0,0,0,0,0,0,0,0,0,0,0,0,0,0,0,0,0,0,0,0,0,0,0,0,0,0,0,0,0,0,0,0,0,0,0,0,0,0,0,0,0,0
801011013,246,272,47,3,574,74,13,15,674,73,16,14,0,112,96,13,6,223,10,0,4,0,8,5,3,0,19,79,15,18,0,119,102,18,6,247,42,37,13,3,93,115,9,19,235,0,0,0,0,0,0,0,0,0,0,0,0,0,0,0,0,0,0,..,..,..,..,..,..,..,..,..,0,0,0,0,0,0,0,0,0,42,37,13,3,93,117,9,19,237,0,0,0,0,0,0,0,0,0,0,0,0,0,0,0,0,0,0,0,0,0,0,0,0,0,0,0,0,0,0,0,0,0,0,0,0,0,0,0,0,0,0,0,0,0,371,327,83,10,786,297,37,42,1160,251,304,63,4,617,115,21,8,751,40,21,15,3,77,54,9,0,140,0,0,0,0,3,9,0,0,11,36,21,15,3,81,63,9,8,153,26,24,21,4,71,77,10,15,175,9,16,4,4,30,23,7,10,73,0,0
801011014,295,369,125,9,806,214,50,14,1082,16,10,7,0,35,46,3,7,95,0,0,0,0,0,0,0,0,0,16,10,7,0,35,46,3,7,95,0,0,0,0,0,3,0,0,3,0,0,0,0,0,0,0,0,0,0,0,0,0,0,0,0,0,0,..,..,..,..,..,..,..,..,..,0,0,0,0,0,0,0,0,3,0,0,0,0,0,3,0,0,9,0,0,0,0,0,0,0,0,0,0,0,0,0,0,0,0,0,0,0,0,0,0,0,0,0,0,0,0,0,0,0,0,0,0,0,0,0,0,0,0,0,0,0,0,0,315,380,132,9,846,264,53,16,1175,282,362,123,14,778,222,33,49,1084,4,3,8,0,15,18,0,0,38,0,0,3,0,3,0,0,0,3,4,3,7,0,18,18,0,0,41,5,0,0,0,12,8,0,3,17,0,0,0,0,0,0,0,0,0,0,0
801011015,321,384,139,10,860,241,35,33,1174,130,90,85,3,309,269,28,24,623,21,14,10,0,46,19,5,5,76,148,104,96,7,350,285,37,29,699,10,0,9,0,19,38,0,5,63,31,11,8,0,48,43,12,10,114,0,0,0,0,0,0,0,0,0,..,..,..,..,..,..,..,..,..,0,0,0,0,0,0,0,0,0,41,16,12,0,69,80,11,16,178,0,0,0,0,0,0,0,0,0,0,0,0,0,0,0,0,0,0,0,0,0,0,0,0,0,0,0,0,0,0,0,0,0,0,0,0,0,0,0,0,0,0,0,0,0,509,502,254,19,1282,610,79,81,2056,283,382,140,4,811,269,31,51,1169,115,65,64,5,251,303,19,38,606,17,14,9,0,45,29,4,8,87,136,82,76,11,296,332,27,40,695,8,3,3,0,16,18,0,9,39,20,22,9,0,53,59,0,11,127,0,0
801011016,674,955,255,34,1916,366,143,30,2454,6,4,4,0,17,36,0,3,52,0,0,0,0,0,0,0,0,3,7,4,4,0,15,36,0,3,49,7,7,0,0,10,21,4,5,36,10,0,7,3,20,8,22,6,52,0,0,0,0,0,0,0,0,0,..,..,..,..,..,..,..,..,..,4,0,0,0,4,4,0,0,16,14,7,7,3,36,35,28,5,101,0,0,0,0,0,0,0,0,0,0,0,0,0,0,0,0,0,0,0,0,0,0,0,0,0,0,0,0,0,0,0,0,0,0,0,0,0,0,0,0,0,0,0,0,0,697,967,265,33,1964,436,172,45,2613,677,906,223,25,1829,385,134,87,2431,15,8,3,0,26,56,3,5,93,7,6,3,5,19,0,15,3,37,25,18,6,5,47,62,15,5,129,3,11,0,0,17,3,4,0,26,0,0,0,0,0,0,0,0,0,0,0
801011017,337,436,169,14,955,217,49,33,1249,16,4,4,0,31,33,7,3,69,0,0,0,0,0,0,0,0,0,16,4,4,0,31,31,7,3,69,5,4,0,0,13,16,0,0,37,0,0,0,0,0,0,0,0,0,0,0,0,0,0,0,0,0,0,..,..,..,..,..,..,..,..,..,0,0,0,0,0,0,0,0,0,5,4,0,0,13,16,0,0,37,0,0,0,0,0,0,0,0,0,0,0,0,0,0,0,0,0,0,0,0,0,0,0,0,0,0,0,0,0,0,0,0,0,0,0,0,0,0,0,0,0,0,0,0,0,360,443,180,18,1001,264,52,39,1357,335,436,133,13,924,225,23,42,1208,6,15,8,3,34,55,3,14,102,4,0,6,0,14,14,7,6,32,12,15,14,0,46,63,8,19,141,0,0,0,0,4,4,0,6,12,0,0,0,0,0,0,0,0,0,0,0
801011018,0,0,0,0,0,0,0,0,0,0,0,0,0,0,0,0,0,0,0,0,0,0,0,0,0,0,0,0,0,0,0,0,0,0,0,0,0,0,0,0,0,0,0,0,0,0,0,0,0,0,0,0,0,0,0,0,0,0,0,0,0,0,0,..,..,..,..,..,..,..,..,..,0,0,0,0,0,0,0,0,0,0,0,0,0,0,0,0,0,0,0,0,0,0,0,0,0,0,0,0,0,0,0,0,0,0,0,0,0,0,0,0,0,0,0,0,0,0,0,0,0,0,0,0,0,0,0,0,0,0,0,0,0,0,0,0,0,0,0,0,0,0,0,0,6,24,8,0,35,0,3,5,42,0,0,0,0,0,0,0,0,0,0,0,0,0,0,0,0,0,0,0,0,0,0,0,0,0,0,0,0,0,0,0,0,0,0,0,0,0,0,0,0,0,0,0,0,0,0,0
801011019,530,639,193,18,1376,265,70,49,1759,74,61,13,3,143,78,19,8,248,0,0,0,0,0,0,0,0,0,74,61,13,3,143,78,19,8,248,8,0,6,0,15,10,3,0,21,0,0,0,0,0,0,0,0,0,0,0,0,0,0,0,0,0,0,..,..,..,..,..,..,..,..,..,0,0,0,0,0,0,0,0,5,10,0,6,0,12,9,3,0,30,0,0,0,0,0,0,0,0,0,0,0,0,0,0,0,0,0,0,0,0,0,0,0,0,0,0,0,0,0,0,0,0,0,0,0,0,0,0,0,0,0,0,0,0,0,613,703,206,18,1531,348,95,54,2036,509,843,228,28,1610,298,53,59,2014,91,111,47,3,262,142,29,13,449,0,0,0,0,0,0,0,0,0,91,111,47,3,262,142,29,13,449,0,0,0,0,3,0,0,0,7,0,0,0,0,0,0,0,0,0,0,0
801011020,201,259,100,11,575,164,45,17,804,19,4,8,3,32,43,3,0,83,0,3,15,0,21,9,5,4,36,23,7,20,3,53,56,9,5,123,6,4,3,0,8,41,4,3,63,0,0,0,0,0,0,0,0,0,16,4,0,0,22,24,3,5,54,..,..,..,..,..,..,..,..,..,0,0,0,0,0,5,0,0,7,24,5,6,0,39,61,13,10,124,0,0,0,0,0,0,0,0,0,0,0,0,0,0,0,0,0,0,0,0,0,0,0,0,0,0,0,0,0,0,0,0,0,0,0,0,0,0,0,0,0,0,0,0,0,250,271,128,17,667,289,63,31,1051,176,256,93,20,543,171,36,22,775,9,13,8,3,38,54,5,10,101,4,4,11,0,16,12,0,6,31,13,13,19,3,51,62,5,14,131,16,12,7,0,28,55,8,8,92,6,0,4,3,19,22,0,3,44,23,5
801011021,261,387,106,12,759,122,26,18,928,14,0,7,0,17,16,6,3,38,0,0,0,0,3,0,0,0,3,16,5,7,0,24,16,6,3,46,0,0,0,0,0,0,0,0,0,0,0,0,0,0,0,0,0,0,0,0,0,0,0,0,0,0,0,..,..,..,..,..,..,..,..,..,0,0,3,0,3,0,0,0,3,0,0,3,0,3,0,0,0,3,0,0,0,0,0,0,0,0,0,0,0,0,0,0,0,0,0,0,0,0,0,0,0,0,0,0,0,0,0,0,0,0,0,0,0,0,0,0,0,0,0,0,0,0,0,273,388,112,8,782,141,30,24,973,276,345,93,3,723,133,21,32,906,13,6,0,0,22,21,4,5,53,0,0,0,0,0,0,0,0,0,15,6,0,0,28,21,4,5,57,0,0,0,0,0,0,0,0,0,0,0,0,0,0,0,0,0,0,0,0
801011022,286,388,114,10,795,138,29,23,981,45,19,14,0,80,85,12,9,178,5,0,0,0,4,0,0,0,3,51,20,14,0,85,86,12,9,182,3,3,0,0,5,9,0,10,24,0,0,0,0,0,0,0,0,0,0,0,0,0,0,0,0,0,0,..,..,..,..,..,..,..,..,..,0,0,0,0,0,0,0,0,0,3,3,0,0,6,9,0,10,24,0,0,0,0,0,0,0,0,0,0,0,0,0,0,0,0,0,0,0,0,0,0,0,0,0,0,0,0,0,0,0,0,0,0,0,0,0,0,0,0,0,0,0,0,0,340,413,123,12,885,226,38,36,1189,286,359,96,6,753,139,17,29,940,32,15,16,0,73,101,9,0,175,0,0,0,0,6,8,0,0,11,38,10,16,6,72,108,9,0,191,5,4,0,0,15,12,0,0,26,0,0,0,0,0,0,0,0,0,0,0
801011023,187,243,77,3,513,140,61,10,730,77,19,16,0,112,203,10,3,333,16,14,11,5,48,15,9,3,74,98,37,25,4,158,219,20,5,410,0,0,0,0,0,0,0,0,0,0,0,0,0,0,0,0,0,0,0,0,0,0,0,0,0,0,0,..,..,..,..,..,..,..,..,..,0,0,0,0,0,4,0,0,4,0,0,0,0,0,6,0,0,8,0,0,0,0,0,0,0,0,0,0,0,0,0,0,0,0,0,0,0,0,0,0,0,0,0,0,0,0,0,0,0,0,0,0,0,0,0,0,0,0,0,0,0,0,0,284,285,99,8,678,366,81,24,1147,198,237,83,15,535,157,55,28,775,61,13,15,0,93,186,0,25,313,13,16,7,3,45,15,5,0,71,78,34,22,3,138,202,11,26,378,8,5,0,0,15,21,7,0,40,0,3,0,0,7,3,0,5,14,0,0
801011024,243,286,100,14,639,175,46,32,885,27,14,14,5,58,70,14,10,147,3,4,3,0,12,3,0,0,18,31,17,20,5,70,76,18,10,169,5,7,12,0,31,42,5,14,87,0,0,0,0,0,0,0,0,0,0,0,0,0,0,0,0,0,0,..,..,..,..,..,..,..,..,..,0,5,4,0,3,3,0,0,6,5,14,14,0,36,45,5,14,92,0,0,0,0,0,0,0,0,0,0,0,0,0,0,0,0,0,0,0,0,0,0,0,0,0,0,0,0,0,0,0,0,0,0,0,0,0,0,0,0,0,0,0,0,0,278,309,132,19,744,295,69,48,1146,209,287,105,10,614,201,50,37,899,20,18,10,0,50,54,8,3,115,7,12,15,3,36,28,5,10,76,26,26,25,5,85,82,9,13,193,20,11,0,0,27,35,3,8,72,0,0,0,0,0,0,0,0,0,0,0
801011025,248,336,99,10,694,131,23,23,879,4,3,5,0,10,10,0,0,18,0,0,0,0,0,0,0,0,0,4,3,5,0,10,10,0,0,18,0,0,0,0,5,8,0,4,10,0,0,0,0,4,5,0,0,7,0,0,0,0,0,0,0,0,0,..,..,..,..,..,..,..,..,..,0,0,0,0,0,0,0,0,0,0,4,0,0,9,10,0,4,24,0,0,0,0,0,0,0,0,0,0,0,0,0,0,0,0,0,0,0,0,0,0,0,0,0,0,0,0,0,0,0,0,0,0,0,0,0,0,0,0,0,0,0,0,0,251,340,106,11,708,151,23,33,922,254,313,96,7,664,135,32,30,864,0,0,0,0,0,11,0,3,18,5,5,13,0,28,11,0,0,43,5,9,17,0,27,26,3,0,56,0,0,0,0,0,5,0,7,11,0,0,0,0,0,0,0,0,0,0,0
801011026,245,352,41,4,647,106,32,19,799,18,18,0,0,37,32,4,4,76,4,4,0,0,11,10,0,0,22,24,18,4,0,48,41,9,4,98,0,0,0,0,0,0,0,0,0,0,0,0,0,0,0,0,0,0,0,0,0,0,0,0,0,0,0,..,..,..,..,..,..,..,..,..,0,0,0,0,3,0,0,0,4,0,0,0,0,3,0,0,0,7,0,0,0,0,0,0,0,0,0,0,0,0,0,0,0,0,0,0,0,0,0,0,0,0,0,0,0,0,0,0,0,0,0,0,0,0,0,0,0,0,0,0,0,0,0,268,378,42,4,692,154,36,22,906,244,354,54,9,660,116,12,22,813,7,5,3,0,17,14,4,0,33,0,3,0,0,3,0,0,0,3,7,6,3,0,20,14,4,0,38,3,4,0,0,10,12,0,5,33,0,0,0,0,0,0,0,0,0,0,0
801011111,0,0,0,0,3,0,0,0,0,0,0,0,0,0,0,0,0,0,0,0,0,0,0,0,0,0,0,0,0,0,0,0,0,0,0,0,0,0,0,0,0,0,0,0,0,0,0,0,0,0,0,0,0,0,0,0,0,0,0,0,0,0,0,..,..,..,..,..,..,..,..,..,0,0,0,0,0,0,0,0,0,0,0,0,0,0,0,0,0,0,0,0,0,0,0,0,0,0,0,0,0,0,0,0,0,0,0,0,0,0,0,0,0,0,0,0,0,0,0,0,0,0,0,0,0,0,0,0,0,0,0,0,0,0,0,0,0,0,0,3,0,0,0,0,0,0,0,0,0,0,0,0,4,0,0,0,0,0,0,0,0,0,0,0,0,0,0,0,0,0,0,0,0,0,0,0,0,0,0,0,0,0,0,0,0,0,0,0,0,0,0,0,0,0,0,0,0,0,0,0
801011142,0,0,0,0,0,0,0,0,0,0,0,0,0,0,0,0,0,0,0,0,0,0,0,0,0,0,0,0,0,0,0,0,0,0,0,0,0,0,0,0,0,0,0,0,0,0,0,0,0,0,0,0,0,0,0,0,0,0,0,0,0,0,0,..,..,..,..,..,..,..,..,..,0,0,0,0,0,0,0,0,0,0,0,0,0,0,0,0,0,0,0,0,0,0,0,0,0,0,0,0,0,0,0,0,0,0,0,0,0,0,0,0,0,0,0,0,0,0,0,0,0,0,0,0,0,0,0,0,0,0,0,0,0,0,0,0,0,0,0,0,0,0,0,0,0,0,0,0,0,0,0,0,0,0,0,0,0,0,0,0,0,0,0,0,0,0,0,0,0,0,0,0,0,0,0,0,0,0,0,0,0,0,0,0,0,0,0,0,0,0,0,0,0,0,0,0,0,0,0,0
801011143,0,0,0,0,0,0,0,0,0,0,0,0,0,0,0,0,0,0,0,0,0,0,0,0,0,0,0,0,0,0,0,0,0,0,0,0,0,0,0,0,0,0,0,0,0,0,0,0,0,0,0,0,0,0,0,0,0,0,0,0,0,0,0,..,..,..,..,..,..,..,..,..,0,0,0,0,0,0,0,0,0,0,0,0,0,0,0,0,0,0,0,0,0,0,0,0,0,0,0,0,0,0,0,0,0,0,0,0,0,0,0,0,0,5,0,0,3,0,0,0,0,0,5,0,0,3,0,0,0,0,0,0,0,0,0,0,4,0,0,4,5,0,0,4,0,0,0,0,0,0,0,0,6,0,0,0,0,0,0,0,0,0,0,0,0,0,0,0,0,0,0,0,0,0,0,0,0,0,0,0,0,0,0,0,0,0,0,0,0,0,0,0,0,0,0,0,0,0,0,0
801011144,0,0,0,0,0,0,0,0,0,0,0,0,0,0,0,0,0,0,0,0,0,0,0,0,0,0,0,0,0,0,0,0,0,0,0,0,0,0,0,0,0,0,0,0,0,0,0,0,0,0,0,0,0,0,0,0,0,0,0,0,0,0,0,..,..,..,..,..,..,..,..,..,0,0,0,0,0,0,0,0,0,0,0,0,0,0,0,0,0,0,0,0,0,0,0,0,0,0,0,0,0,0,0,0,0,0,0,0,0,0,0,0,0,0,0,0,0,0,0,0,0,0,0,0,0,0,0,0,0,0,0,0,0,0,0,0,0,0,0,0,0,0,0,0,0,0,0,0,0,0,0,0,0,0,0,0,0,0,0,0,0,0,0,0,0,0,0,0,0,0,0,0,0,0,0,0,0,0,0,0,0,0,0,0,0,0,0,0,0,0,0,0,0,0,0,0,0,0,0,0
801031031,0,0,0,0,0,0,0,0,0,0,0,0,0,0,0,0,0,0,0,0,0,0,0,0,0,0,0,0,0,0,0,0,0,0,0,0,0,0,0,0,0,0,0,0,0,0,0,0,0,0,0,0,0,0,0,0,0,0,0,0,0,0,0,..,..,..,..,..,..,..,..,..,0,0,0,0,0,0,0,0,0,0,0,0,0,0,0,0,0,0,0,0,0,0,0,0,0,0,0,0,0,0,0,0,0,0,0,0,0,0,0,0,0,0,0,0,0,0,0,0,0,0,0,0,0,0,0,0,0,0,0,0,0,0,0,0,0,0,0,0,0,0,0,0,0,0,0,0,0,0,0,0,0,0,0,0,0,0,0,0,0,0,0,0,0,0,0,0,0,0,0,0,0,0,0,0,0,0,0,0,0,0,0,0,0,0,0,0,0,0,0,0,0,0,0,0,0,0,0,0
801031032,0,5,0,0,8,7,0,0,14,0,0,0,0,0,0,0,0,0,0,0,0,0,0,0,0,0,0,0,0,0,0,0,0,0,0,0,0,0,0,0,0,0,0,0,0,0,0,0,0,0,0,0,0,0,0,0,0,0,0,0,0,0,0,..,..,..,..,..,..,..,..,..,0,0,0,0,0,0,0,0,0,0,0,0,0,0,0,0,0,0,0,0,0,0,0,0,0,0,0,0,0,0,0,0,0,0,0,0,0,0,0,0,0,0,0,0,0,0,0,0,0,0,0,0,0,0,0,0,0,0,0,0,0,0,0,0,5,0,0,8,7,0,0,14,0,7,0,0,6,0,0,5,13,0,0,0,0,0,0,0,0,0,0,0,0,0,0,0,0,0,0,0,0,0,0,0,0,0,0,0,0,0,0,0,0,0,0,0,0,0,0,0,0,0,0,0,0,0,0,0
801031113,41,30,15,0,83,63,3,7,159,0,0,0,0,5,7,0,0,11,5,0,0,0,6,6,0,0,9,3,0,0,0,7,7,0,0,14,0,0,0,0,0,49,0,6,56,0,0,6,0,8,17,0,5,26,0,0,0,0,0,0,0,0,0,..,..,..,..,..,..,..,..,..,3,0,0,0,3,0,0,0,3,6,0,7,0,9,67,0,6,82,26,9,18,4,58,116,5,31,206,0,0,0,0,0,0,0,0,0,0,0,0,0,0,0,0,0,0,26,9,18,4,58,116,5,31,206,0,0,0,0,0,0,0,0,0,79,39,34,8,157,260,10,39,465,51,36,18,0,103,90,4,39,236,0,0,0,0,0,0,0,0,0,0,0,0,0,0,0,0,0,0,0,0,0,0,0,0,0,0,0,8,0,0,0,10,57,0,10,82,0,0,0,0,0,3,0,5,10,0,0
801031114,4,9,3,0,13,6,0,0,25,3,0,0,0,3,0,3,0,10,0,0,0,0,0,0,0,0,0,3,0,0,0,3,0,3,0,10,0,0,0,0,0,0,0,0,0,0,0,0,0,0,0,0,0,0,0,0,0,0,0,0,0,0,0,..,..,..,..,..,..,..,..,..,0,0,0,0,0,0,0,0,0,0,0,0,0,0,0,0,0,0,0,0,0,0,0,0,0,0,0,0,0,0,0,0,0,0,0,0,0,0,0,0,0,0,0,0,0,0,0,0,0,0,0,0,0,0,0,0,0,0,0,0,0,0,0,8,9,3,0,16,9,3,0,30,9,10,4,0,19,4,0,0,26,6,3,0,0,9,3,0,7,15,0,0,0,0,0,0,0,0,0,6,3,0,0,9,3,0,7,15,0,0,0,0,0,0,0,0,0,0,0,0,0,0,0,0,0,0,0,0
801031115,22,26,7,0,49,13,3,0,69,0,0,0,0,0,0,0,0,0,0,0,0,0,0,0,0,0,0,0,0,0,0,0,0,0,0,0,0,0,0,0,0,0,0,0,0,0,0,0,0,0,0,0,0,0,0,0,0,0,0,0,0,0,0,..,..,..,..,..,..,..,..,..,0,0,0,0,0,0,0,0,0,0,0,0,0,0,0,0,0,0,0,0,0,0,0,0,0,0,0,0,0,0,0,0,0,0,0,0,0,0,0,0,0,0,0,0,0,0,0,0,0,0,0,0,0,0,0,0,0,0,0,0,0,0,0,22,26,7,0,49,18,3,0,66,14,25,3,0,43,13,0,12,64,0,0,0,0,0,0,0,0,0,0,0,0,0,0,0,0,0,0,0,0,0,0,0,0,0,0,0,0,0,0,0,0,0,0,0,0,0,0,0,0,0,0,0,0,0,0,0
801041034,312,854,144,12,1317,138,37,12,1502,57,71,50,5,176,71,17,7,265,15,12,5,0,24,4,4,0,34,66,80,50,5,200,79,14,7,300,0,0,5,0,7,0,0,0,7,0,0,0,0,0,0,0,0,0,0,0,0,0,0,0,0,0,0,..,..,..,..,..,..,..,..,..,0,0,0,0,0,0,0,0,0,0,0,5,0,7,0,0,0,10,0,0,0,0,0,0,0,0,0,0,0,0,0,0,0,0,0,0,0,0,0,0,0,0,0,0,0,0,0,0,0,0,0,0,0,0,0,0,0,0,0,0,0,0,0,381,936,195,16,1529,214,48,22,1808,308,870,147,9,1336,179,28,38,1581,30,42,25,0,91,42,0,3,148,27,43,20,4,98,13,4,0,115,55,86,47,4,191,65,7,5,267,0,0,0,0,0,0,0,0,0,0,0,0,0,0,0,0,0,0,0,0
801041035,111,205,40,3,348,58,21,8,437,14,3,0,0,19,9,9,0,39,15,17,5,0,32,13,3,5,59,21,20,5,0,54,27,10,4,92,0,0,0,0,0,0,0,0,0,0,0,0,0,0,0,0,0,0,0,0,0,0,0,0,0,0,0,..,..,..,..,..,..,..,..,..,0,0,0,0,0,0,0,0,0,0,0,0,0,0,0,0,0,0,0,0,0,0,0,0,0,0,0,0,0,0,0,0,0,0,0,0,0,0,0,0,0,0,0,0,0,0,0,0,0,0,0,0,0,0,0,0,0,0,0,0,0,0,0,130,229,43,4,403,81,33,12,528,252,966,135,15,1365,132,31,65,1588,43,76,15,4,141,37,12,10,202,66,88,27,3,188,53,18,10,262,106,159,47,4,328,94,30,20,470,0,0,0,0,0,0,0,0,3,0,0,0,0,0,3,0,0,3,0,0
801041036,121,162,27,6,316,58,20,13,413,18,11,16,0,44,19,8,3,77,11,23,8,0,42,18,8,3,64,31,30,19,3,91,34,16,6,145,0,0,0,0,0,0,0,0,0,0,0,0,0,0,0,0,0,0,0,0,0,0,0,0,0,0,0,..,..,..,..,..,..,..,..,..,0,0,0,0,0,0,0,0,0,0,0,0,0,0,0,0,0,0,0,0,0,0,0,0,0,0,0,0,0,0,0,0,0,0,0,0,0,0,0,0,0,0,0,0,0,0,0,0,0,0,0,0,0,0,0,0,0,0,0,0,0,0,0,151,196,46,7,408,97,38,23,557,301,667,113,6,1088,109,26,52,1277,90,72,23,4,193,91,21,13,310,107,122,55,6,292,101,15,25,437,198,193,78,12,482,190,35,39,746,6,3,6,0,10,0,4,4,19,11,3,3,0,13,9,4,0,26,0,0
801041037,46,45,6,0,98,10,4,0,112,0,0,0,0,0,0,0,0,0,45,22,7,0,78,33,12,0,126,45,27,7,0,79,33,12,0,127,0,0,0,0,0,0,0,0,0,0,0,0,0,0,0,0,0,0,0,0,0,0,0,0,0,0,0,..,..,..,..,..,..,..,..,..,0,0,0,0,0,0,0,0,0,0,0,0,0,0,0,0,0,0,0,0,0,0,0,0,0,0,0,0,0,0,0,0,0,0,0,0,0,0,0,0,0,0,0,0,0,0,0,0,0,0,0,0,0,0,0,0,0,0,0,0,0,0,0,92,64,14,0,172,42,20,0,236,245,594,51,6,898,60,39,22,1012,14,6,0,0,14,3,4,0,27,111,103,32,3,245,69,32,24,368,115,108,32,3,263,79,38,24,396,18,0,0,0,18,22,0,6,46,23,7,0,0,30,40,0,14,87,18,0
801041038,178,340,34,5,552,52,18,15,639,0,0,0,0,0,0,0,0,3,35,23,11,0,69,17,13,0,95,35,28,11,0,72,15,14,0,95,0,0,0,0,0,0,0,0,0,0,6,0,0,5,0,0,0,5,8,5,0,0,12,0,0,0,9,..,..,..,..,..,..,..,..,..,0,0,0,0,0,0,0,0,0,5,8,0,0,12,0,0,0,18,0,0,0,0,0,0,0,0,0,0,0,0,0,0,0,0,0,0,0,0,0,0,0,0,0,0,0,0,0,0,0,0,0,0,0,0,0,0,0,0,0,0,0,0,0,217,374,42,5,636,71,33,15,755,205,673,66,5,950,91,18,23,1091,6,0,0,0,9,0,0,0,15,52,94,28,0,169,42,8,18,238,59,92,26,0,179,42,8,16,250,0,0,0,0,0,0,0,0,0,0,4,3,0,8,5,0,0,16,0,0
801041039,267,517,60,17,861,103,62,39,1066,38,16,3,4,56,26,14,8,111,13,10,0,0,19,4,9,0,33,47,25,3,4,77,28,23,7,140,16,4,0,0,22,9,4,3,39,13,8,0,0,19,24,10,4,57,0,0,0,0,0,0,0,0,0,..,..,..,..,..,..,..,..,..,0,0,0,0,0,0,0,0,0,30,13,0,0,44,36,14,3,96,0,0,0,0,0,0,0,0,0,0,0,0,0,0,0,0,0,0,0,0,0,0,0,0,0,0,0,0,0,0,0,0,0,0,0,0,0,0,0,0,0,0,0,0,0,346,552,61,24,984,164,106,55,1305,218,643,86,16,967,102,53,26,1143,20,39,4,0,69,17,12,11,116,100,90,20,5,212,51,51,10,322,124,128,24,9,283,68,66,16,439,30,6,0,0,35,14,4,0,67,161,73,18,14,263,213,41,44,561,31,13
801041040,150,492,60,4,712,59,30,20,827,55,94,27,0,178,53,19,12,264,90,119,48,12,273,69,59,39,436,148,213,77,17,454,121,73,50,697,23,16,0,4,42,32,11,3,88,61,18,5,4,89,71,15,22,193,58,17,9,9,83,86,12,17,200,..,..,..,..,..,..,..,..,..,0,0,0,0,0,3,0,11,20,133,54,17,9,215,192,39,56,505,0,0,0,0,0,0,0,0,0,0,0,0,0,0,0,0,0,0,5,0,4,0,7,0,3,0,15,5,0,4,0,7,0,3,0,15,0,0,0,0,0,0,0,0,0,442,763,157,31,1385,372,154,131,2038,162,490,63,7,726,59,35,37,854,37,72,15,0,125,45,18,8,200,162,171,59,14,413,120,83,45,659,209,236,78,14,542,169,101,58,861,0,0,0,0,4,13,0,5,26,63,29,8,5,97,90,12,23,221,57,35
801041043,34,43,3,3,80,5,0,4,98,4,0,0,0,4,4,0,0,11,4,0,0,0,4,0,0,0,4,10,0,0,0,3,4,0,0,11,0,0,0,0,0,0,0,0,0,0,0,0,0,0,0,0,0,0,0,0,0,0,0,0,0,0,0,..,..,..,..,..,..,..,..,..,0,0,0,0,0,0,0,0,0,0,0,0,0,0,0,0,0,0,0,0,0,0,0,0,0,0,0,0,0,0,0,0,0,0,0,0,0,0,0,0,0,0,0,0,0,0,0,0,0,0,0,0,0,0,0,0,0,0,0,0,0,0,0,39,43,6,3,92,17,0,4,105,32,38,3,0,74,14,0,3,92,0,0,0,0,0,12,0,0,13,0,0,0,0,0,0,0,0,4,0,0,0,0,0,13,0,0,16,0,0,0,0,0,0,0,0,0,0,0,0,0,0,0,0,0,0,0,0
801041044,195,545,64,4,807,39,18,20,885,35,66,10,0,115,13,4,10,146,100,122,45,6,278,45,26,21,374,130,190,61,11,393,60,33,29,517,0,0,0,0,3,0,0,0,3,0,0,0,0,0,0,0,0,0,0,0,0,0,0,0,0,0,0,..,..,..,..,..,..,..,..,..,0,0,0,0,0,0,0,0,0,0,0,0,0,3,0,0,0,3,0,0,0,0,0,0,0,0,0,0,0,0,0,0,0,0,0,0,0,0,0,0,0,0,0,0,0,0,0,0,0,0,0,0,0,0,0,0,0,0,0,0,0,0,0,328,735,123,15,1207,99,53,51,1406,258,815,101,11,1184,78,48,26,1339,15,37,10,0,62,18,10,4,97,116,173,52,4,348,79,30,27,480,129,209,62,4,410,99,45,27,580,6,3,5,0,16,3,3,0,29,71,45,19,3,137,94,27,10,270,115,78
801041045,0,0,0,0,0,4,0,0,5,0,0,0,0,0,0,0,0,0,0,0,0,0,0,0,0,0,0,0,0,0,0,0,0,0,0,0,0,0,0,0,0,0,0,0,0,0,0,0,0,0,0,0,0,0,0,0,0,0,0,0,0,0,0,..,..,..,..,..,..,..,..,..,0,0,0,0,0,0,0,0,0,0,0,0,0,0,0,0,0,0,0,0,0,0,0,0,0,0,0,0,0,0,0,0,0,0,0,0,0,0,0,0,0,0,0,0,0,0,0,0,0,0,0,0,0,0,0,0,0,0,0,0,0,0,0,0,0,0,0,0,7,0,0,6,0,0,0,0,0,0,0,0,0,0,0,0,0,0,0,0,0,0,0,0,0,0,0,0,0,0,0,0,0,0,0,0,0,0,0,0,0,0,0,0,0,0,0,0,0,0,0,0,0,0,0,0,0,0,0,0
801041046,546,985,292,29,1849,488,89,69,2485,128,120,80,3,334,211,26,12,590,86,87,34,0,206,68,30,7,315,213,205,113,7,539,284,55,19,901,4,8,4,0,21,3,0,0,24,0,0,0,0,0,0,0,0,0,0,0,0,0,0,0,0,0,0,..,..,..,..,..,..,..,..,..,0,0,0,0,0,0,0,0,0,4,8,4,0,21,3,0,0,24,0,0,0,0,0,0,0,0,0,0,0,0,0,0,0,0,0,0,0,0,0,0,0,0,0,0,0,0,0,0,0,0,0,0,0,0,0,0,0,0,0,0,0,0,0,764,1200,403,34,2405,780,149,85,3418,611,1103,282,21,2020,411,76,110,2610,179,242,117,10,550,340,19,34,936,79,86,50,10,227,95,27,22,370,262,327,170,18,775,430,48,58,1306,0,0,0,0,0,0,0,0,0,0,0,0,0,0,0,0,0,0,0,0
801041047,527,1020,146,20,1711,164,24,29,1928,61,38,20,0,118,60,11,7,197,37,28,13,0,76,25,0,4,109,98,58,35,8,195,86,13,11,304,0,0,0,0,0,4,0,0,5,0,0,0,0,0,0,0,0,0,0,0,0,0,0,0,0,0,0,..,..,..,..,..,..,..,..,..,0,0,0,0,0,0,0,0,0,0,0,0,0,0,4,0,0,5,0,0,0,0,0,0,0,0,0,0,0,0,0,0,0,0,0,0,0,0,0,0,0,0,0,0,0,0,0,0,0,0,0,0,0,0,0,0,0,0,0,0,0,0,0,620,1088,180,22,1908,254,33,41,2237,541,981,121,9,1656,192,23,63,1937,36,29,32,6,96,58,5,12,170,33,42,21,0,97,31,0,6,136,66,70,50,6,194,93,8,14,312,0,3,0,0,6,0,0,0,3,0,0,0,0,0,0,0,0,0,0,0
801041048,315,633,135,16,1097,167,34,27,1324,121,129,61,12,329,167,46,21,559,41,41,31,0,111,46,12,0,171,165,173,90,10,439,215,54,24,730,0,0,0,0,0,0,0,0,0,0,0,0,0,0,0,0,0,0,0,0,0,0,0,0,0,0,0,..,..,..,..,..,..,..,..,..,0,0,0,0,0,3,0,0,6,0,0,0,0,0,3,0,0,6,0,0,0,0,0,0,0,0,0,0,0,0,0,0,0,0,0,0,0,0,0,0,0,0,0,0,0,0,0,0,0,0,0,0,0,0,0,0,0,0,0,0,0,0,0,476,804,225,28,1539,378,91,51,2056,301,530,106,10,950,141,35,27,1156,134,173,87,9,402,224,22,45,699,44,50,18,0,111,50,13,9,180,180,222,106,10,515,273,35,51,876,0,0,0,0,0,0,3,0,9,0,0,0,0,0,0,0,0,0,0,0
801041116,3,0,0,0,4,0,0,0,6,0,0,0,0,0,0,0,0,0,0,0,0,0,0,0,0,0,0,0,0,0,0,0,0,0,0,0,0,0,0,0,0,0,0,0,0,0,0,0,0,0,0,0,0,0,0,0,0,0,0,0,0,0,0,..,..,..,..,..,..,..,..,..,0,0,0,0,0,0,0,0,0,0,0,0,0,0,0,0,0,0,0,0,0,0,0,0,0,0,0,0,0,0,0,0,0,0,0,0,0,0,0,0,0,0,0,0,0,0,0,0,0,0,0,0,0,0,0,0,0,0,0,0,0,0,0,3,0,0,0,4,0,0,0,6,0,0,0,0,0,0,0,0,0,0,0,0,0,0,0,0,0,0,0,0,0,0,0,0,0,0,0,0,0,0,0,0,0,0,0,0,0,0,0,0,0,0,0,0,0,0,0,0,0,0,0,0,0,0,0,0
801041117,0,0,0,0,0,0,0,0,0,0,0,0,0,0,0,0,0,0,0,0,0,0,0,0,0,0,0,0,0,0,0,0,0,0,0,0,0,0,0,0,0,0,0,0,0,0,0,0,0,0,0,0,0,0,0,0,0,0,0,0,0,0,0,..,..,..,..,..,..,..,..,..,0,0,0,0,0,0,0,0,0,0,0,0,0,0,0,0,0,0,0,0,0,0,0,0,0,0,0,0,0,0,0,0,0,0,0,0,0,0,0,0,0,0,0,0,0,0,0,0,0,0,0,0,0,0,0,0,0,0,0,0,0,0,0,0,0,0,0,0,0,0,0,0,0,0,0,0,0,0,0,0,0,0,0,0,0,0,0,0,0,0,0,0,0,0,0,0,0,0,0,0,0,0,0,0,0,0,0,0,0,0,0,0,0,0,0,0,0,0,0,0,0,0,0,0,0,0,0,0
801041118,0,0,0,0,0,0,0,0,0,0,0,0,0,0,0,0,0,0,0,0,0,0,0,0,0,0,0,0,0,0,0,0,0,0,0,0,0,0,0,0,0,0,0,0,0,0,0,0,0,0,0,0,0,0,0,0,0,0,0,0,0,0,0,..,..,..,..,..,..,..,..,..,0,0,0,0,0,0,0,0,0,0,0,0,0,0,0,0,0,0,0,0,0,0,0,0,0,0,0,0,0,0,0,0,0,0,0,0,0,0,0,0,0,0,0,0,0,0,0,0,0,0,0,0,0,0,0,0,0,0,0,0,0,0,0,0,0,0,0,0,0,0,0,0,15,52,18,0,87,7,0,0,99,14,30,3,0,51,18,9,0,76,8,17,3,0,34,22,6,0,56,27,50,7,0,85,32,10,0,135,0,0,0,0,0,0,0,0,0,0,0,0,0,0,0,0,0,0,0,0
801041119,0,0,0,0,0,0,0,0,0,0,0,0,0,0,0,0,0,0,0,0,0,0,0,0,0,0,0,0,0,0,0,0,0,0,0,0,0,0,0,0,0,0,0,0,0,0,0,0,0,0,0,0,0,0,0,0,0,0,0,0,0,0,0,..,..,..,..,..,..,..,..,..,0,0,0,0,0,0,0,0,0,0,0,0,0,0,0,0,0,0,0,0,0,0,0,0,0,18,18,0,0,0,0,0,0,0,0,4,0,0,0,0,0,0,0,0,0,0,0,0,0,0,3,0,20,21,0,0,0,0,0,0,0,0,0,0,0,0,0,0,3,0,20,21,0,0,0,0,3,0,0,0,3,0,0,0,0,0,0,0,0,0,0,0,0,0,0,0,0,0,0,0,0,0,0,0,0,0,0,0,0,0,0,0,0,0,0,0,0,0,0,0,0,0,0,0,0,0,0,0
801041120,0,0,0,0,0,0,0,0,0,0,0,0,0,0,0,0,0,0,0,0,0,0,0,0,0,0,0,0,0,0,0,0,0,0,0,0,0,0,0,0,0,0,0,0,0,0,0,0,0,0,0,0,0,0,0,0,0,0,0,0,0,0,0,..,..,..,..,..,..,..,..,..,0,0,0,0,0,0,0,0,0,0,0,0,0,0,0,0,0,0,0,0,0,0,0,0,0,0,0,0,0,0,0,0,0,0,0,0,0,0,0,0,0,0,0,0,0,0,0,0,0,0,0,0,0,0,0,0,0,0,0,0,0,0,0,0,0,0,0,0,0,0,0,0,5,13,0,0,18,0,0,0,27,0,0,0,0,0,0,0,0,0,0,0,0,0,0,0,0,0,0,0,0,0,0,0,0,0,0,0,0,0,0,0,0,0,0,0,0,0,0,0,0,0,0,0,0,0,0,0
801041121,0,0,0,0,0,0,0,0,0,0,0,0,0,0,0,0,0,0,0,0,0,0,0,0,0,0,0,0,0,0,0,0,0,0,0,0,0,0,0,0,0,0,0,0,0,0,0,0,0,0,0,0,0,0,0,0,0,0,0,0,0,0,0,..,..,..,..,..,..,..,..,..,0,0,0,0,0,0,0,0,0,0,0,0,0,0,0,0,0,0,0,0,0,0,0,0,0,0,0,0,0,0,0,0,0,0,0,0,0,0,0,0,0,0,0,0,0,0,0,0,0,0,0,0,0,0,0,0,0,0,0,0,0,0,0,0,0,0,0,0,0,0,0,0,0,0,0,0,0,0,0,0,0,0,0,0,0,0,0,0,0,0,0,0,0,0,0,0,0,0,0,0,0,0,0,0,0,0,0,0,0,0,0,0,0,0,0,0,0,0,0,0,0,0,0,0,0,0,0,0
801041122,0,0,0,0,0,0,0,0,0,0,0,0,0,0,0,0,0,0,0,0,0,0,0,0,0,0,0,0,0,0,0,0,0,0,0,0,0,0,0,0,0,0,0,0,0,0,0,0,0,0,0,0,0,0,0,0,0,0,0,0,0,0,0,..,..,..,..,..,..,..,..,..,0,0,0,0,0,0,0,0,0,0,0,0,0,0,0,0,0,0,0,0,0,0,0,0,0,0,0,0,0,0,0,0,0,0,0,0,0,0,0,0,0,0,0,0,0,0,0,0,0,0,0,0,0,0,0,0,0,0,0,0,0,0,0,0,0,0,0,0,0,0,0,0,0,0,0,0,0,0,0,0,0,0,0,0,0,0,0,0,0,0,0,0,0,0,0,0,0,0,0,0,0,0,0,0,0,0,0,0,0,0,0,0,0,0,0,0,0,0,0,0,0,0,0,0,0,0,0,0
801051049,0,0,0,0,3,0,0,0,3,0,0,0,0,0,0,0,0,0,0,0,0,0,0,0,0,0,0,0,0,0,0,0,0,0,0,0,4,0,0,0,6,0,0,8,16,0,0,0,0,0,0,0,3,4,0,0,0,0,0,0,0,0,0,..,..,..,..,..,..,..,..,..,0,0,0,0,0,0,0,0,0,3,0,0,0,6,0,0,16,20,0,0,0,0,0,0,0,0,0,0,0,0,0,0,0,0,0,0,0,0,0,0,0,0,0,0,0,0,0,0,0,0,0,0,0,0,0,0,0,0,0,0,0,0,0,7,3,0,0,7,5,0,17,25,0,0,0,0,0,0,0,0,0,0,0,0,0,0,0,0,0,0,0,0,0,0,0,0,0,0,0,0,0,0,0,0,0,0,0,0,0,0,0,0,0,0,0,0,0,0,0,0,0,0,0,0,0,0,0,0
801051050,407,482,157,17,1070,382,161,72,1685,32,10,12,3,59,64,10,18,153,14,11,19,0,51,23,9,13,100,45,28,40,3,117,86,21,31,254,12,8,9,0,28,74,8,0,112,0,0,0,0,0,0,0,0,0,0,0,0,0,0,0,0,0,0,..,..,..,..,..,..,..,..,..,0,0,0,0,0,3,0,0,5,16,8,9,0,30,75,8,0,113,0,0,0,0,0,0,0,0,0,0,0,0,0,0,0,0,0,0,0,0,0,0,0,0,0,0,0,0,0,0,0,0,0,0,0,3,0,0,0,0,0,0,0,0,0,468,515,202,19,1208,546,199,107,2055,318,509,146,10,981,302,118,68,1464,56,36,14,8,109,105,11,12,233,28,16,15,0,64,40,13,6,124,84,48,32,3,172,146,24,13,360,9,0,0,0,12,52,0,19,85,0,0,0,0,0,0,0,0,0,34,0
801051051,52,60,16,0,124,38,45,19,221,20,6,4,0,31,57,15,7,103,50,13,13,0,77,55,55,4,196,72,18,17,0,105,110,68,14,295,123,6,7,0,145,196,53,51,450,168,26,44,16,254,302,118,95,765,115,35,9,9,169,188,73,101,526,..,..,..,..,..,..,..,..,..,0,0,0,0,0,0,0,0,0,404,68,67,26,564,686,241,243,1739,0,0,0,0,0,0,0,0,0,0,0,0,0,0,0,0,0,0,0,0,0,0,0,0,0,0,0,0,0,0,0,0,0,0,0,0,0,0,0,0,0,0,0,0,0,525,149,91,31,797,832,353,278,2263,47,55,11,3,116,29,39,8,188,19,16,6,0,35,41,9,14,88,65,31,14,6,114,56,68,19,256,85,46,21,6,155,99,73,28,349,102,17,5,5,128,185,55,38,405,181,31,24,4,241,316,144,94,797,276,42
801051053,0,0,0,0,0,0,0,0,0,0,0,0,0,0,0,3,0,5,0,0,0,0,0,0,0,0,0,0,0,0,0,0,0,3,0,5,0,0,0,0,0,0,0,0,0,37,3,5,0,40,46,11,20,124,243,34,17,4,301,311,82,201,896,..,..,..,..,..,..,..,..,..,0,0,0,0,0,0,0,0,0,274,36,21,3,338,359,95,220,1021,0,0,0,0,0,0,0,0,0,0,0,0,0,0,0,0,14,14,0,0,0,0,0,0,0,0,0,0,0,0,0,0,0,0,14,14,0,0,0,0,0,0,0,0,3,276,36,21,3,342,361,95,245,1041,0,0,0,0,0,0,0,0,0,0,0,0,0,0,0,0,0,0,0,0,0,0,0,0,0,0,0,0,0,0,0,0,0,0,0,0,0,0,0,0,0,0,0,0,0,0,0,0,0,3,4,0,0,7,393,81
801051054,123,120,48,5,302,118,71,13,507,7,4,0,0,19,16,5,3,41,32,35,27,4,99,38,17,8,163,39,36,32,4,117,56,21,7,201,8,11,0,0,17,25,4,5,57,32,6,0,0,33,19,4,6,66,21,5,0,0,24,33,6,12,74,..,..,..,..,..,..,..,..,..,0,0,0,0,0,0,0,0,0,63,8,0,0,81,79,12,24,195,0,0,0,0,0,0,0,0,0,0,0,0,0,0,0,0,0,0,0,0,0,0,0,0,0,0,0,0,0,0,0,0,0,0,0,0,0,0,0,0,0,0,0,0,0,234,177,82,8,496,255,109,51,903,97,127,25,3,249,102,77,25,450,0,4,3,0,7,18,4,3,30,29,38,28,3,103,42,25,12,184,33,45,32,3,108,59,28,18,217,62,8,4,0,73,93,12,17,198,7,0,0,0,5,0,0,0,8,18,3
801051055,281,326,112,16,729,243,108,39,1122,18,18,5,0,43,28,9,0,86,24,9,16,0,52,27,14,0,97,44,27,26,0,96,61,21,0,184,20,9,7,0,28,59,9,6,110,0,0,0,0,4,3,0,0,10,0,0,0,0,0,0,0,0,0,..,..,..,..,..,..,..,..,..,5,0,0,0,6,3,0,0,16,24,10,10,0,38,65,10,13,128,0,0,0,0,0,0,0,0,0,0,0,0,0,0,0,0,0,0,0,0,0,0,0,0,0,0,0,0,0,0,0,0,0,0,0,0,0,0,0,0,0,0,0,0,0,348,360,141,14,867,370,144,52,1437,245,330,111,15,701,205,113,51,1071,24,19,12,0,58,25,11,11,99,27,19,11,4,53,30,7,6,101,49,39,22,3,113,59,18,15,200,34,10,4,0,47,61,3,4,126,0,0,0,0,3,9,0,0,9,0,0
801051056,235,329,85,17,666,191,43,10,910,24,10,3,0,45,30,0,4,86,11,10,9,0,32,9,3,0,43,35,26,13,0,77,38,3,4,118,13,6,5,0,25,50,3,11,86,12,8,0,0,19,22,9,0,49,0,0,0,0,0,0,0,0,0,..,..,..,..,..,..,..,..,..,3,0,3,0,6,8,5,4,16,23,12,11,0,48,73,13,16,152,0,0,0,0,0,0,0,0,0,0,0,0,0,0,0,0,0,0,0,0,0,0,0,0,0,0,0,0,0,0,0,0,0,0,0,5,0,0,0,0,0,0,0,0,0,297,372,107,17,792,305,60,31,1185,220,346,86,4,655,165,37,16,883,30,23,7,0,65,65,7,0,140,6,15,11,0,29,4,0,0,33,44,37,15,0,94,69,7,7,175,11,3,4,4,15,29,0,8,51,7,11,4,0,25,32,5,7,60,0,0
801051057,198,208,63,8,480,135,61,45,714,50,26,10,5,88,130,10,18,247,127,72,55,4,257,179,63,49,538,181,101,60,11,345,304,76,62,786,82,31,10,3,126,109,31,10,281,44,5,4,5,52,97,19,18,184,0,0,0,0,0,0,0,0,3,..,..,..,..,..,..,..,..,..,0,0,0,0,0,4,0,3,15,124,30,17,4,183,218,51,34,481,0,0,0,0,0,4,0,0,8,0,0,0,0,0,0,0,0,0,0,0,0,0,0,0,0,0,0,0,0,0,0,0,4,0,0,8,0,0,0,0,0,0,0,0,0,506,347,145,20,1012,657,184,140,1985,175,196,58,3,434,134,56,38,665,50,41,19,4,109,114,23,21,266,178,87,46,10,321,193,58,44,615,231,126,64,12,430,305,80,66,884,39,9,9,3,59,111,25,32,228,40,24,5,3,69,82,16,18,187,106,24
801051058,380,535,150,32,1099,306,192,59,1659,19,8,8,0,38,53,13,5,110,13,11,3,0,28,20,11,4,61,32,19,10,0,62,79,19,11,164,24,13,8,0,42,64,10,16,138,28,7,3,0,45,64,20,11,133,0,0,0,0,0,0,0,0,0,..,..,..,..,..,..,..,..,..,6,0,0,0,6,3,0,0,16,59,17,12,0,93,134,34,24,281,0,0,0,0,0,0,0,86,86,0,0,0,0,0,0,0,0,0,0,0,0,0,0,0,0,0,0,0,0,0,0,0,0,0,86,86,0,0,0,0,0,3,0,0,3,475,576,173,29,1258,518,247,178,2199,309,504,125,21,967,244,162,58,1430,42,25,11,3,86,88,29,19,217,20,18,7,0,49,40,16,11,109,67,42,17,3,130,126,41,28,325,54,15,10,4,85,95,18,19,221,55,17,9,0,80,81,29,20,206,0,0
801051060,102,109,20,5,231,58,44,22,357,4,7,4,0,9,3,5,0,22,31,26,5,3,62,26,24,11,120,33,31,9,4,75,27,32,10,141,21,7,7,5,38,64,25,4,138,122,23,8,7,159,237,61,50,508,206,23,15,10,248,228,114,110,705,..,..,..,..,..,..,..,..,..,0,0,0,0,0,5,0,0,6,351,49,39,15,453,544,200,162,1357,0,0,0,0,0,0,0,0,0,0,0,0,0,0,0,0,0,0,0,0,0,0,0,0,0,0,0,0,0,0,0,0,0,0,0,0,0,0,0,0,0,0,0,0,0,489,184,62,25,763,632,273,192,1858,73,73,12,0,164,40,37,15,261,22,14,7,0,42,24,14,3,77,25,18,5,0,51,34,29,10,117,51,32,10,0,90,51,39,13,193,47,22,8,10,78,116,24,20,242,171,51,19,10,255,259,97,124,738,167,43
801051061,333,405,132,9,881,286,79,28,1271,3,8,0,0,12,6,0,0,20,112,60,21,3,193,68,54,11,325,115,67,19,3,212,76,58,11,349,84,24,14,8,129,147,49,17,346,37,8,5,3,57,40,25,8,134,0,0,0,0,0,0,0,0,0,..,..,..,..,..,..,..,..,..,0,0,0,0,0,14,0,0,15,124,31,24,14,194,202,77,29,494,0,0,0,0,0,0,0,0,0,0,0,0,0,0,0,0,0,0,0,0,0,0,0,0,0,0,0,0,0,0,0,0,0,0,0,0,0,0,0,0,0,0,0,0,0,576,507,179,22,1282,560,213,62,2115,335,484,130,17,958,301,79,48,1386,7,15,4,3,31,38,3,12,80,98,82,26,0,213,54,41,19,326,103,101,35,0,241,95,45,29,406,109,40,35,5,189,175,33,24,424,25,20,13,0,60,75,12,8,153,8,0
801051123,0,0,0,0,0,0,0,0,0,0,0,0,0,0,0,0,0,0,0,0,0,0,0,0,0,0,0,0,0,0,0,0,0,0,0,0,0,0,0,0,0,0,0,0,0,0,0,0,0,0,0,0,0,0,0,0,0,0,0,0,0,0,0,..,..,..,..,..,..,..,..,..,0,0,0,0,0,0,0,0,0,0,0,0,0,0,0,0,0,0,0,0,0,0,0,0,0,0,0,0,0,0,0,0,0,0,0,0,0,0,0,0,0,0,0,0,0,0,0,0,0,0,0,0,0,0,0,0,0,0,0,0,0,0,0,0,0,0,0,0,0,0,0,0,0,0,0,0,0,0,0,0,0,0,0,0,0,0,0,0,0,0,0,0,0,0,0,0,0,0,0,0,0,0,0,0,0,0,0,0,0,0,0,0,0,0,0,0,0,0,0,0,0,0,0,0,0,0,0,0
801051124,243,326,49,12,633,164,68,32,897,11,3,3,0,20,33,3,0,59,19,13,6,0,36,22,8,0,67,28,15,4,6,55,53,13,8,125,25,5,6,0,32,48,10,7,105,18,0,4,0,20,73,6,5,106,0,0,0,0,0,0,0,0,0,..,..,..,..,..,..,..,..,..,4,0,0,0,7,3,0,3,9,42,9,8,0,61,121,19,12,221,0,0,0,0,0,0,0,0,0,0,0,0,0,0,0,0,0,0,0,0,0,0,0,0,0,0,0,0,0,0,0,0,0,0,0,0,0,0,0,0,0,0,0,0,0,313,351,66,16,747,344,101,54,1243,251,316,45,5,618,157,52,29,844,7,5,0,0,17,39,9,16,79,32,22,12,0,64,38,9,9,120,43,27,11,0,82,82,13,23,198,0,0,0,0,0,18,3,0,29,27,3,0,0,37,60,8,12,114,10,0
801051125,26,57,3,0,86,3,0,4,97,0,0,0,0,0,0,0,0,0,12,10,0,0,28,0,0,3,26,12,8,0,0,27,0,0,3,32,0,0,0,0,0,0,0,0,0,0,0,0,0,0,0,0,0,0,0,0,0,0,0,0,0,0,0,..,..,..,..,..,..,..,..,..,0,0,0,0,0,0,0,0,0,0,0,0,0,0,0,0,0,0,0,0,0,0,0,0,0,0,0,0,0,0,0,0,0,0,0,0,0,0,0,0,0,0,0,0,0,0,0,0,0,0,0,0,0,0,0,0,0,0,0,0,0,0,6,44,62,3,0,110,8,0,8,136,54,78,0,0,133,0,0,8,140,3,0,0,0,3,0,0,0,3,0,0,0,0,0,0,0,0,0,3,0,0,0,3,0,0,0,3,0,0,0,0,0,0,0,0,0,0,0,0,0,0,0,0,0,0,0,0
801051126,0,0,0,0,0,0,0,0,0,0,0,0,0,0,0,0,0,0,0,0,0,0,0,0,0,0,0,0,0,0,0,0,0,0,0,0,0,0,0,0,0,0,0,0,0,0,0,0,0,0,0,0,0,0,0,0,0,0,0,0,0,0,0,..,..,..,..,..,..,..,..,..,0,0,0,0,0,0,0,0,0,0,0,0,0,0,0,0,0,0,0,0,0,0,0,0,0,0,0,0,0,0,0,0,0,0,0,0,0,0,0,0,0,0,0,0,0,0,0,0,0,0,0,0,0,0,0,0,0,0,0,0,0,0,0,0,0,0,0,0,0,0,0,0,0,0,0,0,0,0,0,0,0,0,0,0,0,0,0,0,0,0,0,0,0,0,0,0,0,0,0,0,0,0,0,0,0,0,0,0,0,0,0,0,0,0,0,0,0,0,0,0,0,0,0,0,0,0,0,0
801051127,85,73,21,0,181,48,22,9,262,0,0,0,0,0,0,0,0,0,19,19,4,3,44,17,11,3,72,19,19,4,3,44,17,11,3,72,0,6,8,0,17,68,10,10,102,24,12,31,6,71,104,19,68,269,22,7,5,0,34,50,12,25,123,..,..,..,..,..,..,..,..,..,0,0,0,0,0,0,0,0,0,47,20,48,9,116,221,41,107,493,0,0,0,0,0,0,0,0,0,0,0,0,0,0,0,0,0,0,0,0,0,0,0,0,0,0,0,0,0,0,0,0,0,0,0,0,0,0,0,0,0,0,0,0,0,154,107,72,6,335,290,77,120,827,77,78,14,0,158,43,20,14,237,3,0,0,0,6,3,0,0,11,32,22,7,4,70,46,21,29,167,33,22,7,4,70,47,25,30,172,6,0,4,0,8,54,0,17,83,8,0,13,0,19,97,11,28,158,45,4
801051128,0,0,0,0,0,0,0,0,0,0,0,0,0,0,0,0,0,0,0,0,0,0,0,0,0,0,0,0,0,0,0,0,0,0,0,0,0,0,0,0,0,0,0,0,0,0,0,0,0,0,0,0,0,0,0,0,0,0,0,0,0,0,0,..,..,..,..,..,..,..,..,..,0,0,0,0,0,0,0,0,0,0,0,0,0,0,0,0,0,0,0,0,0,0,0,0,0,0,0,0,0,0,0,0,0,0,0,0,0,0,0,0,0,0,0,0,0,0,0,0,0,0,0,0,0,0,0,0,0,0,0,0,0,0,0,0,0,0,0,0,0,0,0,0,0,0,0,0,0,0,0,0,0,0,0,0,0,0,0,0,0,0,0,0,0,0,0,0,0,0,0,0,0,0,0,0,0,0,0,0,0,0,0,0,0,0,0,0,0,0,0,0,0,0,0,0,0,0,0,0
801061062,249,304,70,11,641,158,31,23,854,8,0,0,0,12,25,0,0,34,5,4,5,0,14,7,0,0,25,12,4,4,0,19,33,0,0,61,19,9,0,0,30,68,3,4,103,8,0,0,0,11,16,0,0,24,29,3,0,0,38,26,0,7,68,..,..,..,..,..,..,..,..,..,0,0,0,0,0,0,0,0,0,59,13,0,0,72,108,4,16,202,0,0,0,0,0,0,0,0,0,0,0,0,0,0,0,0,0,0,0,0,0,0,0,0,0,0,0,0,0,0,0,0,0,0,0,0,0,0,0,0,0,0,0,0,0,322,324,79,8,735,296,38,39,1111,196,307,68,3,576,131,22,22,746,24,11,6,0,40,86,0,12,137,16,20,9,0,47,10,4,13,67,44,29,10,0,86,88,7,23,200,11,5,3,0,22,40,0,0,66,12,9,0,0,22,17,0,0,36,43,16
801061063,94,153,8,7,250,37,6,8,304,7,4,0,0,14,18,3,5,34,20,8,0,0,27,12,0,3,46,27,14,5,0,42,23,4,5,76,0,0,0,0,3,6,0,4,10,29,12,6,0,40,30,10,22,99,33,3,3,5,46,37,7,19,105,..,..,..,..,..,..,..,..,..,0,0,0,0,0,0,0,0,0,59,16,10,5,90,68,13,39,215,0,0,0,0,0,0,0,0,0,0,0,0,0,0,0,0,0,0,0,0,0,0,0,0,0,0,0,0,0,0,0,0,0,0,0,0,0,0,0,0,0,0,0,0,0,183,179,24,3,385,130,25,60,593,90,119,20,3,230,34,5,8,283,11,4,3,0,19,13,0,3,39,31,10,8,0,50,25,5,7,87,41,20,6,0,71,32,8,13,119,0,0,0,0,0,0,0,3,10,62,23,7,0,88,81,17,28,226,17,7
801061064,231,341,56,12,642,144,30,25,834,8,3,4,0,21,41,0,4,65,8,4,3,0,14,15,0,0,31,18,10,10,0,39,47,7,5,95,33,15,8,0,51,72,4,33,165,108,23,13,0,148,180,57,54,434,66,9,7,0,81,146,30,39,296,..,..,..,..,..,..,..,..,..,0,0,0,0,0,0,0,0,5,198,48,33,4,284,398,91,130,899,0,0,0,0,0,0,0,0,0,0,0,0,0,0,0,0,0,0,0,0,0,0,4,0,0,0,4,0,0,0,0,4,0,0,0,4,0,0,0,0,0,0,0,0,0,450,402,102,17,962,593,125,157,1839,222,331,61,4,616,130,15,26,782,13,13,3,0,33,41,0,6,75,39,25,9,6,71,69,12,13,169,49,42,14,6,108,105,11,19,239,28,8,13,0,45,67,16,13,140,103,44,34,3,181,203,33,41,455,74,14
801061066,0,0,0,0,0,0,0,0,0,0,0,0,0,0,0,0,0,0,0,0,0,0,0,0,0,0,0,0,0,0,0,0,0,0,0,0,0,0,0,0,0,0,0,0,0,0,0,0,0,0,0,0,0,0,0,0,0,0,0,0,0,0,0,..,..,..,..,..,..,..,..,..,0,0,0,0,0,0,0,0,0,0,0,0,0,0,0,0,0,0,0,0,0,0,0,0,0,0,0,0,0,0,0,0,0,0,0,0,0,0,0,0,0,0,0,0,0,0,0,0,0,0,0,0,0,0,0,0,0,0,0,0,0,0,0,0,0,0,0,0,0,0,0,0,0,0,0,0,0,0,0,0,0,0,0,0,0,0,0,0,0,0,0,0,0,0,0,0,0,0,0,0,0,0,0,0,0,0,0,0,0,0,0,0,0,0,0,0,0,0,0,0,0,0,0,0,0,0,0,0
801061067,345,521,198,22,1087,399,97,45,1636,37,14,18,0,66,71,7,4,152,10,14,11,0,35,37,3,0,81,45,25,26,0,99,113,14,3,228,98,37,44,6,174,162,55,15,414,0,0,8,0,13,43,3,0,60,0,0,0,0,0,0,0,0,0,..,..,..,..,..,..,..,..,..,0,0,0,0,0,5,0,0,3,98,42,42,8,188,210,59,22,475,0,0,0,0,0,0,0,0,0,0,0,0,0,0,0,0,0,0,0,0,0,0,0,0,0,0,0,0,0,0,0,0,0,0,0,0,0,0,0,0,0,0,0,0,0,491,582,273,33,1379,719,166,69,2338,334,564,206,13,1119,382,47,99,1645,25,21,10,0,55,41,4,16,104,22,23,15,0,55,28,8,8,103,45,45,26,0,114,70,12,20,208,108,52,34,3,200,180,23,33,433,4,3,0,0,12,44,3,22,84,0,0
801061068,0,0,0,0,0,0,0,0,0,0,0,0,0,0,0,0,0,0,0,0,0,0,0,0,0,0,0,0,0,0,0,0,0,0,0,0,0,0,0,0,0,0,0,0,0,0,0,0,0,0,0,0,0,0,0,0,0,0,0,0,0,0,0,..,..,..,..,..,..,..,..,..,0,0,0,0,0,0,0,0,0,0,0,0,0,0,0,0,0,0,0,0,0,0,0,0,0,0,0,0,0,0,0,0,0,0,0,0,0,0,0,0,0,0,0,0,0,0,0,0,0,0,0,0,0,0,0,0,0,0,0,0,0,0,0,0,0,0,0,0,0,0,0,0,0,0,0,0,0,0,0,0,0,0,0,0,0,0,0,0,0,0,0,0,0,0,0,0,0,0,0,0,0,0,0,0,0,0,0,0,0,0,0,0,0,0,0,0,0,0,0,0,0,0,0,0,0,0,0,0
801061069,220,354,66,7,651,120,25,23,814,0,5,0,0,6,29,0,0,38,8,25,24,0,64,27,0,7,99,19,29,24,0,69,56,0,10,138,24,9,8,0,38,48,11,6,104,14,9,14,0,32,33,6,8,85,0,0,0,0,0,0,0,0,0,..,..,..,..,..,..,..,..,..,0,3,0,0,3,0,0,0,3,40,21,14,0,76,83,16,14,196,0,0,0,0,0,0,0,0,0,0,0,0,0,0,0,0,0,0,0,0,0,0,0,0,0,0,0,0,0,0,0,0,0,0,0,0,0,0,0,0,0,0,0,0,0,276,407,106,13,791,258,46,51,1154,201,358,63,0,626,110,15,28,780,7,0,0,0,9,24,0,3,40,21,26,23,0,73,16,4,17,112,30,27,21,0,77,42,4,27,148,13,9,18,3,44,57,8,24,130,10,0,3,0,16,30,0,16,61,0,0
801061070,267,291,64,3,625,172,48,26,866,35,15,8,0,56,43,7,3,110,69,29,15,0,112,35,10,7,160,104,45,21,0,172,75,7,15,273,0,0,0,0,4,24,3,0,29,0,0,0,0,0,3,0,0,6,0,0,0,0,0,0,0,0,0,..,..,..,..,..,..,..,..,..,0,0,0,0,0,5,0,0,5,4,0,0,0,5,25,3,4,36,0,0,0,0,0,0,0,0,0,0,0,0,0,0,0,0,0,0,0,0,0,0,0,0,0,0,0,0,0,0,0,0,0,0,0,0,0,0,0,0,0,0,0,0,0,369,331,88,9,799,271,59,44,1176,252,249,63,3,568,138,22,37,762,32,13,3,0,47,44,0,8,98,101,47,18,0,169,67,3,19,258,132,63,21,0,212,107,3,31,353,17,8,0,0,20,19,0,3,43,0,0,0,0,0,3,0,0,3,9,0
801061129,20,27,5,0,53,7,0,5,67,0,0,0,0,0,0,0,0,3,3,5,0,0,9,3,0,0,21,10,5,0,0,13,7,0,6,24,0,0,0,0,0,4,0,0,8,53,16,4,0,69,56,14,23,154,104,19,6,0,135,126,12,100,374,..,..,..,..,..,..,..,..,..,0,0,0,0,0,0,0,0,0,158,34,11,0,207,186,31,115,539,0,0,0,0,0,0,0,0,0,0,0,0,0,0,0,0,0,0,0,0,0,0,0,0,0,0,0,0,0,0,0,0,0,0,0,0,0,0,0,0,0,0,0,0,0,192,66,19,0,272,198,37,126,630,18,24,8,0,43,3,3,0,53,4,0,0,0,4,6,0,0,8,5,3,0,0,7,8,4,0,14,9,0,0,0,10,8,4,0,22,6,3,0,0,9,8,0,0,22,40,8,0,0,52,33,9,6,99,162,49
801061130,0,3,0,0,6,0,0,0,3,0,0,0,0,0,0,0,0,0,0,0,0,0,0,0,0,0,0,0,0,0,0,0,0,0,0,0,0,0,0,0,0,0,0,0,0,0,0,0,0,0,0,0,0,0,0,0,0,0,0,0,0,0,0,..,..,..,..,..,..,..,..,..,0,0,0,0,0,0,0,0,0,0,0,0,0,0,0,0,0,0,0,0,0,0,0,0,0,0,0,0,0,0,0,0,0,0,0,0,0,0,0,0,0,0,0,0,0,0,0,0,0,0,0,0,0,0,0,0,0,0,0,0,0,0,4,0,3,4,0,9,0,0,0,10,0,0,4,0,4,0,0,0,7,0,0,0,0,0,0,0,0,0,0,0,0,0,0,0,0,0,0,0,0,0,0,0,0,0,0,0,0,0,0,0,0,0,0,0,0,0,0,0,0,0,0,0,0,0,0,0
801061131,19,28,19,0,68,25,3,4,107,10,3,4,0,19,7,0,3,27,42,21,6,0,67,13,17,4,108,50,26,11,0,90,25,17,10,133,41,15,15,0,69,50,23,26,175,191,46,22,9,262,238,131,80,711,143,30,13,0,186,150,54,76,466,..,..,..,..,..,..,..,..,..,0,0,0,0,0,0,0,0,0,372,91,45,10,515,441,211,185,1353,0,0,0,0,0,0,0,0,0,0,0,0,0,0,0,0,0,0,0,0,0,0,0,0,0,0,0,0,0,0,0,0,0,0,0,0,0,0,0,0,0,0,0,0,0,439,147,77,8,671,490,227,205,1597,13,19,17,0,44,22,9,4,82,9,7,6,0,18,11,0,0,22,54,36,10,0,105,44,13,9,163,64,40,12,0,123,48,13,11,192,10,7,0,0,17,13,5,0,33,176,63,21,9,271,267,107,43,686,419,92
801071071,318,681,193,13,1195,208,29,73,1496,41,52,33,0,125,55,11,16,202,4,10,4,0,22,10,0,0,28,45,64,39,0,145,63,11,14,232,0,0,0,0,0,0,0,0,0,0,0,0,0,0,0,0,0,0,0,0,0,0,0,0,0,0,0,..,..,..,..,..,..,..,..,..,0,0,0,0,0,0,0,0,0,0,0,0,0,0,0,0,0,0,0,0,0,0,0,0,0,0,0,0,0,0,0,0,0,0,0,0,0,0,0,0,0,0,0,0,0,0,0,0,0,0,0,0,0,0,0,0,0,0,5,0,0,0,5,360,746,230,13,1349,275,33,80,1736,312,633,164,18,1126,195,15,38,1376,56,65,46,4,176,78,11,19,278,0,12,4,0,23,5,0,5,28,55,76,53,4,197,88,11,18,310,8,11,5,0,24,25,0,0,55,0,0,0,0,0,0,0,0,0,0,0
801071072,170,397,109,10,680,89,28,16,811,64,56,45,4,163,103,11,3,283,42,44,51,9,147,39,27,4,215,108,104,93,10,314,140,37,6,493,3,0,4,0,6,0,6,0,15,15,6,12,4,31,41,6,0,85,0,0,0,0,0,0,0,0,0,..,..,..,..,..,..,..,..,..,0,0,0,0,0,0,0,0,0,19,13,14,4,41,44,14,3,100,0,0,0,0,0,0,0,0,0,0,0,0,0,0,0,0,0,0,0,0,0,0,0,0,0,0,0,0,0,0,0,0,0,0,0,0,0,0,0,0,0,0,0,0,0,291,508,214,21,1035,274,74,30,1410,249,408,136,12,797,189,22,23,1029,20,12,16,0,41,53,5,0,99,56,76,54,8,185,85,23,5,311,76,81,72,5,227,144,29,7,412,0,0,0,0,0,0,0,0,0,4,0,4,0,6,0,0,0,9,0,0
801071073,396,807,218,23,1443,244,48,34,1769,20,24,17,0,65,60,10,6,138,9,7,0,0,11,9,0,0,16,29,26,20,0,79,64,10,6,153,19,17,20,3,62,49,4,6,112,0,0,0,0,0,0,0,0,0,0,0,0,0,0,0,0,0,0,..,..,..,..,..,..,..,..,..,10,0,0,0,10,0,0,0,8,25,16,23,3,69,52,4,6,126,0,0,0,0,0,0,0,0,0,0,0,0,0,0,0,0,0,0,0,0,0,0,0,0,0,0,0,0,0,0,0,0,0,0,0,0,0,0,0,0,0,0,0,0,0,448,854,261,21,1583,360,65,42,2047,464,741,187,15,1409,262,33,77,1772,45,35,33,3,120,92,6,13,226,0,3,0,0,5,4,0,0,13,47,43,40,3,124,90,5,13,235,0,0,0,0,0,0,0,0,0,0,0,0,0,0,0,0,0,0,0,0
801071074,397,741,265,14,1420,266,45,31,1757,16,7,5,0,27,25,0,0,48,0,0,0,0,0,0,0,0,0,16,7,5,0,27,25,0,0,48,0,0,0,0,0,0,0,0,0,0,0,0,0,0,0,0,0,0,0,0,0,0,0,0,0,0,0,..,..,..,..,..,..,..,..,..,0,0,0,0,0,0,0,0,3,0,0,0,0,0,0,0,0,3,0,0,0,0,0,0,0,0,0,0,0,0,0,0,0,0,0,0,0,0,0,0,0,0,0,0,0,0,0,0,0,0,0,0,0,0,0,0,0,0,0,0,0,0,0,408,745,274,18,1448,290,44,31,1808,449,683,225,10,1361,311,46,58,1780,3,8,8,0,20,21,0,4,44,3,0,0,0,8,15,0,3,25,11,8,10,0,25,35,0,11,70,0,0,0,0,0,0,0,0,0,0,0,0,0,0,0,0,0,0,0,0
801071075,299,788,165,10,1265,151,31,35,1477,53,29,30,3,115,94,11,12,228,15,13,7,0,34,4,0,0,37,68,40,38,3,145,94,11,12,258,0,0,0,0,4,0,0,0,4,0,0,0,0,0,0,0,0,0,0,0,0,0,0,0,0,0,0,..,..,..,..,..,..,..,..,..,0,0,0,0,0,0,0,0,0,0,0,0,0,4,0,0,0,4,0,0,0,0,0,0,0,0,0,0,0,0,0,0,0,0,0,0,0,0,0,0,0,0,0,0,0,0,0,0,0,0,0,0,0,0,0,0,3,0,3,0,0,0,3,362,832,204,18,1418,242,40,42,1740,290,704,159,9,1167,151,17,61,1401,28,31,27,5,85,71,3,11,168,17,19,6,0,41,10,0,3,53,45,48,32,5,126,82,3,15,225,31,20,13,0,69,51,4,0,128,0,0,0,0,0,0,0,0,0,0,0
801071076,302,492,85,3,879,104,14,16,1013,0,0,0,0,0,0,0,0,0,8,0,0,0,13,7,0,0,26,8,0,0,0,13,7,0,0,26,0,0,0,0,0,0,0,0,0,0,0,0,0,0,0,0,0,0,0,0,0,0,0,0,0,0,0,..,..,..,..,..,..,..,..,..,0,0,0,0,0,0,0,0,0,0,0,0,0,0,0,0,0,0,0,0,0,0,0,0,0,0,0,0,0,0,0,0,0,0,0,0,0,0,0,0,0,0,0,0,0,0,0,0,0,0,0,0,0,0,0,0,0,0,0,0,0,0,0,316,487,82,3,895,115,11,17,1039,319,438,71,6,835,138,14,25,1006,0,0,0,0,0,0,0,0,0,5,3,0,0,11,5,0,0,17,5,3,0,0,11,9,0,0,23,0,0,0,0,0,0,0,0,0,0,0,0,0,0,0,0,0,0,0,0
801071077,191,400,147,16,756,126,20,6,912,4,5,7,0,15,9,0,0,25,3,9,5,0,10,5,0,0,15,10,4,10,0,27,15,0,0,40,0,0,0,0,0,0,0,0,0,0,0,0,0,0,0,0,0,0,0,0,0,0,0,0,0,0,0,..,..,..,..,..,..,..,..,..,0,0,0,0,0,0,0,0,3,0,0,0,0,0,0,0,0,3,0,0,0,0,0,0,0,0,0,0,0,0,0,0,0,0,0,0,0,0,0,0,0,0,0,0,0,0,0,0,0,0,0,0,0,0,0,0,0,0,0,0,0,0,0,204,409,156,16,786,138,24,8,958,224,357,106,9,699,135,17,28,880,10,4,6,0,29,14,4,3,52,7,3,4,0,12,0,0,0,14,21,13,12,0,41,20,6,7,70,0,0,0,0,0,0,0,0,0,0,0,0,0,0,0,0,0,0,0,0
801071078,526,1054,254,19,1850,308,47,84,2292,97,41,71,5,210,156,10,21,400,16,14,10,0,42,15,0,7,62,113,55,79,10,254,169,13,22,461,0,0,0,0,0,0,0,0,0,0,0,0,0,0,0,0,0,0,0,0,0,0,0,0,0,0,0,..,..,..,..,..,..,..,..,..,0,0,0,0,0,0,0,0,0,0,0,0,0,0,0,0,0,0,0,0,0,0,0,0,0,0,0,0,0,0,0,0,0,0,0,0,0,0,0,0,0,0,0,0,0,0,0,0,0,0,0,0,0,0,0,0,0,0,0,0,0,0,0,634,1110,332,25,2109,481,56,106,2753,494,875,236,17,1625,235,36,55,1948,154,118,129,16,415,270,17,29,731,11,22,16,4,43,21,0,7,72,165,135,141,18,454,294,20,35,806,5,0,7,0,9,32,0,4,43,0,0,0,0,0,0,0,0,0,0,0
801071079,279,423,159,13,880,160,24,41,1108,0,0,0,0,0,0,0,0,0,0,3,0,0,3,0,0,0,3,0,6,0,0,6,0,0,0,6,0,0,0,0,0,0,0,0,0,0,0,0,0,0,0,0,0,0,0,0,0,0,0,0,0,0,0,..,..,..,..,..,..,..,..,..,0,0,0,0,0,0,0,0,0,0,0,0,0,0,4,0,0,5,0,0,0,0,0,0,0,0,0,0,0,0,0,0,0,0,0,0,0,0,0,0,0,0,0,0,0,0,0,0,0,0,0,0,0,0,0,0,0,0,0,0,0,0,0,279,428,159,13,889,165,24,42,1115,307,405,142,12,864,158,14,33,1072,0,3,0,0,3,0,0,0,7,0,0,4,0,5,3,0,0,10,0,5,4,0,8,10,0,0,16,0,0,0,0,0,0,0,0,0,0,0,0,0,0,0,0,0,0,0,0
801071080,28,13,8,0,54,29,6,0,80,64,39,29,4,138,90,12,3,246,41,26,24,0,89,29,14,0,133,105,65,52,9,232,123,28,8,382,0,0,0,0,3,5,0,0,9,47,18,13,0,78,60,25,14,177,29,4,0,0,34,27,9,3,71,..,..,..,..,..,..,..,..,..,0,0,0,0,0,0,0,0,0,74,17,20,5,115,93,29,17,257,0,0,0,0,0,0,0,0,0,0,0,0,0,0,0,0,0,0,0,0,0,0,0,0,0,0,0,0,0,0,0,0,0,0,0,0,0,0,0,0,0,0,0,0,0,205,97,79,5,397,237,62,20,718,18,9,8,0,29,15,0,0,49,77,26,36,0,135,98,15,4,253,52,62,24,3,135,44,13,8,204,123,91,58,0,271,144,25,15,453,0,0,5,0,7,13,0,0,24,26,32,17,0,77,33,9,12,130,70,30
801071081,287,518,173,16,988,191,37,34,1254,58,55,40,0,158,67,15,3,244,0,0,0,0,3,0,0,0,3,58,53,47,0,158,67,15,3,245,0,3,5,0,11,4,0,0,15,0,0,0,0,0,0,0,0,0,0,0,0,0,0,0,0,0,0,..,..,..,..,..,..,..,..,..,0,0,0,0,0,0,0,0,7,0,3,5,0,11,3,0,0,18,0,0,0,0,0,0,0,0,0,0,0,0,0,0,0,0,0,0,0,0,0,0,0,0,0,0,0,0,0,0,0,0,0,0,0,0,0,0,0,0,0,0,0,0,0,345,576,216,19,1163,262,47,41,1514,286,522,135,13,952,186,24,47,1210,54,68,58,3,178,104,11,18,307,0,0,0,0,0,0,0,0,0,52,68,58,3,178,104,11,18,310,32,0,0,0,32,47,0,24,105,0,0,0,0,0,0,0,0,0,0,0
801071082,1443,1894,637,59,4032,856,131,101,5124,84,52,47,7,191,205,27,20,443,27,13,17,4,57,36,4,0,105,109,63,70,12,251,239,29,24,547,9,5,16,0,32,44,0,0,74,0,0,0,0,3,14,0,4,23,0,0,0,0,0,0,0,0,0,..,..,..,..,..,..,..,..,..,4,0,0,0,4,6,0,0,11,16,5,12,0,39,62,0,6,110,0,0,0,0,0,0,0,0,0,0,0,0,0,0,0,0,0,0,0,0,0,0,0,0,0,0,0,0,0,0,0,0,0,0,0,0,0,0,0,0,0,0,0,0,0,1561,1966,713,70,4318,1163,167,130,5784,1346,1764,553,52,3718,828,114,197,4860,98,68,92,5,265,252,17,33,569,8,15,22,5,50,49,5,5,113,105,89,114,12,317,303,25,39,683,12,5,6,0,18,55,0,6,76,0,0,0,0,0,14,0,8,23,0,0
801071083,125,236,46,7,418,46,5,13,479,0,0,0,0,0,0,0,0,0,0,0,0,0,0,0,0,0,0,0,0,0,0,0,0,0,0,0,0,0,0,0,0,0,0,0,0,0,0,0,0,0,0,0,0,0,0,0,0,0,0,0,0,0,0,..,..,..,..,..,..,..,..,..,0,0,0,0,0,0,0,0,0,0,0,0,0,0,0,0,0,0,0,0,0,0,0,0,0,0,0,0,0,0,0,0,0,0,0,0,0,0,0,0,0,0,0,0,0,0,0,0,0,0,0,0,0,0,0,0,0,0,0,0,0,0,0,125,236,46,7,418,46,5,13,479,130,228,38,6,406,50,0,21,474,9,0,3,0,8,5,0,0,14,0,0,0,0,0,0,0,0,0,9,0,3,0,8,5,0,0,14,0,0,0,0,0,0,0,0,0,0,0,0,0,0,0,0,0,0,0,0
801071084,416,677,182,18,1286,210,40,29,1564,91,31,22,5,148,162,6,6,328,26,14,19,0,66,21,5,3,94,125,42,42,4,216,189,14,9,427,3,0,8,0,13,18,3,0,35,0,0,0,0,0,0,0,0,0,0,0,0,0,0,0,0,0,0,..,..,..,..,..,..,..,..,..,0,0,0,0,0,0,0,0,0,3,0,8,0,13,16,3,0,31,0,0,0,0,0,0,0,0,0,0,0,0,0,0,0,0,0,0,0,0,0,0,0,0,0,0,0,0,0,0,0,0,0,0,0,0,0,0,0,0,0,0,0,0,0,546,722,236,16,1515,419,52,33,2024,450,617,193,14,1274,278,34,41,1628,82,31,15,6,124,190,3,31,348,11,18,16,0,49,33,7,9,95,92,47,37,0,179,221,4,37,438,0,0,0,0,0,0,0,0,0,0,0,0,0,0,0,0,0,0,0,0
801071085,0,0,0,0,0,0,0,0,0,0,0,0,0,0,0,0,0,0,0,0,0,0,0,0,0,0,0,0,0,0,0,0,0,0,0,0,0,0,0,0,0,0,0,0,0,0,0,0,0,0,0,0,0,0,0,0,0,0,0,0,0,0,0,..,..,..,..,..,..,..,..,..,0,0,0,0,0,0,0,0,0,0,0,0,0,0,0,0,0,0,0,0,0,0,0,0,0,0,0,0,0,0,0,0,0,0,0,0,0,0,0,0,0,0,0,0,0,0,0,0,0,0,0,0,0,0,0,0,0,0,0,0,0,0,0,0,0,0,0,0,0,0,0,0,0,0,0,0,0,0,0,0,0,0,0,0,0,0,0,0,0,0,0,0,0,0,0,0,0,0,0,0,0,0,0,0,0,0,0,0,0,0,0,0,0,0,0,0,0,0,0,0,0,0,0,0,0,0,0,0
801071086,117,238,94,13,461,70,11,14,550,15,12,6,0,37,28,5,0,69,0,0,0,0,0,0,0,0,0,15,12,6,0,37,28,5,0,69,0,0,0,0,0,0,0,0,0,0,0,0,0,0,0,0,0,0,0,0,0,0,0,0,0,0,0,..,..,..,..,..,..,..,..,..,0,0,0,0,0,0,0,0,0,0,0,0,0,0,0,0,0,0,0,0,0,0,0,0,0,0,0,0,0,0,0,0,0,0,0,0,0,0,0,0,0,0,0,0,0,0,0,0,0,0,0,0,0,0,0,0,0,0,0,0,0,0,0,138,249,103,14,496,98,15,11,619,149,211,74,7,440,96,13,17,563,15,3,9,0,28,17,0,0,48,0,0,0,0,0,0,0,0,0,15,3,9,0,28,17,0,0,48,0,0,0,0,0,0,0,0,0,0,0,0,0,0,0,0,0,0,0,0
801071087,259,410,178,7,854,159,27,37,1082,7,3,6,0,15,10,0,0,25,0,0,0,0,4,0,0,0,4,5,3,8,0,21,10,0,0,29,3,0,3,0,6,4,0,0,9,0,0,0,0,0,0,0,0,0,0,0,0,0,0,0,0,0,0,..,..,..,..,..,..,..,..,..,0,0,0,0,0,0,0,0,0,3,0,3,0,6,4,0,0,9,0,0,0,0,0,0,0,0,0,0,0,0,0,0,0,0,0,0,0,0,0,0,0,0,0,0,0,0,0,0,0,0,0,0,0,0,0,0,0,0,0,0,0,0,0,270,410,191,10,883,173,27,37,1118,246,368,175,11,805,186,27,32,1049,3,0,10,0,19,13,0,0,32,0,4,0,0,9,6,0,0,11,3,7,11,0,25,16,6,0,50,0,0,0,0,0,0,0,0,0,0,0,0,0,0,0,0,0,0,0,0
801071088,273,589,162,13,1039,193,30,37,1292,5,6,12,0,22,19,0,3,47,0,5,0,0,4,0,0,0,9,8,6,12,0,32,25,0,3,57,3,0,4,0,6,6,0,3,20,0,0,0,0,0,0,0,0,0,0,0,0,0,0,0,0,0,0,..,..,..,..,..,..,..,..,..,0,0,0,0,0,0,0,0,0,3,0,4,0,6,9,6,3,20,0,0,0,0,0,0,0,0,0,0,0,0,0,0,0,0,0,0,0,0,0,0,0,0,0,0,0,0,0,0,0,0,0,0,0,0,0,0,0,0,0,0,0,0,0,280,603,173,13,1076,217,33,38,1367,256,556,172,10,982,219,18,36,1264,13,8,21,0,40,25,3,3,71,4,0,0,0,0,6,0,0,6,9,8,20,0,43,29,3,3,76,0,0,0,0,0,0,0,0,0,0,0,0,0,0,0,0,0,0,0,0
801071089,3,0,0,0,11,3,0,0,14,0,0,0,0,0,0,0,0,0,0,0,0,0,0,0,0,0,0,0,0,0,0,0,0,0,0,0,0,0,0,0,0,0,0,0,0,0,0,0,0,0,0,0,0,0,0,0,0,0,0,0,0,0,0,..,..,..,..,..,..,..,..,..,0,0,0,0,0,0,0,0,0,0,0,0,0,0,0,0,0,0,0,0,0,0,0,0,0,0,0,0,0,0,0,0,0,0,0,0,0,0,0,0,0,0,0,0,0,0,0,0,0,0,0,0,0,0,0,0,0,0,0,0,0,0,0,3,0,0,0,11,3,0,0,14,0,3,0,0,4,4,0,0,10,0,0,0,0,0,0,0,0,0,0,0,0,0,0,0,0,0,0,0,0,0,0,0,0,0,0,0,0,0,0,0,0,0,0,0,0,0,0,0,0,0,0,0,0,0,0,0
801071090,737,997,319,22,2068,404,80,53,2601,18,12,20,0,51,69,3,0,124,5,0,13,0,20,7,0,0,25,20,12,30,0,64,82,3,0,143,17,6,15,0,38,66,7,12,109,0,0,0,0,0,19,0,0,20,0,0,0,0,0,0,0,0,0,..,..,..,..,..,..,..,..,..,3,0,0,0,6,3,0,0,7,22,5,15,0,40,89,7,8,142,0,0,0,0,0,0,0,0,0,0,0,0,0,0,0,0,0,0,0,0,0,0,0,0,0,0,0,0,0,0,0,0,0,0,0,0,0,0,0,0,0,0,0,0,0,773,1011,357,23,2166,571,86,68,2891,748,924,296,14,1981,441,58,74,2561,17,14,4,0,38,69,0,11,119,15,11,23,0,58,78,3,5,142,33,27,31,5,92,145,3,17,259,0,0,5,0,0,7,0,9,17,0,0,0,0,0,3,0,5,7,0,0
801071132,0,0,0,0,0,0,0,0,0,0,0,0,0,0,0,0,0,0,0,0,0,0,0,0,0,0,0,0,0,0,0,0,0,0,0,0,0,0,0,0,0,0,0,0,0,0,0,0,0,0,0,0,0,0,0,0,0,0,0,0,0,0,0,..,..,..,..,..,..,..,..,..,0,0,0,0,0,0,0,0,0,0,0,0,0,0,0,0,0,0,0,0,0,0,0,0,0,0,0,0,0,0,0,0,0,0,0,0,0,0,0,0,0,0,0,0,0,0,0,0,0,0,0,0,0,0,0,0,0,0,0,0,0,0,0,0,0,0,0,0,0,0,0,0,0,0,0,0,0,0,0,0,0,0,0,0,0,0,0,0,0,0,0,0,0,0,0,0,0,0,0,0,0,0,0,0,0,0,0,0,0,0,0,0,0,0,0,0,0,0,0,0,0,0,0,0,0,0,0,0
801081091,287,418,53,9,764,98,23,6,894,7,7,3,0,12,37,0,4,52,0,0,0,0,0,0,0,0,0,7,7,3,0,12,37,0,4,52,0,0,0,0,0,0,0,0,0,0,0,0,0,0,0,0,0,0,0,0,0,0,0,0,0,0,0,..,..,..,..,..,..,..,..,..,7,0,0,0,3,0,0,0,9,7,0,0,0,3,4,0,0,6,0,0,0,0,0,0,0,0,0,0,0,0,0,0,0,0,0,0,0,0,0,0,0,0,0,0,0,0,0,0,0,0,0,0,0,0,0,0,0,0,0,0,0,0,0,305,417,54,9,782,139,23,9,951,275,393,49,8,728,94,7,20,851,14,7,5,0,22,45,0,0,68,0,0,0,0,0,0,0,0,0,14,7,5,0,22,45,0,0,68,0,0,0,0,0,0,0,0,0,8,0,0,0,7,3,0,0,10,0,0
801081092,276,442,111,7,836,181,27,24,1073,8,0,0,0,13,22,0,0,34,11,8,5,0,30,19,6,0,57,23,9,9,0,41,42,6,0,87,6,3,6,0,13,23,0,0,38,0,0,0,0,0,0,0,0,0,0,0,0,0,0,0,0,0,0,..,..,..,..,..,..,..,..,..,0,0,0,0,0,3,0,0,4,6,3,6,0,13,26,4,0,43,0,0,0,0,0,0,0,0,0,0,0,0,0,0,0,0,0,0,0,0,0,0,0,0,0,0,0,0,0,0,0,0,0,0,0,0,0,0,0,0,0,0,0,0,0,305,453,128,9,898,252,37,23,1204,270,406,110,8,799,186,15,26,1028,15,9,7,0,28,38,4,7,78,8,0,3,0,11,11,0,0,18,20,9,15,0,37,44,6,7,92,8,0,9,0,17,22,7,13,49,0,0,0,0,0,0,0,0,0,0,0
801081093,298,344,107,10,758,175,38,5,973,36,12,9,4,57,125,9,4,185,8,0,0,0,13,7,0,4,18,37,14,11,4,65,126,9,9,204,4,9,10,0,19,6,3,4,34,0,0,0,0,0,0,0,0,0,0,0,0,0,0,0,0,0,0,..,..,..,..,..,..,..,..,..,0,0,0,0,0,0,0,0,0,4,9,10,0,19,9,3,4,34,0,0,0,0,0,0,0,0,0,0,0,0,0,0,0,0,0,0,0,0,0,0,0,0,0,0,0,0,0,0,0,0,0,0,0,0,0,0,0,0,0,0,0,0,0,341,367,123,10,844,316,44,15,1216,243,355,108,4,715,190,19,39,960,19,6,5,0,32,89,0,0,127,4,3,4,0,11,17,0,8,38,27,8,12,0,42,109,7,3,162,0,0,0,0,0,3,0,0,3,0,0,0,0,0,0,0,0,0,0,0
801081094,258,303,93,6,659,154,25,13,850,32,12,15,0,53,41,3,3,111,15,4,4,0,27,19,5,0,56,42,16,22,0,83,60,10,5,166,9,11,5,0,22,34,3,0,56,0,0,0,0,0,0,0,4,4,0,0,0,0,0,0,0,0,0,..,..,..,..,..,..,..,..,..,0,0,0,0,0,0,0,0,3,9,11,5,0,22,36,3,3,63,0,0,0,0,0,0,0,0,0,0,0,0,0,0,0,0,0,0,0,0,0,0,0,0,0,0,0,0,0,0,0,0,0,0,0,0,0,0,0,0,0,0,0,0,0,312,320,122,6,763,251,40,23,1077,253,273,81,3,613,132,11,14,772,52,15,14,0,76,81,4,12,176,6,3,3,0,13,4,0,4,20,53,18,18,0,91,83,4,11,193,8,16,0,0,24,43,0,4,65,0,0,0,0,0,0,0,0,0,0,0
801081095,292,354,137,9,803,232,36,34,1102,22,9,0,0,37,64,3,5,108,0,3,8,0,21,3,3,0,30,24,13,15,3,57,67,7,6,136,4,0,0,0,4,7,0,0,4,0,0,0,0,0,0,0,0,0,0,0,0,0,0,0,0,0,0,..,..,..,..,..,..,..,..,..,0,0,0,0,4,3,0,0,3,4,0,0,0,6,4,0,0,13,0,0,0,0,0,0,0,0,0,0,0,0,0,0,0,0,0,0,0,0,0,0,0,0,0,0,0,0,0,0,0,0,0,0,0,0,0,0,0,0,0,0,0,0,0,323,369,154,16,862,308,48,38,1254,285,351,141,9,795,223,29,54,1097,26,7,6,0,39,86,3,8,143,6,5,8,0,13,6,0,4,24,29,14,11,0,56,93,3,15,166,0,0,0,0,0,0,0,0,0,0,0,0,0,0,0,0,0,0,0,0
801081096,177,233,76,3,487,95,24,3,615,29,31,9,0,66,67,5,9,145,0,0,0,0,0,0,0,0,0,29,31,9,0,66,67,5,9,145,0,0,0,0,0,0,0,0,0,0,0,0,0,0,0,0,0,0,0,0,0,0,0,0,0,0,0,..,..,..,..,..,..,..,..,..,0,0,0,0,0,0,0,0,8,0,0,0,0,0,0,0,0,8,0,0,0,0,0,0,0,0,0,0,0,0,0,0,0,0,0,0,0,0,0,0,0,0,0,0,0,0,0,0,0,0,0,0,0,0,0,0,0,0,0,0,0,0,0,208,267,80,3,560,167,27,15,766,191,217,71,6,481,97,16,33,631,37,26,9,0,68,56,0,3,129,0,0,0,0,0,0,0,3,6,37,26,9,0,68,57,0,3,133,0,0,0,0,0,0,0,0,0,0,0,0,0,0,0,0,0,0,0,0
801081097,232,269,83,11,597,177,29,19,830,30,7,5,0,43,112,6,15,180,3,11,8,0,20,5,0,0,27,36,14,11,0,67,115,6,21,205,4,3,0,0,12,16,0,0,29,0,0,0,0,0,0,0,0,0,0,0,0,0,0,0,0,0,0,..,..,..,..,..,..,..,..,..,0,0,0,0,0,0,0,0,0,5,10,0,0,16,16,0,0,27,0,0,0,0,0,0,0,0,0,0,0,0,0,0,0,0,0,0,0,0,0,0,0,0,0,0,0,0,0,0,0,0,0,0,0,0,0,0,0,0,9,0,0,0,7,274,296,100,15,683,314,35,45,1072,218,296,76,8,594,169,20,27,815,17,18,11,3,50,102,4,4,158,18,12,8,0,34,27,3,10,70,42,22,18,3,82,125,4,8,225,0,0,0,0,0,4,0,4,10,0,0,0,0,0,0,0,0,0,0,0
801081098,307,355,86,8,754,170,19,18,960,30,4,8,0,40,67,3,0,108,21,9,20,0,50,19,6,0,80,50,12,22,0,92,85,8,5,188,7,3,6,0,13,52,5,4,73,6,0,0,0,6,42,0,0,49,0,0,0,0,0,0,0,0,0,..,..,..,..,..,..,..,..,..,0,0,0,0,0,0,0,0,0,9,3,6,0,20,92,5,3,122,0,0,0,0,0,0,0,0,0,0,0,0,0,0,0,0,0,0,0,0,0,0,0,4,0,0,4,0,0,0,0,0,4,0,0,4,0,0,0,0,0,0,0,0,0,372,373,118,8,861,354,33,27,1277,308,397,102,6,816,183,23,44,1059,30,14,7,0,52,81,8,5,143,23,16,12,0,48,56,4,7,117,50,27,21,0,97,135,8,17,258,5,0,0,0,4,4,0,0,9,0,0,0,0,0,0,0,0,0,0,0
801081133,0,0,0,0,0,0,0,0,4,0,0,0,0,0,0,0,0,0,0,0,0,0,0,0,0,0,0,0,0,0,0,0,0,0,0,0,0,0,0,0,0,0,0,0,0,0,0,0,0,0,0,0,0,0,0,0,0,0,0,0,0,0,0,..,..,..,..,..,..,..,..,..,0,0,0,0,0,0,0,0,0,0,0,0,0,0,0,0,0,0,0,0,0,0,0,0,0,0,0,0,0,0,0,0,0,0,0,0,0,0,0,0,0,0,0,0,0,0,0,0,0,0,0,0,0,0,0,0,0,0,0,0,0,0,0,0,0,0,0,0,3,0,0,7,0,0,0,0,0,0,0,0,0,0,0,0,0,0,0,0,0,0,0,0,0,0,0,0,0,0,0,0,0,0,0,0,0,0,0,0,0,0,0,0,0,0,0,0,0,0,0,0,0,0,0,0,0,0,0,0
801091099,193,245,94,10,538,157,39,20,755,8,9,5,0,17,24,0,0,47,3,4,5,0,8,3,0,0,9,14,8,10,0,26,27,0,0,58,9,4,0,0,23,8,0,6,34,29,21,6,4,64,88,12,11,169,0,0,0,0,0,0,0,0,0,..,..,..,..,..,..,..,..,..,0,0,0,0,0,5,0,3,11,43,30,9,4,84,100,13,18,219,0,0,0,0,0,0,0,0,0,0,0,0,0,0,0,0,0,0,0,0,0,0,0,0,0,0,0,0,0,0,0,0,0,0,0,0,0,0,0,0,0,0,0,0,0,248,282,106,13,651,281,55,37,1026,188,222,90,8,507,144,27,12,695,12,14,3,0,29,32,4,9,75,36,28,8,4,79,93,6,6,177,53,34,11,3,104,125,8,16,247,0,0,0,0,0,0,0,0,0,9,13,5,0,29,31,3,10,80,0,0
801091100,463,603,170,11,1249,359,62,39,1709,12,6,4,0,20,10,4,0,35,10,9,8,0,24,10,3,0,40,24,16,6,0,45,20,5,3,79,18,0,5,0,27,36,5,3,74,31,12,7,3,53,82,16,13,168,0,0,0,0,0,0,0,0,0,..,..,..,..,..,..,..,..,..,4,0,0,0,10,0,0,0,15,51,18,10,0,88,127,22,17,247,0,0,0,0,0,0,0,0,0,0,0,0,0,0,0,0,0,0,0,0,0,0,0,0,0,0,0,0,0,0,0,0,0,0,0,0,0,0,0,0,0,0,0,0,0,541,637,185,15,1380,510,92,52,2033,428,642,146,17,1229,324,35,65,1650,9,12,6,0,29,32,5,4,65,9,10,6,0,19,11,0,5,38,22,22,11,0,51,38,7,6,104,0,0,4,0,10,11,0,0,14,42,28,13,4,89,77,14,11,194,0,0
801091101,301,445,88,12,838,114,16,23,989,18,8,7,3,35,29,5,0,72,6,8,6,0,20,9,0,0,33,28,12,9,3,54,43,8,3,110,17,5,12,0,36,70,5,0,109,4,0,0,0,0,3,0,0,10,8,0,0,0,8,11,0,0,18,..,..,..,..,..,..,..,..,..,0,0,0,0,0,3,0,0,3,32,5,10,0,47,92,7,0,144,0,0,0,0,0,0,0,0,0,0,0,0,0,0,0,0,0,0,0,0,0,0,0,0,0,0,0,0,0,0,0,0,0,0,0,0,0,0,0,0,0,0,0,0,0,353,471,105,14,937,242,28,32,1244,272,431,81,4,788,118,12,16,938,7,10,7,0,23,26,0,0,48,32,15,22,3,73,47,3,6,133,41,25,29,5,96,68,3,11,176,0,0,0,0,3,14,0,0,15,12,0,0,0,12,22,0,0,36,0,0
801091102,226,336,57,8,620,127,24,19,786,23,11,4,0,35,38,4,0,79,11,13,4,0,23,13,6,0,44,34,17,8,0,62,53,9,0,122,0,6,0,0,10,9,0,3,22,29,12,8,0,44,52,22,4,122,32,18,8,3,60,50,20,3,139,..,..,..,..,..,..,..,..,..,3,0,0,0,7,9,0,0,14,63,35,12,5,124,109,43,9,290,0,0,0,0,0,0,0,0,0,0,0,0,0,0,0,0,0,0,0,0,0,0,0,0,0,0,0,0,0,0,0,0,0,0,0,0,0,0,0,0,3,0,0,0,3,322,392,77,11,809,286,79,29,1201,197,333,35,4,568,113,18,28,734,12,7,3,0,22,36,0,3,60,44,62,22,0,127,66,6,7,206,55,67,21,6,147,98,6,8,264,10,22,5,0,42,33,0,8,80,31,32,14,0,77,43,13,12,146,0,0
801091103,209,324,75,6,615,185,24,44,864,14,0,3,0,17,29,0,0,44,23,13,7,0,40,33,11,5,85,34,16,12,0,62,59,11,0,130,4,9,0,0,10,26,5,0,45,12,3,0,0,21,70,0,3,98,0,0,0,0,0,0,0,0,0,..,..,..,..,..,..,..,..,..,0,0,0,0,0,0,0,0,0,15,15,5,0,35,96,3,3,140,0,0,0,0,0,0,0,0,0,0,0,0,0,0,0,0,0,0,0,0,0,0,0,0,0,0,0,0,0,0,0,0,0,0,0,0,0,0,0,0,0,0,0,0,0,263,354,92,10,711,336,33,55,1135,195,334,71,9,609,154,17,39,818,20,3,0,0,20,13,0,10,46,17,16,17,0,52,26,0,5,91,38,20,17,0,79,38,3,16,139,12,8,3,0,20,28,7,12,60,10,5,4,0,20,60,0,10,93,0,0
801091104,280,277,63,3,623,126,13,21,789,19,8,10,0,42,18,6,5,65,0,0,0,0,0,0,0,0,0,19,13,10,0,42,18,6,5,70,11,13,8,0,22,10,0,0,36,0,0,0,0,0,0,0,0,0,0,0,0,0,0,0,0,0,0,..,..,..,..,..,..,..,..,..,3,0,0,0,3,0,0,0,3,14,13,8,0,27,14,0,0,38,0,0,0,0,0,0,0,0,0,0,0,0,0,0,0,0,0,0,0,0,0,0,0,0,0,0,0,0,0,0,0,0,0,0,0,0,0,0,0,0,0,0,0,0,0,312,294,77,3,696,162,18,25,901,254,259,63,5,570,141,6,18,742,40,44,16,0,95,43,0,0,144,0,3,0,0,9,0,0,0,15,41,52,17,0,110,43,5,0,155,0,0,0,0,0,0,0,0,0,0,0,0,0,0,0,0,0,0,0,0
801091105,175,221,98,6,504,141,33,16,691,20,3,0,0,17,37,8,0,62,12,6,4,0,18,4,5,3,36,32,5,4,0,45,39,12,6,95,35,7,0,0,54,102,5,18,180,30,14,0,0,50,107,7,18,186,13,4,0,0,12,19,6,9,44,..,..,..,..,..,..,..,..,..,0,0,0,0,0,0,0,0,10,80,32,8,0,118,236,17,38,414,0,0,0,0,0,0,0,0,0,0,0,0,0,0,0,0,0,0,0,0,0,0,0,0,0,0,0,0,0,0,0,0,0,0,0,0,0,0,0,0,0,0,0,0,0,284,252,110,15,665,423,63,54,1199,145,225,89,5,461,151,19,43,684,14,6,3,0,24,31,0,8,68,39,17,11,0,64,62,10,12,151,52,28,9,0,87,99,11,18,215,22,12,0,0,32,60,10,24,131,54,15,6,0,72,103,8,34,217,60,10
801091106,220,227,70,6,524,149,31,18,718,52,23,11,0,87,44,13,9,143,29,17,14,0,62,26,21,8,113,77,43,30,0,147,70,27,18,265,5,0,0,0,4,52,0,4,62,18,15,12,0,41,67,11,8,124,31,15,0,4,51,86,12,14,162,..,..,..,..,..,..,..,..,..,0,0,0,0,0,0,0,0,0,52,22,15,3,100,203,19,24,345,0,0,0,0,0,0,0,0,0,0,0,0,0,0,0,0,0,0,0,0,0,0,0,0,0,0,0,0,0,0,0,0,0,0,0,0,0,0,0,0,0,0,0,0,0,358,292,111,11,768,421,81,56,1326,226,265,58,3,558,152,21,22,750,30,21,9,0,60,65,6,5,132,48,44,16,0,108,57,8,4,179,73,65,28,0,164,129,13,9,311,0,0,0,0,0,0,0,0,0,9,12,5,0,29,36,10,3,79,49,30
801091107,90,143,10,0,238,32,0,0,272,0,0,0,0,0,0,0,0,4,0,0,0,0,0,0,0,0,0,0,0,0,0,0,0,0,0,4,0,0,0,0,0,0,0,0,0,0,0,0,0,0,0,0,0,0,0,0,0,0,0,0,0,0,0,..,..,..,..,..,..,..,..,..,0,0,0,0,0,0,0,0,0,0,0,0,0,0,0,0,0,0,0,0,0,0,0,0,0,0,0,0,0,0,0,0,0,0,0,0,0,0,0,0,0,0,0,0,0,0,0,0,0,0,0,0,0,0,0,0,0,0,0,0,0,0,0,92,146,11,0,245,33,0,0,277,106,125,19,0,253,35,0,18,311,5,5,0,0,9,0,0,5,14,0,3,0,0,3,0,0,5,9,5,6,0,0,10,3,0,6,19,0,0,0,0,0,0,0,0,0,0,0,0,0,0,0,0,0,0,0,0
801091108,210,260,55,6,537,120,21,11,686,64,27,15,3,114,141,18,7,281,3,4,4,0,10,4,0,0,13,63,27,22,7,118,147,18,7,296,5,4,5,0,17,11,0,0,42,3,4,0,0,10,19,5,0,30,0,0,0,0,0,0,0,0,0,..,..,..,..,..,..,..,..,..,0,0,0,0,0,0,0,0,3,10,9,13,0,28,28,7,6,70,0,0,0,0,0,0,0,0,0,0,0,0,0,0,0,0,0,0,0,0,0,0,0,0,0,0,0,0,0,0,0,0,0,0,0,0,0,0,0,0,0,0,0,0,0,286,298,89,13,685,294,45,29,1052,179,275,53,4,510,102,11,26,644,61,28,20,0,113,159,3,14,291,10,3,9,0,27,18,5,7,55,64,38,31,4,141,179,9,21,350,3,0,0,0,4,3,0,0,7,4,8,0,0,15,16,0,4,33,0,0
801091109,8,0,0,0,13,10,0,3,21,56,14,10,0,86,97,18,3,212,68,40,28,3,148,103,34,15,296,128,56,36,4,231,204,58,12,506,63,24,8,3,95,151,9,19,279,43,35,7,5,100,85,25,24,225,33,15,7,0,53,56,3,16,131,..,..,..,..,..,..,..,..,..,0,0,0,0,0,0,0,0,0,138,74,22,11,244,291,38,56,633,0,0,0,0,0,0,0,0,0,0,0,0,0,0,0,0,0,0,0,0,0,0,0,0,0,0,0,0,0,0,0,0,0,0,0,3,0,0,0,0,0,0,0,0,0,276,132,58,17,491,506,95,77,1170,0,6,3,0,3,0,0,0,9,19,24,8,3,57,51,4,11,126,130,107,39,5,279,297,35,76,691,151,131,51,3,336,353,42,89,813,4,13,0,0,16,19,0,4,44,153,76,21,6,254,220,35,35,548,47,18
801091110,205,294,67,8,579,123,24,12,740,8,8,0,0,13,30,0,0,49,0,4,8,0,17,3,4,0,24,7,10,10,0,28,39,3,0,69,5,7,6,0,15,21,5,4,42,0,0,0,0,0,0,0,0,0,0,0,0,0,0,0,0,0,0,..,..,..,..,..,..,..,..,..,0,0,0,0,0,0,0,0,0,6,7,6,0,17,18,5,4,45,0,0,0,0,0,0,0,0,0,0,0,0,0,0,0,0,0,0,0,0,0,0,0,0,0,0,0,0,0,0,0,0,0,0,0,0,0,0,0,0,0,0,0,0,0,220,309,75,8,622,184,33,17,851,166,298,61,7,532,130,16,12,696,12,13,0,0,29,33,0,5,65,8,3,4,0,22,10,0,4,38,26,13,10,0,49,43,7,7,105,3,0,5,0,6,4,0,6,18,0,0,0,0,0,0,0,0,0,0,0
801101134,0,0,0,0,0,0,0,0,0,0,0,0,0,0,0,0,0,0,0,0,0,0,0,0,0,0,0,0,0,0,0,0,0,0,0,0,0,0,0,0,0,0,0,0,0,0,0,0,0,0,0,0,0,0,0,0,0,0,0,0,0,0,0,..,..,..,..,..,..,..,..,..,0,0,0,0,0,0,0,0,0,0,0,0,0,0,0,0,0,0,0,0,0,0,0,0,0,0,0,0,0,0,0,0,0,0,0,0,0,0,0,0,0,0,0,0,0,0,0,0,0,0,0,0,0,0,0,0,0,0,0,0,0,0,0,0,0,0,0,0,0,0,0,0,0,0,0,0,0,0,0,0,0,0,0,0,0,0,0,0,0,0,0,0,0,0,0,0,0,0,0,0,0,0,0,0,0,0,0,0,0,0,0,0,0,0,0,0,0,0,0,0,0,0,0,0,0,0,0,0
801101135,0,0,0,0,0,0,0,0,0,0,0,0,0,0,0,0,0,0,0,0,0,0,0,0,0,0,0,0,0,0,0,0,0,0,0,0,0,0,0,0,0,0,0,0,0,0,0,0,0,0,0,0,0,0,0,0,0,0,0,0,0,0,0,..,..,..,..,..,..,..,..,..,0,0,0,0,0,0,0,0,0,0,0,0,0,0,0,0,0,0,0,0,0,0,0,0,0,0,0,0,0,0,0,0,0,0,0,0,0,0,0,0,0,0,0,0,0,0,0,0,0,0,0,0,0,0,0,0,0,0,0,0,0,0,0,0,0,0,0,0,0,0,0,0,61,196,30,0,288,33,5,16,337,16,3,6,0,28,13,0,3,44,77,54,15,3,145,45,14,23,226,92,59,19,0,172,56,14,27,268,0,0,0,0,0,0,0,0,0,4,8,0,0,13,31,0,5,47,0,0
801101136,0,0,0,0,0,0,0,0,0,0,0,0,0,0,0,0,0,0,0,0,0,0,0,0,0,0,0,0,0,0,0,0,0,0,0,0,0,0,0,0,0,0,0,0,0,0,0,0,0,0,0,0,0,0,0,0,0,0,0,0,0,0,0,..,..,..,..,..,..,..,..,..,0,0,0,0,0,0,0,0,0,0,0,0,0,0,0,0,0,0,0,0,0,0,0,0,0,0,0,0,0,0,0,0,0,0,0,0,0,0,0,0,0,0,0,0,0,0,0,0,0,0,0,0,0,0,0,0,0,0,0,0,0,0,0,0,0,0,0,0,0,0,0,0,0,0,0,0,0,0,0,0,0,0,0,0,0,0,0,0,0,0,0,0,0,0,0,0,0,0,0,0,0,0,0,0,0,0,0,0,0,0,0,0,0,0,0,0,0,0,0,0,0,0,0,0,0,0,0,0
801101137,0,0,0,0,0,0,0,0,0,0,0,0,0,0,0,0,0,0,0,0,0,0,0,0,0,0,0,0,0,0,0,0,0,0,0,0,0,0,0,0,0,0,0,0,0,0,0,0,0,0,0,0,0,0,0,0,0,0,0,0,0,0,0,..,..,..,..,..,..,..,..,..,0,0,0,0,0,0,0,0,0,0,0,0,0,0,0,0,0,0,0,0,0,0,0,0,0,0,0,0,0,0,0,0,0,0,0,0,0,0,0,0,0,0,0,0,0,0,0,0,0,0,0,0,0,0,0,0,0,0,0,0,0,0,0,0,0,0,0,0,0,0,0,0,0,0,0,0,0,0,0,0,0,0,0,0,0,0,0,0,0,0,0,0,0,0,0,0,0,0,0,0,0,0,0,0,0,0,0,0,0,0,0,0,0,0,0,0,0,0,0,0,0,0,0,0,0,0,0,0
801101139,3,0,0,0,3,0,0,0,7,0,0,0,0,0,0,0,0,0,0,0,0,0,0,0,0,0,0,0,0,0,0,0,0,0,0,0,0,0,0,0,0,0,0,0,0,0,0,0,0,0,0,0,0,0,0,0,0,0,0,0,0,0,0,..,..,..,..,..,..,..,..,..,0,0,0,0,0,0,0,0,0,0,0,0,0,0,0,0,0,0,0,0,0,0,0,0,0,0,0,0,0,0,0,0,0,0,0,0,0,0,0,0,0,0,0,0,0,0,0,0,0,0,0,0,0,0,0,0,0,0,0,0,0,0,0,3,0,0,0,3,0,0,0,7,92,218,22,0,338,25,9,21,392,10,4,0,0,14,3,0,0,17,48,33,14,3,101,35,21,14,168,54,42,17,3,116,36,21,14,186,3,0,0,0,5,3,0,0,6,35,18,9,9,71,63,9,14,160,123,44
801101145,0,0,0,0,0,0,0,0,0,0,0,0,0,0,0,0,0,0,0,0,0,0,0,0,0,0,0,0,0,0,0,0,0,0,0,0,0,0,0,0,0,0,0,0,0,0,0,0,0,0,0,0,0,0,0,0,0,0,0,0,0,0,0,..,..,..,..,..,..,..,..,..,0,0,0,0,0,0,0,0,0,0,0,0,0,0,0,0,0,0,0,0,0,0,0,0,0,0,0,0,0,0,0,0,0,0,0,0,0,0,0,0,0,0,0,0,0,0,0,0,0,0,0,0,0,0,0,0,0,0,0,0,0,0,0,0,0,0,0,0,0,0,0,0,0,0,0,0,0,0,0,0,0,0,0,0,0,0,0,0,0,0,0,0,0,0,0,0,0,0,0,0,0,0,0,0,0,0,0,0,0,0,0,0,0,0,0,0,0,0,0,0,0,0,0,0,0,0,0,0
801101146,0,0,0,0,0,0,0,0,0,0,0,0,0,0,0,0,0,0,0,0,0,0,0,0,0,0,0,0,0,0,0,0,0,0,0,0,0,0,0,0,0,0,0,0,0,0,0,0,0,0,0,0,0,0,0,0,0,0,0,0,0,0,0,..,..,..,..,..,..,..,..,..,0,0,0,0,0,0,0,0,0,0,0,0,0,0,0,0,0,0,0,0,0,0,0,0,0,0,0,0,0,0,0,0,0,0,0,0,0,0,0,0,0,0,0,0,0,0,0,0,0,0,0,0,0,0,0,0,0,0,0,0,0,0,0,0,0,0,0,0,0,0,0,0,0,0,0,0,0,0,0,0,3,0,0,0,0,0,0,0,0,0,0,0,0,0,0,0,0,0,0,0,0,0,0,0,0,0,0,0,0,0,0,0,0,0,0,0,0,0,0,0,0,0,0,0,0,0,0,0
801111140,44,60,11,0,112,24,6,9,159,0,0,0,0,0,0,0,0,3,0,0,0,0,0,0,0,0,0,0,0,0,0,0,0,0,0,3,0,0,0,0,0,0,0,0,0,0,0,0,0,0,0,0,0,0,0,0,0,0,0,0,0,0,0,..,..,..,..,..,..,..,..,..,0,0,0,0,0,0,0,0,0,0,0,0,0,0,0,0,0,0,0,0,0,0,0,0,0,0,4,0,0,0,0,0,0,0,0,0,0,0,0,0,0,0,0,0,0,0,0,0,0,0,0,0,0,4,0,0,0,0,0,0,0,0,0,44,59,11,0,116,25,6,14,163,46,69,14,0,123,17,5,14,161,0,0,0,0,0,0,0,0,0,0,0,0,0,0,0,0,0,0,0,0,0,0,0,0,0,0,0,0,0,0,0,0,0,0,3,3,0,0,0,0,0,0,0,0,0,0,0
801111141,0,4,0,0,4,3,0,3,15,0,0,0,0,0,0,0,0,0,0,0,0,0,0,0,0,0,0,0,0,0,0,0,0,0,0,0,0,0,0,0,0,0,0,0,0,0,0,0,0,0,0,0,0,0,0,0,0,0,0,0,0,0,0,..,..,..,..,..,..,..,..,..,0,0,0,0,0,0,0,0,0,0,0,0,0,0,0,0,0,0,0,0,0,0,0,0,0,0,0,0,0,0,0,0,0,0,0,0,0,0,0,0,0,0,0,0,0,0,0,0,0,0,0,0,0,0,0,0,0,0,0,0,0,0,0,0,4,0,0,4,3,0,3,15,7,0,0,0,8,6,0,0,16,0,0,0,0,0,0,0,0,0,0,0,0,0,0,0,0,0,0,0,0,0,0,0,0,0,0,0,0,0,0,0,0,0,0,0,0,0,0,0,0,0,0,0,0,0,0,0
897979799,0,0,0,0,0,0,0,0,0,0,0,0,0,0,0,0,0,0,0,0,0,0,0,0,0,0,0,0,0,0,0,0,0,0,0,0,0,0,0,0,0,0,0,0,0,0,0,0,0,0,0,0,0,0,0,0,0,0,0,0,0,0,0,..,..,..,..,..,..,..,..,..,0,0,0,0,0,0,0,0,0,0,0,0,0,0,0,0,0,0,0,0,0,0,0,0,0,0,0,0,0,0,0,0,0,0,0,0,0,0,0,0,0,0,0,0,0,0,0,0,0,0,0,0,0,0,0,0,0,0,0,0,0,0,0,0,0,0,0,0,0,0,0,0,0,0,0,0,0,0,0,0,0,0,0,0,0,0,0,0,0,0,0,0,0,0,0,0,0,0,0,0,0,0,0,0,0,0,0,0,0,0,0,0,0,0,0,0,0,0,0,0,0,0,0,0,0,0,0,0
899999499,0,0,0,0,0,0,0,0,0,0,0,0,0,0,0,0,0,0,0,0,0,0,0,0,0,0,0,0,0,0,0,0,0,0,0,0,0,0,0,0,0,0,0,0,0,0,0,0,0,0,0,0,0,0,0,0,0,0,0,0,0,0,0,..,..,..,..,..,..,..,..,..,0,0,0,0,0,0,0,0,0,0,0,0,0,0,0,0,0,0,0,0,0,0,0,0,0,0,0,0,0,0,0,0,0,0,0,0,0,0,0,0,0,0,0,0,0,0,0,0,0,0,0,0,0,0,0,0,0,0,0,0,0,0,0,0,0,0,0,0,0,0,0,0,0,0,0,0,0,0,0,0,0,0,0,0,0,0,0,0,0,0,0,0,0,0,0,0,0,0,0,0,0,0,0,0,0,0,0,0,0,0,0,0,0,0,0,0,0,0,0,0,0,0,0,0,0,0,0,0
